id,url,title,issuer,pub_date,body,attachment_count,attachment_id,attachment_name,attachment_download_times,attachment_url,attachment_file_code,attachment_owner
001036014493,https://jwch.fzu.edu.cn/info/1036/14493.htm,关于2025-2026学年第一学期《高等数学A（上）》、《高等数学B（上）》、《高等数学C（上）》和《高等数学D》课程期末考试安排的通知,【教学运行】,2026-01-13,"各有关学院：
定于1月30日上、下午进行《高等数学A（上）》、《高等数学B（上）》、《高等数学C（上）》和《高等数学D》课程期末考试，请有关协助监考学院按考表（见附件）安排监考老师并录入系统，及时通知监考老师和学生上系统查看考试信息，以免延误考试。
为保证考试的顺利进行，如其他教学安排时间或地点与此次考试冲突，请予以调整。

数统学院
教务处
2026年1月13日",2,0017449848580016761506,2501高等数学A（上）、B（上）期末考-1.30上午.xlsx,42,https://jwch.fzu.edu.cn/system/_content/download.jsp?urltype=news.DownloadAttachUrl&owner=1744984858&wbfileid=16761506,16761506,1744984858
001036014493,https://jwch.fzu.edu.cn/info/1036/14493.htm,关于2025-2026学年第一学期《高等数学A（上）》、《高等数学B（上）》、《高等数学C（上）》和《高等数学D》课程期末考试安排的通知,【教学运行】,2026-01-13,"各有关学院：
定于1月30日上、下午进行《高等数学A（上）》、《高等数学B（上）》、《高等数学C（上）》和《高等数学D》课程期末考试，请有关协助监考学院按考表（见附件）安排监考老师并录入系统，及时通知监考老师和学生上系统查看考试信息，以免延误考试。
为保证考试的顺利进行，如其他教学安排时间或地点与此次考试冲突，请予以调整。

数统学院
教务处
2026年1月13日",2,0017449848580016761466,2501高等数学C（上）、D期末考-1.30下午.xlsx,41,https://jwch.fzu.edu.cn/system/_content/download.jsp?urltype=news.DownloadAttachUrl&owner=1744984858&wbfileid=16761466,16761466,1744984858
001036014492,https://jwch.fzu.edu.cn/info/1036/14492.htm,关于2025-2026学年第一学期《大学物理A（下）》和《大学物理B（下）》课程期末考试安排的通知,【教学运行】,2026-01-13,"各有关学院：
定于1月29日上午进行《大学物理A（下）》和《大学物理B（下）》课程期末考试，请有关协助监考学院按考表（见附件）安排监考老师并录入系统，及时通知监考老师和学生上系统查看考试信息，以免延误考试。
为保证考试的顺利进行，如其他教学安排时间或地点与此次考试冲突，请予以调整。

物信学院
教务处
2026年1月13日",1,0017449848580016761453,2501大学物理A（下）、B（下）期末考-1.29上午.xlsx,39,https://jwch.fzu.edu.cn/system/_content/download.jsp?urltype=news.DownloadAttachUrl&owner=1744984858&wbfileid=16761453,16761453,1744984858
001036014491,https://jwch.fzu.edu.cn/info/1036/14491.htm,关于2025-2026学年第一学期《工程制图C（上）》、《工程制图D》和《工程制图F》课程期末考试安排的通知,【教学运行】,2026-01-13,"各有关学院：
定于1月27日下午进行《工程制图C（上）》、《工程制图D》和《工程制图F》课程期末考试，请有关协助监考学院按考表（见附件）安排监考老师并录入系统，及时通知监考老师和学生上系统查看考试信息，以免延误考试。
为保证考试的顺利进行，如其他教学安排时间或地点与此次考试冲突，请予以调整。

机械学院
教务处
2026年1月13日",1,0017449848580016761392,2501制图C（上）、D、F期末考-1.27下午.xlsx,35,https://jwch.fzu.edu.cn/system/_content/download.jsp?urltype=news.DownloadAttachUrl&owner=1744984858&wbfileid=16761392,16761392,1744984858
001036014490,https://jwch.fzu.edu.cn/info/1036/14490.htm,关于2025-2026学年第一学期《大学英语（二）》课程期末考试安排的通知,【教学运行】,2026-01-13,"各有关学院：
定于1月25日上、下午进行《大学英语（二）》课程期末考试，请有关协助监考学院按考表（见附件）安排监考老师并录入系统，及时通知监考老师和学生上系统查看考试信息，以免延误考试。
为保证考试的顺利进行，如其他教学安排时间或地点与此次考试冲突，请予以调整。

外语学院
教务处
2026年1月13日",1,0017449848580016761388,2501英语（二）期末考-1.25上、下午.xlsx,77,https://jwch.fzu.edu.cn/system/_content/download.jsp?urltype=news.DownloadAttachUrl&owner=1744984858&wbfileid=16761388,16761388,1744984858
001036014489,https://jwch.fzu.edu.cn/info/1036/14489.htm,关于2025-2026学年第一学期《大学英语（一）》和《大学英语（三）》课程期末考试安排的通知,【教学运行】,2026-01-13,"各有关学院：
定于1月24日上午进行《大学英语（一）》和《大学英语（三）》课程期末考试，请有关协助监考学院按考表（见附件）安排监考老师并录入系统，及时通知监考老师和学生上系统查看考试信息，以免延误考试。
为保证考试的顺利进行，如其他教学安排时间或地点与此次考试冲突，请予以调整。

外语学院
教务处
2026年1月13日",1,0017449848580016761386,2501英语（一）、（三）期末考-1.24上午.xlsx,45,https://jwch.fzu.edu.cn/system/_content/download.jsp?urltype=news.DownloadAttachUrl&owner=1744984858&wbfileid=16761386,16761386,1744984858
001036014488,https://jwch.fzu.edu.cn/info/1036/14488.htm,关于2025-2026学年第一学期《思想道德与法治》课程期末考试安排的通知,【教学运行】,2026-01-13,"各有关学院：
定于20周进行《思想道德与法治》课程期末考试，请有关协助监考学院按考表（见附件）安排监考老师并录入系统，及时通知监考老师和学生上系统查看考试信息，以免延误考试。
为保证考试的顺利进行，如其他教学安排时间或地点与此次考试冲突，请予以调整。

马克思主义学院
教务处
2026年1月13日",1,0017449848580016761385,2501思法随堂考.xlsx,78,https://jwch.fzu.edu.cn/system/_content/download.jsp?urltype=news.DownloadAttachUrl&owner=1744984858&wbfileid=16761385,16761385,1744984858
001040014485,https://jwch.fzu.edu.cn/info/1040/14485.htm,关于举办福州大学第七十八场“教学有道”暨雕塑教学专题研讨会的通知,【质量办】,2026-01-12,"各学院，有关单位：
为适应艺术教育发展新形势，深化雕塑学科教学改革，推动学科交叉融合与数字化教学，激发师生创新潜能。经研究，学校决定举办第七十八场“教学有道”专题研讨活动，具体安排通知如下：
一、 研讨主题
“凿开思维盲区—引发+互动”雕塑教学
二、研讨时间
2026年1月20日（星期二）14:30-16:30
三、研讨嘉宾
厦门大学艺术学院 林春教授
福州大学厦门工艺美术学院副院长 张健教授
福州大学厦门工艺美术学院雕塑系主任 万吉欣教授
福州大学厦门工艺美术学院雕塑系副主任 刘大志副教授
四、研讨地点
集美校区雕塑系307
五、承办单位
厦门工艺美术学院
六、参会人员
1. 厦门工艺美术学院教师；
2. 其他感兴趣的教师和教学管理人员。

教务处
2026年1月12日",0,,,,,,
001036014484,https://jwch.fzu.edu.cn/info/1036/14484.htm,关于2026届预计毕业生校对电子注册学历照片的通知,【教学运行】,2026-01-09,"各学院：
我校2026届预计毕业生电子注册学历照片现已全部上网（包括旗山、集美、晋江多个校区），并提供在线校对，凡在今年参加图像采集的普通全日制本科学生，均需登录网站校对学历照片。未经校对的照片不会被学信网采用，将导致学生毕业后学历注册信息无法上网对外提供查询。请各学院务必通知学生及时校对。现将有关事项通知如下：
一、时间安排
2026年1月15日前，各学院组织2026届毕业班学生登录学信网，校对本人学历照片是否正确。
二、操作流程
1. 登录“中国高等教育学生信息网（学信网）”（网址：https://www.chsi.com.cn/）。
2. 点击菜单栏中的【图像校对】，进入学信档案界面。
3. 点击【校对本人学历照片】，进入登录界面。
4.登录系统即可查看本人学历照片，请认真校对照片是否正确。照片无误者直接点击“学历照片校对”右侧的【正确】按钮，然后正常退出系统即可完成校对；照片有误者点击【有误】按钮后选择相应的错误原因，并及时向学院教学办反馈。
5. 照片有误者应保持对学信网的关注，待教务处审核调整后，必须继续校对直至最终正确。
三、错误原因
1. 照片不是学生本人，此类错误基本上都是由几位学生的照片互相之间张冠李戴所致。
2. 图像不合格，包括照片侧卧/倒立、头像未居中、闭眼、含有多余内容等。
注意：除以上两类错误外，对于学生要求更换照片的申请原则上不予受理。
四、照片补拍
因故未能参加今年图像采集的毕业班学生，应按学校要求统一进行补拍，且同样必须上网校对学历照片。对于学生通过其他方式自行提交的照片，学校一律不予采用。补拍时间目前暂定于2026年5月14日，具体安排另行通知。

教务处注册中心
2026年1月9日",0,,,,,,
001037014483,https://jwch.fzu.edu.cn/info/1037/14483.htm,福州大学关于征集“人工智能专题”跨校共享线上课程的通知,【教研教改】,2026-01-08,"各学院、相关部门：
根据福建省高校在线教育联盟工作安排（附件1），现向全校征集一批已完成建设且可共享使用的“人工智能专题”线上课程，现将有关事项通知如下：
一、内容和形式要求
已完成课程线上资源建设、课程内容完整、能提供必需的线上教学及学习支持服务、适合跨校共享的“人工智能专题”课程。
（一）人工智能通识课程，着重培养学生人工智能基础认知、应用能力和伦理意识，开展分层分类的针对性特色教学，构建“通识基础+算法原理+前沿拓展+实践实训+伦理教育”五位一体的模块化课程体系，提升学生人工智能素养和应用能力。
（二）“AI+专业类”课程，以人工智能深度赋能学科专业建设，人工智能知识融入主修专业知识体系，注重联合相关专业、企业共建人工智能领域课程知识图谱、能力图谱，设置一定的“人工智能+”专业实践学时，构建“基础认知+专业融合+实践创新”三级“AI+”优质课程体系，强化学生运用人工智能技术解决真实场景问题能力。
（三）课程要求，申报课程须为已完成建设的线上课程，课程资源（含授课视频、拓展视频、课件、习题库、案例库、资源库、知识库等）完整、系统，能够支持完整的线上教学过程。课程视频资源（教师授课视频）需与学分相匹配，每学分对应的授课视频时长原则上不少于180分钟，开课学校及课程团队须承诺为选课学校提供必要的线上教学支持服务，包括但不限于在线答疑、作业批改、过程性考核、期末考试组织等，确保跨校选课学生的学习质量。
二、材料报送
（一）已上线课程：指已在福课联盟课程库中上线的课程，仅需填写《福建省高校在线教育联盟2026年共享跨校线上课程申报汇总表》，截止时间2026年1月14日17:00时。（汇总表：https://docs.qq.com/sheet/DZVVYWnpGVVNCZ2dC?tab=000001）
（二）未上线新开课程：在填报以上汇总表的基础上，同时需填写《福建省高校在线教育联盟共享课程开课计划书》（附件2）。将计划书（附件2）的WORD版和有签字盖章的PDF版打包，以“姓名+课程名”命名，发送至3424125910@qq.com，截止时间2026年1月14日17:00时。不需提交纸质版。
联系人：张老师，22866898。

附件：
1.关于征集“人工智能专题”跨校共享线上课程的通知（福课联盟[2026]1号）
2.福建省高校在线教育联盟共享课程开课计划书

福州大学教务处
2026年1月8日",2,0017449848580016760851,附件2：福建省高校在线教育联盟共享课程开课计划书.doc,47,https://jwch.fzu.edu.cn/system/_content/download.jsp?urltype=news.DownloadAttachUrl&owner=1744984858&wbfileid=16760851,16760851,1744984858
001037014483,https://jwch.fzu.edu.cn/info/1037/14483.htm,福州大学关于征集“人工智能专题”跨校共享线上课程的通知,【教研教改】,2026-01-08,"各学院、相关部门：
根据福建省高校在线教育联盟工作安排（附件1），现向全校征集一批已完成建设且可共享使用的“人工智能专题”线上课程，现将有关事项通知如下：
一、内容和形式要求
已完成课程线上资源建设、课程内容完整、能提供必需的线上教学及学习支持服务、适合跨校共享的“人工智能专题”课程。
（一）人工智能通识课程，着重培养学生人工智能基础认知、应用能力和伦理意识，开展分层分类的针对性特色教学，构建“通识基础+算法原理+前沿拓展+实践实训+伦理教育”五位一体的模块化课程体系，提升学生人工智能素养和应用能力。
（二）“AI+专业类”课程，以人工智能深度赋能学科专业建设，人工智能知识融入主修专业知识体系，注重联合相关专业、企业共建人工智能领域课程知识图谱、能力图谱，设置一定的“人工智能+”专业实践学时，构建“基础认知+专业融合+实践创新”三级“AI+”优质课程体系，强化学生运用人工智能技术解决真实场景问题能力。
（三）课程要求，申报课程须为已完成建设的线上课程，课程资源（含授课视频、拓展视频、课件、习题库、案例库、资源库、知识库等）完整、系统，能够支持完整的线上教学过程。课程视频资源（教师授课视频）需与学分相匹配，每学分对应的授课视频时长原则上不少于180分钟，开课学校及课程团队须承诺为选课学校提供必要的线上教学支持服务，包括但不限于在线答疑、作业批改、过程性考核、期末考试组织等，确保跨校选课学生的学习质量。
二、材料报送
（一）已上线课程：指已在福课联盟课程库中上线的课程，仅需填写《福建省高校在线教育联盟2026年共享跨校线上课程申报汇总表》，截止时间2026年1月14日17:00时。（汇总表：https://docs.qq.com/sheet/DZVVYWnpGVVNCZ2dC?tab=000001）
（二）未上线新开课程：在填报以上汇总表的基础上，同时需填写《福建省高校在线教育联盟共享课程开课计划书》（附件2）。将计划书（附件2）的WORD版和有签字盖章的PDF版打包，以“姓名+课程名”命名，发送至3424125910@qq.com，截止时间2026年1月14日17:00时。不需提交纸质版。
联系人：张老师，22866898。

附件：
1.关于征集“人工智能专题”跨校共享线上课程的通知（福课联盟[2026]1号）
2.福建省高校在线教育联盟共享课程开课计划书

福州大学教务处
2026年1月8日",2,0017449848580016760850,附件1：福课联盟[2026]1号-关于征集“人工智能专题”跨校共享线上课程的通知.pdf,48,https://jwch.fzu.edu.cn/system/_content/download.jsp?urltype=news.DownloadAttachUrl&owner=1744984858&wbfileid=16760850,16760850,1744984858
001036014466,https://jwch.fzu.edu.cn/info/1036/14466.htm,关于2025-2026学年第一学期《线性代数》和《线性代数与解析几何》课程期末考试安排的通知,【教学运行】,2026-01-06,"各有关学院：
定于1月18日上午进行《线性代数》和《线性代数与解析几何》课程期末考试，请有关协助监考学院按考表（见附件）安排监考老师并录入系统，及时通知监考老师和学生上系统查看考试信息，以免延误考试。
为保证考试的顺利进行，如其他教学安排时间或地点与此次考试冲突，请予以调整。

数统学院
教务处
2026年1月6日",1,0017449848580016760390,2501线性代数、线性代数与解析几何期末考-1.18上午.xlsx,199,https://jwch.fzu.edu.cn/system/_content/download.jsp?urltype=news.DownloadAttachUrl&owner=1744984858&wbfileid=16760390,16760390,1744984858
001036014465,https://jwch.fzu.edu.cn/info/1036/14465.htm,关于2025-2026学年第一学期《概率论与数理统计》课程期末考试安排的通知,【教学运行】,2026-01-06,"各有关学院：
定于1月11日下午进行《概率论与数理统计》课程期末考试，请有关协助监考学院按考表（见附件）安排监考老师并录入系统，及时通知监考老师和学生上系统查看考试信息，以免延误考试。
为保证考试的顺利进行，如其他教学安排时间或地点与此次考试冲突，请予以调整。

数统学院
教务处
2026年1月6日",1,0017449848580016760389,2501概率论期末考-1.11下午.xlsx,117,https://jwch.fzu.edu.cn/system/_content/download.jsp?urltype=news.DownloadAttachUrl&owner=1744984858&wbfileid=16760389,16760389,1744984858
001036014464,https://jwch.fzu.edu.cn/info/1036/14464.htm,关于2025-2026学年第一学期《大学英语（四）》课程期末考试安排的通知,【教学运行】,2026-01-06,"各有关学院：
定于1月11日上午进行《大学英语（四）》课程期末考试，请有关协助监考学院按考表（见附件）安排监考老师并录入系统，及时通知监考老师和学生上系统查看考试信息，以免延误考试。
为保证考试的顺利进行，如其他教学安排时间或地点与此次考试冲突，请予以调整。

外语学院
教务处
2026年1月6日",1,0017449848580016760387,2501英语（四）期末考-1.11上午.xlsx,126,https://jwch.fzu.edu.cn/system/_content/download.jsp?urltype=news.DownloadAttachUrl&owner=1744984858&wbfileid=16760387,16760387,1744984858
001036014463,https://jwch.fzu.edu.cn/info/1036/14463.htm,关于2025-2026学年第二学期本科生学期选课的通知,【教学运行】,2026-01-05,"各学院、全体本科同学：
一、选课对象及范围
本次选课对象为全校本一学生，选课范围为2025-2026学年第二学期各专业开设的所有课程。
所有学生均必须登录系统，进入选课界面确认选课，否则选课记录无效，所有选课记录不会保存（包括只有一个默认选项的课程）。
二、选课时间
第一轮：1月6日～1月8日24:00（投积分方式）
第二轮：1月10日～1月12日24:00（投积分方式）
第三轮：1月14日～1月16日24:00（即选即中方式）
三、积分选课原则
本次选课仍采用投积分、分轮次进行的方式，先预选后由系统统一处理选课结果，第一轮与第二轮选课期间不管先选或者后选所有学生机会一致，均在每轮结束后由系统统一处理，因此不必集中在某天的某个时间段内同时选课（例如最后一天的最后几分钟）。
四、具体方法
1.根据各专业教学计划2025-2026学年第二学期的开课情况，每门课程给予20个积分，必修课积分和选修课积分分开计算，不能合并使用（例如电气专业有7门必修课2门选修课，则该专业学生的选课积分就有必修7×20＝140分、选修2×20＝40分）。
2.选课期间系统列出本学期本专业开设的课程，以及相应课程各时间段各开课班的信息（包含任课教师、上课地点、上课时间、学分、学时等，即一门课程同一个时间段可能会有多个上课班级）。
3.选课要求每位学生对自己的必修课程（公共必修、学科必修、专业必修、实践环节）都必须投下积分进行选择，不得缺选某门必修课，具体投下积分可高可低，但所有投下积分的和不得大于总积分，因此请合理分配总积分（注：对于某门只有一个上课班级的课程，如为必选课则点击“学期选课”后系统将自动选中，且不必为该课程分配积分）。
4.每位学生对所选课程投下的积分必须大于0小于总积分且为整数，通常投下积分越多，选中的概率就越大。
五、系统处理原则
1.由于各专业开课门数不一致，为了更能体现公平，处理过程系统自动将各同学每门课程投下的积分除以该同学的总积分形成积分比。
2.系统的选中处理：根据各课程具体上课班级的投分情况和限选人数，从高积分比往低积分比依次提取名单。对于未达到限选人数的上课班级，系统将形成人数差额，供同学下一轮继续选课，对于超过限选人数的上课班级，系统将依次从高积分比往低积分比抽取名单直至达到限选人数，对于相同积分比但超过限选人数的同学将采取随机抽取的办法。
3.第一轮选课结束后未选满课程的同学，可以参与第二轮的选课。积分算法将根据具体未选上课程总数重新分配总积分，前两轮选课过程和结果处理方法都一致。第二轮还未选满课程的同学可以参加第三轮选课，第三轮选课采用即选即中的方式。
六、选课流程
1.访问福州大学教务处网站（http://jwch.fzu.edu.cn）。
2.在网站“本科教学系统”的用户登陆框中输入账号和密码，点击登陆按钮进入系统。
3.点击【基础信息】下的相关菜单，查看并核对个人信息以及个人培养计划，如有疑义请及时与相关学院学工组或教学办核实，再点击【基础信息】下的【排课查询】菜单，初步了解本专业2025-2026学年第二学期的排课情况（注：此步骤在选课前即可进行）。
4.点击【各类选课】下的【学期选课】菜单，系统将在页面右侧窗口列出本专业2025-2026学年第二学期专业开设的所有课程，学生可以根据各课程具体的排课情况，点击单选按钮并在单选按钮后的文本框中输入拟投下的积分，直到选完所有课程后，再点击窗口最下方的“确定选课”按钮。
5.每轮选课结果公布后，所有学生务必查看各自的选课结果，对照教学计划，如有课程未选上请继续下一轮的选课。第三轮选课结束后务必进入【我的选课】查看核对选课结果，对于未选中的课程，可在补退选时间进行调整。如最终仍未选中课程，则该课程无效。
七、其他
第三轮选课之后每位同学必须打印课表，或将自己的选课结果截屏保存，作为下个学期上课时间安排的依据。",0,,,,,,
001036014451,https://jwch.fzu.edu.cn/info/1036/14451.htm,关于做好期末复习考试及下学期开学等工作的通知,【教学运行】,2026-01-04,"校教〔2025〕47号

各学院，各有关单位:
    本学期已近尾声，现将本学期期末教学工作安排及下学期开学初有关工作的注意事项通知如下:
一、期末考试
1.考试安排
本学期教学安排至2026年1月30日，1月31日至3月1日放寒假。2026年1月24日至1月30日为期末停课考试时间。
各年段停课考试时间内至少应安排二门考试课程，1月29日或30日应排一门考试课程。部分公共课程由教务处统一安排，其他课程的考试时间由各学院自行安排。跨学院合班课程的考试(分类统考)由有关学院协调安排考表。各学院期末考表应在1月16日前报送到教务处。
2. 考试时间
停课考试时间，所有考试时间安排如下：
上午:8:30-10:30 ；下午:2:30-4:30 ；晚上:7:00-9:00
非停课考试周的考试时间以具体公布时间为准。
3.考试组织工作及要求
为严肃考风考纪，考试期间学院应进一步加强规范考试管理，考试组织工作应按福大教〔2019〕37号《福州大学课程考核管理办法》和校教〔2016〕55号《关于加强考试管理和严肃考试纪律的通知》的要求严格执行。各教学楼多媒体教室（公共教学楼、文科楼）已安装标准化考场巡考摄录系统，提供24小时录像及存储服务，学校将定期组织对监控录像进行抽查。
学院要重视加强对监考教师的考场职责培训，强调监考教师的工作规范，明确考场规章制度，尽职尽责履行考场监考要求。同时对学生进行考前思想动员和教育，重申校教〔2015〕32号《福州大学考场规则》，做好学生的诚信教育。
各考室主监考老师应从本科教学系统中打印相关考场学生名单及考场情况报告单，在开考前认真核对考生信息并要求考生在学生名单上签名（签过名的学生名单与试卷一起留档）。对考试过程中有违纪苗头的学生及时警告纠正，对确有违纪作弊行为的学生，应按学校有关规定及时严肃处理，每场考试监考人员应清楚准确填写《福州大学考场情况报告表》（以下简称报告表）一式两份。若有考试违纪或作弊情况，应于考试结束后一个工作日内将一份报告表及相关违纪作弊材料报送至教务处，另一份随试卷装订；若无考试违纪或作弊情况，两份报告表均随试卷装订。
监考教师要严格执行校教〔2015〕32号《福州大学监考人员职责》，若有失职，学院应予批评教育，并按教学事故条例处理，将处理结果报送教务处质量管理科。
3.成绩录入
学生成绩录入时间为2026年1月17日至2月4日。任课教师必须在这个时间段内完成网上成绩录入之全过程，录入应严格按照系统要求操作，以确保准确性。成绩录入提交后，任课教师应从网上将成绩打印一式二份由本人和系或教研室主任签字确认，一份送交开课学院保存，一份由任课教师保存。
4.成绩查询
学生使用个人账号、密码登录本科教务系统，真实客观地对相关课程的任课教师进行教学评价后，方可查询课程成绩。
二、下学期初补考工作
1.补考时间：2026年2月28日至3月8日。
2.补考安排表中的课程必须是本学期有开设的必修课（不含实践性环节课程），参加补考的对象必须是本学期参加修读课程成绩不及格的和申请期末缓考的学生。
3.教务处负责各公共基础课的补考安排（见附表二），其余课程由各学院自行插空安排，请各学院根据实际补考人数，在系统中安排具体考试时间、地点，并将安排表及时公布通知到学生和相关课程所在的院系（教研室），认真做好补考的准备工作。各考室主监考老师应从网上打印相关考场学生名单及考场情况报告单，在开考前认真核对考生信息并要求考生在学生名单上签名。各学院补考安排表应在1月30日前报送到教务处。
4．2026年2月28日至3月13日为补考成绩录入时间，任课教师应于这个时间段内完成网上补考成绩录入之全过程。
三、下学期开学初工作
1.寒假起止时间为2026年1月31日至2026年3月1日。
2. 3月1日为学生注册时间，3月2日正式上课。
学生本人应持学生证到所在学院履行报到手续，不得代办。各学院对逾期注册、迟到、旷课的学生应认真查明原因，严格按学籍管理条例处理，在开学二周内将情况报送教务处。
四、毕业班工作
1.毕业班电子注册图像采集补拍拟于2026年5月14日进行。
2.毕业班学生的毕业答辩工作应在2026年6月5日前完成，毕业班学生的成绩录入与学籍处理的工作务必在2026年6月9日前全部处理完毕。
3.本届毕业生按计划要求各学院在2026年6月15日前将确定毕业以及授予学士学位的学生名单等各类材料和电子注册数据报送教务处，以便及时进行毕业及学位资格的审定和按时发放证书。
以上各项工作安排均应按时完成，按时报送，认真对待，超过期限将不予受理，延期或上报有误，按教学事故条例进行处理。

附:1.表一：2025年秋季学期部分公共基础课期末考试安排
       2.表二：2025年秋季学期公共基础课补考安排
福州大学教务处
2025年12月29日

附表一
2025-2026学年第一学期部分公共基础课期末考试安排
具体考场安排和时间会陆续在网上公布

考试时间
考 试 科 目

随堂考 13-16周
习近平新时代中国特色社会主义思想概论

随堂考 16周
毛泽东思想和中国特色社会主义理论体系概论

随堂考 16周
马克思主义基本原理

随堂考 17-18周
中国近现代史纲要

随堂考 20周
思想道德与法治

随堂考
形势与政策

随堂考
大学生心理健康教育

随堂考
军事理论

随堂考
大学应用写作

12月7日上午
高等数学A（下）（含独立重修班）

12月28日下午
工程制图E

1月10日上午
计算机语言类课程（C语言、Access数据库程序设计、Python）

1月11日上午
大学英语（四）

1月11日下午
概率论与数理统计（含独立重修班）

1月18日上午
线性代数、线性代数与解析几何 （含独立重修班）

1月24日上午
大学英语（一）、大学英语（三）

1月25日上、下午
大学英语（二）

1月27日下午
工程制图C（上）、D、F

1月29日上午
大学物理A（下）、大学物理B（下）

1月30日上午
高等数学A（上）、B（上）（含独立重修班）

1月30日下午
高等数学C（上）、D（含独立重修班）

附表二
2025-2026学年第一学期公共基础课补考安排

课程
时间

大学英语（四）
2月28日上午8:00～10:00

大学英语（二）
2月28日上午10:20～12:20

大学英语（三）
2月28日下午14:00～16:00

大学英语（一）
2月28日下午14:00～16:00

中国近现代史纲要
2月28日下午16:30～18:00

大学物理A（下）、B（下）
3月1日上午8:00～10:00

大学物理A（上）、B（上）
3月1日上午10:20～12:20

工程制图C（上）、D、E、F
3月1日下午14:00～16:00

习近平新时代中国特色社会主义思想概论
3月1日下午16:20～18:00

思想道德与法治
3月4日晚上19:00～20:40

形势与政策
(旗山）3月5日下午14:00～15:00(铜盘）3月5日下午14:00～15:00

大学应用写作
3月5日下午15:20～17:00

军事理论
3月5日下午15:30～16:30

大学生心理健康教育
3月5日晚上19:00～21:00

高等数学A（中）、B（下）
3月7日上午8:00～10:00

计算机语言类课程
3月7日上午10:20～12:20

毛泽东思想和中国特色社会主义理论体系概论
3月7日下午14:00～15:40

马克思主义基本原理
3月7日晚上19:00～20:40

高等数学A（上）、B（上）、C（上）、D
3月8日上午8:00～10:00

高等数学A（下）
3月8日上午10:20～12:20

线性代数与解析几何、线性代数
3月8日下午14:00～16:00

概率论与数理统计
3月8日下午16:20～18:20

具体考场安排见本科教学管理系统",0,,,,,,
001037014447,https://jwch.fzu.edu.cn/info/1037/14447.htm,福州大学关于收集线上课程资源需求的通知（2026）,【教研教改】,2026-01-04,"各学院、相关教学单位：
为深入推进课堂教学创新，广泛开展在线教学资源、智慧教学工具应用，推动信息技术与教育教学深度融合，学校使用爱课程平台建设了一批具有高阶性、创新性、挑战度的线上线下混合式一流课程项目，现为持续推进课程项目建设，拟继续向平台采购优质在线课程资源，用以支持教师开展面向校内学生的线上线下混合式课程建设。
现将相关事项通知如下：
一、符合以下条件的课程主讲教师可以申请购买线上课程资源
1．课程项目已被认定为国家级、省级或校级线上线下混合式一流课程；
2．至少已经完成1个完整的线上线下混合式教学周期；
3．计划于2026年继续开展线上线下混合式教学改革实践；
4．拟使用的线上课程资源是由爱课程平台提供的非本校课程。
二、申请办法
请有课程资源需求的教师于1月28日前点击以下链接填写购课需求：
【腾讯文档】FZU2026年SPOC课程列表（引用校外资源）https://docs.qq.com/sheet/DZWN1eVhxRUtYVVNr?tab=BB08J2
注：使用本校自建的线上课程资源开展线上线下混合式课程建设的教师不需要填写此表，于开课前直接申请开课即可。
联系人：张老师 22866898
福州大学教务处
2026年1月4日",0,,,,,,
001036014442,https://jwch.fzu.edu.cn/info/1036/14442.htm,关于2025-2026学年第一学期计算机语言类课程期末考试安排的通知,【教学运行】,2025-12-31,"各有关学院：
定于1月10日上午进行计算机语言类课程期末考试，请有关协助监考学院按考表（见附件）安排监考老师并录入系统，及时通知监考老师和学生上系统查看考试信息，以免延误考试。
为保证考试的顺利进行，如其他教学安排时间或地点与此次考试冲突，请予以调整。

计数学院
教务处
2025年12月31日",1,0017449848580016760440,2501计算机语言课程期末考-1.10上午.xlsx,64,https://jwch.fzu.edu.cn/system/_content/download.jsp?urltype=news.DownloadAttachUrl&owner=1744984858&wbfileid=16760440,16760440,1744984858
001036014441,https://jwch.fzu.edu.cn/info/1036/14441.htm,关于2025-2026学年第一学期《中国近现代史纲要》课程期末考试安排的通知,【教学运行】,2025-12-31,"各有关学院：
定于17-18周进行《中国近现代史纲要》课程期末考试，请有关协助监考学院按考表（见附件）安排监考老师并录入系统，及时通知监考老师和学生上系统查看考试信息，以免延误考试。
为保证考试的顺利进行，如其他教学安排时间或地点与此次考试冲突，请予以调整。

马克思主义学院
教务处
2025年12月31日",1,0017449848580016759636,2501史纲随堂考.xlsx,217,https://jwch.fzu.edu.cn/system/_content/download.jsp?urltype=news.DownloadAttachUrl&owner=1744984858&wbfileid=16759636,16759636,1744984858
001042014433,https://jwch.fzu.edu.cn/info/1042/14433.htm,关于开展2026年拟出版本科教材审核工作的通知,【教材中心】,2025-12-30,"各学院，相关教学单位：
根据教育部《普通高等学校教材管理办法》《福建省普通高等学校教材管理实施细则》和《福州大学教材管理实施细则》文件要求，为进一步规范学校教材编写管理工作，落实教材“凡编必审”相关要求，提高教材建设质量，现组织各学院及相关教学单位对2026年拟出版本科教材进行审核，具体要求和安排如下：
一、审核范围
由我校在职教师担任第一主编，拟于2026年出版的本科教材（包括纸质教材、数字教材和新形态教材等）。
二、审核内容及要求
（一）教材编写人员审核
1.各学院及相关教学单位党组织应依据《福州大学教材管理实施细则》（以下简称《实施细则》）（附件1）第十一条相关规定，对本单位教师参与教材编写（包含主编、参编）的人员进行重点审核，审核内容包括政治立场、师德师风、思想品德、学术功底、学术不端等；
2.教材主编需具有高级专业技术职务。
（二）教材内容审核
1.各学院及相关教学单位教材工作小组应依据《实施细则》第三、十、十七条相关规定，负责对本单位教师为第一主编，学校经费资助出版的教材内容进行审核。多学院或单位联合编写的教材，由第一主编所在单位组织审核；
2.各学院及相关教学单位教材工作小组组织相关学科专业领域专家、一线教师以及校外专家对拟出版教材的政治方向、价值导向、知识内容等方面进行审核。审核专家应具备高级专业技术职务，人数应不少于3人，其中校外专家不少于1人。审核人员需经所在单位党组织审核同意；
3.教材审核坚持凡编必审并实行盲审制度。
三、审核程序
（一）教材编写人员条件审核
1.参与本校教师为第一主编的教材编写任务。由第一主编填写《福州大学本科教材编写人员汇总表》（附件2）（一式二份），并提供全体教材编写人员所在单位党委政治审查意见（本校编写人员填写附件3、校外编写人员填写附件4）。各学院及相关教学单位党组织按照审核要求对本单位教材编写人员进行审核，并报党委教师工作部复核。复核通过后在学院网站公示，公示无异议后方可进行教材编写任务。
2.参与外单位组织的教材编写任务。参编人员应填写《福州大学本科教材编写人员审核表》，由所在单位党组织按照审核要求进行审核并报党委教师工作部复核，复核通过后在学院网站公示，公示无异议后方可进行教材编写任务。
（二）教材内容审核
1.教材第一主编提出申请
第一主编应于教材书稿交付出版社出版前三个月向所在学院或相关教学单位教材工作小组提出审核申请并提供教材书稿。
2.学院组织教材审核
（1）学院或相关教学单位教材工作小组组织教材审核小组（教材审核人员需满足《实施细则》第十九条相关要求）严格按照《实施细则》具体要求对教材内容进行全面审核，严把政治关、学术关，并形成书面审核意见（附件5），得出审核结论（通过/重新送审/不予通过）。
学院或相关教学单位教材审核工作原则上每季度组织一次，且应于每季度第三个月15日前完成。
（2）教材坚持凡编必审，并实行盲审和编审分离制度，同时应遵循回避原则。教材编写人员不得参与教材审核。
3.学校组织复审并得出审核结论。
四、其他要求
1.教材编写实行主编负责制。主编主持编写工作并负责统稿，对教材总体质量负责，参编人员对所编写内容负责；多个主编编写的教材，由第一主编负全责。专家学者个人编写的教材，由编写者对教材质量负全责；
2.拟出版教材第一主编应提交交付出版社出版前的最终书稿，由所在学院或相关教学单位教材工作小组统一组织专家审核。审核结论为“重新送审”和“不予通过”的教材不得出版；
3.各学院及相关教学单位要高度重视教师编写教材的审核工作，遵守有关纪律和程序；
4.各学院及相关教学单位需做好教材审核材料的存档工作，包括教材编写人员汇总表、编写人员审核表、教材审核表以及教材书稿等。
五、材料报送
请各学院及相关教学单位于每季度第三个月15日前完成本单位2026年拟出版教材的审核工作并进行公示，公示结束后提交《福州大学本科教材编写人员汇总表》《编写人员审核表》及《福州大学自编教材内容审核表》一式二份以及书稿一起提交至学校教材委员会本科教材办公室（教务处），另一份留本单位备查。

联系电话：0591-22866893
地 点：行政北楼西210

附件：1.福州大学教材管理实施细则
2.福州大学本科教材编写人员汇总表
3.福州大学本科教材编写人员政治审查表
4.福州大学本科教材校外编写人员政治审查表
5.福州大学自编教材内容审核表

教 务 处
2025年12月31日",5,0017449848580016759535,附件1：福州大学教材管理实施细则.pdf,31,https://jwch.fzu.edu.cn/system/_content/download.jsp?urltype=news.DownloadAttachUrl&owner=1744984858&wbfileid=16759535,16759535,1744984858
001042014433,https://jwch.fzu.edu.cn/info/1042/14433.htm,关于开展2026年拟出版本科教材审核工作的通知,【教材中心】,2025-12-30,"各学院，相关教学单位：
根据教育部《普通高等学校教材管理办法》《福建省普通高等学校教材管理实施细则》和《福州大学教材管理实施细则》文件要求，为进一步规范学校教材编写管理工作，落实教材“凡编必审”相关要求，提高教材建设质量，现组织各学院及相关教学单位对2026年拟出版本科教材进行审核，具体要求和安排如下：
一、审核范围
由我校在职教师担任第一主编，拟于2026年出版的本科教材（包括纸质教材、数字教材和新形态教材等）。
二、审核内容及要求
（一）教材编写人员审核
1.各学院及相关教学单位党组织应依据《福州大学教材管理实施细则》（以下简称《实施细则》）（附件1）第十一条相关规定，对本单位教师参与教材编写（包含主编、参编）的人员进行重点审核，审核内容包括政治立场、师德师风、思想品德、学术功底、学术不端等；
2.教材主编需具有高级专业技术职务。
（二）教材内容审核
1.各学院及相关教学单位教材工作小组应依据《实施细则》第三、十、十七条相关规定，负责对本单位教师为第一主编，学校经费资助出版的教材内容进行审核。多学院或单位联合编写的教材，由第一主编所在单位组织审核；
2.各学院及相关教学单位教材工作小组组织相关学科专业领域专家、一线教师以及校外专家对拟出版教材的政治方向、价值导向、知识内容等方面进行审核。审核专家应具备高级专业技术职务，人数应不少于3人，其中校外专家不少于1人。审核人员需经所在单位党组织审核同意；
3.教材审核坚持凡编必审并实行盲审制度。
三、审核程序
（一）教材编写人员条件审核
1.参与本校教师为第一主编的教材编写任务。由第一主编填写《福州大学本科教材编写人员汇总表》（附件2）（一式二份），并提供全体教材编写人员所在单位党委政治审查意见（本校编写人员填写附件3、校外编写人员填写附件4）。各学院及相关教学单位党组织按照审核要求对本单位教材编写人员进行审核，并报党委教师工作部复核。复核通过后在学院网站公示，公示无异议后方可进行教材编写任务。
2.参与外单位组织的教材编写任务。参编人员应填写《福州大学本科教材编写人员审核表》，由所在单位党组织按照审核要求进行审核并报党委教师工作部复核，复核通过后在学院网站公示，公示无异议后方可进行教材编写任务。
（二）教材内容审核
1.教材第一主编提出申请
第一主编应于教材书稿交付出版社出版前三个月向所在学院或相关教学单位教材工作小组提出审核申请并提供教材书稿。
2.学院组织教材审核
（1）学院或相关教学单位教材工作小组组织教材审核小组（教材审核人员需满足《实施细则》第十九条相关要求）严格按照《实施细则》具体要求对教材内容进行全面审核，严把政治关、学术关，并形成书面审核意见（附件5），得出审核结论（通过/重新送审/不予通过）。
学院或相关教学单位教材审核工作原则上每季度组织一次，且应于每季度第三个月15日前完成。
（2）教材坚持凡编必审，并实行盲审和编审分离制度，同时应遵循回避原则。教材编写人员不得参与教材审核。
3.学校组织复审并得出审核结论。
四、其他要求
1.教材编写实行主编负责制。主编主持编写工作并负责统稿，对教材总体质量负责，参编人员对所编写内容负责；多个主编编写的教材，由第一主编负全责。专家学者个人编写的教材，由编写者对教材质量负全责；
2.拟出版教材第一主编应提交交付出版社出版前的最终书稿，由所在学院或相关教学单位教材工作小组统一组织专家审核。审核结论为“重新送审”和“不予通过”的教材不得出版；
3.各学院及相关教学单位要高度重视教师编写教材的审核工作，遵守有关纪律和程序；
4.各学院及相关教学单位需做好教材审核材料的存档工作，包括教材编写人员汇总表、编写人员审核表、教材审核表以及教材书稿等。
五、材料报送
请各学院及相关教学单位于每季度第三个月15日前完成本单位2026年拟出版教材的审核工作并进行公示，公示结束后提交《福州大学本科教材编写人员汇总表》《编写人员审核表》及《福州大学自编教材内容审核表》一式二份以及书稿一起提交至学校教材委员会本科教材办公室（教务处），另一份留本单位备查。

联系电话：0591-22866893
地 点：行政北楼西210

附件：1.福州大学教材管理实施细则
2.福州大学本科教材编写人员汇总表
3.福州大学本科教材编写人员政治审查表
4.福州大学本科教材校外编写人员政治审查表
5.福州大学自编教材内容审核表

教 务 处
2025年12月31日",5,0017449848580016759536,附件2：福州大学本科教材编写人员汇总表.docx,31,https://jwch.fzu.edu.cn/system/_content/download.jsp?urltype=news.DownloadAttachUrl&owner=1744984858&wbfileid=16759536,16759536,1744984858
001042014433,https://jwch.fzu.edu.cn/info/1042/14433.htm,关于开展2026年拟出版本科教材审核工作的通知,【教材中心】,2025-12-30,"各学院，相关教学单位：
根据教育部《普通高等学校教材管理办法》《福建省普通高等学校教材管理实施细则》和《福州大学教材管理实施细则》文件要求，为进一步规范学校教材编写管理工作，落实教材“凡编必审”相关要求，提高教材建设质量，现组织各学院及相关教学单位对2026年拟出版本科教材进行审核，具体要求和安排如下：
一、审核范围
由我校在职教师担任第一主编，拟于2026年出版的本科教材（包括纸质教材、数字教材和新形态教材等）。
二、审核内容及要求
（一）教材编写人员审核
1.各学院及相关教学单位党组织应依据《福州大学教材管理实施细则》（以下简称《实施细则》）（附件1）第十一条相关规定，对本单位教师参与教材编写（包含主编、参编）的人员进行重点审核，审核内容包括政治立场、师德师风、思想品德、学术功底、学术不端等；
2.教材主编需具有高级专业技术职务。
（二）教材内容审核
1.各学院及相关教学单位教材工作小组应依据《实施细则》第三、十、十七条相关规定，负责对本单位教师为第一主编，学校经费资助出版的教材内容进行审核。多学院或单位联合编写的教材，由第一主编所在单位组织审核；
2.各学院及相关教学单位教材工作小组组织相关学科专业领域专家、一线教师以及校外专家对拟出版教材的政治方向、价值导向、知识内容等方面进行审核。审核专家应具备高级专业技术职务，人数应不少于3人，其中校外专家不少于1人。审核人员需经所在单位党组织审核同意；
3.教材审核坚持凡编必审并实行盲审制度。
三、审核程序
（一）教材编写人员条件审核
1.参与本校教师为第一主编的教材编写任务。由第一主编填写《福州大学本科教材编写人员汇总表》（附件2）（一式二份），并提供全体教材编写人员所在单位党委政治审查意见（本校编写人员填写附件3、校外编写人员填写附件4）。各学院及相关教学单位党组织按照审核要求对本单位教材编写人员进行审核，并报党委教师工作部复核。复核通过后在学院网站公示，公示无异议后方可进行教材编写任务。
2.参与外单位组织的教材编写任务。参编人员应填写《福州大学本科教材编写人员审核表》，由所在单位党组织按照审核要求进行审核并报党委教师工作部复核，复核通过后在学院网站公示，公示无异议后方可进行教材编写任务。
（二）教材内容审核
1.教材第一主编提出申请
第一主编应于教材书稿交付出版社出版前三个月向所在学院或相关教学单位教材工作小组提出审核申请并提供教材书稿。
2.学院组织教材审核
（1）学院或相关教学单位教材工作小组组织教材审核小组（教材审核人员需满足《实施细则》第十九条相关要求）严格按照《实施细则》具体要求对教材内容进行全面审核，严把政治关、学术关，并形成书面审核意见（附件5），得出审核结论（通过/重新送审/不予通过）。
学院或相关教学单位教材审核工作原则上每季度组织一次，且应于每季度第三个月15日前完成。
（2）教材坚持凡编必审，并实行盲审和编审分离制度，同时应遵循回避原则。教材编写人员不得参与教材审核。
3.学校组织复审并得出审核结论。
四、其他要求
1.教材编写实行主编负责制。主编主持编写工作并负责统稿，对教材总体质量负责，参编人员对所编写内容负责；多个主编编写的教材，由第一主编负全责。专家学者个人编写的教材，由编写者对教材质量负全责；
2.拟出版教材第一主编应提交交付出版社出版前的最终书稿，由所在学院或相关教学单位教材工作小组统一组织专家审核。审核结论为“重新送审”和“不予通过”的教材不得出版；
3.各学院及相关教学单位要高度重视教师编写教材的审核工作，遵守有关纪律和程序；
4.各学院及相关教学单位需做好教材审核材料的存档工作，包括教材编写人员汇总表、编写人员审核表、教材审核表以及教材书稿等。
五、材料报送
请各学院及相关教学单位于每季度第三个月15日前完成本单位2026年拟出版教材的审核工作并进行公示，公示结束后提交《福州大学本科教材编写人员汇总表》《编写人员审核表》及《福州大学自编教材内容审核表》一式二份以及书稿一起提交至学校教材委员会本科教材办公室（教务处），另一份留本单位备查。

联系电话：0591-22866893
地 点：行政北楼西210

附件：1.福州大学教材管理实施细则
2.福州大学本科教材编写人员汇总表
3.福州大学本科教材编写人员政治审查表
4.福州大学本科教材校外编写人员政治审查表
5.福州大学自编教材内容审核表

教 务 处
2025年12月31日",5,0017449848580016759537,附件3：福州大学本科教材编写人员政治审查表.docx,29,https://jwch.fzu.edu.cn/system/_content/download.jsp?urltype=news.DownloadAttachUrl&owner=1744984858&wbfileid=16759537,16759537,1744984858
001042014433,https://jwch.fzu.edu.cn/info/1042/14433.htm,关于开展2026年拟出版本科教材审核工作的通知,【教材中心】,2025-12-30,"各学院，相关教学单位：
根据教育部《普通高等学校教材管理办法》《福建省普通高等学校教材管理实施细则》和《福州大学教材管理实施细则》文件要求，为进一步规范学校教材编写管理工作，落实教材“凡编必审”相关要求，提高教材建设质量，现组织各学院及相关教学单位对2026年拟出版本科教材进行审核，具体要求和安排如下：
一、审核范围
由我校在职教师担任第一主编，拟于2026年出版的本科教材（包括纸质教材、数字教材和新形态教材等）。
二、审核内容及要求
（一）教材编写人员审核
1.各学院及相关教学单位党组织应依据《福州大学教材管理实施细则》（以下简称《实施细则》）（附件1）第十一条相关规定，对本单位教师参与教材编写（包含主编、参编）的人员进行重点审核，审核内容包括政治立场、师德师风、思想品德、学术功底、学术不端等；
2.教材主编需具有高级专业技术职务。
（二）教材内容审核
1.各学院及相关教学单位教材工作小组应依据《实施细则》第三、十、十七条相关规定，负责对本单位教师为第一主编，学校经费资助出版的教材内容进行审核。多学院或单位联合编写的教材，由第一主编所在单位组织审核；
2.各学院及相关教学单位教材工作小组组织相关学科专业领域专家、一线教师以及校外专家对拟出版教材的政治方向、价值导向、知识内容等方面进行审核。审核专家应具备高级专业技术职务，人数应不少于3人，其中校外专家不少于1人。审核人员需经所在单位党组织审核同意；
3.教材审核坚持凡编必审并实行盲审制度。
三、审核程序
（一）教材编写人员条件审核
1.参与本校教师为第一主编的教材编写任务。由第一主编填写《福州大学本科教材编写人员汇总表》（附件2）（一式二份），并提供全体教材编写人员所在单位党委政治审查意见（本校编写人员填写附件3、校外编写人员填写附件4）。各学院及相关教学单位党组织按照审核要求对本单位教材编写人员进行审核，并报党委教师工作部复核。复核通过后在学院网站公示，公示无异议后方可进行教材编写任务。
2.参与外单位组织的教材编写任务。参编人员应填写《福州大学本科教材编写人员审核表》，由所在单位党组织按照审核要求进行审核并报党委教师工作部复核，复核通过后在学院网站公示，公示无异议后方可进行教材编写任务。
（二）教材内容审核
1.教材第一主编提出申请
第一主编应于教材书稿交付出版社出版前三个月向所在学院或相关教学单位教材工作小组提出审核申请并提供教材书稿。
2.学院组织教材审核
（1）学院或相关教学单位教材工作小组组织教材审核小组（教材审核人员需满足《实施细则》第十九条相关要求）严格按照《实施细则》具体要求对教材内容进行全面审核，严把政治关、学术关，并形成书面审核意见（附件5），得出审核结论（通过/重新送审/不予通过）。
学院或相关教学单位教材审核工作原则上每季度组织一次，且应于每季度第三个月15日前完成。
（2）教材坚持凡编必审，并实行盲审和编审分离制度，同时应遵循回避原则。教材编写人员不得参与教材审核。
3.学校组织复审并得出审核结论。
四、其他要求
1.教材编写实行主编负责制。主编主持编写工作并负责统稿，对教材总体质量负责，参编人员对所编写内容负责；多个主编编写的教材，由第一主编负全责。专家学者个人编写的教材，由编写者对教材质量负全责；
2.拟出版教材第一主编应提交交付出版社出版前的最终书稿，由所在学院或相关教学单位教材工作小组统一组织专家审核。审核结论为“重新送审”和“不予通过”的教材不得出版；
3.各学院及相关教学单位要高度重视教师编写教材的审核工作，遵守有关纪律和程序；
4.各学院及相关教学单位需做好教材审核材料的存档工作，包括教材编写人员汇总表、编写人员审核表、教材审核表以及教材书稿等。
五、材料报送
请各学院及相关教学单位于每季度第三个月15日前完成本单位2026年拟出版教材的审核工作并进行公示，公示结束后提交《福州大学本科教材编写人员汇总表》《编写人员审核表》及《福州大学自编教材内容审核表》一式二份以及书稿一起提交至学校教材委员会本科教材办公室（教务处），另一份留本单位备查。

联系电话：0591-22866893
地 点：行政北楼西210

附件：1.福州大学教材管理实施细则
2.福州大学本科教材编写人员汇总表
3.福州大学本科教材编写人员政治审查表
4.福州大学本科教材校外编写人员政治审查表
5.福州大学自编教材内容审核表

教 务 处
2025年12月31日",5,0017449848580016759538,附件4：福州大学本科教材校外编写人员政治审查表.docx,33,https://jwch.fzu.edu.cn/system/_content/download.jsp?urltype=news.DownloadAttachUrl&owner=1744984858&wbfileid=16759538,16759538,1744984858
001042014433,https://jwch.fzu.edu.cn/info/1042/14433.htm,关于开展2026年拟出版本科教材审核工作的通知,【教材中心】,2025-12-30,"各学院，相关教学单位：
根据教育部《普通高等学校教材管理办法》《福建省普通高等学校教材管理实施细则》和《福州大学教材管理实施细则》文件要求，为进一步规范学校教材编写管理工作，落实教材“凡编必审”相关要求，提高教材建设质量，现组织各学院及相关教学单位对2026年拟出版本科教材进行审核，具体要求和安排如下：
一、审核范围
由我校在职教师担任第一主编，拟于2026年出版的本科教材（包括纸质教材、数字教材和新形态教材等）。
二、审核内容及要求
（一）教材编写人员审核
1.各学院及相关教学单位党组织应依据《福州大学教材管理实施细则》（以下简称《实施细则》）（附件1）第十一条相关规定，对本单位教师参与教材编写（包含主编、参编）的人员进行重点审核，审核内容包括政治立场、师德师风、思想品德、学术功底、学术不端等；
2.教材主编需具有高级专业技术职务。
（二）教材内容审核
1.各学院及相关教学单位教材工作小组应依据《实施细则》第三、十、十七条相关规定，负责对本单位教师为第一主编，学校经费资助出版的教材内容进行审核。多学院或单位联合编写的教材，由第一主编所在单位组织审核；
2.各学院及相关教学单位教材工作小组组织相关学科专业领域专家、一线教师以及校外专家对拟出版教材的政治方向、价值导向、知识内容等方面进行审核。审核专家应具备高级专业技术职务，人数应不少于3人，其中校外专家不少于1人。审核人员需经所在单位党组织审核同意；
3.教材审核坚持凡编必审并实行盲审制度。
三、审核程序
（一）教材编写人员条件审核
1.参与本校教师为第一主编的教材编写任务。由第一主编填写《福州大学本科教材编写人员汇总表》（附件2）（一式二份），并提供全体教材编写人员所在单位党委政治审查意见（本校编写人员填写附件3、校外编写人员填写附件4）。各学院及相关教学单位党组织按照审核要求对本单位教材编写人员进行审核，并报党委教师工作部复核。复核通过后在学院网站公示，公示无异议后方可进行教材编写任务。
2.参与外单位组织的教材编写任务。参编人员应填写《福州大学本科教材编写人员审核表》，由所在单位党组织按照审核要求进行审核并报党委教师工作部复核，复核通过后在学院网站公示，公示无异议后方可进行教材编写任务。
（二）教材内容审核
1.教材第一主编提出申请
第一主编应于教材书稿交付出版社出版前三个月向所在学院或相关教学单位教材工作小组提出审核申请并提供教材书稿。
2.学院组织教材审核
（1）学院或相关教学单位教材工作小组组织教材审核小组（教材审核人员需满足《实施细则》第十九条相关要求）严格按照《实施细则》具体要求对教材内容进行全面审核，严把政治关、学术关，并形成书面审核意见（附件5），得出审核结论（通过/重新送审/不予通过）。
学院或相关教学单位教材审核工作原则上每季度组织一次，且应于每季度第三个月15日前完成。
（2）教材坚持凡编必审，并实行盲审和编审分离制度，同时应遵循回避原则。教材编写人员不得参与教材审核。
3.学校组织复审并得出审核结论。
四、其他要求
1.教材编写实行主编负责制。主编主持编写工作并负责统稿，对教材总体质量负责，参编人员对所编写内容负责；多个主编编写的教材，由第一主编负全责。专家学者个人编写的教材，由编写者对教材质量负全责；
2.拟出版教材第一主编应提交交付出版社出版前的最终书稿，由所在学院或相关教学单位教材工作小组统一组织专家审核。审核结论为“重新送审”和“不予通过”的教材不得出版；
3.各学院及相关教学单位要高度重视教师编写教材的审核工作，遵守有关纪律和程序；
4.各学院及相关教学单位需做好教材审核材料的存档工作，包括教材编写人员汇总表、编写人员审核表、教材审核表以及教材书稿等。
五、材料报送
请各学院及相关教学单位于每季度第三个月15日前完成本单位2026年拟出版教材的审核工作并进行公示，公示结束后提交《福州大学本科教材编写人员汇总表》《编写人员审核表》及《福州大学自编教材内容审核表》一式二份以及书稿一起提交至学校教材委员会本科教材办公室（教务处），另一份留本单位备查。

联系电话：0591-22866893
地 点：行政北楼西210

附件：1.福州大学教材管理实施细则
2.福州大学本科教材编写人员汇总表
3.福州大学本科教材编写人员政治审查表
4.福州大学本科教材校外编写人员政治审查表
5.福州大学自编教材内容审核表

教 务 处
2025年12月31日",5,0017449848580016759539,附件5：福州大学自编教材内容审核表.docx,42,https://jwch.fzu.edu.cn/system/_content/download.jsp?urltype=news.DownloadAttachUrl&owner=1744984858&wbfileid=16759539,16759539,1744984858
001036014431,https://jwch.fzu.edu.cn/info/1036/14431.htm,关于2026年元旦放假课程调整的通知,【教学运行】,2025-12-29,"各学院，各教学单位：
根据党政办有关2026年元旦放假通知的精神，现将放假期间的课程调整如下：
1、1月1日（周四）至1月3日（周六）放假，共3天，全校本科生课程（含通识教育选修课）停课。
2、1月4日（周日）补上1月2日（周五）的课，原1月4日的课程停课。
3、因停课受影响的教学内容，请任课老师自行调整安排。

请各学院、教学单位及时通知相关师生。

教务处
2025年12月29日",0,,,,,,
001042014424,https://jwch.fzu.edu.cn/info/1042/14424.htm,关于开展2024年本科数字教材建设项目中期检查和结项验收工作的通知,【教材中心】,2025-12-25,"各学院，相关教学单位：
为进一步加强过程管理，切实提高教材建设水平和教材建设质量，根据《福州大学教材管理实施细则》《关于开展2024年本科数字教材建设立项工作的通知》等文件要求，学校决定开展2024年本科数字教材建设项目中期检查和结项验收工作，现将有关事项通知如下：
一、检查及验收范围
2024年立项的校级本科数字教材建设项目(具体项目名单详见附件1）。对未完成项目开展中期检查，对已完成项目组织结项验收。
二、中期检查内容
1.教材建设进度与计划执行情况。重点检查教材编写任务的完成进度、出版工作计划的落实情况，以及后续编写工作的进度安排，确保项目按计划推进。
2.项目建设重要事项变更情况。主编、教材名称、编写大纲等核心要素原则上不得变更，若需变更请说明原因及备案变更前后信息。
3.教材编写质量把控情况。严把政治关，重点检查教材的政治导向、价值导向，确保符合国家意识形态工作要求；严把学术关，重点核查教材内容的科学性、先进性（体现学科领域最新研究成果）和适用性（符合人才培养目标与课程教学需求）。
三、结项验收工作
（一）验收范围
已完成的2024年校级本科数字教材建设项目可申请验收，正式出版教材为结项验收的必要条件。
（二）验收要求
1.坚持正确政治方向。教材要坚持以习近平新时代中国特色社会主义思想为指导，深入贯彻落实习近平总书记关于教育的重要论述，推动习近平新时代中国特色社会主义思想进教材、进课堂、进头脑。
2.强化思想性与学术性统一。教材内容需实现知识性和价值性相统一，将课程思政有机融入教材编写全过程，树立正确的政治方向和价值导向，体现社会主义核心价值观，具备较高的思想性、科学性、时代性和系统性。教材编排科学合理，符合学术规范和教材编写要求。
3.凸显育人功能与合规性。教材内容需充分体现“培根铸魂、启智增慧”功能，契合学科专业发展规律及课程教学、人才培养需求。教材中不得有民族、地域、性别、职业、年龄歧视等内容，不得有商业广告或变相商业广告。
4.规范数字资源与出版管理。数字教材包含的音视频、微课、动画、三维模型、试题库、拓展资源等各类数字资源，须按教材建设规范和出版标准完成编修、审核与管理；须由正规出版单位出版并申领书号，确保出版流程合规、资源可安全使用。
5.完成学院前置审核。已完成建设的项目，须先经第一主编所在学院完成教材内容审核后，方可申请结项验收。
6.严格编写人员资质审核。若教材出版时的编写人员较立项时存在新增情况，须为每位新增人员补充提交《福州大学本科教材编写人员政治审查表》（附件5），确保编写人员符合要求。
四、工作程序
（一）自行申报
1.未完成建设项目：项目负责人填写《福州大学教材建设项目中期检查表》（附件2），电子版文件以“姓名+教材名称”命名；若已签订出版合同，须同步提交合同复印件1份（加盖学院公章）。
2.已完成建设项目：项目负责人填写《福州大学教材建设项目结题验收申请表》（附件3），电子版文件以“姓名+教材名称”命名；同步报送数字教材审阅链接（确保可正常访问、内容完整）。
（二）学院审核
各学院对照本通知要求，对申报材料的完整性、真实性及教材内容质量进行全面审核，签署明确审核意见。审核完成后，填写《福州大学教材建设项目检查验收汇总表》（附件4），经学院负责人签字并加盖学院公章后，于2026年1月9日前将相关材料报送至教务处；电子版材料统一打包发送至指定邮箱（邮件主题命名为“XX学院+2024年校级数字教材检查验收材料”）。
联系人：苏淑珍，联系电话：0591-22866893，邮箱：jwchjck@fzu.edu.cn
（三）教务处组织验收
教务处将对各学院报送的检查与验收结果进行复核，必要时组织专家开展现场核查或集中评审，复核结果将在学校教务处官网公示。
五、其他要求
1.强化责任落实。本次检查验收采取“学院审核+学校验收”相结合的方式。请各学院高度重视，切实加强组织领导，明确工作责任，认真做好本单位项目的审核把关和材料汇总报送工作，确保检查验收工作有序高效推进。
2.落实主编负责制。各项目负责人对教材编写质量负总责，须严格对照验收条件和要求，全面总结教材编写理念、内容设计、特色创新、实践应用效果等情况，确保提交的各类材料真实、准确、完整。

附件：
1. 福州大学2024年本科数字教材建设项目名单
2.《福州大学教材建设项目中期检查表》
3.《福州大学大学教材建设项目结题验收申请表》
4.《福州大学教材建设项目检查验收汇总表》
5.《福州大学大学本科教材编写人员政治审查表》

教  务  处
2025年12月25日",5,0017449848580016759389,附件1.福州大学2024年本科数字教材建设项目名单.xls,36,https://jwch.fzu.edu.cn/system/_content/download.jsp?urltype=news.DownloadAttachUrl&owner=1744984858&wbfileid=16759389,16759389,1744984858
001042014424,https://jwch.fzu.edu.cn/info/1042/14424.htm,关于开展2024年本科数字教材建设项目中期检查和结项验收工作的通知,【教材中心】,2025-12-25,"各学院，相关教学单位：
为进一步加强过程管理，切实提高教材建设水平和教材建设质量，根据《福州大学教材管理实施细则》《关于开展2024年本科数字教材建设立项工作的通知》等文件要求，学校决定开展2024年本科数字教材建设项目中期检查和结项验收工作，现将有关事项通知如下：
一、检查及验收范围
2024年立项的校级本科数字教材建设项目(具体项目名单详见附件1）。对未完成项目开展中期检查，对已完成项目组织结项验收。
二、中期检查内容
1.教材建设进度与计划执行情况。重点检查教材编写任务的完成进度、出版工作计划的落实情况，以及后续编写工作的进度安排，确保项目按计划推进。
2.项目建设重要事项变更情况。主编、教材名称、编写大纲等核心要素原则上不得变更，若需变更请说明原因及备案变更前后信息。
3.教材编写质量把控情况。严把政治关，重点检查教材的政治导向、价值导向，确保符合国家意识形态工作要求；严把学术关，重点核查教材内容的科学性、先进性（体现学科领域最新研究成果）和适用性（符合人才培养目标与课程教学需求）。
三、结项验收工作
（一）验收范围
已完成的2024年校级本科数字教材建设项目可申请验收，正式出版教材为结项验收的必要条件。
（二）验收要求
1.坚持正确政治方向。教材要坚持以习近平新时代中国特色社会主义思想为指导，深入贯彻落实习近平总书记关于教育的重要论述，推动习近平新时代中国特色社会主义思想进教材、进课堂、进头脑。
2.强化思想性与学术性统一。教材内容需实现知识性和价值性相统一，将课程思政有机融入教材编写全过程，树立正确的政治方向和价值导向，体现社会主义核心价值观，具备较高的思想性、科学性、时代性和系统性。教材编排科学合理，符合学术规范和教材编写要求。
3.凸显育人功能与合规性。教材内容需充分体现“培根铸魂、启智增慧”功能，契合学科专业发展规律及课程教学、人才培养需求。教材中不得有民族、地域、性别、职业、年龄歧视等内容，不得有商业广告或变相商业广告。
4.规范数字资源与出版管理。数字教材包含的音视频、微课、动画、三维模型、试题库、拓展资源等各类数字资源，须按教材建设规范和出版标准完成编修、审核与管理；须由正规出版单位出版并申领书号，确保出版流程合规、资源可安全使用。
5.完成学院前置审核。已完成建设的项目，须先经第一主编所在学院完成教材内容审核后，方可申请结项验收。
6.严格编写人员资质审核。若教材出版时的编写人员较立项时存在新增情况，须为每位新增人员补充提交《福州大学本科教材编写人员政治审查表》（附件5），确保编写人员符合要求。
四、工作程序
（一）自行申报
1.未完成建设项目：项目负责人填写《福州大学教材建设项目中期检查表》（附件2），电子版文件以“姓名+教材名称”命名；若已签订出版合同，须同步提交合同复印件1份（加盖学院公章）。
2.已完成建设项目：项目负责人填写《福州大学教材建设项目结题验收申请表》（附件3），电子版文件以“姓名+教材名称”命名；同步报送数字教材审阅链接（确保可正常访问、内容完整）。
（二）学院审核
各学院对照本通知要求，对申报材料的完整性、真实性及教材内容质量进行全面审核，签署明确审核意见。审核完成后，填写《福州大学教材建设项目检查验收汇总表》（附件4），经学院负责人签字并加盖学院公章后，于2026年1月9日前将相关材料报送至教务处；电子版材料统一打包发送至指定邮箱（邮件主题命名为“XX学院+2024年校级数字教材检查验收材料”）。
联系人：苏淑珍，联系电话：0591-22866893，邮箱：jwchjck@fzu.edu.cn
（三）教务处组织验收
教务处将对各学院报送的检查与验收结果进行复核，必要时组织专家开展现场核查或集中评审，复核结果将在学校教务处官网公示。
五、其他要求
1.强化责任落实。本次检查验收采取“学院审核+学校验收”相结合的方式。请各学院高度重视，切实加强组织领导，明确工作责任，认真做好本单位项目的审核把关和材料汇总报送工作，确保检查验收工作有序高效推进。
2.落实主编负责制。各项目负责人对教材编写质量负总责，须严格对照验收条件和要求，全面总结教材编写理念、内容设计、特色创新、实践应用效果等情况，确保提交的各类材料真实、准确、完整。

附件：
1. 福州大学2024年本科数字教材建设项目名单
2.《福州大学教材建设项目中期检查表》
3.《福州大学大学教材建设项目结题验收申请表》
4.《福州大学教材建设项目检查验收汇总表》
5.《福州大学大学本科教材编写人员政治审查表》

教  务  处
2025年12月25日",5,0017449848580016759390,附件2.福州大学教材建设项目中期检查表.docx,32,https://jwch.fzu.edu.cn/system/_content/download.jsp?urltype=news.DownloadAttachUrl&owner=1744984858&wbfileid=16759390,16759390,1744984858
001042014424,https://jwch.fzu.edu.cn/info/1042/14424.htm,关于开展2024年本科数字教材建设项目中期检查和结项验收工作的通知,【教材中心】,2025-12-25,"各学院，相关教学单位：
为进一步加强过程管理，切实提高教材建设水平和教材建设质量，根据《福州大学教材管理实施细则》《关于开展2024年本科数字教材建设立项工作的通知》等文件要求，学校决定开展2024年本科数字教材建设项目中期检查和结项验收工作，现将有关事项通知如下：
一、检查及验收范围
2024年立项的校级本科数字教材建设项目(具体项目名单详见附件1）。对未完成项目开展中期检查，对已完成项目组织结项验收。
二、中期检查内容
1.教材建设进度与计划执行情况。重点检查教材编写任务的完成进度、出版工作计划的落实情况，以及后续编写工作的进度安排，确保项目按计划推进。
2.项目建设重要事项变更情况。主编、教材名称、编写大纲等核心要素原则上不得变更，若需变更请说明原因及备案变更前后信息。
3.教材编写质量把控情况。严把政治关，重点检查教材的政治导向、价值导向，确保符合国家意识形态工作要求；严把学术关，重点核查教材内容的科学性、先进性（体现学科领域最新研究成果）和适用性（符合人才培养目标与课程教学需求）。
三、结项验收工作
（一）验收范围
已完成的2024年校级本科数字教材建设项目可申请验收，正式出版教材为结项验收的必要条件。
（二）验收要求
1.坚持正确政治方向。教材要坚持以习近平新时代中国特色社会主义思想为指导，深入贯彻落实习近平总书记关于教育的重要论述，推动习近平新时代中国特色社会主义思想进教材、进课堂、进头脑。
2.强化思想性与学术性统一。教材内容需实现知识性和价值性相统一，将课程思政有机融入教材编写全过程，树立正确的政治方向和价值导向，体现社会主义核心价值观，具备较高的思想性、科学性、时代性和系统性。教材编排科学合理，符合学术规范和教材编写要求。
3.凸显育人功能与合规性。教材内容需充分体现“培根铸魂、启智增慧”功能，契合学科专业发展规律及课程教学、人才培养需求。教材中不得有民族、地域、性别、职业、年龄歧视等内容，不得有商业广告或变相商业广告。
4.规范数字资源与出版管理。数字教材包含的音视频、微课、动画、三维模型、试题库、拓展资源等各类数字资源，须按教材建设规范和出版标准完成编修、审核与管理；须由正规出版单位出版并申领书号，确保出版流程合规、资源可安全使用。
5.完成学院前置审核。已完成建设的项目，须先经第一主编所在学院完成教材内容审核后，方可申请结项验收。
6.严格编写人员资质审核。若教材出版时的编写人员较立项时存在新增情况，须为每位新增人员补充提交《福州大学本科教材编写人员政治审查表》（附件5），确保编写人员符合要求。
四、工作程序
（一）自行申报
1.未完成建设项目：项目负责人填写《福州大学教材建设项目中期检查表》（附件2），电子版文件以“姓名+教材名称”命名；若已签订出版合同，须同步提交合同复印件1份（加盖学院公章）。
2.已完成建设项目：项目负责人填写《福州大学教材建设项目结题验收申请表》（附件3），电子版文件以“姓名+教材名称”命名；同步报送数字教材审阅链接（确保可正常访问、内容完整）。
（二）学院审核
各学院对照本通知要求，对申报材料的完整性、真实性及教材内容质量进行全面审核，签署明确审核意见。审核完成后，填写《福州大学教材建设项目检查验收汇总表》（附件4），经学院负责人签字并加盖学院公章后，于2026年1月9日前将相关材料报送至教务处；电子版材料统一打包发送至指定邮箱（邮件主题命名为“XX学院+2024年校级数字教材检查验收材料”）。
联系人：苏淑珍，联系电话：0591-22866893，邮箱：jwchjck@fzu.edu.cn
（三）教务处组织验收
教务处将对各学院报送的检查与验收结果进行复核，必要时组织专家开展现场核查或集中评审，复核结果将在学校教务处官网公示。
五、其他要求
1.强化责任落实。本次检查验收采取“学院审核+学校验收”相结合的方式。请各学院高度重视，切实加强组织领导，明确工作责任，认真做好本单位项目的审核把关和材料汇总报送工作，确保检查验收工作有序高效推进。
2.落实主编负责制。各项目负责人对教材编写质量负总责，须严格对照验收条件和要求，全面总结教材编写理念、内容设计、特色创新、实践应用效果等情况，确保提交的各类材料真实、准确、完整。

附件：
1. 福州大学2024年本科数字教材建设项目名单
2.《福州大学教材建设项目中期检查表》
3.《福州大学大学教材建设项目结题验收申请表》
4.《福州大学教材建设项目检查验收汇总表》
5.《福州大学大学本科教材编写人员政治审查表》

教  务  处
2025年12月25日",5,0017449848580016759391,附件3.福州大学教材建设项目结题验收申请表.docx,27,https://jwch.fzu.edu.cn/system/_content/download.jsp?urltype=news.DownloadAttachUrl&owner=1744984858&wbfileid=16759391,16759391,1744984858
001042014424,https://jwch.fzu.edu.cn/info/1042/14424.htm,关于开展2024年本科数字教材建设项目中期检查和结项验收工作的通知,【教材中心】,2025-12-25,"各学院，相关教学单位：
为进一步加强过程管理，切实提高教材建设水平和教材建设质量，根据《福州大学教材管理实施细则》《关于开展2024年本科数字教材建设立项工作的通知》等文件要求，学校决定开展2024年本科数字教材建设项目中期检查和结项验收工作，现将有关事项通知如下：
一、检查及验收范围
2024年立项的校级本科数字教材建设项目(具体项目名单详见附件1）。对未完成项目开展中期检查，对已完成项目组织结项验收。
二、中期检查内容
1.教材建设进度与计划执行情况。重点检查教材编写任务的完成进度、出版工作计划的落实情况，以及后续编写工作的进度安排，确保项目按计划推进。
2.项目建设重要事项变更情况。主编、教材名称、编写大纲等核心要素原则上不得变更，若需变更请说明原因及备案变更前后信息。
3.教材编写质量把控情况。严把政治关，重点检查教材的政治导向、价值导向，确保符合国家意识形态工作要求；严把学术关，重点核查教材内容的科学性、先进性（体现学科领域最新研究成果）和适用性（符合人才培养目标与课程教学需求）。
三、结项验收工作
（一）验收范围
已完成的2024年校级本科数字教材建设项目可申请验收，正式出版教材为结项验收的必要条件。
（二）验收要求
1.坚持正确政治方向。教材要坚持以习近平新时代中国特色社会主义思想为指导，深入贯彻落实习近平总书记关于教育的重要论述，推动习近平新时代中国特色社会主义思想进教材、进课堂、进头脑。
2.强化思想性与学术性统一。教材内容需实现知识性和价值性相统一，将课程思政有机融入教材编写全过程，树立正确的政治方向和价值导向，体现社会主义核心价值观，具备较高的思想性、科学性、时代性和系统性。教材编排科学合理，符合学术规范和教材编写要求。
3.凸显育人功能与合规性。教材内容需充分体现“培根铸魂、启智增慧”功能，契合学科专业发展规律及课程教学、人才培养需求。教材中不得有民族、地域、性别、职业、年龄歧视等内容，不得有商业广告或变相商业广告。
4.规范数字资源与出版管理。数字教材包含的音视频、微课、动画、三维模型、试题库、拓展资源等各类数字资源，须按教材建设规范和出版标准完成编修、审核与管理；须由正规出版单位出版并申领书号，确保出版流程合规、资源可安全使用。
5.完成学院前置审核。已完成建设的项目，须先经第一主编所在学院完成教材内容审核后，方可申请结项验收。
6.严格编写人员资质审核。若教材出版时的编写人员较立项时存在新增情况，须为每位新增人员补充提交《福州大学本科教材编写人员政治审查表》（附件5），确保编写人员符合要求。
四、工作程序
（一）自行申报
1.未完成建设项目：项目负责人填写《福州大学教材建设项目中期检查表》（附件2），电子版文件以“姓名+教材名称”命名；若已签订出版合同，须同步提交合同复印件1份（加盖学院公章）。
2.已完成建设项目：项目负责人填写《福州大学教材建设项目结题验收申请表》（附件3），电子版文件以“姓名+教材名称”命名；同步报送数字教材审阅链接（确保可正常访问、内容完整）。
（二）学院审核
各学院对照本通知要求，对申报材料的完整性、真实性及教材内容质量进行全面审核，签署明确审核意见。审核完成后，填写《福州大学教材建设项目检查验收汇总表》（附件4），经学院负责人签字并加盖学院公章后，于2026年1月9日前将相关材料报送至教务处；电子版材料统一打包发送至指定邮箱（邮件主题命名为“XX学院+2024年校级数字教材检查验收材料”）。
联系人：苏淑珍，联系电话：0591-22866893，邮箱：jwchjck@fzu.edu.cn
（三）教务处组织验收
教务处将对各学院报送的检查与验收结果进行复核，必要时组织专家开展现场核查或集中评审，复核结果将在学校教务处官网公示。
五、其他要求
1.强化责任落实。本次检查验收采取“学院审核+学校验收”相结合的方式。请各学院高度重视，切实加强组织领导，明确工作责任，认真做好本单位项目的审核把关和材料汇总报送工作，确保检查验收工作有序高效推进。
2.落实主编负责制。各项目负责人对教材编写质量负总责，须严格对照验收条件和要求，全面总结教材编写理念、内容设计、特色创新、实践应用效果等情况，确保提交的各类材料真实、准确、完整。

附件：
1. 福州大学2024年本科数字教材建设项目名单
2.《福州大学教材建设项目中期检查表》
3.《福州大学大学教材建设项目结题验收申请表》
4.《福州大学教材建设项目检查验收汇总表》
5.《福州大学大学本科教材编写人员政治审查表》

教  务  处
2025年12月25日",5,0017449848580016759392,附件4：福州大学教材建设项目检查验收汇总表.xls,39,https://jwch.fzu.edu.cn/system/_content/download.jsp?urltype=news.DownloadAttachUrl&owner=1744984858&wbfileid=16759392,16759392,1744984858
001042014424,https://jwch.fzu.edu.cn/info/1042/14424.htm,关于开展2024年本科数字教材建设项目中期检查和结项验收工作的通知,【教材中心】,2025-12-25,"各学院，相关教学单位：
为进一步加强过程管理，切实提高教材建设水平和教材建设质量，根据《福州大学教材管理实施细则》《关于开展2024年本科数字教材建设立项工作的通知》等文件要求，学校决定开展2024年本科数字教材建设项目中期检查和结项验收工作，现将有关事项通知如下：
一、检查及验收范围
2024年立项的校级本科数字教材建设项目(具体项目名单详见附件1）。对未完成项目开展中期检查，对已完成项目组织结项验收。
二、中期检查内容
1.教材建设进度与计划执行情况。重点检查教材编写任务的完成进度、出版工作计划的落实情况，以及后续编写工作的进度安排，确保项目按计划推进。
2.项目建设重要事项变更情况。主编、教材名称、编写大纲等核心要素原则上不得变更，若需变更请说明原因及备案变更前后信息。
3.教材编写质量把控情况。严把政治关，重点检查教材的政治导向、价值导向，确保符合国家意识形态工作要求；严把学术关，重点核查教材内容的科学性、先进性（体现学科领域最新研究成果）和适用性（符合人才培养目标与课程教学需求）。
三、结项验收工作
（一）验收范围
已完成的2024年校级本科数字教材建设项目可申请验收，正式出版教材为结项验收的必要条件。
（二）验收要求
1.坚持正确政治方向。教材要坚持以习近平新时代中国特色社会主义思想为指导，深入贯彻落实习近平总书记关于教育的重要论述，推动习近平新时代中国特色社会主义思想进教材、进课堂、进头脑。
2.强化思想性与学术性统一。教材内容需实现知识性和价值性相统一，将课程思政有机融入教材编写全过程，树立正确的政治方向和价值导向，体现社会主义核心价值观，具备较高的思想性、科学性、时代性和系统性。教材编排科学合理，符合学术规范和教材编写要求。
3.凸显育人功能与合规性。教材内容需充分体现“培根铸魂、启智增慧”功能，契合学科专业发展规律及课程教学、人才培养需求。教材中不得有民族、地域、性别、职业、年龄歧视等内容，不得有商业广告或变相商业广告。
4.规范数字资源与出版管理。数字教材包含的音视频、微课、动画、三维模型、试题库、拓展资源等各类数字资源，须按教材建设规范和出版标准完成编修、审核与管理；须由正规出版单位出版并申领书号，确保出版流程合规、资源可安全使用。
5.完成学院前置审核。已完成建设的项目，须先经第一主编所在学院完成教材内容审核后，方可申请结项验收。
6.严格编写人员资质审核。若教材出版时的编写人员较立项时存在新增情况，须为每位新增人员补充提交《福州大学本科教材编写人员政治审查表》（附件5），确保编写人员符合要求。
四、工作程序
（一）自行申报
1.未完成建设项目：项目负责人填写《福州大学教材建设项目中期检查表》（附件2），电子版文件以“姓名+教材名称”命名；若已签订出版合同，须同步提交合同复印件1份（加盖学院公章）。
2.已完成建设项目：项目负责人填写《福州大学教材建设项目结题验收申请表》（附件3），电子版文件以“姓名+教材名称”命名；同步报送数字教材审阅链接（确保可正常访问、内容完整）。
（二）学院审核
各学院对照本通知要求，对申报材料的完整性、真实性及教材内容质量进行全面审核，签署明确审核意见。审核完成后，填写《福州大学教材建设项目检查验收汇总表》（附件4），经学院负责人签字并加盖学院公章后，于2026年1月9日前将相关材料报送至教务处；电子版材料统一打包发送至指定邮箱（邮件主题命名为“XX学院+2024年校级数字教材检查验收材料”）。
联系人：苏淑珍，联系电话：0591-22866893，邮箱：jwchjck@fzu.edu.cn
（三）教务处组织验收
教务处将对各学院报送的检查与验收结果进行复核，必要时组织专家开展现场核查或集中评审，复核结果将在学校教务处官网公示。
五、其他要求
1.强化责任落实。本次检查验收采取“学院审核+学校验收”相结合的方式。请各学院高度重视，切实加强组织领导，明确工作责任，认真做好本单位项目的审核把关和材料汇总报送工作，确保检查验收工作有序高效推进。
2.落实主编负责制。各项目负责人对教材编写质量负总责，须严格对照验收条件和要求，全面总结教材编写理念、内容设计、特色创新、实践应用效果等情况，确保提交的各类材料真实、准确、完整。

附件：
1. 福州大学2024年本科数字教材建设项目名单
2.《福州大学教材建设项目中期检查表》
3.《福州大学大学教材建设项目结题验收申请表》
4.《福州大学教材建设项目检查验收汇总表》
5.《福州大学大学本科教材编写人员政治审查表》

教  务  处
2025年12月25日",5,0017449848580016759393,附件5.福州大学本科教材编写人员政治审查表.docx,15,https://jwch.fzu.edu.cn/system/_content/download.jsp?urltype=news.DownloadAttachUrl&owner=1744984858&wbfileid=16759393,16759393,1744984858
001039014135,https://jwch.fzu.edu.cn/content.jsp?urltype=news.NewsContentUrl&wbtreeid=1039&wbnewsid=14135,福州大学关于公布大学生劳动教育实践基地立项名单的通知,【实践科】,2025-06-24,"校教〔2025〕21号

各学院，各有关单位：
根据2025年“大学生劳动教育实践基地”立项工作安排，经既定程序后，现将获批立项的“大学生劳动教育实践基地”名单予以公布。（详见附件）

              福州大学教务处
               2025年6月24日

附件：

福州大学大学生劳动教育实践基地立项名单

序号
单位
基地名称
负责人

1
铜盘校区管理委员会、学生工作部（处）
铜盘校区劳动教育实践基地
谢芳成

2
环境与安全工程学院
“绿壤筑梦”劳动教育实践基地
刘朝晖

3
紫金地质与矿业学院
紫金矿业集团劳动实践基地
张志雄

4
厦门工艺美术学院
“HOME+”服务创新劳动教育实践基地
洪歆慧

5
先进制造学院与海洋学院
“智慧海洋+”大学生劳动教育实践基地
张婷婷",0,,,,,,
001039014133,https://jwch.fzu.edu.cn/content.jsp?urltype=news.NewsContentUrl&wbtreeid=1039&wbnewsid=14133,福州大学关于公布示范性校外实践教学基地立项名单的通知,【实践科】,2025-06-24,"校教〔2025〕20号
各学院，各有关单位：
根据2025年“示范性校外实践教学基地”立项工作安排，经既定程序后，现将获批立项的“示范性校外实践教学基地”名单予以公布。（详见附件）

                    福州大学教务处
                     2025年6月24日

附件：
福州大学示范性校外实践教学基地立项名单

序号
学院
基地名称
负责人

1
环境与安全工程学院
福建省固体废物处置有限公司
黄健

2
经济与管理学院
兴业证券股份有限公司福州福州五一南路证劵营业部
傅传锐

3
紫金地质与矿业学院
福州大学马坑矿业产学研实习基地
李兵磊

4
材料科学与工程学院
福建恒杰塑业新材料有限公司
熊雷

5
人文社会科学学院
福能集团总医院心理治疗中心
赵陵波

6
厦门工艺美术学院
红点设计（厦门）品牌运营有限公司实践教学基地
洪歆慧",0,,,,,,
001040014131,https://jwch.fzu.edu.cn/info/1040/14131.htm,关于举办福州大学第七十二场“教学有道”暨数智课程建设与应用实操工作坊的通知,【质量办】,2025-06-24,"各学院、教学单位：
为贯彻落实教育数字化战略行动，加快推进教育教学数字化转型，提升教师数智化课程建设与应用能力，提高人才培养质量。经研究，决定举办第七十二场“教学有道”暨数智课程建设与应用实操工作坊。现将有关事项通知如下：
一、工作坊主题
数智赋能·课程创新：数智化课程开发与教学实践
二、主要内容
1.专题报告：人工智能赋能专业课程智慧建设，从0到1全过程进行线上数智课程建设 
2.技术实操：线上课程建设实操；课程知识图谱建构与应用；课程智能体训练与应用。
三、培训安排
1.时间：2025年6月26日（星期四）上午10：00，下午2：30；2025年7月3日（星期四）上午9：30，下午2：30
2. 地点：厦门工艺美术学院公共教学楼2-208
3. 主讲人: 超星泛雅集团福建分公司 陈秀萍、姜颖、冯云龙、虞思雅
四、承办单位
    厦门工艺美术学院
五、参会人员
1. 厦门工艺美术学院教师；
2. 其他感兴趣的教师。
六、注意事项
为便于实操练习，请各位参训教师自行携带笔记本电脑。

教务处
2025年6月24日",0,,,,,,
001039014128,https://jwch.fzu.edu.cn/content.jsp?urltype=news.NewsContentUrl&wbtreeid=1039&wbnewsid=14128,关于2025高教社杯全国大学生数学建模竞赛报名的通知,【实践科】,2025-06-23,"根据福建赛区《2025全国大学生数学建模竞赛报名通知》[2025-01]号文件精神，现就我校本科生报名参加“2025高教社杯全国大学生数学建模竞赛”有关事项通知如下：
一、参赛条件
符合下列条件的队伍（3人组成一队）可直接报名参赛：
1.已参加过往届全国大学生数学建模竞赛的队伍；
2.已参加过往届美国大学生数学建模竞赛的队伍；
3.已参加过往届中国电机工程学会杯数学建模竞赛的队伍；
4.已参加过往届全国统计建模大赛的队伍；
5.已参加过往届校赛的队伍；
6.报名面向全校学生开放,考虑到部分不符合以上报名条件，但有强烈参赛愿望的队伍，允许先报名，经指导团队考核后，选出优秀的队伍推荐参加国赛。
二、报名方式
请有意向报名的队伍请加入QQ群咨询报名方式及流程。
福大2025年高教社杯数模一群：717390539；
福大2025年高教社杯数模二群：813704903。
因群资源有限，请各支队伍只要加入一个群即可。
报名截止时间：2025年7月20日24时。

                                     福州大学教务处
                                      2025年6月23日",0,,,,,,
001035014127,https://jwch.fzu.edu.cn/info/1035/14127.htm,关于更改2024-2025学年春季学期期末本科教育教学工作会议地点的通知,【综合科】,2025-06-23,"机关有关部门，各学院及相关教学单位：
因会议冲突，原计划6月24日上午在行政南楼123会议室举办的2024-2025学年春季学期期末本科教育教学工作会议更改到旗山校区科技园阳光科技大厦二楼会议厅，其他事项不变。

教务处
2025年6月23日",0,,,,,,
001036014126,https://jwch.fzu.edu.cn/info/1036/14126.htm,关于做好期末复习考试及下学期开学等工作的通知,【教学运行】,2025-06-21,"校教〔2025〕 19 号

各学院、各有关单位:
   本学期已近尾声，现将本学期期末教学工作安排及下学期开学初有关工作的注意事项通知如下:
一、期末考试
1. 考试安排
   本学期教学安排至2025年7月4日，2025年7月5日至9月7日放暑假。2025年6月28日至7月4日为期末停课考试周。
   各学院应统筹合理做好期末考试安排。各年段考试周内至少应安排二门考试课程，7月3日或4日应排一门考试课程；由注册中心统一安排考试的部分公共课程考表见表一；其他课程的考试日期由各学院安排；跨学院合班课程考试(分类统考)请有关学院协调安排考表。各学院考表连同下学期初补考表应在7月1日前报送到注册中心。
2. 考试时间
停课考试周，所有考试时间安排如下：
上午:8:30-10:30 ；下午:2:30-4:30 ；晚上:7:00-9:00
非停课考试周的考试时间以具体公布时间为准。
3. 考试组织工作及要求
学院应进一步加强规范考试管理，考试组织工作应按福大教〔2018〕39号《福州大学课程考核管理实施办法》和校教〔2016〕55号《关于加强考试管理和严肃考试纪律的通知》的要求严格执行。同时，为加强考场管理，维护正常的考试秩序，学校已对各教学楼所有多媒体教室（公共教学楼、文科楼）安装了标准化考场巡考摄录系统，白天及夜间均全天候启用及录像保存备查，各学院应将教室安装摄像监控的事宜告知本学院教师和学生。
学院要重视加强对监考教师的考场职责培训，强调监考教师的工作规范，明确考场规章制度，尽职尽责履行考场监考要求。同时对学生进行考前思想动员和教育，重申考场纪律，做好学生的诚信教育，把违纪作弊的思想扼杀在萌芽状态。
各考室主监考老师应从本科教学系统中打印相关考场学生名单及考场情况报告单，在开考前认真核对考生信息并要求考生在学生名单上签名（签过名的学生名单与试卷一起留档）。对考试过程中有违纪苗头的学生及时警告纠正，对确有违纪作弊行为的学生，应按学校有关规定及时严肃处理，每场考试监考人员应清楚准确填写《福州大学考场情况报告表》（以下简称报告表）一式两份。若有考试违纪或作弊情况，应于考试结束当日内将一份报告表及相关违纪作弊材料报送至教务处注册中心，另一份随试卷装订；若无考试违纪或作弊情况，两份报告表均随试卷装订。
监考教师要严格执行校教〔2015〕32号《福州大学监考人员职责》，若有失职，学院应予批评教育，并按教学事故条例处理，将处理结果报送教务处质量管理科。
4. 成绩录入与公布
6月21日至7月9日为学生成绩录入时间。任课教师必须在这个时间段内完成网上成绩录入之全过程，录入应严格按照系统要求操作，以确保准确性。成绩录入提交后，任课教师应从网上将成绩打印一式二份由本人和系或教研室主任签字确认，一份送交开课学院保存，一份由任课教师保存。成绩统一由注册中心从网上向学生公布，学生可随时登录https://jwch.fzu.edu.cn网点，用各自密码进入本科教学管理系统对老师的教学情况进行评价，然后查询自己的成绩。
各学院应及时检查成绩登录情况，并督促教师完成此项工作，所有考试结束后的第六天，注册中心将关闭成绩录入，进行学籍处理。
二、毕业班工作
7月10日前上报第二批毕业名单。对于修业年限期满的学生，各学院也须同时全部给出具体学籍处理意见（毕业、结业、退学或延长修业年限等）。
三、下学期初补考工作
1. 补考时间：2025年9月1日至9月7日。
2. 补考安排表中的课程必须是本学期有开设的必修课和限定选修课（不含实践性环节课程），参加补考的对象必须是本学期参加修读课程成绩不及格的和申请期末缓考的学生。
3. 注册中心负责各公共基础课的补考安排（见表二），其余课程由各学院自行插空安排，请各学院根据实际补考人数，在系统中安排具体考试地点，并将安排表及时公布并通知到学生和相关课程所在的院系（教研室），认真做好补考的准备工作。各考室主监考老师应从网上打印相关考场学生名单及考场情况报告单，并将考场学生名单张贴公布在考场前。监考老师开考前请认真核对考生信息并要求考生在学生名单上签名。
4. 9月1日至9月12日为补考成绩录入时间，其中，毕业班（含2022级）的成绩于9月7日前录入完毕。任课教师应按照规定时间完成网上补考成绩录入之全过程，逾期系统将关闭不得录入成绩。请各学院务必通知到相关教师。
四、下学期开学初工作
    1.  9月7日为学生到校报到时间，9月8日正式上课。学生本人应持学生证到所在学院履行报到手续，不得代办。
2. 各学院对逾期注册、迟到、旷课的学生应认真查明原因，严格按学籍管理条例处理，在开学二周内将情况报送注册中心。
3.  9月6日至9月7日为新生报到时间。9月29日新生正式上课。
以上各项工作安排均应按时完成，按时报送，认真对待，超过期限将不予受理，延期或上报有误，按教学事故条例进行处理。

(此件各学院必须通知到全体教师)

附表:1.2024-2025学年第二学期部分公共基础课期末考试安排
   2.2024-2025学年第二学期暑假公共基础课补考安排

教  务  处
2025年6月20日

附表一：
2024-2025学年第二学期部分公共基础课期末考试安排
（具体考场安排和时间会陆续在网上公布）

考试时间
考 试 科 目

随堂考
毛泽东思想和中国特色社会主义理论体系概论

随堂考
习近平新时代中国特色社会主义思想概论

随堂考
马克思主义基本原理

随堂考
中国近现代史纲要

随堂考
思想道德与法治

随堂考
军事理论

随堂考
大学应用写作

5月18日上午
工程制图E

5月24日全天
C语言、Visual Basic、C++程序设计、Access数据库程序设计、Python

5月25日下午
线性代数、线性代数与解析几何

6月8日上午
工程制图C（下）、D、F

6月8日下午
概率论与数理统计

6月20日上午
大学英语（四）

6月28日下午
大学英语（二）

6月28日上、下午
英语专题课

6月29日上、下午
大学英语（三）

7月3日上午
大学物理A（上）、C

7月3日下午
大学物理B（上）

7月4日上午
高等数学A（中）、B（下）

7月4日下午
高等数学C（下）

注：英语拓展课包括：跨文化交际、英语国家概况、欧洲简史、汉英语言对比、实用英汉翻译、学术英语、中国文化（英语授课）、英国文化、雅思英语（读写）、大学英语六级、福建文化、英语短篇小说选读（通识）、英语儿童文学（通识）。
附表二：
2024-2025学年第二学期公共基础课补考安排

课程
时间

大学英语（三）
9月3日上午8:00-10:00

英语专题课
9月3日上午10:20-12:20

大学英语（二）、（四）
9月3日下午2:00-4:00

大学生就业与创业指导
9月3日下午2:00-3:00

C语言、Visual Basic、C++程序设计、Access数据库程序设计、Python
9月3日下午4:20-6:20

大学应用写作
9月3日晚上7:00-8:40

高等数学A（中）、B（下）、C（下）
9月4日上午8:00-10:00

高等数学A（上）、B（上）、C（上）、A(下)、D
9月4日上午10:20-12:20

线性代数、线性代数与解析几何
9月4日下午2:00-4:00

概率论与数理统计
9月4日下午4:20-6:20

马克思主义基本原理
9月4日晚上7:00-8:40

大学物理A（上）、B（上）、C
9月5日上午8:00-10:00

大学物理A（下）、B（下）
9月5日上午10:20-12:20

工程制图C（下）、D、E、F
9月5日下午2:00-4:00

中国近现代史纲要
9月5日下午4:30-6:00

习近平新时代中国特色社会主义思想概论
9月5日晚上7:00-8:30

思想道德与法治
9月6日上午8:00-9:30

毛泽东思想和中国特色社会主义理论体系概论
9月6日上午9:40-11:10

形势与政策
9月6日上午11:20-12:20

军事理论
9月6日下午2:00-3:00

                                   注：具体考场安排见本科教学管理系统",0,,,,,,
001036014125,https://jwch.fzu.edu.cn/info/1036/14125.htm,福州大学关于印发2025—2026学年校历的通知,【教学运行】,2025-06-20,"各学院，机关各部门，各单位：
2025—2026学年校历经校长办公会议（2025年第10次）审议通过，现印发给你们，请遵照校历做好各项工作安排。

                                                                                   福  州  大  学

                                                                                     2025年6月19日

2025—2026学年校历
第一学期

    星期周
一
二
三
四
五
六
日

2025年8月份

假
4
5
6
7
8
9
10

假
11
12
13
14
15
16
17

假
18
19
20
21
22
23
24

假
25
26
27
28
29
30
31

2025年9月份

假
1
2
3
4
5
6
7

第1周
8
9
10
11
12
13
14

第2周
15
16
17
18
19
20
21

第3周
22
23
24
25
26
27
28

第4周
29
30
1
2
3
4
5

2025年10月份

第5周
6
7
8
9
10
11
12

第6周
13
14
15
16
17
18
19

第7周
20
21
22
23
24
25
26

第8周
27
28
29
30
31
1
2

2025年11月份

第9周
3
4
5
6
7
8
9

第10周
10
11
12
13
14
15
16

第11周
17
18
19
20
21
22
23

第12周
24
25
26
27
28
29
30

2025年12月份

第13周
1
2
3
4
5
6
7

第14周
8
9
10
11
12
13
14

第15周
15
16
17
18
19
20
21

第16周
22
23
24
25
26
27
28

第17周
29
30
31
1
2
3
4

2026年1月份

第18周
5
6
7
8
9
10
11

第19周
12
13
14
15
16
17
18

第20周
19
20
21
22
23
24
25

第21周
26
27
28
29
30
31
1

2026年2月份

假
2
3
4
5
6
7
8

假
9
10
11
12
13
14
15

假
16
17
18
19
20
21
22

假
23
24
25
26
27
28
1

1.本学期自 2025年9月8日至2026年1月30日，共21周。2.2025年9月7日为学生注册时间，9月1日至9月7日为学生补考时间，9月8日正式上课。2026年1月24日至1月30日为学生期末考试时间，2026年1月31日至3月1日放寒假。           3.新生2025年9月6日至9月7日报到，9月29日开始上课，军训时间9月8日至9月21日。4.2025年11月13、14、15日开校运会（若天气原因无法举行顺延1周）。5.法定节假日按国家规定执行。

第二学期

    星期周
一
二
三
四
五
六
日

2026年2月份

假
2
3
4
5
6
7
8

假
9
10
11
12
13
14
15

假
16
17
18
19
20
21
22

假
23
24
25
26
27
28
1

2026年3月份

第1周
2
3
4
5
6
7
8

第2周
9
10
11
12
13
14
15

第3周
16
17
18
19
20
21
22

第4周
23
24
25
26
27
28
29

第5周
30
31
1
2
3
4
5

2026年4月份

第6周
6
7
8
9
10
11
12

第7周
13
14
15
16
17
18
19

第8周
20
21
22
23
24
25
26

第9周
27
28
29
30
1
2
3

2026年5月份

第10周
4
5
6
7
8
9
10

第11周
11
12
13
14
15
16
17

第12周
18
19
20
21
22
23
24

第13周
25
26
27
28
29
30
31

2026年6月份

第14周
1
2
3
4
5
6
7

第15周
8
9
10
11
12
13
14

第16周
15
16
17
18
19
20
21

第17周
22
23
24
25
26
27
28

第18周
29
30
1
2
3
4
5

2026年7月份

第19周
6
7
8
9
10
11
12

假
13
14
15
16
17
18
19

假
20
21
22
23
24
25
26

假
27
28
29
30
31
1
2

2026年8月份

假
3
4
5
6
7
8
9

假
10
11
12
13
14
15
16

假
17
18
19
20
21
22
23

假
24
25
26
27
28
29
30

1.本学期自 2026年3月2日至2026年7月10日，共19周。2.2026年3月1日为学生注册时间，2月28日至3月8日为学生补考时间，3月2日正式上课。3.2026年7月4日至7月10日为学生期末考试时间，7月11日至8月30日放暑假。4.法定节假日按国家规定执行。",0,,,,,,
001035014124,https://jwch.fzu.edu.cn/info/1035/14124.htm,关于转发教育部高等教育司关于开展人工智能综合能力提升培训工作的通知,【综合科】,2025-06-19,"各学院：
为深入贯彻落实人工智能赋能教育行动，主动应对人工智能对于高等教育和人才培养的变革影响，进一步提高大学生数字素养和人工智能应用水平，支撑大学生核心竞争力提升，现转发《教育部高等教育司关于开展人工智能综合能力提升培训工作的通知》。有关事项通知如下：
一、培训对象
面向 2025 届理工科本科毕业生，鼓励其他年级、学科专业学生根据实际需要积极参与。
二、培训时间
2025年6月19日-6月30日。
三、培训形式与内容
登陆国家智慧高教平台“人工智能教学公共服务开放应用专区”(网址:https://higher.smartedu.cn/ai)进行学习。
(一)选学人工智能通识课。自主选学一门人工智能通识课程，掌握人工智能的发展背景、基本原理、前沿知识和伦理规范。
(二)选学人工智能特色交叉课。自主选学一门人工智能特色交叉课程，提升跨学科知识融合和迁移创新能力。
(三)学习大模型应用公开课与自主测评。自主学习一门国产通用大模型应用公开课，实操学科垂直模型工具，开展人工智能素养能力自主测评。
四、工作要求
各学院积极组织，须在2025年 6 月 26 日前将《**学院参加教育部人工智能综合能力提升培训工作情况》电子版发送福州大学教务处邮箱：jwch@fzu.edu.cn。
五、联系方式
联系人：林益港
联系电话：22866855

福州大学教务处
2025年6月19日",2,0017449848580016486009,教育部高等教育司关于开展人工智能综合能力提升培训工作的通知（6月30日前）.pdf,458,https://jwch.fzu.edu.cn/system/_content/download.jsp?urltype=news.DownloadAttachUrl&owner=1744984858&wbfileid=16486009,16486009,1744984858
001035014124,https://jwch.fzu.edu.cn/info/1035/14124.htm,关于转发教育部高等教育司关于开展人工智能综合能力提升培训工作的通知,【综合科】,2025-06-19,"各学院：
为深入贯彻落实人工智能赋能教育行动，主动应对人工智能对于高等教育和人才培养的变革影响，进一步提高大学生数字素养和人工智能应用水平，支撑大学生核心竞争力提升，现转发《教育部高等教育司关于开展人工智能综合能力提升培训工作的通知》。有关事项通知如下：
一、培训对象
面向 2025 届理工科本科毕业生，鼓励其他年级、学科专业学生根据实际需要积极参与。
二、培训时间
2025年6月19日-6月30日。
三、培训形式与内容
登陆国家智慧高教平台“人工智能教学公共服务开放应用专区”(网址:https://higher.smartedu.cn/ai)进行学习。
(一)选学人工智能通识课。自主选学一门人工智能通识课程，掌握人工智能的发展背景、基本原理、前沿知识和伦理规范。
(二)选学人工智能特色交叉课。自主选学一门人工智能特色交叉课程，提升跨学科知识融合和迁移创新能力。
(三)学习大模型应用公开课与自主测评。自主学习一门国产通用大模型应用公开课，实操学科垂直模型工具，开展人工智能素养能力自主测评。
四、工作要求
各学院积极组织，须在2025年 6 月 26 日前将《**学院参加教育部人工智能综合能力提升培训工作情况》电子版发送福州大学教务处邮箱：jwch@fzu.edu.cn。
五、联系方式
联系人：林益港
联系电话：22866855

福州大学教务处
2025年6月19日",2,0017449848580016486008,（学院名称）——参加教育部人工智能综合能力提升培训工作情况 .xls,294,https://jwch.fzu.edu.cn/system/_content/download.jsp?urltype=news.DownloadAttachUrl&owner=1744984858&wbfileid=16486008,16486008,1744984858
001038014123,https://jwch.fzu.edu.cn/info/1038/14123.htm,关于核对2025-2026学年第一学期通识教育选修课开课信息的有关通知,【计划科】,2025-06-19,"各学院及单位：
         2025-2026学年第一学期通识教育选修课开课信息已全部录入教务系统，请各学院及单位通知授课教师核对开课信息，并于下学期开学前完成授课计划和教学大纲的录入工作。如有疑问请联系教务处：林老师83700655/22866907。
 
教务处
2025年6月19日",0,,,,,,
001036014121,https://jwch.fzu.edu.cn/info/1036/14121.htm,关于2024-2025学年第二学期《高等数学A（中）》、《高等数学B（下）》和《高等数学C（下）》课程期末考试安排的通知,【教学运行】,2025-06-18,"各有关学院：
定于7月4日上午进行《高等数学A（中）》和《高等数学B（下）》，于7月4日下午进行《高等数学C（下）》课程期末考试，请有关协助监考学院按考表（见附件）安排监考老师并录入系统，及时通知监考老师和学生上系统查看考试信息，以免延误考试。
为保证考试的顺利进行，如其他教学安排时间或地点与此次考试冲突，请予以调整。

数统学院
教务处
2025年6月18日",1,0017449848580016485393,2402高数数学A中、B下、C下期末考-7.4上、下午.xlsx,377,https://jwch.fzu.edu.cn/system/_content/download.jsp?urltype=news.DownloadAttachUrl&owner=1744984858&wbfileid=16485393,16485393,1744984858
001035014120,https://jwch.fzu.edu.cn/info/1035/14120.htm,关于召开2024-2025学年春季学期期末本科教育教学工作会议的通知,【综合科】,2025-06-18,"机关有关部门，各学院及相关教学单位：
兹定于2025年6月24日（星期二）上午召开2024-2025学年春季学期期末本科教育教学工作会议。现将有关事项通知如下：
一、会议时间
6月24日（星期二）10:30
二、会议地点
旗山校区行政南楼123会议室
三、参加人员
（一）相关校领导（由教务处负责通知）
（二）教务处、教学质量监控与评估中心、学生工作部（处）、招生考试中心、校督导组等单位负责人（由各单位负责通知）
（三）各学院及相关教学单位分管教学院长、教学办主任、教学干事（由各学院教学干事负责通知）
（四）教务处及教学质量监控与评估中心工作人员（由教务处负责通知）
四、其他事项
（一）各单位通过【腾讯文档】https://docs.qq.com/sheet/DSGVzWWdLRkJETEhL?tab=BB08J2 填写参会人员信息。因特殊原因无法参会的，应注明请假原因。参会人员名单上报截止时间为2025年6月23日17：00，联系人：王利伟，联系电话：22866855。
（二）异地校区参会人员通过以下视频会议集中参会：
https://meeting.tencent.com/dm/pX1q7uP8fvPq，腾讯会议：466-794-279。

福州大学教务处
2025年6月18日",0,,,,,,
001036014117,https://jwch.fzu.edu.cn/info/1036/14117.htm,关于2024-2025学年第二学期《大学物理A（上）》、《大学物理B（上）》、《大学物理C》课程期末考试安排的通知,【教学运行】,2025-06-17,"各有关学院：
定于7月3日上午进行《大学物理A（上）》和《大学物理C》，于7月3日下午进行《大学物理B（上）》课程期末考试，请有关协助监考学院按考表（见附件）安排监考老师并录入系统，及时通知监考老师和学生上系统查看考试信息，以免延误考试。
为保证考试的顺利进行，如其他教学安排时间或地点与此次考试冲突，请予以调整。

物信学院
教务处
2025年6月17日",1,0017449848580016485022,2402大学物理A（上）、B（上）、C期末考-7.3上、下午.xlsx,218,https://jwch.fzu.edu.cn/system/_content/download.jsp?urltype=news.DownloadAttachUrl&owner=1744984858&wbfileid=16485022,16485022,1744984858
001036014116,https://jwch.fzu.edu.cn/info/1036/14116.htm,关于2024-2025学年第二学期《大学英语（三）》课程期末考试安排的通知,【教学运行】,2025-06-17,"各有关学院：
定于6月29日进行《大学英语（三）》课程期末考试，请有关协助监考学院按考表（见附件）安排监考老师并录入系统，及时通知监考老师和学生上系统查看考试信息，以免延误考试。
为保证考试的顺利进行，如其他教学安排时间或地点与此次考试冲突，请予以调整。

外语学院
教务处
2025年6月17日",1,0017449848580016485009,2402大学英语三期末考-6.29上、下午.xlsx,346,https://jwch.fzu.edu.cn/system/_content/download.jsp?urltype=news.DownloadAttachUrl&owner=1744984858&wbfileid=16485009,16485009,1744984858
001036014115,https://jwch.fzu.edu.cn/info/1036/14115.htm,关于2024-2025学年第二学期《英语专题》课程期末考试安排的通知,【教学运行】,2025-06-17,"各有关学院：
定于6月28日进行《英语专题》课程期末考试，请有关协助监考学院按考表（见附件）安排监考老师并录入系统，及时通知监考老师和学生上系统查看考试信息，以免延误考试。
为保证考试的顺利进行，如其他教学安排时间或地点与此次考试冲突，请予以调整。

外语学院
教务处
2025年6月17日",1,0017449848580016485008,2402专题英语期末考-6.28上、下午.xlsx,244,https://jwch.fzu.edu.cn/system/_content/download.jsp?urltype=news.DownloadAttachUrl&owner=1744984858&wbfileid=16485008,16485008,1744984858
001036014114,https://jwch.fzu.edu.cn/info/1036/14114.htm,关于2025-2026学年第一学期本科生学期选课的通知,【教学运行】,2025-06-16,"各学院、全体本科同学：
一、选课对象及范围
本次选课对象为全校本科学生，选课范围为2025-2026学年第一学期各专业开设的所有课程。
所有学生均必须登录系统，进入选课界面确认选课，否则选课记录无效，所有选课记录不会保存（包括只有一个默认选项的课程）。
二、选课时间
   第一轮：6月17日～6月19日24:00（投积分方式）        第二轮：6月21日～6月23日24:00（投积分方式）        第三轮：6月25日～6月27日24:00（即选即中方式）
三、积分选课原则
本次选课仍采用投积分、分轮次进行的方式，先预选后由系统统一处理选课结果，第一轮与第二轮选课期间不管先选或者后选所有学生机会一致，均在每轮结束后由系统统一处理，因此不必集中在某天的某个时间段内同时选课（例如最后一天的最后几分钟）。
四、具体方法
1.根据各专业教学计划2025-2026学年第一学期的开课情况，每门课程给予20个积分，必修课积分和选修课积分分开计算，不能合并使用（例如电气专业有7门必修课2门选修课，则该专业学生的选课积分就有必修7×20＝140分、选修2×20＝40分）。
2.选课期间系统列出本学期本专业开设的课程，以及相应课程各时间段各开课班的信息（包含任课教师、上课地点、上课时间、学分、学时等，即一门课程同一个时间段可能会有多个上课班级）。
3.选课要求每位学生对自己的必修课程（公共必修、学科必修、专业必修、实践环节）都必须投下积分进行选择，不得缺选某门必修课，具体投下积分可高可低，但所有投下积分的和不得大于总积分，因此请合理分配总积分（注：对于某门只有一个上课班级的课程，如为必选课则点击“学期选课”后系统将自动选中，且不必为该课程分配积分）。
4.每位学生对所选课程投下的积分必须大于0小于总积分且为整数，通常投下积分越多，选中的概率就越大。
五、系统处理原则
1.由于各专业开课门数不一致，为了更能体现公平，处理过程系统自动将各同学每门课程投下的积分除以该同学的总积分形成积分比。
2.系统的选中处理：根据各课程具体上课班级的投分情况和限选人数，从高积分比往低积分比依次提取名单。对于未达到限选人数的上课班级，系统将形成人数差额，供同学下一轮继续选课，对于超过限选人数的上课班级，系统将依次从高积分比往低积分比抽取名单直至达到限选人数，对于相同积分比但超过限选人数的同学将采取随机抽取的办法。
3.第一轮选课结束后未选满课程的同学，可以参与第二轮的选课。积分算法将根据具体未选上课程总数重新分配总积分，前两轮选课过程和结果处理方法都一致。第二轮还未选满课程的同学可以参加第三轮选课，第三轮选课采用即选即中的方式。
六、选课流程
1.访问福州大学教务处网站（http://jwch.fzu.edu.cn）。
2.在网站“本科教学系统”的用户登陆框中输入账号和密码，点击登陆按钮进入系统。
3.点击【基础信息】下的相关菜单，查看并核对个人信息以及个人培养计划，如有疑义请及时与相关学院学工组或教学办核实，再点击【基础信息】下的【排课查询】菜单，初步了解本专业2025-2026学年第一学期的排课情况（注：此步骤在选课前即可进行）。
4.点击【各类选课】下的【学期选课】菜单，系统将在页面右侧窗口列出本专业2025-2026学年第一学期专业开设的所有课程，学生可以根据各课程具体的排课情况，点击单选按钮并在单选按钮后的文本框中输入拟投下的积分，直到选完所有课程后，再点击窗口最下方的“确定选课”按钮。
5.每轮选课结果公布后，所有学生务必查看各自的选课结果，对照教学计划，如有课程未选上请继续下一轮的选课。第三轮选课结束后务必进入【我的选课】查看核对选课结果，对于未选中的课程，可在补退选时间进行调整。如最终仍未选中课程，则该课程无效。
七、其他
第三轮选课之后每位同学必须打印课表，或将自己的选课结果截屏保存，作为下个学期上课时间安排的依据。

注册中心
2025年6月16日",0,,,,,,
001036014107,https://jwch.fzu.edu.cn/info/1036/14107.htm,关于2024-2025学年第二学期《大学英语（二）》、《大学英语（四）》课程期末考试安排的通知,【教学运行】,2025-06-10,"各有关学院：
定于6月20日上午进行《大学英语（四）》课程期末考试，于6月28日下午进行《大学英语（二）》课程期末考试请有关协助监考学院按考表（见附件）安排监考老师并录入系统，及时通知监考老师和学生上系统查看考试信息，以免延误考试。
为保证考试的顺利进行，如其他教学安排时间或地点与此次考试冲突，请予以调整。

数统学院
教务处
2025年6月10日",2,0017449848580016478613,2402大学英语四期末考-6.20上午.xlsx,233,https://jwch.fzu.edu.cn/system/_content/download.jsp?urltype=news.DownloadAttachUrl&owner=1744984858&wbfileid=16478613,16478613,1744984858
001036014107,https://jwch.fzu.edu.cn/info/1036/14107.htm,关于2024-2025学年第二学期《大学英语（二）》、《大学英语（四）》课程期末考试安排的通知,【教学运行】,2025-06-10,"各有关学院：
定于6月20日上午进行《大学英语（四）》课程期末考试，于6月28日下午进行《大学英语（二）》课程期末考试请有关协助监考学院按考表（见附件）安排监考老师并录入系统，及时通知监考老师和学生上系统查看考试信息，以免延误考试。
为保证考试的顺利进行，如其他教学安排时间或地点与此次考试冲突，请予以调整。

数统学院
教务处
2025年6月10日",2,0017449848580016478612,2402大学英语二期末考-6.28下午.xlsx,262,https://jwch.fzu.edu.cn/system/_content/download.jsp?urltype=news.DownloadAttachUrl&owner=1744984858&wbfileid=16478612,16478612,1744984858
001042014105,https://jwch.fzu.edu.cn/info/1042/14105.htm,关于组织申报2025年度教育部大中小课程教材研究项目的通知,【教材中心】,2025-06-06,"各学院，相关教学单位：
根据《教育部办公厅关于组织申报2025年度教育部大中小学课程教材研究项目的通知》（教材厅函〔2025〕7号）（附件1）文件要求，我校组织开展2025年度教育部大中小学课程教材研究项目申报工作，现将有关事项通知如下。
一、申报范围
（一）项目定位
以习近平新时代中国特色社会主义思想为指导，深入贯彻党的二十大和二十届二中、三中全会精神，落实全国教育大会精神，聚焦大中小学课程、教材建设重大理论和实践问题，统筹开展基础理论、实践应用、国际比较、战略前沿等研究。
（二）项目类型
本次受理申报的教育部大中小学课程教材研究项目分为重大项目、重点项目、一般项目三类。
1.重大项目：设置5—8项（全国立项数），研究期限为2—3年，资助经费50—80万元/项。
2.重点项目：设置15—20项（全国立项数），研究期限为1—2年，资助经费20万元/项。
3.一般项目：设置20项（全国立项数），研究期限为1—2年，资助经费10万元/项。
（三）选题指南
本年度发布重大项目、重点项目选题指南（附件2），项目申报人可按照选题指南申报，也可自拟题目申报。如按选题指南中所列选题申报，不得更改选题名称；重大项目确有必要，可对选题说明中的研究内容适当微调，但不得大幅压缩或改变。一般项目不设选题指南，由项目申报人自拟题目申报。
二、申报人条件
（一）遵守中华人民共和国宪法和法律，具有独立开展研究和组织开展研究的能力，能够承担实质性研究工作，品行端正、学风优良。
（二）须具有副高级（含）以上专业技术职称（职务）或者具有博士学位。其中，重大项目申报人须具有正高级专业技术职称（职务）或厅局级（含）以上职务。教育部机关在编工作人员不得申报或者参与申报。
（三）为确保项目申报人和项目组成员有足够的时间和精力从事项目研究，2025年度教育部大中小学课程教材研究项目申报作如下限定：
1.项目申报人即项目负责人，限1人。申报人同年度只能申报1个教育部大中小学课程教材研究项目，且不得作为教育部大中小学课程教材研究项目其他项目组成员。已主持国家级或省部级重大项目未结项者，不得申报重大项目。
2.已获得立项的国家级和省部级项目及其子项目，不得重复申报本项目；申报本项目的相关研究，已获得其他资助的，应当在申报材料中说明所申报项目与已承担项目的联系和区别。不得以已出版或发表的内容基本相同的研究成果申报本项目。
3.同一人员作为项目组成员同年度最多可参与2个教育部大中小学课程教材研究项目的申报。项目组成员参与须征得本人同意。
三、申报数量
各学院最多可向学校推荐2个项目，并对所推荐的项目进行排序。
四、申报流程
1.组织申报。6月11日前，各学院根据文件要求，组织符合申报条件的教师开展申报工作。
2.学院审核。6月19日前，各学院对申报教师的资质及申报内容的真实性、完整性和有效性进行全面审核，并按照审核结果进行排序，审核不通过不予推荐。
3.提交材料。6月20日前，学院将审核通过的《教育部大中小学课程教材研究项目2025年度申报书》（附件3）及《2025年度教育部大中小学课程教材研究项目推荐汇总表》（附件4）等申报材料，以纸质版一式一份报送至教务处（行政北楼西210室），电子版请发送至邮箱：jwchjck@fzu.edu.cn。
注意：《教育部大中小学课程教材研究项目 2025 年度申报书》中的“七、申报人所在单位意见”先填写学院意见。
4.学校评审。6月24日前，教务处组织专家对各学院报送的申报材料进行评审，按照评审结果择优确定拟推荐项目。
5.学校公示。对拟推荐项目进行公示。
6.系统填报。6月28日前，教务处组织拟推荐项目负责人，登录“教育部大中小学课程教材研究项目管理系统”（https://www.zsjcgz.cn/dzxxmgl/login）进行在线申报信息填报，填报工作须于6月29日前完成。具体操作方式另行通知。
五、其他要求
（一）各单位要高度重视，加强统筹领导。按照教育部大中小学课程教材研究项目管理的规定，切实履行各项工作职责，严把政治方向关和学术质量关，确保申报工作有序落实。
（二）申报人要弘扬崇尚精品、严谨治学、严守诚信、认真负责的优良学风，如实填写申报信息。
其他详见《教育部办公厅关于组织申报2025年度教育部大中小学课程教材研究项目的通知》。
六、联系方式
联系人：苏淑珍  联系电话：22866893
附件：
    1.教育部办公厅关于组织申报2025年度教育部大中小学课程教材研究项目的通知
    2.教育部大中小学课程教材研究项目2025年度重大项目和重点项目选题指南
    3.教育部大中小学课程教材研究项目2025年度申报书
    4.2025年度教育部大中小学课程教材研究项目推荐汇总表
教务处
2025年6月6日",4,0017449848580016477964,附件1.教育部办公厅关于组织申报2025年度教育部大中小学课程教材研究项目的通知.pdf,556,https://jwch.fzu.edu.cn/system/_content/download.jsp?urltype=news.DownloadAttachUrl&owner=1744984858&wbfileid=16477964,16477964,1744984858
001042014105,https://jwch.fzu.edu.cn/info/1042/14105.htm,关于组织申报2025年度教育部大中小课程教材研究项目的通知,【教材中心】,2025-06-06,"各学院，相关教学单位：
根据《教育部办公厅关于组织申报2025年度教育部大中小学课程教材研究项目的通知》（教材厅函〔2025〕7号）（附件1）文件要求，我校组织开展2025年度教育部大中小学课程教材研究项目申报工作，现将有关事项通知如下。
一、申报范围
（一）项目定位
以习近平新时代中国特色社会主义思想为指导，深入贯彻党的二十大和二十届二中、三中全会精神，落实全国教育大会精神，聚焦大中小学课程、教材建设重大理论和实践问题，统筹开展基础理论、实践应用、国际比较、战略前沿等研究。
（二）项目类型
本次受理申报的教育部大中小学课程教材研究项目分为重大项目、重点项目、一般项目三类。
1.重大项目：设置5—8项（全国立项数），研究期限为2—3年，资助经费50—80万元/项。
2.重点项目：设置15—20项（全国立项数），研究期限为1—2年，资助经费20万元/项。
3.一般项目：设置20项（全国立项数），研究期限为1—2年，资助经费10万元/项。
（三）选题指南
本年度发布重大项目、重点项目选题指南（附件2），项目申报人可按照选题指南申报，也可自拟题目申报。如按选题指南中所列选题申报，不得更改选题名称；重大项目确有必要，可对选题说明中的研究内容适当微调，但不得大幅压缩或改变。一般项目不设选题指南，由项目申报人自拟题目申报。
二、申报人条件
（一）遵守中华人民共和国宪法和法律，具有独立开展研究和组织开展研究的能力，能够承担实质性研究工作，品行端正、学风优良。
（二）须具有副高级（含）以上专业技术职称（职务）或者具有博士学位。其中，重大项目申报人须具有正高级专业技术职称（职务）或厅局级（含）以上职务。教育部机关在编工作人员不得申报或者参与申报。
（三）为确保项目申报人和项目组成员有足够的时间和精力从事项目研究，2025年度教育部大中小学课程教材研究项目申报作如下限定：
1.项目申报人即项目负责人，限1人。申报人同年度只能申报1个教育部大中小学课程教材研究项目，且不得作为教育部大中小学课程教材研究项目其他项目组成员。已主持国家级或省部级重大项目未结项者，不得申报重大项目。
2.已获得立项的国家级和省部级项目及其子项目，不得重复申报本项目；申报本项目的相关研究，已获得其他资助的，应当在申报材料中说明所申报项目与已承担项目的联系和区别。不得以已出版或发表的内容基本相同的研究成果申报本项目。
3.同一人员作为项目组成员同年度最多可参与2个教育部大中小学课程教材研究项目的申报。项目组成员参与须征得本人同意。
三、申报数量
各学院最多可向学校推荐2个项目，并对所推荐的项目进行排序。
四、申报流程
1.组织申报。6月11日前，各学院根据文件要求，组织符合申报条件的教师开展申报工作。
2.学院审核。6月19日前，各学院对申报教师的资质及申报内容的真实性、完整性和有效性进行全面审核，并按照审核结果进行排序，审核不通过不予推荐。
3.提交材料。6月20日前，学院将审核通过的《教育部大中小学课程教材研究项目2025年度申报书》（附件3）及《2025年度教育部大中小学课程教材研究项目推荐汇总表》（附件4）等申报材料，以纸质版一式一份报送至教务处（行政北楼西210室），电子版请发送至邮箱：jwchjck@fzu.edu.cn。
注意：《教育部大中小学课程教材研究项目 2025 年度申报书》中的“七、申报人所在单位意见”先填写学院意见。
4.学校评审。6月24日前，教务处组织专家对各学院报送的申报材料进行评审，按照评审结果择优确定拟推荐项目。
5.学校公示。对拟推荐项目进行公示。
6.系统填报。6月28日前，教务处组织拟推荐项目负责人，登录“教育部大中小学课程教材研究项目管理系统”（https://www.zsjcgz.cn/dzxxmgl/login）进行在线申报信息填报，填报工作须于6月29日前完成。具体操作方式另行通知。
五、其他要求
（一）各单位要高度重视，加强统筹领导。按照教育部大中小学课程教材研究项目管理的规定，切实履行各项工作职责，严把政治方向关和学术质量关，确保申报工作有序落实。
（二）申报人要弘扬崇尚精品、严谨治学、严守诚信、认真负责的优良学风，如实填写申报信息。
其他详见《教育部办公厅关于组织申报2025年度教育部大中小学课程教材研究项目的通知》。
六、联系方式
联系人：苏淑珍  联系电话：22866893
附件：
    1.教育部办公厅关于组织申报2025年度教育部大中小学课程教材研究项目的通知
    2.教育部大中小学课程教材研究项目2025年度重大项目和重点项目选题指南
    3.教育部大中小学课程教材研究项目2025年度申报书
    4.2025年度教育部大中小学课程教材研究项目推荐汇总表
教务处
2025年6月6日",4,0017449848580016477965,附件2.教育部大中小学课程教材研究项目2025年度重大项目和重点项目选题指南.docx,420,https://jwch.fzu.edu.cn/system/_content/download.jsp?urltype=news.DownloadAttachUrl&owner=1744984858&wbfileid=16477965,16477965,1744984858
001042014105,https://jwch.fzu.edu.cn/info/1042/14105.htm,关于组织申报2025年度教育部大中小课程教材研究项目的通知,【教材中心】,2025-06-06,"各学院，相关教学单位：
根据《教育部办公厅关于组织申报2025年度教育部大中小学课程教材研究项目的通知》（教材厅函〔2025〕7号）（附件1）文件要求，我校组织开展2025年度教育部大中小学课程教材研究项目申报工作，现将有关事项通知如下。
一、申报范围
（一）项目定位
以习近平新时代中国特色社会主义思想为指导，深入贯彻党的二十大和二十届二中、三中全会精神，落实全国教育大会精神，聚焦大中小学课程、教材建设重大理论和实践问题，统筹开展基础理论、实践应用、国际比较、战略前沿等研究。
（二）项目类型
本次受理申报的教育部大中小学课程教材研究项目分为重大项目、重点项目、一般项目三类。
1.重大项目：设置5—8项（全国立项数），研究期限为2—3年，资助经费50—80万元/项。
2.重点项目：设置15—20项（全国立项数），研究期限为1—2年，资助经费20万元/项。
3.一般项目：设置20项（全国立项数），研究期限为1—2年，资助经费10万元/项。
（三）选题指南
本年度发布重大项目、重点项目选题指南（附件2），项目申报人可按照选题指南申报，也可自拟题目申报。如按选题指南中所列选题申报，不得更改选题名称；重大项目确有必要，可对选题说明中的研究内容适当微调，但不得大幅压缩或改变。一般项目不设选题指南，由项目申报人自拟题目申报。
二、申报人条件
（一）遵守中华人民共和国宪法和法律，具有独立开展研究和组织开展研究的能力，能够承担实质性研究工作，品行端正、学风优良。
（二）须具有副高级（含）以上专业技术职称（职务）或者具有博士学位。其中，重大项目申报人须具有正高级专业技术职称（职务）或厅局级（含）以上职务。教育部机关在编工作人员不得申报或者参与申报。
（三）为确保项目申报人和项目组成员有足够的时间和精力从事项目研究，2025年度教育部大中小学课程教材研究项目申报作如下限定：
1.项目申报人即项目负责人，限1人。申报人同年度只能申报1个教育部大中小学课程教材研究项目，且不得作为教育部大中小学课程教材研究项目其他项目组成员。已主持国家级或省部级重大项目未结项者，不得申报重大项目。
2.已获得立项的国家级和省部级项目及其子项目，不得重复申报本项目；申报本项目的相关研究，已获得其他资助的，应当在申报材料中说明所申报项目与已承担项目的联系和区别。不得以已出版或发表的内容基本相同的研究成果申报本项目。
3.同一人员作为项目组成员同年度最多可参与2个教育部大中小学课程教材研究项目的申报。项目组成员参与须征得本人同意。
三、申报数量
各学院最多可向学校推荐2个项目，并对所推荐的项目进行排序。
四、申报流程
1.组织申报。6月11日前，各学院根据文件要求，组织符合申报条件的教师开展申报工作。
2.学院审核。6月19日前，各学院对申报教师的资质及申报内容的真实性、完整性和有效性进行全面审核，并按照审核结果进行排序，审核不通过不予推荐。
3.提交材料。6月20日前，学院将审核通过的《教育部大中小学课程教材研究项目2025年度申报书》（附件3）及《2025年度教育部大中小学课程教材研究项目推荐汇总表》（附件4）等申报材料，以纸质版一式一份报送至教务处（行政北楼西210室），电子版请发送至邮箱：jwchjck@fzu.edu.cn。
注意：《教育部大中小学课程教材研究项目 2025 年度申报书》中的“七、申报人所在单位意见”先填写学院意见。
4.学校评审。6月24日前，教务处组织专家对各学院报送的申报材料进行评审，按照评审结果择优确定拟推荐项目。
5.学校公示。对拟推荐项目进行公示。
6.系统填报。6月28日前，教务处组织拟推荐项目负责人，登录“教育部大中小学课程教材研究项目管理系统”（https://www.zsjcgz.cn/dzxxmgl/login）进行在线申报信息填报，填报工作须于6月29日前完成。具体操作方式另行通知。
五、其他要求
（一）各单位要高度重视，加强统筹领导。按照教育部大中小学课程教材研究项目管理的规定，切实履行各项工作职责，严把政治方向关和学术质量关，确保申报工作有序落实。
（二）申报人要弘扬崇尚精品、严谨治学、严守诚信、认真负责的优良学风，如实填写申报信息。
其他详见《教育部办公厅关于组织申报2025年度教育部大中小学课程教材研究项目的通知》。
六、联系方式
联系人：苏淑珍  联系电话：22866893
附件：
    1.教育部办公厅关于组织申报2025年度教育部大中小学课程教材研究项目的通知
    2.教育部大中小学课程教材研究项目2025年度重大项目和重点项目选题指南
    3.教育部大中小学课程教材研究项目2025年度申报书
    4.2025年度教育部大中小学课程教材研究项目推荐汇总表
教务处
2025年6月6日",4,0017449848580016477966,附件3.教育部大中小学课程教材研究项目2025年度申报书.docx,217,https://jwch.fzu.edu.cn/system/_content/download.jsp?urltype=news.DownloadAttachUrl&owner=1744984858&wbfileid=16477966,16477966,1744984858
001042014105,https://jwch.fzu.edu.cn/info/1042/14105.htm,关于组织申报2025年度教育部大中小课程教材研究项目的通知,【教材中心】,2025-06-06,"各学院，相关教学单位：
根据《教育部办公厅关于组织申报2025年度教育部大中小学课程教材研究项目的通知》（教材厅函〔2025〕7号）（附件1）文件要求，我校组织开展2025年度教育部大中小学课程教材研究项目申报工作，现将有关事项通知如下。
一、申报范围
（一）项目定位
以习近平新时代中国特色社会主义思想为指导，深入贯彻党的二十大和二十届二中、三中全会精神，落实全国教育大会精神，聚焦大中小学课程、教材建设重大理论和实践问题，统筹开展基础理论、实践应用、国际比较、战略前沿等研究。
（二）项目类型
本次受理申报的教育部大中小学课程教材研究项目分为重大项目、重点项目、一般项目三类。
1.重大项目：设置5—8项（全国立项数），研究期限为2—3年，资助经费50—80万元/项。
2.重点项目：设置15—20项（全国立项数），研究期限为1—2年，资助经费20万元/项。
3.一般项目：设置20项（全国立项数），研究期限为1—2年，资助经费10万元/项。
（三）选题指南
本年度发布重大项目、重点项目选题指南（附件2），项目申报人可按照选题指南申报，也可自拟题目申报。如按选题指南中所列选题申报，不得更改选题名称；重大项目确有必要，可对选题说明中的研究内容适当微调，但不得大幅压缩或改变。一般项目不设选题指南，由项目申报人自拟题目申报。
二、申报人条件
（一）遵守中华人民共和国宪法和法律，具有独立开展研究和组织开展研究的能力，能够承担实质性研究工作，品行端正、学风优良。
（二）须具有副高级（含）以上专业技术职称（职务）或者具有博士学位。其中，重大项目申报人须具有正高级专业技术职称（职务）或厅局级（含）以上职务。教育部机关在编工作人员不得申报或者参与申报。
（三）为确保项目申报人和项目组成员有足够的时间和精力从事项目研究，2025年度教育部大中小学课程教材研究项目申报作如下限定：
1.项目申报人即项目负责人，限1人。申报人同年度只能申报1个教育部大中小学课程教材研究项目，且不得作为教育部大中小学课程教材研究项目其他项目组成员。已主持国家级或省部级重大项目未结项者，不得申报重大项目。
2.已获得立项的国家级和省部级项目及其子项目，不得重复申报本项目；申报本项目的相关研究，已获得其他资助的，应当在申报材料中说明所申报项目与已承担项目的联系和区别。不得以已出版或发表的内容基本相同的研究成果申报本项目。
3.同一人员作为项目组成员同年度最多可参与2个教育部大中小学课程教材研究项目的申报。项目组成员参与须征得本人同意。
三、申报数量
各学院最多可向学校推荐2个项目，并对所推荐的项目进行排序。
四、申报流程
1.组织申报。6月11日前，各学院根据文件要求，组织符合申报条件的教师开展申报工作。
2.学院审核。6月19日前，各学院对申报教师的资质及申报内容的真实性、完整性和有效性进行全面审核，并按照审核结果进行排序，审核不通过不予推荐。
3.提交材料。6月20日前，学院将审核通过的《教育部大中小学课程教材研究项目2025年度申报书》（附件3）及《2025年度教育部大中小学课程教材研究项目推荐汇总表》（附件4）等申报材料，以纸质版一式一份报送至教务处（行政北楼西210室），电子版请发送至邮箱：jwchjck@fzu.edu.cn。
注意：《教育部大中小学课程教材研究项目 2025 年度申报书》中的“七、申报人所在单位意见”先填写学院意见。
4.学校评审。6月24日前，教务处组织专家对各学院报送的申报材料进行评审，按照评审结果择优确定拟推荐项目。
5.学校公示。对拟推荐项目进行公示。
6.系统填报。6月28日前，教务处组织拟推荐项目负责人，登录“教育部大中小学课程教材研究项目管理系统”（https://www.zsjcgz.cn/dzxxmgl/login）进行在线申报信息填报，填报工作须于6月29日前完成。具体操作方式另行通知。
五、其他要求
（一）各单位要高度重视，加强统筹领导。按照教育部大中小学课程教材研究项目管理的规定，切实履行各项工作职责，严把政治方向关和学术质量关，确保申报工作有序落实。
（二）申报人要弘扬崇尚精品、严谨治学、严守诚信、认真负责的优良学风，如实填写申报信息。
其他详见《教育部办公厅关于组织申报2025年度教育部大中小学课程教材研究项目的通知》。
六、联系方式
联系人：苏淑珍  联系电话：22866893
附件：
    1.教育部办公厅关于组织申报2025年度教育部大中小学课程教材研究项目的通知
    2.教育部大中小学课程教材研究项目2025年度重大项目和重点项目选题指南
    3.教育部大中小学课程教材研究项目2025年度申报书
    4.2025年度教育部大中小学课程教材研究项目推荐汇总表
教务处
2025年6月6日",4,0017449848580016477967,附件4.2025年度教育部大中小学课程教材研究项目推荐汇总表.xlsx,152,https://jwch.fzu.edu.cn/system/_content/download.jsp?urltype=news.DownloadAttachUrl&owner=1744984858&wbfileid=16477967,16477967,1744984858
001040014098,https://jwch.fzu.edu.cn/info/1040/14098.htm,关于上报学院院级本科教育教学相关规章制度的通知,【质量办】,2025-06-03,"各学院：
根据《福州大学关于印发进一步强化本科教育教学质量保障能力的实施方案的通知》（福大教〔2024〕4号）文件精神，为完善学院本科教育教学质量保障体系，强化学院层面的教育教学质量主体责任意识，提升学院质量保障能力，现需各学院汇总上报学院院级本科教育教学相关规章制度目录，具体通知如下：
一、类别及范例

类别
制度文件名称
文号
发布时间

教学激励
例：《福州大学**学院教学奖励办法》
**学院**年** 号
2019年6月

…………

教师规范
例：《福州大学**学院本科生导师管理条例》

例：《福州大学**学院外籍教师授课管理办法》

…………

教学运行规范
例：《福州大学**学院**专业教学管理规定》

例：《福州大学**学院排课管理规定》

…………

学风规范
例：《福州大学**学院学风建设十条》

…………

教学建设规范
例：《福州大学**学院教改立项项目管理实施办法》

…………

教学监控规范
例：《福州大学**学院本科教学督导工作管理实施办法》

例：《福州大学**学院本科生学位论文质量管控实施细则（试行）》

…………

二、具体要求
各学院要认真撰写数据表格，一个规章制度填报一条数据，纸质材料经学院分管教学副院长签字并加盖学院公章后，于2025年6月10日前将纸质版报送至教学质量监控与评估中心（行北西205办公室），电子版发送至：10556425@qq.com。

教学质量监控与评估中心
2025年6月3日",0,,,,,,
001012014097,https://jwch.fzu.edu.cn/info/1012/14097.htm,关于上报学院院级本科教育教学相关规章制度的通知,【教学通知】,2025-06-03,"各学院：
根据《福州大学关于印发进一步强化本科教育教学质量保障能力的实施方案的通知》（福大教〔2024〕4号）文件精神，为完善学院本科教育教学质量保障体系，强化学院层面的教育教学质量主体责任意识，提升学院质量保障能力，现需各学院汇总上报学院院级本科教育教学相关规章制度目录，具体通知如下：
一、类别及范例

类别
制度文件名称
文号
发布时间

教学激励
例：《福州大学**学院教学奖励办法》
**学院**年** 号
2019年6月

…………

教师规范
例：《福州大学**学院本科生导师管理条例》

例：《福州大学**学院外籍教师授课管理办法》

…………

教学运行规范
例：《福州大学**学院**专业教学管理规定》

例：《福州大学**学院排课管理规定》

…………

学风规范
例：《福州大学**学院学风建设十条》

…………

教学建设规范
例：《福州大学**学院教改立项项目管理实施办法》

…………

教学监控规范
例：《福州大学**学院本科教学督导工作管理实施办法》

例：《福州大学**学院本科生学位论文质量管控实施细则（试行）》

…………

二、具体要求
各学院要认真撰写数据表格，一个规章制度填报一条数据，纸质材料经学院分管教学副院长签字并加盖学院公章后，于2025年6月10日前将纸质版报送至教学质量监控与评估中心（行北西205办公室），电子版发送至：10556425@qq.com。

教学质量监控与评估中心
2025年6月3日",0,,,,,,
001036014095,https://jwch.fzu.edu.cn/info/1036/14095.htm,关于2024-2025学年第二学期《马克思主义基本原理》、《毛泽东思想和中国特色社会主义理论体系概论》和《思想道德与法治》课程期末考试安排的通知,【教学运行】,2025-06-03,"各有关学院：
定于第16周进行《马克思主义基本原理》、《毛泽东思想和中国特色社会主义理论体系概论》和《思想道德与法治》课程期末考试，请有关协助监考学院按考表（见附件）安排监考老师并录入系统，及时通知监考老师和学生上系统查看考试信息，以免延误考试。
为保证考试的顺利进行，如其他教学安排时间或地点与此次考试冲突，请予以调整。

马克思主义学院
教务处
2025年6月3日",3,0017449848580016230472,2402德法随堂考.xlsx,272,https://jwch.fzu.edu.cn/system/_content/download.jsp?urltype=news.DownloadAttachUrl&owner=1744984858&wbfileid=16230472,16230472,1744984858
001036014095,https://jwch.fzu.edu.cn/info/1036/14095.htm,关于2024-2025学年第二学期《马克思主义基本原理》、《毛泽东思想和中国特色社会主义理论体系概论》和《思想道德与法治》课程期末考试安排的通知,【教学运行】,2025-06-03,"各有关学院：
定于第16周进行《马克思主义基本原理》、《毛泽东思想和中国特色社会主义理论体系概论》和《思想道德与法治》课程期末考试，请有关协助监考学院按考表（见附件）安排监考老师并录入系统，及时通知监考老师和学生上系统查看考试信息，以免延误考试。
为保证考试的顺利进行，如其他教学安排时间或地点与此次考试冲突，请予以调整。

马克思主义学院
教务处
2025年6月3日",3,0017449848580016230473,2402马原随堂考.xlsx,332,https://jwch.fzu.edu.cn/system/_content/download.jsp?urltype=news.DownloadAttachUrl&owner=1744984858&wbfileid=16230473,16230473,1744984858
001036014095,https://jwch.fzu.edu.cn/info/1036/14095.htm,关于2024-2025学年第二学期《马克思主义基本原理》、《毛泽东思想和中国特色社会主义理论体系概论》和《思想道德与法治》课程期末考试安排的通知,【教学运行】,2025-06-03,"各有关学院：
定于第16周进行《马克思主义基本原理》、《毛泽东思想和中国特色社会主义理论体系概论》和《思想道德与法治》课程期末考试，请有关协助监考学院按考表（见附件）安排监考老师并录入系统，及时通知监考老师和学生上系统查看考试信息，以免延误考试。
为保证考试的顺利进行，如其他教学安排时间或地点与此次考试冲突，请予以调整。

马克思主义学院
教务处
2025年6月3日",3,0017449848580016230471,2402毛概随堂考.xlsx,279,https://jwch.fzu.edu.cn/system/_content/download.jsp?urltype=news.DownloadAttachUrl&owner=1744984858&wbfileid=16230471,16230471,1744984858
001039014092,https://jwch.fzu.edu.cn/content.jsp?urltype=news.NewsContentUrl&wbtreeid=1039&wbnewsid=14092,关于公布第十一届桥梁设计大赛获奖名单的通知,【实践科】,2025-05-30,"校教〔2025〕15号
各学院：
我校土木工程学院承办的福州大学第十一届桥梁设计大赛决赛于2025年5月10日在旗山校区土木工程学院一楼多功能厅举行，共有来自土木工程学院、建筑与城乡规划学院的25支队伍共81位同学参加了比赛。经初赛选拔共有18份作品进入决赛，现决赛已圆满结束。经过专家评审，评出一等奖1项，二等奖2项，三等奖5项，现将获奖名单公布如下：

奖项
作品名称
成员
学院

一等奖
墨韵桥
李奉时
土木工程学院

刘天宇
土木工程学院

张嘉欣
建筑与城乡规划学院

陈凯鑫
土木工程学院

二等奖
霁岚桥
黄凌烨
土木工程学院

林月玲
土木工程学院

施怡欣
土木工程学院

张嘉毓
建筑与城乡规划学院

传薪桥
武郅胜
土木工程学院

曾悦铭
土木工程学院

张冰淩
土木工程学院

郑弘毅
建筑与城乡规划学院

三等奖
灵蛇桥
蔡宇轩
土木工程学院

陈真
土木工程学院

潘高兴
土木工程学院

高家莹
建筑与城乡规划学院

弦承桥
吴欣红
土木工程学院

王静
土木工程学院

王欣煜
土木工程学院

月影桥
刘旭洲
土木工程学院

付敏
土木工程学院

王灿
土木工程学院

明天桥
练艳虹
土木工程学院

陈天乐
土木工程学院

严妍
土木工程学院

桂影流弧桥
郭熠
土木工程学院

刘越洋
土木工程学院

苏羽涵
土木工程学院

                  福州大学教务处
                  2025年5月30日",0,,,,,,
001039014091,https://jwch.fzu.edu.cn/content.jsp?urltype=news.NewsContentUrl&wbtreeid=1039&wbnewsid=14091,关于公布第九届网络信息安全竞赛获奖名单的通知,【实践科】,2025-05-30,"校教〔2025〕14号

各学院：
我校计算机与大数据学院承办的福州大学第九届网络信息安全竞赛于2025年5月2日-2025年5月3日顺利举行，现已圆满结束。共有来自计算机与大数据学院、先进制造学院、物理与信息工程学院、梅努斯国际工程学院等学院共计78名学生报名参赛，本次比赛采用国际CTF竞赛流行的Jeopardy解题，在线提交Flag即时评分模式，经过专家评审，评出一等奖1项，二等奖2项，三等奖3项。现将获奖名单公布如下：

获奖等级
学  院
姓 名

一等奖
先进制造学院
陈佳欣

先进制造学院
游可欣

先进制造学院
潘洋

二等奖
计算机与大数据学院
黄家伟

计算机与大数据学院
吴瑞鹏

计算机与大数据学院
叶轶凡

二等奖
梅努斯国际工程学院
黄轩宁

三等奖
物理与信息工程学院
官瑜

计算机与大数据学院
林伟豪

计算机与大数据学院
陈彦哲

三等奖
计算机与大数据学院
康哲钧

计算机与大数据学院
庄凯堃

计算机与大数据学院
李义东

三等奖
计算机与大数据学院
郑泽宇

计算机与大数据学院
金若曦

计算机与大数据学院
施子航

                               福州大学教务处
                                2025年5月30日",0,,,,,,
001040014090,https://jwch.fzu.edu.cn/info/1040/14090.htm,关于举办福州大学第七十一场“教学有道”研讨活动的通知,【质量办】,2025-05-29,"各学院、有关单位：
为进一步激发青年教师投身基础学科教学热情，共同探讨人工智能与教育教学有效融合的实践路径，提高教师教学水平和人才培养质量。经研究，学校决定举办第七十一场“教学有道”专题研讨活动，具体安排通知如下：
一、研讨时间
2025年5月31日（星期六）上午9:00
二、主讲人
1.王红 清华大学教授
题 目：AI赋能教学探索实践中的思考
2.曹庆宏 北京大学教授
题 目：AI时代的物理学教材、教学和人才培养
三、研讨地点
物理与信息工程学院 思源厅
四、承办单位
物理与信息工程学院
五、参会人员
1.物理与信息工程学院教师；
2.其他感兴趣的教师。

主讲人简介：
王红，清华大学教授，清华大学教学质量评估中心主任，国家级（万人计划）教学名师，教育部电子技术基础课程虚拟教研室负责人。研究方向为电子电路系统的可靠性设计与故障诊断。主持国家级精品课、国家级精品在线开放课、国家级精品资源共享课程“电子技术基础”，国家级一流课程“数字电子技术基础”（线上、线下）。曾获军队科技进步一、二、三等奖，首届国家级教材建设奖，国家级教学成果二等奖，北京市教学成果一等奖，宝钢优秀教师奖，霍英东高等院校青年教师奖，首届清华大学新百年教学成就奖等，以及北京市教书育人榜样、首批清华大学标杆课负责人等荣誉称号。
曹庆宏，北京大学博雅特聘教授、国家自然科学杰出青年基金获得者，北京大学物理学院副院长，北京物理学会秘书长。1996年本科毕业于南开大学，1999年硕士毕业于北京大学，2005年博士毕业于美国密歇根州立大学。在美国加州大学河滨分校、阿贡国家实验室、芝加哥大学从事博士后研究，2011年9月入职北京大学物理学院。长期从事粒子物理理论和唯象学研究，围绕大型强子对撞机实验寻找TeV能量区间的新物理信号，探索基本粒子的质量起源和对称性破缺机制。

福州大学教务处
2025年5月29日",0,,,,,,
001036014089,https://jwch.fzu.edu.cn/content.jsp?urltype=news.NewsContentUrl&wbtreeid=1036&wbnewsid=14089,福州大学关于印发本科生转专业管理实施办法的通知,【教学运行】,2025-05-28,"福大教〔2025〕13号

各学院，机关各部门，各单位：
《福州大学本科生转专业管理实施办法》经校长办公会议（2025年第8次）、校党委常委会会议（2025年第11次）审议通过，现印发给你们，请遵照执行。

                                      福  州  大  学

                                     2025年5月22日

福州大学本科生转专业管理实施办法

第一章 总 则
第一条 为进一步规范本科生转专业工作，根据《普通高等学校学生管理规定》（教育部令第41号）精神，结合学校实际，制定本办法。
第二条 学校本科生学籍事务管理委员会负责本科生转专业工作。
第二章 基本原则
第三条 转专业工作按照“自由申请、宏观控制、规定时间、公开考核、双向选择”的要求开展。在学校规定的时间内，学生自愿申请，学生和专业双向选择，学校组织各学院在公平、公正、公开的基础上对学生进行考核，专业所在学院根据学生考核情况选拔录取学生。
第四条 各专业应根据社会对人才需求情况的发展变化和教学资源条件上报转专业实施细则（包含转入条件、具体考核内容和办法、各专业拟接收转入学生人数等），并经教务处初审和学校本科生学籍事务管理委员会审核通过。接收大一学生转专业人数原则上不超过该专业入学时实际招生数的20%；接收大二学生转专业人数原则上不超过该专业入学时实际招生数的5%。留学生、港澳台侨生，以及因患病或者有特殊困难、特别需要，无法继续在本专业学习或者不适应本专业学习要求，但尚可在其他专业学习的学生，其转专业人数指标可单列。
第五条  转专业每学年办理一次，学生可以在第一学期末或第三学期末自主申请转专业。学生在学期间只能转一次专业（包括进入转专业公示名单者）。
第三章  基本条件
第六条 学生符合以下情形之一的，可以申请转专业：
（一）在学习期间对其他专业有兴趣和专长的；
（二）因患病或者有特殊困难、特别需要，无法继续在本专业学习或者不适应本专业学习要求，但尚可在其他专业学习的。
第七条  各专业应制定科学合理的转专业转入条件，对具有学术特长或较强创新特质学生以及留学生和港澳台侨生，其转专业的转入条件可单独制定，但应与普通学生的转入条件一并同时公布。
属于本办法第六条中第二种情形的学生，其转专业条件及相关证明材料由学校本科生学籍事务管理委员会认定。
第八条 面向福州、厦门和泉州单列招生录取的学生，入学后只能在各自面向区域招生的专业范围内申请转专业；面向区域招生范围如有变化，以录取当年招生章程为准；录取地质工程、资源勘查工程、采矿工程和矿物加工工程专业的学生只能在此四个专业内申请转专业；普通类专业和艺术类专业之间不能申请互转专业；美术学类、设计学类专业不能与音乐学专业申请互转专业；因培养模式不同，学生不可申请转入临床医学专业及中外合作办学、闽台高校联合培养人才项目相关专业。
第九条 录取时对转专业有特殊规定的按规定办理。
第十条 经学校批准休学创业后复学的学生，其创业经历与转入专业相关且转专业后更有利于学生个人发展的，转入专业应在同等情况下优先考虑。
退役后复学的学生因自身情况需要转专业的，转入专业应优先考虑。
第十一条 学生有下列情形之一的，不得转专业：
（一）国家有相关规定或者录取前与学校有明确约定的；
（二）定向生、高水平运动队；
（三）中外合作办学、闽台高校联合培养人才项目的学生；
（四）本科三年级（含）以上学生；
（五）保留入学资格、保留学籍、休学期间的；
（六）应予以退学或应受到开除学籍处分的；
（七）其他有失公平、公正的。
第四章 工作程序
第十二条 教务处发布通知启动转专业工作。
第十三条 学院成立本科生转专业工作领导小组，负责学院转专业工作的组织实施。各学院根据本学院教学资源情况和学校的规定，制定本学院转专业实施细则（包含转入条件、具体考核内容和办法、各专业拟接收转入学生人数等），上报教务处。
第十四条 教务处根据本办法有关规定及各学院的教学资源情况，对各学院上报的转专业实施细则进行汇总初审，并将初审结果报学校本科生学籍事务管理委员会审核通过后，由教务处在学校网站上统一公布。
第十五条 接收学院公布咨询时间，安排专人或通过学院网站接受学生咨询。　
第十六条 申请转专业的学生根据学校公布的转专业计划和自己的意愿进行网上报名申请，通过教务处初审报名资格后打印《福州大学本科学生转专业审批表》，连同相应的证明材料（如可证明本人兴趣爱好的证书复印件等）在规定时间内送交学生所在学院教学办，所在学院教学办汇总后分送各有关学院教学办。
第十七条 各接收学院遵照公布的转入条件和考核办法对申请转入的学生进行全面考核，确定拟同意转入的学生名单报送教务处。
第十八条 属于本规定第六条中第二种情形的学生，须由学生本人申请并提供相应证明材料，学生所在学院核实后上报教务处，教务处汇总后上报学校本科生学籍事务管理委员会。学校本科生学籍事务管理委员会研究确定拟同意转专业学生名单，并将结果通知教务处和各相关学院。
第十九条 教务处对拟同意转专业学生进行汇总初审，报学校本科生学籍事务管理委员会审核通过后，在学校网站上对拟批准转专业的学生名单进行公示，公示结束后发文正式公布。
第二十条 各学院收到学校同意转专业的正式文件后，通知相关学生并做好相应的转专业后续工作。
第二十一条 学生在原专业已修课程学分可根据学校有关规定申请学分认定。转专业学分认定后，学生应补修转入专业培养方案中规定要求的、但在原专业未修读的课程。
第五章 其他事宜
第二十二条 各学院应指导学生切实做好自身学业规划，慎重申请转专业。转专业的学生一旦被录取且在规定的公示期结束后，不得放弃转专业资格。
第二十三条 本办法自2025年9月1日起施行。原《福州大学本科生转专业管理实施办法》（福大教〔2024〕16号）自本办法施行之日起废止，但其中第八条继续适用于2024级学生，并在其完成转专业相关工作前，与本办法并行执行。
第二十四条  本办法由具体解释工作由教务处承担。",0,,,,,,
001039014086,https://jwch.fzu.edu.cn/content.jsp?urltype=news.NewsContentUrl&wbtreeid=1039&wbnewsid=14086,关于开展大学生校外实践教学基地抽检工作的通知,【实践科】,2025-05-28,"各学院：
根据《关于开展大学生校外实践教学基地检查评估工作的通知》通知精神和学校安排，在各学院检查评估基础上，学校抽取中闽能源股份有限公司等70家校外实践教学基地（见附件）进行检查，现将抽查有关事项通知如下：
一、主要抽查资料
1.校外实践教学基地协议书复印件；
2.实践教学基地简介及资质证明；
3.基地实习管理相关制度；
4.基地指导教师情况；
5.每年在基地开展的实践教学工作的具体安排（含三方实习协议、具体的实施方案或教学计划、面向专业、接纳的学生人数和名单、校企双方的指导教师安排等等），2022年、2023年、2024年分别提供；
6.在基地开展实践教学的相关资料和成果（含实习教学活动记录（文字、照片、视频材料）、学生实践日志、实践成果、实践总结、鉴定表等），2022年、2023年、2024年分别提供；
7.基地录用我校毕业生情况、接受教师挂职锻炼情况、与学校开展的项目合作、参与学校人才培养相关工作的情况；
8.其他（如实习基地对学生实习实践情况的反馈和评价、学院赴实践教学基地开展的检查活动、有关新闻稿件等）。
二、材料提交要求
请各学院于2025年6月5日前汇总相关抽查材料电子版（每个基地分别设立一个文件夹）和《福州大学大学生校外实践教学基地抽检汇总表》，经学院分管教学副院长签字并加盖公章后统一报送至教务处实践科，逾期不予受理。
联系地址：行政北楼西213室教务处实践科
联系电话：22866853   电子邮箱：jwcsjk@fzu.edu.cn
请各学院认真做好材料收集和报送工作。

附件：1.福州大学大学生校外实践教学基地抽检名单一览表
    2.福州大学大学生校外实践教学基地抽检汇总表

福州大学教务处
2025年5月28日",2,0017449848580016229485,附件1：福州大学大学生校外实践教学基地抽检名单一览表.xlsx,79,https://jwch.fzu.edu.cn/system/_content/download.jsp?urltype=news.DownloadAttachUrl&owner=1744984858&wbfileid=16229485,16229485,1744984858
001039014086,https://jwch.fzu.edu.cn/content.jsp?urltype=news.NewsContentUrl&wbtreeid=1039&wbnewsid=14086,关于开展大学生校外实践教学基地抽检工作的通知,【实践科】,2025-05-28,"各学院：
根据《关于开展大学生校外实践教学基地检查评估工作的通知》通知精神和学校安排，在各学院检查评估基础上，学校抽取中闽能源股份有限公司等70家校外实践教学基地（见附件）进行检查，现将抽查有关事项通知如下：
一、主要抽查资料
1.校外实践教学基地协议书复印件；
2.实践教学基地简介及资质证明；
3.基地实习管理相关制度；
4.基地指导教师情况；
5.每年在基地开展的实践教学工作的具体安排（含三方实习协议、具体的实施方案或教学计划、面向专业、接纳的学生人数和名单、校企双方的指导教师安排等等），2022年、2023年、2024年分别提供；
6.在基地开展实践教学的相关资料和成果（含实习教学活动记录（文字、照片、视频材料）、学生实践日志、实践成果、实践总结、鉴定表等），2022年、2023年、2024年分别提供；
7.基地录用我校毕业生情况、接受教师挂职锻炼情况、与学校开展的项目合作、参与学校人才培养相关工作的情况；
8.其他（如实习基地对学生实习实践情况的反馈和评价、学院赴实践教学基地开展的检查活动、有关新闻稿件等）。
二、材料提交要求
请各学院于2025年6月5日前汇总相关抽查材料电子版（每个基地分别设立一个文件夹）和《福州大学大学生校外实践教学基地抽检汇总表》，经学院分管教学副院长签字并加盖公章后统一报送至教务处实践科，逾期不予受理。
联系地址：行政北楼西213室教务处实践科
联系电话：22866853   电子邮箱：jwcsjk@fzu.edu.cn
请各学院认真做好材料收集和报送工作。

附件：1.福州大学大学生校外实践教学基地抽检名单一览表
    2.福州大学大学生校外实践教学基地抽检汇总表

福州大学教务处
2025年5月28日",2,0017449848580016229486,附件2：福州大学大学生校外实践教学基地抽检汇总表.xlsx,53,https://jwch.fzu.edu.cn/system/_content/download.jsp?urltype=news.DownloadAttachUrl&owner=1744984858&wbfileid=16229486,16229486,1744984858
001036014084,https://jwch.fzu.edu.cn/info/1036/14084.htm,关于2025年端午节放假课程调整的通知,【教学运行】,2025-05-27,"各学院、教学单位：
根据党政办有关2025年端午节放假通知的精神，现将放假期间的课程调整如下：
1、5月31日（周六）至6月2日（周一）放假，共3天，全校本科生课程（含通识教育选修课）停课。
2、因停课受影响的教学内容，请任课老师自行调整安排。

请各学院、教学单位及时通知相关师生。

教务处
2025年5月27日",0,,,,,,
001036014081,https://jwch.fzu.edu.cn/info/1036/14081.htm,关于2024-2025学年第二学期《概率论与数理统计》课程期末考试安排的通知,【教学运行】,2025-05-27,"各有关学院：
定于6月8日下午进行《概率论与数理统计》课程期末考试，请有关协助监考学院按考表（见附件）安排监考老师并录入系统，及时通知监考老师和学生上系统查看考试信息，以免延误考试。
为保证考试的顺利进行，如其他教学安排时间或地点与此次考试冲突，请予以调整。

数统学院
教务处
2025年5月27日",1,0017449848580016228788,2402概率-6.8下午.xlsx,238,https://jwch.fzu.edu.cn/system/_content/download.jsp?urltype=news.DownloadAttachUrl&owner=1744984858&wbfileid=16228788,16228788,1744984858
001040014076,https://jwch.fzu.edu.cn/info/1040/14076.htm,关于举办福州大学第七十场“教学有道”暨第三期智慧教学课程平台与AI智慧教学工具培训的通知,【质量办】,2025-05-26,"各学院、教学单位：
为更好帮助我校教师深度掌握和运用智慧教学课程平台与AI智慧教学工具，教务处聚焦AI技术，举办第七十场“教学有道”暨第三期“AI辅助教学、助力课堂创新”智慧教学课程平台及AI智慧教学工具培训，具体安排通知如下：
一、培训内容
1.培训主题：DEEPSEEK等人工智能赋能教学改革创新与智慧课程培育——基于教学平台智慧升级的探索与实践全流程
2.主要内容：智慧课程升级、获奖案例分析、项目申报与成果培育等。
二、培训安排
1.时间：2025年5月28日（星期三）下午2:30
2.地点：公共教学楼中楼503
3.主讲人：孔鑫凯 超星集团课程总监
三、参加方式
请有意向参加的老师扫描下方二维码报名参加，名额有限，报满即止。
（报名成功者，请提前10分钟入场签到，期待您的参与！）

联系人：教务处现代教育技术中心阮老师  潘老师
联系电话：0591-22866301

          教务处
                               2025年5月26日",0,,,,,,
001039014075,https://jwch.fzu.edu.cn/content.jsp?urltype=news.NewsContentUrl&wbtreeid=1039&wbnewsid=14075,福州大学关于修订印发《本科生毕业设计（论文）规范使用AI工具的规定》的通知,【实践科】,2025-05-22,"校教〔2025〕13号

各学院：
现将修订后的《福州大学本科生毕业设计（论文）规范使用AI工具的规定》印发给你们，请认真遵照执行。

                  福州大学教务处
                  2025年5月22日

附件：
福州大学本科生毕业设计（论文）规范使用AI工具的规定（修订）
为加强学术道德和学术诚信教育，营造良好的学术生态，规范人工智能（简称AI）工具在本科生毕业设计（论文）中的合理应用，结合《福州大学本科生毕业设计（论文）工作管理办法》，特制定本规定。
第一条  AI工具的定义
本规定中的AI工具包括生成式 AI和 AI辅助工具。
1.生成式AI是指利用AI技术生成文本、图像、声音等内容的工具，包括但不限于 DeepSeek、Kimi、豆包、ChatGPT、文心一言等。
2.AI辅助工具是指利用AI技术辅助进行语言润色、数据分析、图表制作等工作的工具。
第二条 适用范围
本规定适用于本校所有本科生在撰写毕业设计（论文）过程中涉及AI工具使用的相关行为。
第三条 AI 工具使用原则与要求
1.合法合规原则。在应用AI工具时应确保符合国家法律法规、国际标准等有关规定，做到数据合规、隐私合规和知识产权合规。
2.学术诚信原则。在应用AI工具时不能将AI生成的内容直接作为自己的学术成果，使用AI工具处理的数据和信息须真实可靠，不得篡改或伪造。
3.辅助使用原则。大学阶段的语言表达能力、学习能力、实践能力、创新能力等是毕业设计（论文）的考察重点，应理性应用AI工具辅助学习，避免过度依赖AI工具。
第四条 AI工具允许使用范围
在征得指导教师同意的前提下，且当AI工具生成的内容不会对本科毕业设计（论文）中的核心工作和创新能力考察造成影响时，学生可在以下范围内合理使用AI工具。在此过程中，学生需对AI工具生成内容的真实性、原创性及准确性负责。
1.文献检索与管理：允许使用 AI工具进行文献检索、关键词推荐及文献分类整理，如：关键词推荐和文献管理等，但须确保所引用文献真实、可靠。
2.图表推荐与辅助制作：允许使用AI工具推荐统计图表类型和辅助制图，但不得用于生成或修改原始研究数据及关键的研究图表，更不得用于图表本身为考察内容的本科毕业设计（论文）中，应确保最终图表的原创性。
3.代码调试与分析辅助：对于涉及编程的毕业设计（论文），允许使用AI工具检查代码语法错误、提供代码优化建议、进行简单的算法分析。
4.参考文献格式整理：允许使用AI工具将参考文献按照学校要求的格式进行自动排版和格式调整。
5.非创新性方法辅助：允许使用AI工具辅助进行非创新性方法的分析和处理。允许使用AI工具辅助程序代码调试、统计方法推荐或实验步骤优化（非论文创新部分），但所有代码或研究方法须经学生审核和测试。
第五条 AI工具禁止使用范围
1.研究与设计核心环节：禁止使用AI工具开展研究方案设计、创新性方法设计、算法（模型）框架搭建、本科毕业设计（论文）结构设计、研究（设计）意义及创新性总结、研究假设提出、数据分析、结果分析与讨论和结论总结等工作。
2.数据与成果原创部分：禁止使用AI工具生成或篡改本科毕业设计（论文）中的原始实验、统计、调研等数据、原创性或实验性的结果图片、图像和插图，除非 AI技术为毕业设计（论文）研究对象。
3.论文主体生成：禁止使用AI工具生成本科毕业设计（论文）正文文本、致谢或其他组成部分。
4.学术评价环节：禁止答辩委员、评审专家使用AI工具对学生的本科毕业设计（论文）进行评审、意见生成等，确保评审的客观性和学术严谨性。
5.涉密内容处理：涉及保密内容的本科毕业设计（论文）禁止使用AI工具，禁止向AI平台上传任何数据和图片。
第六条 披露与声明
使用AI工具时，须在本科生毕业设计（论文）承诺书中明确披露以下信息：
1.使用的AI工具名称和版本号。
2.AI工具在论文中的具体使用部分，如方法推荐、文献检索、初始代码生成等。
3.须保留AI工具处理之前的相关重要材料，以备指导老师或评审专家对学生使用 AI工具的检查和质询。
第七条 合规使用流程及责任
1.在本科生毕业设计（论文）中使用AI工具须事先征得指导教师同意，并明确使用目的和范围，使用时需遵循学校及学院的相关规定，同时由指导老师对使用过程进行监督管理。
2.各学院可在本规定的框架下制定针对具体专业的本科生毕业设计（论文）使用 AI工具的规定，在必要时可提供关于使用AI工具的指导，帮助指导教师和学生正确使用AI技术。
3.在本科生毕业设计（论文）的指导、答辩、校内检查阶段，指导教师、评审专家可增加适当的补充考核措施，以核实学生是否掌握了相关专业知识与能力。
4.学生违反本规定的，学校将视情节给予延期答辩、取消答辩资格、成绩不合格等处理；构成学术不端（不当）的，学校将按照有关文件规定给予纪律处分、取消学位申请资格、撤销学位等处理。
第八条 附则
1.学校将根据 AI 技术发展和学术研究需要，适时对本规定进行调整和修订。
2.本规定自发布之日起施行，由教务处负责解释。",0,,,,,,
001036014072,https://jwch.fzu.edu.cn/info/1036/14072.htm,关于2024-2025学年第二学期《工程制图C（下）》、《工程制图D》、《工程制图F》课程期末考试安排的通知,【教学运行】,2025-05-22,"各有关学院：
定于6月8日上午进行《工程制图C（下）》、《工程制图D》、《工程制图F》课程期末考试，请有关协助监考学院按考表（见附件）安排监考老师并录入系统，及时通知监考老师和学生上系统查看考试信息，以免延误考试。
为保证考试的顺利进行，如其他教学安排时间或地点与此次考试冲突，请予以调整。

机械学院
教务处
2025年5月22日",1,0017449848580015786264,2402工程制图C（下）、D、F期末考-6.8上午.xlsx,315,https://jwch.fzu.edu.cn/system/_content/download.jsp?urltype=news.DownloadAttachUrl&owner=1744984858&wbfileid=15786264,15786264,1744984858
001039014070,https://jwch.fzu.edu.cn/content.jsp?urltype=news.NewsContentUrl&wbtreeid=1039&wbnewsid=14070,关于评选福州大学2025届本科生优秀毕业设计（论文）的通知,【实践科】,2025-05-21,"各学院：
根据《关于做好2025届本科生毕业设计（论文）工作的通知》（校教〔2024〕50号）整体安排，现将我校2025届本科生优秀毕业设计（论文）评选工作有关事项通知如下：
一、评选对象
2025届全日制本科毕业生在本学年完成的毕业设计（论文）。
二、基本条件
在校期间思想品德优良，无违法违纪行为和学术不端行为，毕业设计（论文）成绩为优秀。
毕业设计（论文）的检测结果去除本人复制比应≤15％。
三、推荐名额
各学院优秀毕业设计（论文）推荐名额不超过2025届本科毕业生人数的3%（其中：数理综合班、数理金融班、嘉锡班推荐名额不超过2025届毕业生人数的10%）。
四、评选办法
优秀毕业设计（论文）的推荐申报工作由学院答辩委员会负责，学院聘请2名具有副教授及以上职称的专家对各系推荐的优秀毕业设计（论文）进行评审，经学院答辩工作领导小组审核公示后报送教务处。
各学院要高度重视评选工作，确保过程公平、公正、公开，所推荐毕业设计（论文）不得存在抄袭、剽窃、买卖、代写等学术不端行为。如有违反，一经查实将取消评优资格。
五、材料报送
推荐申报的优秀毕业设计（论文）应按要求将全文压缩至3000～5000字，内容涵盖毕业设计（论文）的核心成果，具体包括以下部分：
1.论文题目
2.专业、学号、姓名、指导教师
3.中英文摘要（可适当压缩）
4.中英文关键词
5.正文内容
6.主要参考文献（部分重要文献）  
排版格式要求如下：    
纸张规格：A4（210mm × 297mm）
页边距：上边25mm，下边20mm，左边25mm，右边20mm
字体与字号：正文统一使用宋体，小四号字
毕业设计（论文）电子文档命名格式为“学号_学生姓名_论文题目”。例如：010700111_张三_基于嵌入式以太网的CAN总线远程监控系统。学院文件夹以“学院名称_推荐校优”命名，内含所有推荐的优秀毕业设计（论文）压缩版WORD文档。
2025年6月10日前各学院报送《福州大学本科生优秀毕业设计（论文）推荐汇总表》、《福州大学本科生优秀毕业设计（论文）申报表》、《福州大学本科生优秀毕业设计（论文）评审表》和压缩后的毕业设计（论文）电子版与纸质版材料。

附件1：福州大学本科生优秀毕业设计（论文）推荐汇总表
附件2：福州大学本科生优秀毕业设计（论文）申报表
附件3：福州大学本科生优秀毕业设计（论文）评审表
 
 
 
         福州大学教务处
         2025年5月21日",3,0017449848580015786071,附件1：福州大学本科生优秀毕业设计（论文）推荐汇总表.doc,309,https://jwch.fzu.edu.cn/system/_content/download.jsp?urltype=news.DownloadAttachUrl&owner=1744984858&wbfileid=15786071,15786071,1744984858
001039014070,https://jwch.fzu.edu.cn/content.jsp?urltype=news.NewsContentUrl&wbtreeid=1039&wbnewsid=14070,关于评选福州大学2025届本科生优秀毕业设计（论文）的通知,【实践科】,2025-05-21,"各学院：
根据《关于做好2025届本科生毕业设计（论文）工作的通知》（校教〔2024〕50号）整体安排，现将我校2025届本科生优秀毕业设计（论文）评选工作有关事项通知如下：
一、评选对象
2025届全日制本科毕业生在本学年完成的毕业设计（论文）。
二、基本条件
在校期间思想品德优良，无违法违纪行为和学术不端行为，毕业设计（论文）成绩为优秀。
毕业设计（论文）的检测结果去除本人复制比应≤15％。
三、推荐名额
各学院优秀毕业设计（论文）推荐名额不超过2025届本科毕业生人数的3%（其中：数理综合班、数理金融班、嘉锡班推荐名额不超过2025届毕业生人数的10%）。
四、评选办法
优秀毕业设计（论文）的推荐申报工作由学院答辩委员会负责，学院聘请2名具有副教授及以上职称的专家对各系推荐的优秀毕业设计（论文）进行评审，经学院答辩工作领导小组审核公示后报送教务处。
各学院要高度重视评选工作，确保过程公平、公正、公开，所推荐毕业设计（论文）不得存在抄袭、剽窃、买卖、代写等学术不端行为。如有违反，一经查实将取消评优资格。
五、材料报送
推荐申报的优秀毕业设计（论文）应按要求将全文压缩至3000～5000字，内容涵盖毕业设计（论文）的核心成果，具体包括以下部分：
1.论文题目
2.专业、学号、姓名、指导教师
3.中英文摘要（可适当压缩）
4.中英文关键词
5.正文内容
6.主要参考文献（部分重要文献）  
排版格式要求如下：    
纸张规格：A4（210mm × 297mm）
页边距：上边25mm，下边20mm，左边25mm，右边20mm
字体与字号：正文统一使用宋体，小四号字
毕业设计（论文）电子文档命名格式为“学号_学生姓名_论文题目”。例如：010700111_张三_基于嵌入式以太网的CAN总线远程监控系统。学院文件夹以“学院名称_推荐校优”命名，内含所有推荐的优秀毕业设计（论文）压缩版WORD文档。
2025年6月10日前各学院报送《福州大学本科生优秀毕业设计（论文）推荐汇总表》、《福州大学本科生优秀毕业设计（论文）申报表》、《福州大学本科生优秀毕业设计（论文）评审表》和压缩后的毕业设计（论文）电子版与纸质版材料。

附件1：福州大学本科生优秀毕业设计（论文）推荐汇总表
附件2：福州大学本科生优秀毕业设计（论文）申报表
附件3：福州大学本科生优秀毕业设计（论文）评审表
 
 
 
         福州大学教务处
         2025年5月21日",3,0017449848580015786070,附件2：福州大学本科生优秀毕业设计（论文）申报表.doc,276,https://jwch.fzu.edu.cn/system/_content/download.jsp?urltype=news.DownloadAttachUrl&owner=1744984858&wbfileid=15786070,15786070,1744984858
001039014070,https://jwch.fzu.edu.cn/content.jsp?urltype=news.NewsContentUrl&wbtreeid=1039&wbnewsid=14070,关于评选福州大学2025届本科生优秀毕业设计（论文）的通知,【实践科】,2025-05-21,"各学院：
根据《关于做好2025届本科生毕业设计（论文）工作的通知》（校教〔2024〕50号）整体安排，现将我校2025届本科生优秀毕业设计（论文）评选工作有关事项通知如下：
一、评选对象
2025届全日制本科毕业生在本学年完成的毕业设计（论文）。
二、基本条件
在校期间思想品德优良，无违法违纪行为和学术不端行为，毕业设计（论文）成绩为优秀。
毕业设计（论文）的检测结果去除本人复制比应≤15％。
三、推荐名额
各学院优秀毕业设计（论文）推荐名额不超过2025届本科毕业生人数的3%（其中：数理综合班、数理金融班、嘉锡班推荐名额不超过2025届毕业生人数的10%）。
四、评选办法
优秀毕业设计（论文）的推荐申报工作由学院答辩委员会负责，学院聘请2名具有副教授及以上职称的专家对各系推荐的优秀毕业设计（论文）进行评审，经学院答辩工作领导小组审核公示后报送教务处。
各学院要高度重视评选工作，确保过程公平、公正、公开，所推荐毕业设计（论文）不得存在抄袭、剽窃、买卖、代写等学术不端行为。如有违反，一经查实将取消评优资格。
五、材料报送
推荐申报的优秀毕业设计（论文）应按要求将全文压缩至3000～5000字，内容涵盖毕业设计（论文）的核心成果，具体包括以下部分：
1.论文题目
2.专业、学号、姓名、指导教师
3.中英文摘要（可适当压缩）
4.中英文关键词
5.正文内容
6.主要参考文献（部分重要文献）  
排版格式要求如下：    
纸张规格：A4（210mm × 297mm）
页边距：上边25mm，下边20mm，左边25mm，右边20mm
字体与字号：正文统一使用宋体，小四号字
毕业设计（论文）电子文档命名格式为“学号_学生姓名_论文题目”。例如：010700111_张三_基于嵌入式以太网的CAN总线远程监控系统。学院文件夹以“学院名称_推荐校优”命名，内含所有推荐的优秀毕业设计（论文）压缩版WORD文档。
2025年6月10日前各学院报送《福州大学本科生优秀毕业设计（论文）推荐汇总表》、《福州大学本科生优秀毕业设计（论文）申报表》、《福州大学本科生优秀毕业设计（论文）评审表》和压缩后的毕业设计（论文）电子版与纸质版材料。

附件1：福州大学本科生优秀毕业设计（论文）推荐汇总表
附件2：福州大学本科生优秀毕业设计（论文）申报表
附件3：福州大学本科生优秀毕业设计（论文）评审表
 
 
 
         福州大学教务处
         2025年5月21日",3,0017449848580015786072,附件3：福州大学本科生优秀毕业设计（论文）评审表.doc,307,https://jwch.fzu.edu.cn/system/_content/download.jsp?urltype=news.DownloadAttachUrl&owner=1744984858&wbfileid=15786072,15786072,1744984858
001035014068,https://jwch.fzu.edu.cn/info/1035/14068.htm,关于2024-2025学年第二学期再次开放本科生学生证补办和火车票优惠区间更改的通知,【综合科】,2025-05-20,"各学院：
根据《福州大学学生证管理办法》（福大政【2019】25号），针对部分学生丢失学生证的情况，特安排本学期的学生证和火车票优惠区间更改等工作，具体工作安排如下：
一、补办学生证
1、补办范围
学生在校学习期间，学生证原则上只补办一次。本次补办仅限具有福州大学全日制学籍、首次丢失学生证学生。
2、申请时间
2025年5月20日-2025年5月26日
3、补办程序
（1）在福州大学教务处网站首页登陆“本科教学管理系统”，完成学生证补办申请。
（2）学院和教务处分别对学生的申请进行初核和复核，其中申请信息经审核发现不属实者不予受理。
（3）学生接到通知短信后，到学校行政北楼西208室领取补办的学生证。
二、更改火车票优惠区间
1、时间
2025年6月13日-2025年7月2日
2、程序
（1）在福州大学教务处网站首页登陆“本科教学管理系统”，完成火车票优惠区间修改申请。
（2）学院和教务处分别对学生的申请进行初核和复核，其中申请信息经审核发现不属实者不予受理。
（3）学生接到通知短信后，到学校行政北楼西208室办理。
3、因家庭住址变更或父母工作地点发生变化而须改乘车区间的，必须交验家长工作单位或户籍管理部门提供的书面证明，方可办理变更手续；因火车站点变更等原因造成乘车区间改变的，无须提供证明，可直接办理变更手续。
三、请各学院认真做好学生证和火车票优惠区间的初核工作。各学院在审核学生补办申请时，要加强对学生的思想教育，教育学生重视、爱惜学生证。学生要树立良好的诚信意识，不得擅自涂改学生证和火车票优惠区间内容，不得转借或抵押他人，不得在申领的过程中弄虚作假。如有违反者，一经查出，学校将收回违规学生证，取消其补办资格，并追究学生本人责任。
四、因学生证丢失而补办新证后又找回原证的，须将原证交至教务处注销。
五、注意事项：补办学生证不再张贴“火车票学生优惠卡”，有需要购买优惠火车票的同学应在线完成学生优惠资质核验。其他注意事项及学生资质核验流程详见通知：关于购买优惠火车票相关事宜的通知。
教务处
2025年5月20日",0,,,,,,
001042014061,https://jwch.fzu.edu.cn/content.jsp?urltype=news.NewsContentUrl&wbtreeid=1042&wbnewsid=14061,关于做好2025-2026学年第一学期教材选用与征订工作的通知,【教材中心】,2025-05-16,"各学院,相关教学单位：
根据《普通高等学校教材管理办法》《福建省普通高等学校教材管理实施细则》《福州大学教材管理实施细则》等有关文件精神，为进一步做好2025-2026学年第一学期教材选用与征订工作，严格落实课程教材“凡选必审”要求，现将有关事项通知如下：
一、教材选用要求
（一）选用原则
1.思想性。选用教材必须体现党和国家意志，全面贯彻党的教育方针，落实立德树人根本任务，牢牢把握政治方向和价值导向，符合社会主义价值观的要求。
2.择优性。优先选用国家及省部级规划教材、精品教材、省部级以上奖励教材、教育部教学指导委员会推荐教材等优秀教材。优先选用近3年内出版的教材。
3.适用性。选用的教材要符合本专业培养方案和课程教学大纲要求，符合教学规律和认知规律，便于课堂教学，有利于激发学生学习兴趣。
4.科学性。教材内容与时俱进，反映专业领域最新的理论与实践成果，具有科学性与前瞻性；科学审慎引进外文原版教材，原则上优先选用国内出版社引进并被国内外高水平大学广泛采用版本，并确保符合我国相关的法律法规和政治要求。
5.规范性。原则上同一教学标准的课程选用同一版本的教材;一门课程原则上选用一种教材，配套练习除外。凡有一门课程使用二种以上教材，或同门课程不同班级使用不同教材的情况，需提出书面报告，经学院教材工作小组组长签字，方可列入教材选用计划。
（二）工作要求
1.凡选必审。学院和相关教学单位是教材选用工作的责任主体，选用的教材必须审核通过后方能进入课堂。自编教材（讲义）也需经学院教材工作小组审核，未经学院教材工作小组审核通过的自编教材（讲义），不得列入教材选用计划。严禁使用在各级各类教材抽查或专项排查中存在问题的教材。
2.思想政治理论课课程必须统一使用由中宣部、教育部指定的教材。
3.马工程重点教材对应课程必须统一使用马工程重点教材。各相关单位要进一步提高政治站位，强化责任担当，切实落实马工程重点教材统一使用工作， 确保覆盖率、使用率均达 100% 。具体参考《已出版的马工程重点教材及相关课程信息》（附件1）。
4.严格把关境外原版教材。境外原版教材是指境外出版的外文原版教材、翻译版教材、影印版教材及教学参考书。选用的境外原版教材，要确保内容坚持正确的政治方向和价值导向，无政治风险点。
5.选用的教材需经充分讨论确定。教材需经所在教研室（系）充分讨论通过后方可登陆教务处系统申报。
6.公共课由课程（组）负责人填写。面向多个学院开课的课程教材信息由课程（组）负责人上系统填报。
7.落实学院教材工作小组职责。学院教材工作小组须组建教材选用审核小组（马克思主义理论和思想政治教育方面的专家须占有一定的比例）按照《福州大学教材管理实施细则》审核要求对所选用教材进行审核并公示，公示期不少于3天。各学院务必压实教材选用审核责任，把好教材选用关。
二、教材选用及审核流程
1.2025年5月19日—5月26日，各学院任课教师或课程组（含通识教育必修课）负责人在教务处系统“教材申报”菜单下根据提示填报相应课程选用的教材信息。
备注：所有课程（包括实践、实验课程等）任课老师均需上网填写选用教材信息，无需选用教材则选择“不选用正式出版物教材”并选择不选用原因。
2.2025年5月27—5月28日，各学院教学秘书核对开课计划，并审核。审核后导出教师选用教材情况汇总表，提交学院教材选用审核小组审核。
3.2025年5月29日-6月4日，学院教材选用审核小组审核拟选用教材。
备注：学院教学副院长在教务处系统中现场同步录入审核意见。审核完成后，教学秘书随即导出并打印《2025-2026学年第一学期福州大学本科课程教材选用表》（一式两份）。教材选用审核专家在表末填写审核意见，并签字确认。
4.2025年6月5日-6月7日，学院教材工作小组召开教材选用审核会议，集体讨论，整理汇总拟选用审核意见，并在学院网站公示学院教材选用结果，公示期不少于3天。
5.2025年6月10日-6月11日，公示无异议后，各学院教材工作小组组长在《2025-2026学年第一学期福州大学本科课程教材选用表》《2025-2026学年第一学期福州大学本科课程未选用教材情况汇总表》（一式两份）签字，并加盖学院公章及骑缝章，其中一份交至教务处教材建设与行政科（联系人：苏老师；电话：22866893；地点：行政北楼西210室），电子版发送至jwchjck@fzu.edu.cn，另一份学院留底。
6.2025年6月12日后 教务处汇总学院教材选用结果，报校教材委员会审批并备案。
三、教材征订程序
1.学生于选课期间登陆教务处系统进行选课时，可自愿选择委托供应商统一订购教材、自行购买教材或不购买而从其他渠道获取教材三种方式之一；
2.待学生选课结束后（具体时间见选课相关通知），学生所在学院教学秘书应从系统导出教材征订情况表提交对应的教材供应商，并直接与教材供应商对接处理学生教材征订各项事宜。

附件：
1.已出版马克思主义理论研究和建设工程重点教材目录

教务处
 2025年5月16日",1,0017449848580015785218,附件1：已出版马克思主义理论研究和建设工程重点教材目录（截至2025年2月，共计119种）.xlsx,74,https://jwch.fzu.edu.cn/system/_content/download.jsp?urltype=news.DownloadAttachUrl&owner=1744984858&wbfileid=15785218,15785218,1744984858
001036014060,https://jwch.fzu.edu.cn/info/1036/14060.htm,关于2024-2025学年第二学期《中国近现代史纲要》课程期末考试安排的通知,【教学运行】,2025-05-15,"各有关学院：
定于13-14周进行《中国近现代史纲要》课程期末考试，请有关协助监考学院按考表（见附件）安排监考老师并录入系统，及时通知监考老师和学生上系统查看考试信息，以免延误考试。
为保证考试的顺利进行，如其他教学安排时间或地点与此次考试冲突，请予以调整。

马克思主义学院
教务处
2025年5月15日",1,0017449848580015785065,2402史纲随堂考.xlsx,489,https://jwch.fzu.edu.cn/system/_content/download.jsp?urltype=news.DownloadAttachUrl&owner=1744984858&wbfileid=15785065,15785065,1744984858
001039014059,https://jwch.fzu.edu.cn/content.jsp?urltype=news.NewsContentUrl&wbtreeid=1039&wbnewsid=14059,关于组织申报2025年本科生开放探索性实验项目（课程）的通知,【实践科】,2025-05-15,"各学院及有关单位：
为深化学校实验教学改革，进一步推进学校实验室面向本科生的开放工作，提高实验课程的创新性、高阶性和挑战度，提升实验教学水平，经研究，决定组织本科生开放探索性实验项目（课程）的立项申报工作。现将有关事项通知如下：
本科生开放探索性实验项目（课程）是指学校教师主导开展的，充分依托学校现有国家级、省级实验教学示范中心和科研平台，利用实验室现有教学科研仪器设备资源，主动拓展提升专业实验内容，面向全校本科生开设的各类开放探索性实验教学项目（课程）。
一、立项原则
1.项目实施应坚持立德树人，充分考虑科教融合育人、实践创新育人；
2.应以提高学生动手实践能力为核心，项目实验学时不低于4学时；
3.项目的设计应以学生为中心，注重学生创新实践能力、交叉融合能力、科学探索能力的培养；
  4.项目的设计应融入智能制造、人工智能、物联网、大数据、云计算等新一代智能技术和信息技术；
5.项目不得与现有本科教学中已开展的实验必修课、实验选修课等实验项目交叉、重叠。
二、项目经费资助
开放探索性实验项目（课程）每项资助经费2-5万元。
三、立项类型
1.从实验项目（课程）内涵划分，可以分为三类：综合创新能力培养型、学生参与科研型、学科竞赛及创新创业类。选题分类具体解释详见《福州大学开放探索性实验项目选题指南》（附件1）。
2.建设路径。
（1）对原有实验必修课、实验选修课的实验项目进行升级改造，开发全新的开放探索性实验项目，在实验内容和方法上能够体现实验教学的先进性，以及对学生创新实践能力、交叉融合能力、科学探索能力的培养，全新实验项目总学时一般为4-16学时；
（2）开发全新的开放探索性实验课程，对学生创新创业能力培养起重要作用的独立设置实验课程，全新独立设置实验课程总学时一般为24-48学时，24学时按1学分计。
四、项目申报与评审
1.申请人认真如实填写《福州大学开放探索性实验项目申报书》《福州大学开放探索性实验项目实验教学大纲》《福州大学开放探索性实验项目实验指导书》（详见附件2-4）并提交学院审核。学院组织相关人员对申报项目进行评议，评议通过后须对申报项目进行排序。
2.申报截止日期为2025年6月2日，请各学院和相关部门汇总申报材料后将附件2-5的纸质版一式二份（需签字盖章）、电子版（需签字盖章，扫描的PDF版）于6月9日前报送至教务处实践教学科（行政北楼西209），邮箱jwcsjk@fzu.edu.cn。
3.学校评审：教务处组织专家进行评审，从中择优立项，并给予经费支持。
五、项目管理
1.经立项建设后应纳入人才培养方案（即独立设置的实验课应成为某专业的实验必修或选修课，非独立设置的实验项目应成为某实验课的实验项目），并于2025-2026学年内成功开出。
2.为充分保障项目实施的质量，每位教师申报的开放探索性实验项目（课程）数量限报1项，每个开放探索性实验项目（课程）的课时一般不超过48个学时。
3.项目开设后学校将组织验收，届时各实验项目（课程）须提交学生实验项目报告，以及实验项目运行记录表、结题报告等资料。
 
附件：
1.《福州大学开放探索性实验项目（课程）选题指南》
2.《福州大学开放探索性实验项目（课程）申报书》
3.《福州大学开放探索性实验项目（课程）实验教学大纲》参考格式（仅要求独立设置实验课提供）
4.《福州大学开放探索性实验项目（课程）实验指导书》参考格式
5. 2025年度福州大学开放探索性实验项目（课程）申报汇总表
 
福州大学教务处
2025年5月15日",1,0017449848580015785063,2025年开放探索性实验项目（课程）通知附件.zip,156,https://jwch.fzu.edu.cn/system/_content/download.jsp?urltype=news.DownloadAttachUrl&owner=1744984858&wbfileid=15785063,15785063,1744984858
001039014058,https://jwch.fzu.edu.cn/content.jsp?urltype=news.NewsContentUrl&wbtreeid=1039&wbnewsid=14058,关于开展2023年本科生开放探索性实验项目（课程）结题验收工作的通知,【实践科】,2025-05-15,"各学院及有关单位：
根据《关于组织申报2023年本科生开放探索性实验项目（课程）的通知》的要求，经研究决定，开展2023年本科生开放探索性实验项目（课程）验收工作。现将有关事项通知如下：
一、验收范围
经学校正式发文立项的2023年本科生开放探索性实验项目（课程）建设项目，须参加本次验收。
二、验收要求
1. 基本要求：根据当年申报和立项通知完成相关工作。
2. 材料要求：完成结题报告书（附件2）填写；其它项目建设成效证明材料作为附件列于结题报告书后一并装订，结题报告书和项目建设成效证明材料均须提交一式二份纸质版，同时提交电子版。
3. 时间安排：各项目负责人在2025年6月2日前将结题验收材料（纸质版及电子版）提交至各学院，各学院审核后将验收材料在2025年6月9日前报送至教务处实践教学科（行政北楼西209），邮箱jwcsjk@fzu.edu.cn。
三、验收结果
对验收的项目做出合格通过、暂缓通过、不合格三类验收结论。暂缓通过的项目，限期整改达到预期建设目标可再次申请验收；对不合格的项目，直接终止项目建设，追回项目经费。
附件：
1.福州大学2023年本科生开放探索性实验项目（课程）立项项目名单
2.福州大学开放探索性实验项目（课程）结题报告书
 
福州大学教务处
2025年5月15日",1,0017449848580015785060,2023年开放探索性实验项目（课程）结题验收通知附件.zip,163,https://jwch.fzu.edu.cn/system/_content/download.jsp?urltype=news.DownloadAttachUrl&owner=1744984858&wbfileid=15785060,15785060,1744984858
001036014055,https://jwch.fzu.edu.cn/info/1036/14055.htm,关于2024-2025学年第二学期2023级、2024级体育理论教室安排的通知,【教学运行】,2025-05-14,"请同学们带好体育理论教材，到各自任课教师对应的教室。

课程名称
任课教师
上课时间地点
总
年级
备注
上课时间
上课地点
教室容量

体育二
陈楠茜
01-16 星期1:3-4节 铜盘教学楼
42
2024
健康体能
5月19日
铜盘A110
120

体育二
官钟威
01-16 星期1:3-4节 铜盘教学楼
39
2024
健康体能
5月19日
铜盘A313
68

体育二
李粲
01-16 星期1:3-4节 铜盘教学楼
37
2024
健康体能
5月19日
铜盘A406
132

体育二
李慧德
01-16 星期1:3-4节 铜盘教学楼
35
2024
健康体能
5月19日
铜盘A410
120

体育二
李雨隆
01-16 星期1:3-4节 铜盘教学楼
46
2024
健康体能
5月19日
铜盘A411
68

体育二
李仕丰
01-16 星期1:3-4节 铜盘田径场
67
2024
保健班一年级13950305835
5月19日
桥牌室

体育二
安嘉琦
01-16 星期1:5-6节 铜盘教学楼
41
2024
健康体能
5月19日
铜盘A109
120

体育二
陈楠茜
01-16 星期1:5-6节 铜盘教学楼
41
2024
健康体能
5月19日
铜盘A110
120

体育二
高明轩
01-16 星期1:5-6节 铜盘教学楼
40
2024
健康体能
5月19日
铜盘A201
120

体育二
官钟威
01-16 星期1:5-6节 铜盘教学楼
43
2024
健康体能
5月19日
铜盘A202
120

体育二
何玮翔
01-16 星期1:5-6节 铜盘教学楼
39
2024
健康体能
5月19日
铜盘A210
60

体育二
胡晟
01-16 星期1:5-6节 铜盘教学楼
38
2024
健康体能
5月19日
铜盘A211
60

体育二
黄丽涵
01-16 星期1:5-6节 铜盘教学楼
56
2024
健康体能
5月19日
铜盘A212
60

体育二
李粲
01-16 星期1:5-6节 铜盘教学楼
51
2024
健康体能
5月19日
铜盘A213
60

体育二
李慧德
01-16 星期1:5-6节 铜盘教学楼
43
2024
健康体能
5月19日
铜盘A308
105

体育二
李仕丰
01-16 星期1:5-6节 铜盘教学楼
57
2024
健康体能
5月19日
铜盘A312
120

体育二
李雨隆
01-16 星期1:5-6节 铜盘教学楼
43
2024
健康体能
5月19日
铜盘A313
68

体育二
沈逸萍
01-16 星期1:5-6节 铜盘教学楼
29
2024
健康体能
5月19日
铜盘A314
60

体育二
宋永范
01-16 星期1:5-6节 铜盘教学楼
40
2024
健康体能
5月19日
铜盘A315
60

体育二
安嘉琦
01-16 星期1:7-8节 铜盘教学楼
46
2024
健康体能
5月19日
铜盘A109
120

体育二
高明轩
01-16 星期1:7-8节 铜盘教学楼
49
2024
健康体能
5月19日
铜盘A308
105

体育二
何玮翔
01-16 星期1:7-8节 铜盘教学楼
44
2024
健康体能
5月19日
铜盘A313
68

体育二
胡晟
01-16 星期1:7-8节 铜盘教学楼
46
2024
健康体能
5月19日
铜盘A314
60

体育二
黄丽涵
01-16 星期1:7-8节 铜盘教学楼
59
2024
健康体能
5月19日
铜盘A315
60

体育二
李粲
01-16 星期1:7-8节 铜盘教学楼
57
2024
健康体能
5月19日
铜盘A316
60

体育二
李仕丰
01-16 星期1:7-8节 铜盘教学楼
47
2024
健康体能
5月19日
铜盘A317
60

体育二
沈逸萍
01-16 星期1:7-8节 铜盘教学楼
43
2024
健康体能
5月19日
铜盘A405
96

体育二
宋永范
01-16 星期1:7-8节 铜盘教学楼
51
2024
健康体能
5月19日
铜盘A406
132

体育二
范新垲
01-16 星期2:3-4节 旗山公共教学楼教室
53
2024
健康体能
5月20日
旗山东2-101
123

体育二
黄丽涵
01-16 星期2:3-4节 旗山公共教学楼教室
48
2024
健康体能
5月20日
旗山东2-102
123

体育二
黄文敏
01-16 星期2:3-4节 旗山公共教学楼教室
51
2024
健康体能
5月20日
旗山东2-106
152

体育二
李慧德
01-16 星期2:3-4节 旗山公共教学楼教室
50
2024
健康体能
5月20日
旗山东2-109
206

体育二
林萌
01-16 星期2:3-4节 旗山公共教学楼教室
45
2024
健康体能
5月20日
旗山东2-201
123

体育二
沈逸萍
01-16 星期2:3-4节 旗山公共教学楼教室
52
2024
健康体能
5月20日
旗山东2-209
208

体育二
赵炜锌
01-16 星期2:3-4节 旗山公共教学楼教室
46
2024
健康体能
5月20日
旗山东2-305
152

体育二
陈彤
01-16 星期2:5-6节 铜盘教学楼
44
2024
健康体能
5月20日
铜盘A201
120

体育二
范新垲
01-16 星期2:5-6节 铜盘教学楼
37
2024
健康体能
5月20日
铜盘A211
60

体育二
龚海
01-16 星期2:5-6节 铜盘教学楼
44
2024
健康体能
5月20日
铜盘A213
60

体育二
黄丽涵
01-16 星期2:5-6节 铜盘教学楼
49
2024
健康体能
5月20日
铜盘A308
105

体育二
黄文敏
01-16 星期2:5-6节 铜盘教学楼
52
2024
健康体能
5月20日
铜盘A313
68

体育二
李雨隆
01-16 星期2:5-6节 铜盘教学楼
47
2024
健康体能
5月20日
铜盘A314
60

体育二
刘畅
01-16 星期2:5-6节 铜盘教学楼
47
2024
健康体能
5月20日
铜盘A315
60

体育二
沈逸萍
01-16 星期2:5-6节 铜盘教学楼
52
2024
健康体能
5月20日
铜盘A316
60

体育二
孙克双
01-16 星期2:5-6节 铜盘教学楼
47
2024
健康体能
5月20日
铜盘A317
60

体育二
王朝阳
01-16 星期2:5-6节 铜盘教学楼
43
2024
健康体能
5月20日
铜盘A405
96

体育二
王然科
01-16 星期2:5-6节 铜盘教学楼
42
2024
健康体能
5月20日
铜盘A406
132

体育二
王长琦
01-16 星期2:5-6节 铜盘教学楼
44
2024
健康体能
5月20日
铜盘A407
132

体育二
谢佳辉
01-16 星期2:5-6节 铜盘教学楼
40
2024
健康体能
5月20日
铜盘A409
120

体育二
张翡娟
01-16 星期2:5-6节 铜盘教学楼
50
2024
健康体能
5月20日
铜盘A410
120

体育二
陈彤
01-16 星期2:7-8节 铜盘教学楼
45
2024
健康体能
5月20日
铜盘A201
120

体育二
范新垲
01-16 星期2:7-8节 铜盘教学楼
54
2024
健康体能
5月20日
铜盘A210
60

体育二
龚海
01-16 星期2:7-8节 铜盘教学楼
55
2024
健康体能
5月20日
铜盘A211
60

体育二
黄丽涵
01-16 星期2:7-8节 铜盘教学楼
41
2024
健康体能
5月20日
铜盘A308
105

体育二
黄文敏
01-16 星期2:7-8节 铜盘教学楼
51
2024
健康体能
5月20日
铜盘A313
68

体育二
李雨隆
01-16 星期2:7-8节 铜盘教学楼
43
2024
健康体能
5月20日
铜盘A314
60

体育二
刘畅
01-16 星期2:7-8节 铜盘教学楼
50
2024
健康体能
5月20日
铜盘A315
60

体育二
沈逸萍
01-16 星期2:7-8节 铜盘教学楼
43
2024
健康体能
5月20日
铜盘A316
60

体育二
孙克双
01-16 星期2:7-8节 铜盘教学楼
54
2024
健康体能
5月20日
铜盘A317
60

体育二
王朝阳
01-16 星期2:7-8节 铜盘教学楼
54
2024
健康体能
5月20日
铜盘A405
96

体育二
王然科
01-16 星期2:7-8节 铜盘教学楼
49
2024
健康体能
5月20日
铜盘A406
132

体育二
王长琦
01-16 星期2:7-8节 铜盘教学楼
49
2024
健康体能
5月20日
铜盘A407
132

体育二
谢佳辉
01-16 星期2:7-8节 铜盘教学楼
48
2024
健康体能
5月20日
铜盘A409
120

体育二
张翡娟
01-16 星期2:7-8节 铜盘教学楼
41
2024
健康体能
5月20日
铜盘A411
68

体育二
安嘉琦
01-16 星期3:3-4节 铜盘教学楼
49
2024
健康体能
5月21日
铜盘A109
120

体育二
卞兰
01-16 星期3:3-4节 铜盘教学楼
52
2024
健康体能
5月21日
铜盘A110
120

体育二
龚海
01-16 星期3:3-4节 铜盘教学楼
49
2024
健康体能
5月21日
铜盘A410
120

体育二
李慧德
01-16 星期3:3-4节 铜盘教学楼
47
2024
健康体能
5月21日
铜盘A411
68

体育二
王朝阳
01-16 星期3:3-4节 铜盘教学楼
48
2024
健康体能
5月21日
铜盘A503
117

体育二
安嘉琦
01-16 星期3:5-6节 铜盘教学楼
58
2024
健康体能
5月21日
铜盘A211
60

体育二
卞兰
01-16 星期3:5-6节 铜盘教学楼
52
2024
健康体能
5月21日
铜盘A213
60

体育二
龚海
01-16 星期3:5-6节 铜盘教学楼
61
2024
健康体能
5月21日
铜盘A313
68

体育二
何瑜
01-16 星期3:5-6节 铜盘教学楼
58
2024
健康体能
5月21日
铜盘A314
60

体育二
黄丽涵
01-16 星期3:5-6节 铜盘教学楼
60
2024
健康体能
5月21日
铜盘A315
60

体育二
黄文敏
01-16 星期3:5-6节 铜盘教学楼
57
2024
健康体能
5月21日
铜盘A316
60

体育二
李慧德
01-16 星期3:5-6节 铜盘教学楼
55
2024
健康体能
5月21日
铜盘A317
60

体育二
王朝阳
01-16 星期3:5-6节 铜盘教学楼
57
2024
健康体能
5月21日
铜盘A405
96

体育二
吴杰忠
01-16 星期3:5-6节 铜盘教学楼
58
2024
健康体能
5月21日
铜盘A406
132

体育二
张玲
01-16 星期3:5-6节 铜盘教学楼
59
2024
健康体能
5月21日
铜盘A407
132

体育二
安嘉琦
01-16 星期3:7-8节 铜盘教学楼
33
2024
健康体能
5月21日
铜盘A308
105

体育二
卞兰
01-16 星期3:7-8节 铜盘教学楼
31
2024
健康体能
5月21日
铜盘A314
60

体育二
龚海
01-16 星期3:7-8节 铜盘教学楼
37
2024
健康体能
5月21日
铜盘A315
60

体育二
何瑜
01-16 星期3:7-8节 铜盘教学楼
45
2024
健康体能
5月21日
铜盘A316
60

体育二
黄丽涵
01-16 星期3:7-8节 铜盘教学楼
41
2024
健康体能
5月21日
铜盘A317
60

体育二
黄文敏
01-16 星期3:7-8节 铜盘教学楼
47
2024
健康体能
5月21日
铜盘A405
96

体育二
王朝阳
01-16 星期3:7-8节 铜盘教学楼
40
2024
健康体能
5月21日
铜盘A407
132

体育二
吴杰忠
01-16 星期3:7-8节 铜盘教学楼
46
2024
健康体能
5月21日
铜盘A409
120

体育二
张玲
01-16 星期3:7-8节 铜盘教学楼
40
2024
健康体能
5月21日
铜盘A410
120

体育二
林萌
01-16 星期4:1-2节 铜盘教学楼
65
2024
健康体能
5月22日
铜盘A109
120

体育二
王朝阳
01-16 星期4:1-2节 铜盘教学楼
51
2024
健康体能
5月22日
铜盘A110
120

体育二
吴能威
01-16 星期4:1-2节 铜盘教学楼
53
2024
健康体能
5月22日
铜盘A308
105

体育二
卞兰
01-16 星期4:3-4节 铜盘教学楼
56
2024
健康体能
5月22日
铜盘A109
120

体育二
林萌
01-16 星期4:3-4节 铜盘教学楼
54
2024
健康体能
5月22日
铜盘A308
105

体育二
刘畅
01-16 星期4:3-4节 铜盘教学楼
55
2024
健康体能
5月22日
铜盘A502
117

体育二
王朝阳
01-16 星期4:3-4节 铜盘教学楼
60
2024
健康体能
5月22日
铜盘A503
117

体育二
吴能威
01-16 星期4:3-4节 铜盘教学楼
65
2024
健康体能
5月22日
铜盘A505
132

体育二
林松
01-16 星期5:1-2节 铜盘教学楼
23
2024
健康体能
5月23日
铜盘A211
60

体育二
章颖
01-16 星期5:1-2节 铜盘教学楼
63
2024
健康体能
5月23日
铜盘A213
60

体育二
赵炜锌
01-16 星期5:1-2节 铜盘教学楼
50
2024
健康体能
5月23日
铜盘A313
68

体育二
黄衍存
01-16 星期5:3-4节 铜盘教学楼
41
2024
健康体能
5月23日
铜盘A211
60

体育二
李慧德
01-16 星期5:3-4节 铜盘教学楼
42
2024
健康体能
5月23日
铜盘A308
105

体育二
林松
01-16 星期5:3-4节 铜盘教学楼
45
2024
健康体能
5月23日
铜盘A313
68

体育二
章颖
01-16 星期5:3-4节 铜盘教学楼
41
2024
健康体能
5月23日
铜盘A410
120

体育二
赵炜锌
01-16 星期5:3-4节 铜盘教学楼
40
2024
健康体能
5月23日
铜盘A415
60

体育二
黄巧奇
01-16 星期5:5-6节 铜盘教学楼
42
2024
健康体能
5月23日
铜盘A110
120

体育二
黄衍存
01-16 星期5:5-6节 铜盘教学楼
39
2024
健康体能
5月23日
铜盘A201
120

体育二
李慧德
01-16 星期5:5-6节 铜盘教学楼
31
2024
健康体能
5月23日
铜盘A210
60

体育二
林松
01-16 星期5:5-6节 铜盘教学楼
55
2024
健康体能
5月23日
铜盘A308
105

体育二
章颖
01-16 星期5:5-6节 铜盘教学楼
43
2024
健康体能
5月23日
铜盘A312
120

体育二
赵炜锌
01-16 星期5:5-6节 铜盘教学楼
40
2024
健康体能
5月23日
铜盘A313
68

体育二
黄巧奇
01-16 星期5:7-8节 铜盘教学楼
43
2024
健康体能
5月23日
铜盘A110
120

体育二
林松
01-16 星期5:7-8节 铜盘教学楼
18
2024
健康体能
5月23日
铜盘A201
120

体育二
章颖
01-16 星期5:7-8节 铜盘教学楼
68
2024
健康体能
5月23日
铜盘A210
60

体育二
赵炜锌
01-16 星期5:7-8节 铜盘教学楼
41
2024
健康体能
5月23日
铜盘A308
105

体育四
何玮翔
01-16 星期1:3-4节 旗山游泳池
55
2023
篮球
5月19日
旗山东2-101
123

体育四
何瑜
01-16 星期1:3-4节 旗山游泳池
52
2023
体能塑身
5月19日
旗山东2-105
152

体育四
张翡娟
01-16 星期1:3-4节 旗山游泳池
45
2023
广场舞
5月19日
旗山东2-109
206

体育四
张玲
01-16 星期1:3-4节 旗山游泳池
50
2023
健美操
5月19日
旗山东2-209
208

体育四
何瑜
01-16 星期1:5-6节 旗山游泳池
50
2023
体能塑身
5月19日
旗山东2-105
152

体育四
林萌
01-16 星期1:5-6节 旗山游泳池
47
2023
足球
5月19日
旗山东2-106
152

体育四
王长琦
01-16 星期1:5-6节 旗山游泳池
48
2023
篮球
5月19日
旗山东2-109
206

体育四
吴杰忠
01-16 星期1:5-6节 旗山游泳池
47
2023
龙舟
5月19日
旗山东2-209
208

体育四
谢佳辉
01-16 星期1:5-6节 旗山游泳池
45
2023
舞龙舞狮
5月19日
旗山东2-402
135

体育四
张翡娟
01-16 星期1:5-6节 旗山游泳池
48
2023
广场舞
5月19日
旗山东2-405
152

体育四
张玲
01-16 星期1:5-6节 旗山游泳池
46
2023
健美操
5月19日
旗山东2-406
152

体育四
林松
01-16 星期1:7-8节 旗山游泳池
57
2023
排球
5月19日
旗山东2-103
123

体育四
王长琦
01-16 星期1:7-8节 旗山游泳池
48
2023
篮球
5月19日
旗山东2-105
152

体育四
吴杰忠
01-16 星期1:7-8节 旗山游泳池
49
2023
飞盘
5月19日
旗山东2-106
152

体育四
谢佳辉
01-16 星期1:7-8节 旗山游泳池
45
2023
舞龙舞狮
5月19日
旗山东2-109
206

体育四
张玲
01-16 星期1:7-8节 旗山游泳池
45
2023
健美操
5月19日
旗山东2-207
152

体育四
李仕丰
01-16 星期2:3-4节 旗山风雨操场
69
2023
保健班二年级13950305835
5月20日
桥牌室

体育四
卞兰
01-16 星期2:3-4节 旗山游泳池
54
2023
篮球
5月20日
旗山东2-307
152

体育四
陈楠茜
01-16 星期2:3-4节 旗山游泳池
54
2023
羽毛球
5月20日
旗山东2-401
135

体育四
陈彤
01-16 星期2:3-4节 旗山游泳池
52
2023
乒乓球
5月20日
旗山东2-403
135

体育四
高明轩
01-16 星期2:3-4节 旗山游泳池
51
2023
足球
5月20日
旗山东2-406
152

体育四
官钟威
01-16 星期2:3-4节 旗山游泳池
50
2023
网球
5月20日
旗山东2-407
152

体育四
何玮翔
01-16 星期2:3-4节 旗山游泳池
48
2023
篮球
5月20日
旗山东2-504
70

体育四
何瑜
01-16 星期2:3-4节 旗山游泳池
53
2023
体能塑身
5月20日
旗山东2-505
152

体育四
黄巧奇
01-16 星期2:3-4节 旗山游泳池
40
2023
武术
5月20日
旗山东2-506
152

体育四
黄衍存
01-16 星期2:3-4节 旗山游泳池
38
2023
跳绳
5月20日
旗山东2-508
68

体育四
李粲
01-16 星期2:3-4节 旗山游泳池
38
2023
健美操
5月20日
旗山东2-509
60

体育四
李雨隆
01-16 星期2:3-4节 旗山游泳池
55
2023
乒乓球
5月20日
旗山东3-102
123

体育四
吴杰忠
01-16 星期2:3-4节 旗山游泳池
51
2023
桨板
5月20日
旗山东3-107
152

体育四
吴能威
01-16 星期2:3-4节 旗山游泳池
51
2023
匹克球
5月20日
旗山东3-201
89

体育四
谢佳辉
01-16 星期2:3-4节 旗山游泳池
47
2023
武术
5月20日
旗山东3-206
67

体育四
卞兰
01-16 星期2:5-6节 旗山游泳池
46
2023
篮球
5月20日
旗山东2-102
123

体育四
陈楠茜
01-16 星期2:5-6节 旗山游泳池
53
2023
羽毛球
5月20日
旗山东2-106
152

体育四
高明轩
01-16 星期2:5-6节 旗山游泳池
32
2023
足球
5月20日
旗山东2-109
206

体育四
官钟威
01-16 星期2:5-6节 旗山游泳池
44
2023
网球
5月20日
旗山东2-305
152

体育四
何玮翔
01-16 星期2:5-6节 旗山游泳池
45
2023
篮球
5月20日
旗山东2-307
152

体育四
何瑜
01-16 星期2:5-6节 旗山游泳池
52
2023
体能塑身
5月20日
旗山东2-401
135

体育四
胡晟
01-16 星期2:5-6节 旗山游泳池
50
2023
乒乓球
5月20日
旗山东2-403
135

体育四
黄巧奇
01-16 星期2:5-6节 旗山游泳池
22
2023
武术
5月20日
旗山东2-405
152

体育四
黄衍存
01-16 星期2:5-6节 旗山游泳池
36
2023
跳绳
5月20日
旗山东2-407
152

体育四
李粲
01-16 星期2:5-6节 旗山游泳池
47
2023
广场舞
5月20日
旗山东2-505
152

体育四
李仕丰
01-16 星期2:5-6节 旗山游泳池
52
2023
桥牌
5月20日
旗山东2-507
152

体育四
宋永范
01-16 星期2:5-6节 旗山游泳池
50
2023
高尔夫
5月20日
旗山东2-508
68

体育四
吴杰忠
01-16 星期2:5-6节 旗山游泳池
46
2023
龙舟
5月20日
旗山东2-509
60

体育四
张玲
01-16 星期2:5-6节 旗山游泳池
51
2023
健美操
5月20日
旗山东3-101
123

体育四
赵炜锌
01-16 星期2:5-6节 旗山游泳池
48
2023
网球
5月20日
旗山东3-103
123

体育四
卞兰
01-16 星期2:7-8节 旗山游泳池
51
2023
篮球
5月20日
旗山东2-101
123

体育四
陈楠茜
01-16 星期2:7-8节 旗山游泳池
50
2023
羽毛球
5月20日
旗山东2-102
123

体育四
高明轩
01-16 星期2:7-8节 旗山游泳池
45
2023
足球
5月20日
旗山东2-106
152

体育四
何玮翔
01-16 星期2:7-8节 旗山游泳池
48
2023
篮球
5月20日
旗山东2-109
206

体育四
何瑜
01-16 星期2:7-8节 旗山游泳池
53
2023
体能塑身
5月20日
旗山东2-303
126

体育四
胡晟
01-16 星期2:7-8节 旗山游泳池
57
2023
乒乓球
5月20日
旗山东2-305
152

体育四
黄衍存
01-16 星期2:7-8节 旗山游泳池
40
2023
跳绳
5月20日
旗山东2-307
152

体育四
李粲
01-16 星期2:7-8节 旗山游泳池
35
2023
广场舞
5月20日
旗山东2-401
135

体育四
李仕丰
01-16 星期2:7-8节 旗山游泳池
55
2023
桥牌
5月20日
旗山东2-403
135

体育四
宋永范
01-16 星期2:7-8节 旗山游泳池
45
2023
高尔夫
5月20日
旗山东2-405
152

体育四
张玲
01-16 星期2:7-8节 旗山游泳池
44
2023
健美操
5月20日
旗山东2-406
152

体育四
赵炜锌
01-16 星期2:7-8节 旗山游泳池
46
2023
网球
5月20日
旗山东2-407
152

体育四
林松
01-16 星期3:1-2节 旗山游泳池
38
2023
气排球
5月21日
旗山西1-201
133

体育四
官钟威
01-16 星期3:3-4节 旗山游泳池
50
2023
网球
5月21日
旗山东2-101
123

体育四
胡晟
01-16 星期3:3-4节 旗山游泳池
61
2023
乒乓球
5月21日
旗山东2-105
152

体育四
林萌
01-16 星期3:3-4节 旗山游泳池
45
2023
足球
5月21日
旗山东2-106
152

体育四
沈逸萍
01-16 星期3:3-4节 旗山游泳池
49
2023
健美操
5月21日
旗山东2-201
123

体育四
孙克双
01-16 星期3:3-4节 旗山游泳池
58
2023
羽毛球
5月21日
旗山东2-306
152

体育四
王然科
01-16 星期3:3-4节 旗山游泳池
34
2023
花样跳绳
5月21日
旗山东2-307
152

体育四
王长琦
01-16 星期3:3-4节 旗山游泳池
56
2023
篮球
5月21日
旗山东2-401
135

体育四
张翡娟
01-16 星期3:3-4节 旗山游泳池
60
2023
广场舞
5月21日
旗山东2-402
135

体育四
陈彤
01-16 星期3:5-6节 旗山游泳池
58
2023
乒乓球
5月21日
旗山东2-101
123

体育四
范新垲
01-16 星期3:5-6节 旗山游泳池
51
2023
篮球
5月21日
旗山东2-102
123

体育四
官钟威
01-16 星期3:5-6节 旗山游泳池
47
2023
网球
5月21日
旗山东2-103
123

体育四
胡晟
01-16 星期3:5-6节 旗山游泳池
55
2023
乒乓球
5月21日
旗山东2-105
152

体育四
黄巧奇
01-16 星期3:5-6节 旗山游泳池
49
2023
健身气功
5月21日
旗山东2-201
123

体育四
黄衍存
01-16 星期3:5-6节 旗山游泳池
45
2023
跳绳
5月21日
旗山东2-206
152

体育四
林萌
01-16 星期3:5-6节 旗山游泳池
44
2023
足球
5月21日
旗山东2-207
152

体育四
沈逸萍
01-16 星期3:5-6节 旗山游泳池
53
2023
健美操
5月21日
旗山东2-302
126

体育四
宋永范
01-16 星期3:5-6节 旗山游泳池
50
2023
高尔夫
5月21日
旗山东2-307
152

体育四
孙克双
01-16 星期3:5-6节 旗山游泳池
57
2023
羽毛球
5月21日
旗山东2-401
135

体育四
汪焱
01-16 星期3:5-6节 旗山游泳池
48
2023
匹克球
5月21日
旗山东2-403
135

体育四
王然科
01-16 星期3:5-6节 旗山游泳池
13
2023
花样跳绳
5月21日
旗山东2-405
152

体育四
王长琦
01-16 星期3:5-6节 旗山游泳池
54
2023
篮球
5月21日
旗山东2-406
152

体育四
张翡娟
01-16 星期3:5-6节 旗山游泳池
49
2023
广场舞
5月21日
旗山东2-504
70

体育四
范新垲
01-16 星期3:7-8节 旗山游泳池
49
2023
篮球
5月21日
旗山东2-101
123

体育四
胡晟
01-16 星期3:7-8节 旗山游泳池
50
2023
乒乓球
5月21日
旗山东2-106
152

体育四
黄巧奇
01-16 星期3:7-8节 旗山游泳池
46
2023
健身气功
5月21日
旗山东2-201
123

体育四
黄衍存
01-16 星期3:7-8节 旗山游泳池
45
2023
跳绳
5月21日
旗山东2-207
152

体育四
宋永范
01-16 星期3:7-8节 旗山游泳池
49
2023
高尔夫
5月21日
旗山东2-301
126

体育四
孙克双
01-16 星期3:7-8节 旗山游泳池
53
2023
羽毛球
5月21日
旗山东2-302
126

体育四
汪焱
01-16 星期3:7-8节 旗山游泳池
31
2023
气排球
5月21日
旗山东2-303
126

体育四
王长琦
01-16 星期3:7-8节 旗山游泳池
49
2023
篮球
5月21日
旗山东2-306
152

体育四
张翡娟
01-16 星期3:7-8节 旗山游泳池
52
2023
广场舞
5月21日
旗山东2-307
152

体育四
陈彤
01-16 星期4:1-2节 旗山游泳池
44
2023
乒乓球
5月22日
旗山西1-105
128

体育四
林松
01-16 星期4:1-2节 旗山游泳池
36
2023
气排球
5月22日
旗山西1-201
133

体育四
王然科
01-16 星期4:1-2节 旗山游泳池
29
2023
花样跳绳
5月22日
旗山西1-206
136

体育四
安嘉琦
01-16 星期4:3-4节 旗山游泳池
51
2023
篮球
5月22日
旗山西1-303
122

体育四
李雨隆
01-16 星期4:3-4节 旗山游泳池
51
2023
乒乓球
5月22日
旗山西1-306
137

体育四
王然科
01-16 星期4:3-4节 旗山游泳池
47
2023
花样跳绳
5月22日
旗山西1-401
166

体育四
赵炜锌
01-16 星期4:3-4节 旗山游泳池
52
2023
网球
5月22日
旗山西1-402
125

体育四
陈彤
01-16 星期5:1-2节 旗山游泳池
49
2023
足球
5月23日
旗山西1-101
154

体育四
孙克双
01-16 星期5:1-2节 旗山游泳池
60
2023
羽毛球
5月23日
旗山西1-102
132

体育四
吴能威
01-16 星期5:1-2节 旗山游泳池
58
2023
匹克球
5月23日
旗山西1-105
128

体育四
陈楠茜
01-16 星期5:3-4节 旗山游泳池
46
2023
羽毛球
5月23日
旗山西1-105
128

体育四
陈彤
01-16 星期5:3-4节 旗山游泳池
47
2023
乒乓球
5月23日
旗山西1-203
119

体育四
刘畅
01-16 星期5:3-4节 旗山游泳池
37
2023
足球
5月23日
旗山西1-401
166

体育四
吴能威
01-16 星期5:3-4节 旗山游泳池
47
2023
匹克球
5月23日
旗山西1-402
125

体育四
陈彤
01-16 星期5:5-6节 旗山游泳池
42
2023
乒乓球
5月23日
旗山西1-101
154

体育四
范新垲
01-16 星期5:5-6节 旗山游泳池
38
2023
篮球
5月23日
旗山西1-105
128

体育四
官钟威
01-16 星期5:5-6节 旗山游泳池
39
2023
网球
5月23日
旗山西1-202
124

体育四
吴能威
01-16 星期5:5-6节 旗山游泳池
44
2023
匹克球
5月23日
旗山西1-203
119

体育四
陈彤
01-16 星期5:7-8节 旗山游泳池
51
2023
乒乓球
5月23日
旗山西1-305
124

体育四
范新垲
01-16 星期5:7-8节 旗山游泳池
41
2023
篮球
5月23日
旗山西1-203
119

体育四
吴能威
01-16 星期5:7-8节 旗山游泳池
52
2023
羽毛球
5月23日
旗山西1-305
124",0,,,,,,
001040014054,https://jwch.fzu.edu.cn/info/1040/14054.htm,关于举办福州大学第六十九期“教学有道”研讨活动的通知,【质量办】,2025-05-14,"各学院、有关单位：
为帮助我校教师熟练运用数字化教学工具，提升阅卷效率、达成度分析与课程创新能力，经研究，学校决定举办第六十九期“教学有道”专题研讨活动，具体安排通知如下：
一、研讨主题
课程数智化创新与达成度智能分析
二、主要内容
课程数智化创新：如何利用超星数智化教学工具，支持课前课中课后教学应用与管理教学数据分析预警，为教师提供全面、直观的学情报告，助力教学决策，提升教学质量。
达成度智能分析：利用超星教学工具，进行试卷扫描、阅卷及达成度分析。精准把握学生知识点掌握情况、学生作答情况、生成试卷分析报告，提供达成度智能分析解决方案。
三、研讨时间
2025年5月15日（星期四）14:30
四、主讲人
姜颖 超星泛雅集团高级讲师
五、研讨地点
旗山校区生工北楼（33号楼）二楼柏物产厅
六、承办单位
生物科学与工程学院
七、参会人员
1、生物科学与工程学院教师；
2、全校其他感兴趣的教师。

主讲人简介：
姜颖，超星泛雅集团高级讲师,目前负责超星教学系统课程建设与教学应用、知识图谱运行以及协助课题、产学研等申报项目。深入参与一线教学管理者及教师的使用需求，专注教学创新应用，配合省内各类院校阶段开展主题报告1000＋场次，并参与设计多所高校的数智课程项目建设，有着丰富的技术实践和应用经验。

福州大学教务处
2025年5月14日",0,,,,,,
001036014053,https://jwch.fzu.edu.cn/info/1036/14053.htm,关于2024-2025学年第二学期《习近平新时代中国特色社会主义思想概论》课程期末考试安排的通知,【教学运行】,2025-05-12,"各有关学院：
定于13-14周进行《习近平新时代中国特色社会主义思想概论》课程期末考试，请有关协助监考学院按考表（见附件）安排监考老师并录入系统，及时通知监考老师和学生上系统查看考试信息，以免延误考试。
为保证考试的顺利进行，如其他教学安排时间或地点与此次考试冲突，请予以调整。

马克思主义学院
教务处
2025年5月12日",1,0017449848580015784368,2402习概随堂考.xlsx,339,https://jwch.fzu.edu.cn/system/_content/download.jsp?urltype=news.DownloadAttachUrl&owner=1744984858&wbfileid=15784368,15784368,1744984858
001036014052,https://jwch.fzu.edu.cn/info/1036/14052.htm,关于2024-2025学年第二学期计算机语言类课程期末考试安排的通知,【教学运行】,2025-05-12,"各有关学院：
定于5月24日上、下午进行计算机语言类课程期末考试，请有关协助监考学院按考表（见附件）安排监考老师并录入系统，及时通知监考老师和学生上系统查看考试信息，以免延误考试。
为保证考试的顺利进行，如其他教学安排时间或地点与此次考试冲突，请予以调整。

计数学院
教务处
2025年5月12日",1,0017449848580015784367,2402计算机语言类期末考-5.24.xlsx,569,https://jwch.fzu.edu.cn/system/_content/download.jsp?urltype=news.DownloadAttachUrl&owner=1744984858&wbfileid=15784367,15784367,1744984858
001040014341,https://jwch.fzu.edu.cn/info/1040/14341.htm,关于公布福州大学2025年教师教学创新大赛—入围教学设计创新汇报名单的通知,【质量办】,2025-11-12,"各学院：
根据我校《关于开展福州大学2025年教师教学创新大赛的通知》的文件精神，学校聘请专家对所有申报教师相关材料进行函评，经研究决定，专家函评成绩优良的教师进入教学设计创新汇报，从中产生福州大学教师教学创新大赛特、一、二等奖获奖名单。现将具体事项通知如下：
1.教学设计创新汇报时间初定于2025年11月20日（周四）下午2:00，地点另行通知。汇报人携带创新成果报告一式三份，根据名单顺序依次汇报，需提前半小时到场准备，分组及时间安排详见附件。
2.参赛教师现场PPT汇报时间不超过12分钟，需在11月19日（周三）下午5点前将教学设计创新汇报PPT发至1150944429@qq.com。

联系人：郑老师，电话：13201850213

福州大学教务处
2025年11月12日

福州大学2025年教师教学创新大赛教学设计创新汇报名单
第一组：

序号
姓名
学院
课程名称及类型
汇报时间

1
黄瀚林
材料
科研素养与创新训练
14:00–14:12

2
钟富兰
化工
化学工程学科导论
14:12–14:24

3
范治松
机械
材料成型设备
14:24–14:36

4
葛雪惠
化工
化工原理
14:36–14:48

5
吴炯桦
物信
多媒体技术B
14:48–15:00

中间休息15分钟

6
钟剑锋
机械
微机原理与接口技术
15:15–15:27

7
黄星源
工艺
产品符号语意
15:27–15:39

8
杨娟娟
生工
基因工程
15:39–15:51

9
徐圣瑶
机械
控制工程基础
15:51–16:03

10
衷水平
地矿
化学选矿
16:03–16:15

第二组：

序号
姓名
学院
课程名称及类型
汇报时间

1
郭金泉
机械
工程力学B
14:00–14:12

2
丁开宁
化学
物理化学
14:12–14:24

3
王平
数统
高等数学B(下)
14:24–14:36

4
刘志坚
马院
思想道德与法治
14:36–14:48

5
郭昌文
马院
中国近现代史纲要
14:48–15:00

中间休息15分钟

6
戴凌靓
外语
大学英语
15:15–15:27

7
钱白云
马院
习近平新时代中国特色社会主义思想概论
15:27–15:39

8
郑向南
生工
生理学
15:39–15:51

9
郭延松
医学院
内科学
15:51–16:03

10
陈彦
医学院
内科学
16:03–16:15

11
黄龙
医学院
围术期处理
16:15–16:27

第三组：

序号
姓名
学院
课程名称及类型
汇报时间

1
严佳佳
经管
国家金融学
14:00–14:12

2
李德彪
经管
生产计划与控制
14:12–14:24

3
何俊
工艺
游戏企划
14:24–14:36

4
郑萍
人文
中国现当代文学（上）
14:36–14:48

5
张延吉
人文
城市社会学
14:48–15:00

中间休息15分钟

6
何爱香
外语
中级口译
15:15–15:27

7
王晓宁
人文
歌唱语言训练
15:27–15:39

8
汪少烽
工艺
产品设计一
15:39–15:51

9
殷永生
建筑
外国建筑史
15:51–16:03

10
刘碧强
经管
大学生创业与廉洁教育
16:03–16:15

11
刘莉
医学院
医患沟通
16:15–16:27",0,,,,,,
001039014321,https://jwch.fzu.edu.cn/content.jsp?urltype=news.NewsContentUrl&wbtreeid=1039&wbnewsid=14321,关于做好2025年本科生科研训练计划项目中期检查工作的通知,【实践科】,2025-11-10,"各学院：
为推进我校本科生科研训练计划项目顺利实施，学校将对2025年立项的本科生科研训练计划项目进行中期检查。现将有关事项通知如下：
一、检查对象
2025年（第三十一期）立项的国家级、省级、校级本科生科研训练计划项目
二、材料报送
1．校级项目负责人于2025年11月21日前向学院提交《中期检查表》（附件1）纸质版和电子版，以上材料由学院留档备查，学院提交《中期检查情况汇总表》（附件2）。
2．国家级、省级项目负责人于2025年11月21日前分别向学院提交《中期进展报告表》（附件3、附件4）纸质版和电子版。同时，登录福建省大学生创新训练计划平台（http://114.220.75.43:93/fjcxcy）填报中期检查材料。
3．各学院于2025年11月26日前向教务处实践科提交《附件2》、《附件3》、《附件4》，以上材料均须提供纸质版和电子版。

附件：
1.《福州大学2025年本科生科研训练计划项目中期检查表》
2.《福州大学2025年本科生科研训练计划项目中期检查情况汇总表》
3.《福州大学2025年国家级大学生创新训练计划项目中期进展报告表》
4.《福州大学2025年省级大学生创新训练计划项目中期进展报告表》

                                                    福州大学教务处
                                                    2025年11月10日",1,0017449848580016731411,附件.rar,811,https://jwch.fzu.edu.cn/system/_content/download.jsp?urltype=news.DownloadAttachUrl&owner=1744984858&wbfileid=16731411,16731411,1744984858
001039014316,https://jwch.fzu.edu.cn/content.jsp?urltype=news.NewsContentUrl&wbtreeid=1039&wbnewsid=14316,关于做好大学生学科竞赛项目认定工作的通知,【实践科】,2025-11-05,"各学院、各单位：
      为规范我校的大学生学科竞赛工作，促使学科竞赛管理工作更加科学化、规范化和制度化，引导和激励广大学生积极参加学科竞赛活动，依据《福州大学大学生学科竞赛管理办法》（福大教〔2019〕37号），经研究学校启动新一轮大学生学科竞赛项目认定工作。现将有关事项如下：
      一、学科竞赛项目认定原则
      1.所有学科竞赛项目均需重新进行认定。
      2.附件1中所列学科竞赛项目由学校直接进行认定。
      3.申请认定的学科竞赛须至少已连续举办过三届，举办不足三届的竞赛项目不予认定。
      4.发挥学院各专业（单位）参与学科竞赛的主体作用，促进学科竞赛活动的“规模化、系列化、特色化、品牌化”。每个专业（单位）申请的学科竞赛项目认定不超过5个，但以下情况除外：
      （1）机电工程实践中心申请的学科竞赛项目认定不超过5个。
      （2）体育教学部申请的学科竞赛项目认定不超过20个。
      （3）附件1中所列竞赛不纳入各专业（单位）申请的竞赛项目限定数。
      5.每个学科竞赛项目不同竞赛级别只需申请最高级别认定，其低级别竞赛可直接认定无需申请。
      6.同一学科竞赛项目涉及多个专业学生参加，可以以某一个专业提出申请认定（纳入该专业竞赛项目限定数），但不纳入其它专业申请的竞赛项目限定数。
      7.每个专业（单位）申请认定的学科竞赛项目实施总量控制，今后在不超过总量控制的前提下可申请新增学科竞赛项目认定，或调整已认定的学科竞赛项目。
      二、学科竞赛项目认定办法
      1.国际级学科竞赛认定依据：由联合国教科文组织或其他国际一级学会、学术团体等国际组织主办，有多所国内外著名高校相关专业参赛，具有公认的学术权威性和业内认可度，且在国内外具有重大影响力的高水平学科竞赛。
      2.国家级、省级学科竞赛级别认定依据：原则上以主办单位为行政管理部门、教学指导委员会、专业学会为准。
      （1）国家级：国家级行政管理部门、教学指导委员会、一级专业学会举办的学科竞赛项目认定为国家级。
      （2）省级：国家级行业协会（研究会）、省级行政管理部门、教学指导委员会分会、一级专业学会分会举办的学科竞赛项目认定为省级。
      3.多个主办单位联合举办的学科竞赛，依据竞赛通知和获奖证书的盖章单位原则上其级别以级别低的单位为准进行认定。
      （1）竞赛通知和获奖证书的盖章单位一致且只有一个单位盖章，按盖章单位进行级别认定。
      （2）竞赛通知和获奖证书的盖章单位一致且多个单位盖章，其级别以级别低的单位为准进行认定。
      （3）竞赛通知和获奖证书的盖章单位一致且为竞赛组委会，其级别以竞赛通知中的多个主办单位级别低的单位为准进行认定。
      （4）竞赛通知和获奖证书的盖章单位不一致，其级别以盖章级别低的单位为准进行认定。
      4.由企业主办的学科竞赛不予认定级别。
      5.主办单位不明确或组织松散的学科竞赛、低门槛获奖比例高的学科竞赛、以盈利为目的含金量低的学科竞赛不予认定级别。
      三、学科竞赛项目认定主要用途
      经学校认定的各类学科竞赛项目，主要用于学生创新创业实践与素质拓展学分的认定、教师指导学生参加学科竞赛获奖的指导绩效认定等。
      四、学科竞赛级别认定申请
      1. 附件1《2023全国普通高校大学生竞赛分析报告》竞赛目录（本科部分）中所列竞赛项目由学校直接认定级别，所列竞赛项目需认真填写《福州大学大学生学科竞赛级别直接认定项目近三年参赛及获奖情况表》（附件2）。
      2.各申请单位应依照本通知要求确定相关学科竞赛活动申报级别，认真填写《福州大学大学生学科竞赛项目认定申请表》（附件3），描述竞赛信息和我校近年参赛情况，以及其他参赛高校情况，应确保填写信息准确无误。
      3.经学院审核统一汇总后，填写《福州大学大学生学科竞赛项目认定申请汇总表》（附件4）。
      请各单位于11月21日前，将附件2、附件3、附件4和相关证明材料（每个申请认定竞赛项目均需提供最近一年有盖章的竞赛通知、获奖名单通知和获奖证书1张，其中体育竞赛还需提供最近一年竞赛秩序册。竞赛通知、获奖名单通知、获奖证书、竞赛秩序册等证明材料只需提供电子版）等书面材料及电子版报送至教务处实践教学科，Email：jwcsjk@fzu.edu.cn，凡是申请学科竞赛级别认定材料不全的项目将不予认定。
      联系电话：22866853

附件1：《2023全国普通高校大学生竞赛分析报告》竞赛目录（本科部分）
附件2：福州大学大学生学科竞赛级别直接认定项目近三年参赛及获奖情况表
附件3：福州大学大学生学科竞赛项目认定申请表
附件4：福州大学大学生学科竞赛项目认定申请汇总表

                                                                                福州大学教务处
                                                                                2025年11月5日",4,0017449848580016730698,附件1：《2023全国普通高校大学生竞赛分析报告》竞赛目录（本科部分）.docx,389,https://jwch.fzu.edu.cn/system/_content/download.jsp?urltype=news.DownloadAttachUrl&owner=1744984858&wbfileid=16730698,16730698,1744984858
001039014316,https://jwch.fzu.edu.cn/content.jsp?urltype=news.NewsContentUrl&wbtreeid=1039&wbnewsid=14316,关于做好大学生学科竞赛项目认定工作的通知,【实践科】,2025-11-05,"各学院、各单位：
      为规范我校的大学生学科竞赛工作，促使学科竞赛管理工作更加科学化、规范化和制度化，引导和激励广大学生积极参加学科竞赛活动，依据《福州大学大学生学科竞赛管理办法》（福大教〔2019〕37号），经研究学校启动新一轮大学生学科竞赛项目认定工作。现将有关事项如下：
      一、学科竞赛项目认定原则
      1.所有学科竞赛项目均需重新进行认定。
      2.附件1中所列学科竞赛项目由学校直接进行认定。
      3.申请认定的学科竞赛须至少已连续举办过三届，举办不足三届的竞赛项目不予认定。
      4.发挥学院各专业（单位）参与学科竞赛的主体作用，促进学科竞赛活动的“规模化、系列化、特色化、品牌化”。每个专业（单位）申请的学科竞赛项目认定不超过5个，但以下情况除外：
      （1）机电工程实践中心申请的学科竞赛项目认定不超过5个。
      （2）体育教学部申请的学科竞赛项目认定不超过20个。
      （3）附件1中所列竞赛不纳入各专业（单位）申请的竞赛项目限定数。
      5.每个学科竞赛项目不同竞赛级别只需申请最高级别认定，其低级别竞赛可直接认定无需申请。
      6.同一学科竞赛项目涉及多个专业学生参加，可以以某一个专业提出申请认定（纳入该专业竞赛项目限定数），但不纳入其它专业申请的竞赛项目限定数。
      7.每个专业（单位）申请认定的学科竞赛项目实施总量控制，今后在不超过总量控制的前提下可申请新增学科竞赛项目认定，或调整已认定的学科竞赛项目。
      二、学科竞赛项目认定办法
      1.国际级学科竞赛认定依据：由联合国教科文组织或其他国际一级学会、学术团体等国际组织主办，有多所国内外著名高校相关专业参赛，具有公认的学术权威性和业内认可度，且在国内外具有重大影响力的高水平学科竞赛。
      2.国家级、省级学科竞赛级别认定依据：原则上以主办单位为行政管理部门、教学指导委员会、专业学会为准。
      （1）国家级：国家级行政管理部门、教学指导委员会、一级专业学会举办的学科竞赛项目认定为国家级。
      （2）省级：国家级行业协会（研究会）、省级行政管理部门、教学指导委员会分会、一级专业学会分会举办的学科竞赛项目认定为省级。
      3.多个主办单位联合举办的学科竞赛，依据竞赛通知和获奖证书的盖章单位原则上其级别以级别低的单位为准进行认定。
      （1）竞赛通知和获奖证书的盖章单位一致且只有一个单位盖章，按盖章单位进行级别认定。
      （2）竞赛通知和获奖证书的盖章单位一致且多个单位盖章，其级别以级别低的单位为准进行认定。
      （3）竞赛通知和获奖证书的盖章单位一致且为竞赛组委会，其级别以竞赛通知中的多个主办单位级别低的单位为准进行认定。
      （4）竞赛通知和获奖证书的盖章单位不一致，其级别以盖章级别低的单位为准进行认定。
      4.由企业主办的学科竞赛不予认定级别。
      5.主办单位不明确或组织松散的学科竞赛、低门槛获奖比例高的学科竞赛、以盈利为目的含金量低的学科竞赛不予认定级别。
      三、学科竞赛项目认定主要用途
      经学校认定的各类学科竞赛项目，主要用于学生创新创业实践与素质拓展学分的认定、教师指导学生参加学科竞赛获奖的指导绩效认定等。
      四、学科竞赛级别认定申请
      1. 附件1《2023全国普通高校大学生竞赛分析报告》竞赛目录（本科部分）中所列竞赛项目由学校直接认定级别，所列竞赛项目需认真填写《福州大学大学生学科竞赛级别直接认定项目近三年参赛及获奖情况表》（附件2）。
      2.各申请单位应依照本通知要求确定相关学科竞赛活动申报级别，认真填写《福州大学大学生学科竞赛项目认定申请表》（附件3），描述竞赛信息和我校近年参赛情况，以及其他参赛高校情况，应确保填写信息准确无误。
      3.经学院审核统一汇总后，填写《福州大学大学生学科竞赛项目认定申请汇总表》（附件4）。
      请各单位于11月21日前，将附件2、附件3、附件4和相关证明材料（每个申请认定竞赛项目均需提供最近一年有盖章的竞赛通知、获奖名单通知和获奖证书1张，其中体育竞赛还需提供最近一年竞赛秩序册。竞赛通知、获奖名单通知、获奖证书、竞赛秩序册等证明材料只需提供电子版）等书面材料及电子版报送至教务处实践教学科，Email：jwcsjk@fzu.edu.cn，凡是申请学科竞赛级别认定材料不全的项目将不予认定。
      联系电话：22866853

附件1：《2023全国普通高校大学生竞赛分析报告》竞赛目录（本科部分）
附件2：福州大学大学生学科竞赛级别直接认定项目近三年参赛及获奖情况表
附件3：福州大学大学生学科竞赛项目认定申请表
附件4：福州大学大学生学科竞赛项目认定申请汇总表

                                                                                福州大学教务处
                                                                                2025年11月5日",4,0017449848580016730232,附件2：福州大学大学生学科竞赛级别直接认定项目近三年参赛及获奖情况表.doc,357,https://jwch.fzu.edu.cn/system/_content/download.jsp?urltype=news.DownloadAttachUrl&owner=1744984858&wbfileid=16730232,16730232,1744984858
001039014316,https://jwch.fzu.edu.cn/content.jsp?urltype=news.NewsContentUrl&wbtreeid=1039&wbnewsid=14316,关于做好大学生学科竞赛项目认定工作的通知,【实践科】,2025-11-05,"各学院、各单位：
      为规范我校的大学生学科竞赛工作，促使学科竞赛管理工作更加科学化、规范化和制度化，引导和激励广大学生积极参加学科竞赛活动，依据《福州大学大学生学科竞赛管理办法》（福大教〔2019〕37号），经研究学校启动新一轮大学生学科竞赛项目认定工作。现将有关事项如下：
      一、学科竞赛项目认定原则
      1.所有学科竞赛项目均需重新进行认定。
      2.附件1中所列学科竞赛项目由学校直接进行认定。
      3.申请认定的学科竞赛须至少已连续举办过三届，举办不足三届的竞赛项目不予认定。
      4.发挥学院各专业（单位）参与学科竞赛的主体作用，促进学科竞赛活动的“规模化、系列化、特色化、品牌化”。每个专业（单位）申请的学科竞赛项目认定不超过5个，但以下情况除外：
      （1）机电工程实践中心申请的学科竞赛项目认定不超过5个。
      （2）体育教学部申请的学科竞赛项目认定不超过20个。
      （3）附件1中所列竞赛不纳入各专业（单位）申请的竞赛项目限定数。
      5.每个学科竞赛项目不同竞赛级别只需申请最高级别认定，其低级别竞赛可直接认定无需申请。
      6.同一学科竞赛项目涉及多个专业学生参加，可以以某一个专业提出申请认定（纳入该专业竞赛项目限定数），但不纳入其它专业申请的竞赛项目限定数。
      7.每个专业（单位）申请认定的学科竞赛项目实施总量控制，今后在不超过总量控制的前提下可申请新增学科竞赛项目认定，或调整已认定的学科竞赛项目。
      二、学科竞赛项目认定办法
      1.国际级学科竞赛认定依据：由联合国教科文组织或其他国际一级学会、学术团体等国际组织主办，有多所国内外著名高校相关专业参赛，具有公认的学术权威性和业内认可度，且在国内外具有重大影响力的高水平学科竞赛。
      2.国家级、省级学科竞赛级别认定依据：原则上以主办单位为行政管理部门、教学指导委员会、专业学会为准。
      （1）国家级：国家级行政管理部门、教学指导委员会、一级专业学会举办的学科竞赛项目认定为国家级。
      （2）省级：国家级行业协会（研究会）、省级行政管理部门、教学指导委员会分会、一级专业学会分会举办的学科竞赛项目认定为省级。
      3.多个主办单位联合举办的学科竞赛，依据竞赛通知和获奖证书的盖章单位原则上其级别以级别低的单位为准进行认定。
      （1）竞赛通知和获奖证书的盖章单位一致且只有一个单位盖章，按盖章单位进行级别认定。
      （2）竞赛通知和获奖证书的盖章单位一致且多个单位盖章，其级别以级别低的单位为准进行认定。
      （3）竞赛通知和获奖证书的盖章单位一致且为竞赛组委会，其级别以竞赛通知中的多个主办单位级别低的单位为准进行认定。
      （4）竞赛通知和获奖证书的盖章单位不一致，其级别以盖章级别低的单位为准进行认定。
      4.由企业主办的学科竞赛不予认定级别。
      5.主办单位不明确或组织松散的学科竞赛、低门槛获奖比例高的学科竞赛、以盈利为目的含金量低的学科竞赛不予认定级别。
      三、学科竞赛项目认定主要用途
      经学校认定的各类学科竞赛项目，主要用于学生创新创业实践与素质拓展学分的认定、教师指导学生参加学科竞赛获奖的指导绩效认定等。
      四、学科竞赛级别认定申请
      1. 附件1《2023全国普通高校大学生竞赛分析报告》竞赛目录（本科部分）中所列竞赛项目由学校直接认定级别，所列竞赛项目需认真填写《福州大学大学生学科竞赛级别直接认定项目近三年参赛及获奖情况表》（附件2）。
      2.各申请单位应依照本通知要求确定相关学科竞赛活动申报级别，认真填写《福州大学大学生学科竞赛项目认定申请表》（附件3），描述竞赛信息和我校近年参赛情况，以及其他参赛高校情况，应确保填写信息准确无误。
      3.经学院审核统一汇总后，填写《福州大学大学生学科竞赛项目认定申请汇总表》（附件4）。
      请各单位于11月21日前，将附件2、附件3、附件4和相关证明材料（每个申请认定竞赛项目均需提供最近一年有盖章的竞赛通知、获奖名单通知和获奖证书1张，其中体育竞赛还需提供最近一年竞赛秩序册。竞赛通知、获奖名单通知、获奖证书、竞赛秩序册等证明材料只需提供电子版）等书面材料及电子版报送至教务处实践教学科，Email：jwcsjk@fzu.edu.cn，凡是申请学科竞赛级别认定材料不全的项目将不予认定。
      联系电话：22866853

附件1：《2023全国普通高校大学生竞赛分析报告》竞赛目录（本科部分）
附件2：福州大学大学生学科竞赛级别直接认定项目近三年参赛及获奖情况表
附件3：福州大学大学生学科竞赛项目认定申请表
附件4：福州大学大学生学科竞赛项目认定申请汇总表

                                                                                福州大学教务处
                                                                                2025年11月5日",4,0017449848580016730231,附件3：福州大学大学生学科竞赛级别认定申请表.doc,215,https://jwch.fzu.edu.cn/system/_content/download.jsp?urltype=news.DownloadAttachUrl&owner=1744984858&wbfileid=16730231,16730231,1744984858
001039014316,https://jwch.fzu.edu.cn/content.jsp?urltype=news.NewsContentUrl&wbtreeid=1039&wbnewsid=14316,关于做好大学生学科竞赛项目认定工作的通知,【实践科】,2025-11-05,"各学院、各单位：
      为规范我校的大学生学科竞赛工作，促使学科竞赛管理工作更加科学化、规范化和制度化，引导和激励广大学生积极参加学科竞赛活动，依据《福州大学大学生学科竞赛管理办法》（福大教〔2019〕37号），经研究学校启动新一轮大学生学科竞赛项目认定工作。现将有关事项如下：
      一、学科竞赛项目认定原则
      1.所有学科竞赛项目均需重新进行认定。
      2.附件1中所列学科竞赛项目由学校直接进行认定。
      3.申请认定的学科竞赛须至少已连续举办过三届，举办不足三届的竞赛项目不予认定。
      4.发挥学院各专业（单位）参与学科竞赛的主体作用，促进学科竞赛活动的“规模化、系列化、特色化、品牌化”。每个专业（单位）申请的学科竞赛项目认定不超过5个，但以下情况除外：
      （1）机电工程实践中心申请的学科竞赛项目认定不超过5个。
      （2）体育教学部申请的学科竞赛项目认定不超过20个。
      （3）附件1中所列竞赛不纳入各专业（单位）申请的竞赛项目限定数。
      5.每个学科竞赛项目不同竞赛级别只需申请最高级别认定，其低级别竞赛可直接认定无需申请。
      6.同一学科竞赛项目涉及多个专业学生参加，可以以某一个专业提出申请认定（纳入该专业竞赛项目限定数），但不纳入其它专业申请的竞赛项目限定数。
      7.每个专业（单位）申请认定的学科竞赛项目实施总量控制，今后在不超过总量控制的前提下可申请新增学科竞赛项目认定，或调整已认定的学科竞赛项目。
      二、学科竞赛项目认定办法
      1.国际级学科竞赛认定依据：由联合国教科文组织或其他国际一级学会、学术团体等国际组织主办，有多所国内外著名高校相关专业参赛，具有公认的学术权威性和业内认可度，且在国内外具有重大影响力的高水平学科竞赛。
      2.国家级、省级学科竞赛级别认定依据：原则上以主办单位为行政管理部门、教学指导委员会、专业学会为准。
      （1）国家级：国家级行政管理部门、教学指导委员会、一级专业学会举办的学科竞赛项目认定为国家级。
      （2）省级：国家级行业协会（研究会）、省级行政管理部门、教学指导委员会分会、一级专业学会分会举办的学科竞赛项目认定为省级。
      3.多个主办单位联合举办的学科竞赛，依据竞赛通知和获奖证书的盖章单位原则上其级别以级别低的单位为准进行认定。
      （1）竞赛通知和获奖证书的盖章单位一致且只有一个单位盖章，按盖章单位进行级别认定。
      （2）竞赛通知和获奖证书的盖章单位一致且多个单位盖章，其级别以级别低的单位为准进行认定。
      （3）竞赛通知和获奖证书的盖章单位一致且为竞赛组委会，其级别以竞赛通知中的多个主办单位级别低的单位为准进行认定。
      （4）竞赛通知和获奖证书的盖章单位不一致，其级别以盖章级别低的单位为准进行认定。
      4.由企业主办的学科竞赛不予认定级别。
      5.主办单位不明确或组织松散的学科竞赛、低门槛获奖比例高的学科竞赛、以盈利为目的含金量低的学科竞赛不予认定级别。
      三、学科竞赛项目认定主要用途
      经学校认定的各类学科竞赛项目，主要用于学生创新创业实践与素质拓展学分的认定、教师指导学生参加学科竞赛获奖的指导绩效认定等。
      四、学科竞赛级别认定申请
      1. 附件1《2023全国普通高校大学生竞赛分析报告》竞赛目录（本科部分）中所列竞赛项目由学校直接认定级别，所列竞赛项目需认真填写《福州大学大学生学科竞赛级别直接认定项目近三年参赛及获奖情况表》（附件2）。
      2.各申请单位应依照本通知要求确定相关学科竞赛活动申报级别，认真填写《福州大学大学生学科竞赛项目认定申请表》（附件3），描述竞赛信息和我校近年参赛情况，以及其他参赛高校情况，应确保填写信息准确无误。
      3.经学院审核统一汇总后，填写《福州大学大学生学科竞赛项目认定申请汇总表》（附件4）。
      请各单位于11月21日前，将附件2、附件3、附件4和相关证明材料（每个申请认定竞赛项目均需提供最近一年有盖章的竞赛通知、获奖名单通知和获奖证书1张，其中体育竞赛还需提供最近一年竞赛秩序册。竞赛通知、获奖名单通知、获奖证书、竞赛秩序册等证明材料只需提供电子版）等书面材料及电子版报送至教务处实践教学科，Email：jwcsjk@fzu.edu.cn，凡是申请学科竞赛级别认定材料不全的项目将不予认定。
      联系电话：22866853

附件1：《2023全国普通高校大学生竞赛分析报告》竞赛目录（本科部分）
附件2：福州大学大学生学科竞赛级别直接认定项目近三年参赛及获奖情况表
附件3：福州大学大学生学科竞赛项目认定申请表
附件4：福州大学大学生学科竞赛项目认定申请汇总表

                                                                                福州大学教务处
                                                                                2025年11月5日",4,0017449848580016730233,附件4：福州大学大学生学科竞赛级别认定申请汇总表.doc,222,https://jwch.fzu.edu.cn/system/_content/download.jsp?urltype=news.DownloadAttachUrl&owner=1744984858&wbfileid=16730233,16730233,1744984858
001036014284,https://jwch.fzu.edu.cn/info/1036/14284.htm,关于做好2026届预计毕业生电子注册图像采集工作的通知,【教学运行】,2025-10-30,"各学院：
根据《高等教育学历证书电子注册图像采集规范及信息标准》（教毕指〔2017〕99号）等文件精神，经与新华通讯社福建分社图像采集中心（以下简称采集中心）协商，现将我校2026届预计毕业生电子注册图像采集工作通知如下：
一、采集对象
本次图像采集的对象为我校旗山校区2026届毕业班（包括2021级五年制本科、2022级四年制本科、2024级第二学士学位）全体学生。集美校区和晋江校区的采集工作由相关学院另行安排。往年已参加过图像采集的延毕学生，无需再次采集。
二、时间安排
本次图像采集定于2025年11月15-16日进行，地点安排在行政北楼西135（A组）、东111（B组）,具体方位参见附件1，各学院分班拍摄顺序详见附件2。
三、收费标准
每生20元，由各班负责人按当天实际参加拍摄人数，现场统一扫码支付给采集中心。采集中心负责将图像上传学信网，并为每位学生提供一套纸质照片（含1寸照片4张、2寸照片6张）。
四、拍摄流程
1.学信网采用基于采集码的图像采集模式，无法提供采集码的学生，一律不予拍摄。
2.所有参加拍摄的学生，都必须提前获得本人图像采集码，并下载保存到手机（采集码长期有效，获取途径详见附件3）。拍摄时，各班学生按学号从小到大依次扫描采集码获取拍摄序号，并严格按拍摄序号进行拍摄，严禁擅自调整拍摄顺序或临时出走，否则所造成的后果由违反规定学生本人承担。
3.个别学生如无法在本班指定时间段内到场拍摄，可向班级负责人请假后，于15号（或16号）下午16:00-16:30参加零散学生拍摄。零散拍摄费用由学生直接扫码支付给采集中心。
五、拍摄要求
1.衣着：学生仪表装束应大方庄重，避免复杂的图案、条纹。衣服要有领子，建议穿深色带有标准领的衬衫、夹克或者西装，不得穿制服，也不要穿与拍摄背景相近的浅蓝色衣服。
2.头发：不能梳得高耸，不得遮挡眉毛、眼睛和耳朵，长发者应将头发置于肩膀后，不得染发（黑色、深棕色除外）。
3.眼镜：不得戴有色（含隐形）眼镜，镜框不得遮挡眼睛、眉毛，镜片不能有反光。
4.佩饰：不得使用假发、头巾、帽子等头部覆盖物（宗教、医疗和文化需要时，不得遮挡脸部或造成阴影），严禁佩戴耳环、耳钉、耳机、唇钉、眉钉、项链，以及非黑色的钢丝发卡等。
5.化妆：不宜化浓妆（包括但不限于化眼影、睫毛膏、粉底、腮红、唇彩等），拍摄前应洗干净脸上的汗渍、油污，保持脸部整洁，不能使用润肤露、防晒霜等带有反光效果的护肤品，以免造成脸部高光。
6.人物姿态与表情：坐姿端正，表情自然，双眼自然睁开并平视，耳朵对称，左右肩膀平衡，嘴唇自然闭合。
六、注意事项
1.本次采集的图像除用于学信网电子注册外，纸质照片还将张贴在学生的毕业证书和学位证书之上，事关每位毕业生的切身利益，请各学院本着为学生高度负责的态度，切实做好各项准备工作，细化拍摄组织流程，引导学生有序、高效地完成采集工作。
2.确有特殊情况无法参加本次图像采集的学生，必须按学校要求进行统一补拍（补拍时间暂定明年五月中旬，具体安排另行通知）。对于学生通过其他方式自行提交的照片，学校一律不予采用。
3.所有参加图像采集的学生，都必须按规定登录学信网进行图像校对。未经校对的图像不会被学信网采用，从而导致学历学位电子注册信息无法上网对外提供查询。有关图像校对的具体安排另行通知。

附件：1.拍摄地点示意图
2.各学院分班拍摄顺序
3.获得图像采集码途径

教务处教学运行科
2025年10月30日",3,0017449848580016728635,附件3：获得图像采集码途径.pdf,2748,https://jwch.fzu.edu.cn/system/_content/download.jsp?urltype=news.DownloadAttachUrl&owner=1744984858&wbfileid=16728635,16728635,1744984858
001036014284,https://jwch.fzu.edu.cn/info/1036/14284.htm,关于做好2026届预计毕业生电子注册图像采集工作的通知,【教学运行】,2025-10-30,"各学院：
根据《高等教育学历证书电子注册图像采集规范及信息标准》（教毕指〔2017〕99号）等文件精神，经与新华通讯社福建分社图像采集中心（以下简称采集中心）协商，现将我校2026届预计毕业生电子注册图像采集工作通知如下：
一、采集对象
本次图像采集的对象为我校旗山校区2026届毕业班（包括2021级五年制本科、2022级四年制本科、2024级第二学士学位）全体学生。集美校区和晋江校区的采集工作由相关学院另行安排。往年已参加过图像采集的延毕学生，无需再次采集。
二、时间安排
本次图像采集定于2025年11月15-16日进行，地点安排在行政北楼西135（A组）、东111（B组）,具体方位参见附件1，各学院分班拍摄顺序详见附件2。
三、收费标准
每生20元，由各班负责人按当天实际参加拍摄人数，现场统一扫码支付给采集中心。采集中心负责将图像上传学信网，并为每位学生提供一套纸质照片（含1寸照片4张、2寸照片6张）。
四、拍摄流程
1.学信网采用基于采集码的图像采集模式，无法提供采集码的学生，一律不予拍摄。
2.所有参加拍摄的学生，都必须提前获得本人图像采集码，并下载保存到手机（采集码长期有效，获取途径详见附件3）。拍摄时，各班学生按学号从小到大依次扫描采集码获取拍摄序号，并严格按拍摄序号进行拍摄，严禁擅自调整拍摄顺序或临时出走，否则所造成的后果由违反规定学生本人承担。
3.个别学生如无法在本班指定时间段内到场拍摄，可向班级负责人请假后，于15号（或16号）下午16:00-16:30参加零散学生拍摄。零散拍摄费用由学生直接扫码支付给采集中心。
五、拍摄要求
1.衣着：学生仪表装束应大方庄重，避免复杂的图案、条纹。衣服要有领子，建议穿深色带有标准领的衬衫、夹克或者西装，不得穿制服，也不要穿与拍摄背景相近的浅蓝色衣服。
2.头发：不能梳得高耸，不得遮挡眉毛、眼睛和耳朵，长发者应将头发置于肩膀后，不得染发（黑色、深棕色除外）。
3.眼镜：不得戴有色（含隐形）眼镜，镜框不得遮挡眼睛、眉毛，镜片不能有反光。
4.佩饰：不得使用假发、头巾、帽子等头部覆盖物（宗教、医疗和文化需要时，不得遮挡脸部或造成阴影），严禁佩戴耳环、耳钉、耳机、唇钉、眉钉、项链，以及非黑色的钢丝发卡等。
5.化妆：不宜化浓妆（包括但不限于化眼影、睫毛膏、粉底、腮红、唇彩等），拍摄前应洗干净脸上的汗渍、油污，保持脸部整洁，不能使用润肤露、防晒霜等带有反光效果的护肤品，以免造成脸部高光。
6.人物姿态与表情：坐姿端正，表情自然，双眼自然睁开并平视，耳朵对称，左右肩膀平衡，嘴唇自然闭合。
六、注意事项
1.本次采集的图像除用于学信网电子注册外，纸质照片还将张贴在学生的毕业证书和学位证书之上，事关每位毕业生的切身利益，请各学院本着为学生高度负责的态度，切实做好各项准备工作，细化拍摄组织流程，引导学生有序、高效地完成采集工作。
2.确有特殊情况无法参加本次图像采集的学生，必须按学校要求进行统一补拍（补拍时间暂定明年五月中旬，具体安排另行通知）。对于学生通过其他方式自行提交的照片，学校一律不予采用。
3.所有参加图像采集的学生，都必须按规定登录学信网进行图像校对。未经校对的图像不会被学信网采用，从而导致学历学位电子注册信息无法上网对外提供查询。有关图像校对的具体安排另行通知。

附件：1.拍摄地点示意图
2.各学院分班拍摄顺序
3.获得图像采集码途径

教务处教学运行科
2025年10月30日",3,0017449848580016728636,附件1：拍照地点示意图.pdf,1649,https://jwch.fzu.edu.cn/system/_content/download.jsp?urltype=news.DownloadAttachUrl&owner=1744984858&wbfileid=16728636,16728636,1744984858
001036014284,https://jwch.fzu.edu.cn/info/1036/14284.htm,关于做好2026届预计毕业生电子注册图像采集工作的通知,【教学运行】,2025-10-30,"各学院：
根据《高等教育学历证书电子注册图像采集规范及信息标准》（教毕指〔2017〕99号）等文件精神，经与新华通讯社福建分社图像采集中心（以下简称采集中心）协商，现将我校2026届预计毕业生电子注册图像采集工作通知如下：
一、采集对象
本次图像采集的对象为我校旗山校区2026届毕业班（包括2021级五年制本科、2022级四年制本科、2024级第二学士学位）全体学生。集美校区和晋江校区的采集工作由相关学院另行安排。往年已参加过图像采集的延毕学生，无需再次采集。
二、时间安排
本次图像采集定于2025年11月15-16日进行，地点安排在行政北楼西135（A组）、东111（B组）,具体方位参见附件1，各学院分班拍摄顺序详见附件2。
三、收费标准
每生20元，由各班负责人按当天实际参加拍摄人数，现场统一扫码支付给采集中心。采集中心负责将图像上传学信网，并为每位学生提供一套纸质照片（含1寸照片4张、2寸照片6张）。
四、拍摄流程
1.学信网采用基于采集码的图像采集模式，无法提供采集码的学生，一律不予拍摄。
2.所有参加拍摄的学生，都必须提前获得本人图像采集码，并下载保存到手机（采集码长期有效，获取途径详见附件3）。拍摄时，各班学生按学号从小到大依次扫描采集码获取拍摄序号，并严格按拍摄序号进行拍摄，严禁擅自调整拍摄顺序或临时出走，否则所造成的后果由违反规定学生本人承担。
3.个别学生如无法在本班指定时间段内到场拍摄，可向班级负责人请假后，于15号（或16号）下午16:00-16:30参加零散学生拍摄。零散拍摄费用由学生直接扫码支付给采集中心。
五、拍摄要求
1.衣着：学生仪表装束应大方庄重，避免复杂的图案、条纹。衣服要有领子，建议穿深色带有标准领的衬衫、夹克或者西装，不得穿制服，也不要穿与拍摄背景相近的浅蓝色衣服。
2.头发：不能梳得高耸，不得遮挡眉毛、眼睛和耳朵，长发者应将头发置于肩膀后，不得染发（黑色、深棕色除外）。
3.眼镜：不得戴有色（含隐形）眼镜，镜框不得遮挡眼睛、眉毛，镜片不能有反光。
4.佩饰：不得使用假发、头巾、帽子等头部覆盖物（宗教、医疗和文化需要时，不得遮挡脸部或造成阴影），严禁佩戴耳环、耳钉、耳机、唇钉、眉钉、项链，以及非黑色的钢丝发卡等。
5.化妆：不宜化浓妆（包括但不限于化眼影、睫毛膏、粉底、腮红、唇彩等），拍摄前应洗干净脸上的汗渍、油污，保持脸部整洁，不能使用润肤露、防晒霜等带有反光效果的护肤品，以免造成脸部高光。
6.人物姿态与表情：坐姿端正，表情自然，双眼自然睁开并平视，耳朵对称，左右肩膀平衡，嘴唇自然闭合。
六、注意事项
1.本次采集的图像除用于学信网电子注册外，纸质照片还将张贴在学生的毕业证书和学位证书之上，事关每位毕业生的切身利益，请各学院本着为学生高度负责的态度，切实做好各项准备工作，细化拍摄组织流程，引导学生有序、高效地完成采集工作。
2.确有特殊情况无法参加本次图像采集的学生，必须按学校要求进行统一补拍（补拍时间暂定明年五月中旬，具体安排另行通知）。对于学生通过其他方式自行提交的照片，学校一律不予采用。
3.所有参加图像采集的学生，都必须按规定登录学信网进行图像校对。未经校对的图像不会被学信网采用，从而导致学历学位电子注册信息无法上网对外提供查询。有关图像校对的具体安排另行通知。

附件：1.拍摄地点示意图
2.各学院分班拍摄顺序
3.获得图像采集码途径

教务处教学运行科
2025年10月30日",3,0017449848580016728634,附件2：各学院分班拍摄顺序.pdf,2241,https://jwch.fzu.edu.cn/system/_content/download.jsp?urltype=news.DownloadAttachUrl&owner=1744984858&wbfileid=16728634,16728634,1744984858
001036014315,https://jwch.fzu.edu.cn/info/1036/14315.htm,关于2025-2026学年第一学期《概率论与数理统计》课程半期考试安排的通知,【教学运行】,2025-11-04,"各有关学院：
定于11月16日下午进行《概率论与数理统计》课程半期考试，请有关协助监考学院按考表（见附件）安排监考老师并录入系统，及时通知监考老师和学生上系统查看考试信息，以免延误考试。
为保证考试的顺利进行，如其他教学安排时间或地点与此次考试冲突，请予以调整。

数统学院
教务处
2025年11月4日",1,0017449848580016729972,2501概率论半期考11.16下午.xlsx,415,https://jwch.fzu.edu.cn/system/_content/download.jsp?urltype=news.DownloadAttachUrl&owner=1744984858&wbfileid=16729972,16729972,1744984858
001036014283,https://jwch.fzu.edu.cn/info/1036/14283.htm,关于2025-2026学年第一学期《大学物理A（下）》、《大学物理B（下）》课程半期考试安排的通知,【教学运行】,2025-10-29,"各有关学院：
定于11月9日上午进行《大学物理A（下）》和《大学物理B（下）》课程半期考试，请有关协助监考学院按考表（见附件）安排监考老师并录入系统，及时通知监考老师和学生上系统查看考试信息，以免延误考试。
为保证考试的顺利进行，如其他教学安排时间或地点与此次考试冲突，请予以调整。

物信学院
教务处
2025年10月29日",1,0017449848580016728534,2501大物A（下）、B（下）半期考11.9上午.xlsx,508,https://jwch.fzu.edu.cn/system/_content/download.jsp?urltype=news.DownloadAttachUrl&owner=1744984858&wbfileid=16728534,16728534,1744984858
001036014281,https://jwch.fzu.edu.cn/info/1036/14281.htm,关于2025-2026学年第一学期《高等数学A（下）》课程半期考试安排的通知,【教学运行】,2025-10-29,"各有关学院：
定于11月2日上午进行《高等数学A（下）》课程半期考试，请有关协助监考学院按考表（见附件）安排监考老师并录入系统，及时通知监考老师和学生上系统查看考试信息，以免延误考试。
为保证考试的顺利进行，如其他教学安排时间或地点与此次考试冲突，请予以调整。

数统学院
教务处
2025年10月29日",1,0017449848580016728461,2501高等数学A（下）半期考11.2上午.xlsx,436,https://jwch.fzu.edu.cn/system/_content/download.jsp?urltype=news.DownloadAttachUrl&owner=1744984858&wbfileid=16728461,16728461,1744984858
001036014278,https://jwch.fzu.edu.cn/content.jsp?urltype=news.NewsContentUrl&wbtreeid=1036&wbnewsid=14278,关于做好2025-2026学年本科生转专业工作的通知,【教学运行】,2025-10-28,"各学院：
根据教育部令第41号《普通高等学校学生管理规定》及《福州大学本科生转专业管理实施办法》(福大教〔2025〕32号)文件精神，为充分调动学生学习的积极性，营造有利于学生成长的良好环境，现将2025-2026学年本科生转专业工作有关事宜通知如下:
一、基本条件
1．申请转专业的学生必须是在校修读的大一、大二、大三的学生，且符合《福州大学本科生转专业管理实施办法》(福大教〔2025〕32号)规定的基本条件。
2．各专业接收转入人数规定：接收的大一学生人数不超过该专业入学时实际招生数的20%；接收的大二学生人数不超过该专业入学时实际招生数的5%；接收的大三学生人数不超过该专业入学时实际招生数的3%。
二、时间安排及工作流程
1．11月10日前，各学院根据本学院教学资源情况和学校的规定，制定本学院转专业实施细则，报送教务处教学运行科（含电子版）。
各学院在制定本学院转专业实施细则时须注意：
（1）学院不得将学生的成绩绩点、课程成绩以及高考成绩作为准入条件（如：成绩平均绩点不低于3.0；成绩平均绩点在专业排名前15%;英语成绩不低于70分等）；也不得将学生的成绩绩点作为最终考核成绩的一个部分；
（2）学院可根据专业需要对学生采取笔试、面试等考核方式，并根据笔试、面试等成绩确定接收名单；录取专业对学生有特定要求的，例如需考核物理、数学等，务必在考核内容中体现；
（3）接收转入人数不得按院内院外分配名额；
（4）高年级转专业原则上需降级就读,细则中应明确具体降级要求。
2．11月14日前，教务处根据相关规定及各学院的教学资源情况，对各学院上报的转专业实施细则进行汇总初审，在教务处网站上统一公布。
3．接收学院公布咨询时间，安排专人或通过学院网站接受学生咨询。
4．11月21日至24日，申请转专业的学生根据学校公布的转专业计划和自己的意愿进行网上报名申请（登录教务处本科教学管理系统点击“各类申请”—“转专业申请”），每个学生只能报名一个志愿，逾期不再受理。
5．11月27日前，教务处审核学生报名资格。11月28日-30日，通过教务处审核的学生应从教务管理系统“转专业申请”页面中打印《福州大学本科生转专业申请审批表》，以备后续流程使用。
6．12月12日前，接收学院考核、拟定接收名单并报教务处。各接收学院应及时通知报名学生携带转专业审批表及相应的证明材料（如可证明本人特长的证书复印件等）于指定日期参加考核，并按照公布的接收条件和考核办法对所有申请转入的学生进行全面考核，确定拟同意转入的学生名单。各学院在12月12日前将拟同意转入各专业学生在教务系统内进行确认操作，打印《拟同意转专业名单汇总表》并附相关申请、考核等转专业材料报教务处教学运行科。
7．属于《福州大学本科生转专业管理实施办法》(福大教〔2025〕32号)第六条中第二种情形的学生，须由学生本人申请并提供相应证明材料，学生所在学院核实签字汇总后，于12月12日前报教务处审核，逾期不再受理。
8．12月22日前，教务处对拟同意转专业学生进行汇总初审，报学校本科生学籍事务管理委员会审核通过后，在教务处网站上对拟批准转专业的学生名单进行公示。
9．12月31日前，教务处发文，各学院通知相关学生并做好相应的转专业后续工作。
三、转入考核工作要求
1．各学院要充分认识转专业工作的重要性，加强转专业学生转入考核工作的组织管理，明确工作纪律、笔试和面试的具体工作程序和考核录取办法，在对学生考核前在本单位网站公布，并报教务处备案。
2．各学院应成立本科生转专业工作领导小组，负责学院转专业工作的组织实施。各专业面试小组至少由5名办事公正、经验丰富、教学科研水平高、责任心强的教师组成（须为奇数），负责各专业的面试考核工作。
3．各学院要认真组织好各项考务工作，加强管理，切实做好试卷的保密工作，保证转专业工作的公正性、严肃性、权威性和保密性，确保各项考试的安全、公平、公正。
4．各学院应加强过程监管，所有笔试参考研究生招生复试的保密要求进行出卷和保管，所有面试须学院纪委全程监督，并全程录音录像，教务处将进行现场抽查。上述考试和音视频资料至少保存5年备查。
福州大学教务处
2025年10月28日",0,,,,,,
001036014277,https://jwch.fzu.edu.cn/content.jsp?urltype=news.NewsContentUrl&wbtreeid=1036&wbnewsid=14277,福州大学关于印发本科生转专业管理实施办法的通知,【教学运行】,2025-10-28,"福大教〔2025〕32号

各学院，机关各部门，各单位：
《福州大学本科生转专业管理实施办法》经福州大学本科生学籍事务管理委员会审议通过，现印发给你们，请遵照执行。

福  州  大  学

2025年10月27日

福州大学本科生转专业管理实施办法
第一章 总 则
第一条 为进一步规范本科生转专业工作，根据《普通高等学校学生管理规定》（教育部令第41号）精神，结合学校实际，制定本办法。
第二条 学校本科生学籍事务管理委员会负责本科生转专业工作。
第二章 基本原则
第三条 转专业工作按照“自由申请、宏观控制、规定时间、公开考核、双向选择”的要求开展。在学校规定的时间内，学生自愿申请，学生和专业双向选择，学校组织各学院在公平、公正、公开的基础上对学生进行考核，专业所在学院根据学生考核情况选拔录取学生。
第四条 各专业应结合社会对人才需求情况的发展变化和教学资源条件等上报转专业实施细则（包含转入条件、具体考核内容和办法、各专业拟接收转入学生人数、高年级转专业原则上需降级就读等），并经教务处初审和学校本科生学籍事务管理委员会审核通过。接收大一学生转专业人数原则上不超过该专业入学时实际招生数的20%；接收大二学生转专业人数原则上不超过该专业入学时实际招生数的5%；接收大三学生转专业人数原则上不超过该专业入学时实际招生数的3%。留学生、港澳台侨生，以及因患病或者有特殊困难、特别需要，无法继续在本专业学习或者不适应本专业学习要求，但尚可在其他专业学习的学生，其转专业人数指标可单列。
第五条  转专业每学年办理一次，学生可以在第一学期末、第三学期末、第五学期末自主申请转专业。学生在学期间只能转一次专业（包括进入转专业公示名单者）。
第三章  基本条件
第六条  学生符合以下情形之一的，可以申请转专业：
（一）在学习期间对其他专业有兴趣和专长的。
（二）因患病或者有特殊困难、特别需要，无法继续在本专业学习或者不适应本专业学习要求，但尚可在其他专业学习的。
第七条  各专业应制定科学合理的转专业转入条件，对具有学术特长或较强创新特质学生以及留学生和港澳台侨生，其转专业的转入条件可单独制定，但应与普通学生的转入条件一并同时公布。
属于本办法第六条中第二种情形的学生，其转专业条件及相关证明材料由学校本科生学籍事务管理委员会认定。
第八条  面向福州、厦门和泉州单列招生录取的学生，入学后只能在各自面向区域招生的专业范围内申请转专业；面向区域招生范围如有变化，以录取当年招生章程为准；录取地质工程、资源勘查工程、采矿工程和矿物加工工程专业的学生只能在此四个专业内申请转专业；普通类专业和艺术类专业之间不能申请互转专业；美术学类、设计学类专业不能与音乐学专业申请互转专业；因培养模式不同，学生不可申请转入临床医学专业及中外合作办学、闽台高校联合培养人才项目相关专业。
第九条  录取时对转专业有特殊规定的按规定办理。
第十条  经学校批准休学创业后复学的学生，其创业经历与转入专业相关且转专业后更有利于学生个人发展的，转入专业应在同等情况下优先考虑。
退役后复学的学生因自身情况需要转专业的，转入专业应优先考虑。
第十一条  学生有下列情形之一的，不得转专业：
（一）国家有相关规定或者录取前与学校有明确约定的。
（二）定向生、高水平运动队。
（三）中外合作办学、闽台高校联合培养人才项目的学生。
（四）本科四年级（含）以上学生。
（五）保留入学资格、保留学籍、休学期间的。
（六）应予以退学或应受到开除学籍处分的。
（七）其他有失公平、公正的。
第四章 工作程序
第十二条 教务处发布通知启动转专业工作。
第十三条 学院成立本科生转专业工作领导小组，负责学院转专业工作的组织实施。各学院根据本学院教学资源情况和学校的规定，制定本学院转专业实施细则，上报教务处。
第十四条 教务处根据本办法及各学院的教学资源情况，对各学院上报的转专业实施细则进行汇总初审，并将初审结果报学校本科生学籍事务管理委员会审核通过后，由教务处在学校网站上统一公布。
第十五条 接收学院公布咨询时间，安排专人或通过学院网站接受学生咨询。
第十六条 申请转专业的学生根据学校公布的转专业计划和自己的意愿进行网上报名申请，通过教务处初审报名资格后打印《福州大学本科学生转专业审批表》，连同相应的证明材料（如可证明本人兴趣爱好的证书复印件等）在规定时间内送交学生所在学院教学办，所在学院教学办汇总后分送各有关学院教学办。
第十七条 各接收学院遵照公布的转入条件和考核办法对申请转入的学生进行全面考核，确定拟同意转入的学生名单报送教务处。
第十八条 属于本规定第六条中第二种情形的学生，须由学生本人申请并提供相应证明材料，学生所在学院核实后上报教务处，教务处汇总后上报学校本科生学籍事务管理委员会。学校本科生学籍事务管理委员会研究确定拟同意转专业学生名单，并将结果通知教务处和各相关学院。
第十九条 教务处对拟同意转专业学生进行汇总初审，报学校本科生学籍事务管理委员会审核通过后，在学校网站上对拟批准转专业的学生名单进行公示，公示结束后发文正式公布。
第二十条 各学院收到学校同意转专业的正式文件后，通知相关学生并做好相应的转专业后续工作。
第二十一条 学生在原专业已修课程学分可根据学校有关规定申请学分认定。转专业学分认定后，学生应补修转入专业培养方案中规定要求的、但在原专业未修读的课程。
第五章 其他事宜
第二十二条 各学院应指导学生切实做好自身学业规划，慎重申请转专业。转专业的学生一旦被录取且在规定的公示期结束后，不得放弃转专业资格。
第二十三条 本办法自2025年11月1日起施行。原《福州大学本科生转专业管理实施办法》（福大教〔2025〕13号）自本办法施行之日起废止，但其中第二十三条继续适用于2024级及之前学生，并在其完成转专业相关工作前，与本办法并行执行。
第二十四条  本办法具体解释工作由教务处承担。",0,,,,,,
001039014274,https://jwch.fzu.edu.cn/content.jsp?urltype=news.NewsContentUrl&wbtreeid=1039&wbnewsid=14274,关于组织参加2026年美国大学生数学建模竞赛的通知,【实践科】,2025-10-24,"各学院：    
    为了培养大学生的创新意识及运用数学方法和计算机技术解决实际问题的能力，提高运用英语撰写竞赛论文的水平，经研究，决定由数学与统计学院统一组织、指导学生参加美国大学生数学建模竞赛（MCM/ICM），学校将对参赛队伍给予重点支持。
    美国大学生数学建模竞赛（MCM/ICM），简称美赛，由美国数学及其应用联合会主办，是世界范围内最具影响力的数学建模竞赛之一。美赛分为MCM（The Mathematical Contest in Modeling数学建模竞赛）和ICM （Interdisciplinary Contest in Modeling跨学科建模竞赛），2026年美国大学生数学建模竞赛将于北京时间2026年1月30日上午6:00至2026年2月3日上午9:00（美国东部时间2026年1月29日15:00至2026年2月2日20:00）举行，欢迎具备条件的同学踊跃报名参加，并实名（学号+姓名）加入美赛交流群（QQ群号1：932887239，QQ群号2：317323015），具体事项请关注QQ群通知。
联系电话：13788891911（周老师），18050401478（吕老师）

福州大学教务处
2025年10月24日",0,,,,,,
001040014264,https://jwch.fzu.edu.cn/info/1040/14264.htm,关于为2025年新上岗教师配备导师的通知,【质量办】,2025-10-21,"各学院，有关单位：
根据我校2025年新教师岗前培训工作安排及任务分工，请各学院、教学单位严把教学质量关，为新上岗教师配备优秀导师，推进本单位新教师培养工作。现将有关事项通知如下：
1.导师配备要求：
（1）导师需为副教授及以上职称，教学效果良好；
（2）原则上每名导师最多只能指导2名新教师；
（3）辅导员承担职业生涯规划类课程由学工部负责配备导师。
2.各学院、单位教学干事填写《2025年福州大学新上岗教师达标培训班名单（配导师）》（附件），于2025年10月28日前将签字盖章的纸质版材料交至行政北楼西208办公室，电子版汇总表发至1150944429@qq.com，联系人：郑丽娟，电话：13201850213。
3.教务处将对各学院上报的导师配备情况进行汇总统计，并报教师工作部。

附件：2025年福州大学新上岗教师达标培训班名单（配导师）

教务处、教师工作部
2025年10月21日",1,0017449848580016726268,2025年福州大学新上岗教师达标培训班名单（配导师）.xlsx,795,https://jwch.fzu.edu.cn/system/_content/download.jsp?urltype=news.DownloadAttachUrl&owner=1744984858&wbfileid=16726268,16726268,1744984858
001040014251,https://jwch.fzu.edu.cn/info/1040/14251.htm,关于举办福州大学第七十四场“教学有道”研讨活动暨2025年教师教学创新大赛培训会的通知,【质量办】,2025-10-13,"各学院：
为帮助我校教师做好2025年教师教学创新大赛参赛准备工作，引导教师积极开展教学改革和创新，提升教师教学水平和育人能力。经研究，学校决定举办第七十四场“教学有道”专题研讨活动暨2025年教师教学创新大赛培训会，具体安排通知如下：
一、研讨主题
高校教师教学创新大赛备赛攻略
二、研讨时间
2025年10月15日（星期三）下午2:30
三、主讲人
福州大学本科教学督导组组长 阮奇教授
福州大学数学与统计学院  薛美玉副教授
四、研讨地点
旗山校区公共教学楼中楼107
五、参会人员
1.已报名参加福州大学2025年教师教学创新大赛的教师需到场参加；
2．其他感兴趣教师。
请参加现场培训人员提前15分钟签到入场。

教务处
2025年10月13日",0,,,,,,
001036014245,https://jwch.fzu.edu.cn/info/1036/14245.htm,关于组织2025级新生开展学籍信息自查工作的通知,【教学运行】,2025-10-11,"各学院：
我校2025级新生学籍电子注册工作现已基本完成。根据《高等学校学生学籍学历电子注册办法》（教学〔2014〕11号）等文件要求，为确保学生学籍信息真实准确，切实维护学生权益，所有新生都必须登陆学信网查询、核对本人学籍信息。该学籍信息将为学生在今后毕业就业、学历注册、推荐免试研究生等方面提供基本数据支撑。现将有关事项通知如下：
一、工作安排
1. 新生应于10月17日前注册登录学信网，核查本人学籍信息是否正确。
2. 因相关省级招生考试机构尚未将港澳台侨和第二学士学位新生的录取信息上传学信网，这部分学生的学籍信息自查安排另行通知。
3. 外国留学生无需参加学籍信息自查。
二、操作流程
1. 登录“中国高等教育学生信息网（学信网）”（网址：https://www.chsi.com.cn/）。
2. 点击菜单栏中的【学籍查询】，进入“学信档案”界面。
3. 点击【注册学信网账号】，进入“实名注册”界面（已注册账号者可直接点击【登录学信档案】，进入登录界面）。
4. 按系统要求准确填写各项信息，并牢记注册信息，注意信息安全，便于将来继续查询本人学籍学历学位信息。注册时必须填写真实姓名，除特别说明者外，国内大陆地区新生都只能使用居民身份证进行注册（身份证号最后一位为“X”时必须大写）；每个姓名和证件号码只能注册一次，只有当注册的姓名、证件号码与学籍信息完全一致，才能查询到本人学籍。
信息填写完后点击【立即注册】，显示账号注册成功。
港澳台侨新生如何注册请耐心等待教务处后续通知，切勿擅自提前进行注册，以免造成不必要的麻烦。
5. 登录系统，依次点击【学信档案】-【高等教育信息】-【学籍】，即可查询到本人的学籍信息。请务必仔细核对各项信息（包括录取照片、姓名、性别、出生日期、民族、证件号码、学校名称、层次、专业、学制、学历类别、学习形式、分院、班级、学号、入学日期、预计毕业日期、学籍状态等）是否正确，如所有信息均无误，正常退出系统，自查工作完成；如发现信息有误，则应尽快向所在学院教学办反馈。
三、注意事项
1. 学历照片目前暂缺，毕业前学校会安排集中拍摄；系所全校统一为空。
2. 入选学校“数理综合班”“数理金融实验班”的同学，专业名称暂时仍为原录取专业，待将来专业分流后再作调整。
3. 五十六个民族之外的少数民族（如“穿青人”“僜人”等）统一标注为“其他”。
4. 学信网注册时如遇到问题，可进入“帮助中心”查看。

教务处注册中心
2025年10月11日",0,,,,,,
001040014235,https://jwch.fzu.edu.cn/info/1040/14235.htm,关于举办福州大学第七十三场“教学有道”研讨活动的通知,【质量办】,2025-09-28,"各学院、有关单位：
为推动课程思政建设，探索数智技术赋能教学改革，提高人才培养质量，经研究，学校决定举办第七十三场“教学有道”专题研讨活动。现将有关事项通知如下：
一、研讨主题
数智赋能·思政铸魂
二、研讨时间
2025年9月29日（星期一）14:30
三、主讲人
紫金地质与矿业学院 林木森副教授
四、研讨地点
旗山校区紫金楼219会议室
五、承办单位
紫金地质与矿业学院
六、参会人员
1、紫金地质与矿业学院教师；
2、全校其他感兴趣的教师。

主讲人简介：
林木森，副教授，现任福州大学校级本科教学督导员、福建省总工会劳模工匠宣讲团宣讲员。荣获全国高校青年教师教学竞赛二等奖、全国高校教师教学创新大赛三等奖、全国大学青年教师地质课程教学比赛一等奖、福建省五一劳动奖章、福建省高校青年教师教学能手等荣誉。

福州大学教务处
2025年9月28日",0,,,,,,
001036014232,https://jwch.fzu.edu.cn/info/1036/14232.htm,关于2025-2026-01学期体育理论教室安排（2025级）的通知,【教学运行】,2025-09-26,"请所有新生，带好体育理论教材，按指定的上课时间，任课老师，到对应的教室上课。

体育教务事宜咨询电话：13960709807 保健班电话：13950305835

任课教师
上课时间地点
人数
年级
上课时间
教室
教室容量

陈楠茜
04-20 星期1:5-6节 铜盘教学楼
35
2025
9月29日
铜盘A207
120

高明轩
04-20 星期1:5-6节 铜盘教学楼
41
2025
9月29日
铜盘A208
120

何玮翔
04-20 星期1:5-6节 铜盘教学楼
39
2025
9月29日
铜盘A211
60

胡晟
04-20 星期1:5-6节 铜盘教学楼
30
2025
9月29日
铜盘A311
120

黄巧奇
04-20 星期1:5-6节 铜盘教学楼
30
2025
9月29日
铜盘A312
120

李粲
04-20 星期1:5-6节 铜盘教学楼
30
2025
9月29日
铜盘A313
32

刘畅
04-20 星期1:5-6节 铜盘教学楼
43
2025
9月29日
铜盘A314
60

汪焱
04-20 星期1:5-6节 铜盘教学楼
30
2025
9月29日
铜盘A315
60

吴杰忠
04-20 星期1:5-6节 铜盘教学楼
29
2025
9月29日
铜盘A316
60

吴能威
04-20 星期1:5-6节 铜盘教学楼
32
2025
9月29日
铜盘A317
60

张玲
04-20 星期1:5-6节 铜盘教学楼
29
2025
9月29日
铜盘A405
93

赵炜锌
04-20 星期1:5-6节 铜盘教学楼
42
2025
9月29日
铜盘A411
68

陈楠茜
04-20 星期1:7-8节 铜盘教学楼
43
2025
9月29日
铜盘A207
120

高明轩
04-20 星期1:7-8节 铜盘教学楼
43
2025
9月29日
铜盘A208
120

何玮翔
04-20 星期1:7-8节 铜盘教学楼
38
2025
9月29日
铜盘A211
60

胡晟
04-20 星期1:7-8节 铜盘教学楼
43
2025
9月29日
铜盘A311
120

黄巧奇
04-20 星期1:7-8节 铜盘教学楼
31
2025
9月29日
铜盘A312
120

李粲
04-20 星期1:7-8节 铜盘教学楼
36
2025
9月29日
铜盘A313
32

刘畅
04-20 星期1:7-8节 铜盘教学楼
43
2025
9月29日
铜盘A314
60

汪焱
04-20 星期1:7-8节 铜盘教学楼
41
2025
9月29日
铜盘A315
60

吴杰忠
04-20 星期1:7-8节 铜盘教学楼
41
2025
9月29日
铜盘A316
60

吴能威
04-20 星期1:7-8节 铜盘教学楼
43
2025
9月29日
铜盘A317
60

张玲
04-20 星期1:7-8节 铜盘教学楼
32
2025
9月29日
铜盘A405
93

范新垲
04-20 星期2:3-4节 旗山教室
30
2025
9月30日
旗山西3-202
151

官钟威
04-20 星期2:3-4节 旗山教室
30
2025
9月30日
旗山西3-301
154

何玮翔
04-20 星期2:3-4节 旗山教室
30
2025
9月30日
旗山西3-404
151

何瑜
04-20 星期2:3-4节 旗山教室
34
2025
9月30日
旗山西3-504
151

黄丽涵
04-20 星期2:3-4节 旗山教室
32
2025
9月30日
旗山西2-502
40

李慧德
04-20 星期2:3-4节 旗山教室
30
2025
9月30日
旗山西2-503
44

李仕丰
04-20 星期2:3-4节 旗山教室
38
2025
9月30日
旗山西1-201
133

林萌
04-20 星期2:3-4节 旗山教室
42
2025
9月30日
旗山西1-202
124

林松
04-20 星期2:3-4节 旗山教室
30
2025
9月30日
旗山西1-203
119

沈逸萍
04-20 星期2:3-4节 旗山教室
42
2025
9月30日
旗山西1-205
126

孙克双
04-20 星期2:3-4节 旗山教室
30
2025
9月30日
旗山西1-303
122

吴能威
04-20 星期2:3-4节 旗山教室
30
2025
9月30日
旗山西1-405
121

陈彤
04-20 星期2:5-6节 铜盘教学楼
46
2025
9月30日
铜盘A207
120

范新垲
04-20 星期2:5-6节 铜盘教学楼
41
2025
9月30日
铜盘A208
120

高明轩
04-20 星期2:5-6节 铜盘教学楼
42
2025
9月30日
铜盘A213
60

龚海
04-20 星期2:5-6节 铜盘教学楼
36
2025
9月30日
铜盘A311
120

何玮翔
04-20 星期2:5-6节 铜盘教学楼
40
2025
9月30日
铜盘A312
120

黄丽涵
04-20 星期2:5-6节 铜盘教学楼
36
2025
9月30日
铜盘A313
32

黄文敏
04-20 星期2:5-6节 铜盘教学楼
39
2025
9月30日
铜盘A314
60

李慧德
04-20 星期2:5-6节 铜盘教学楼
42
2025
9月30日
铜盘A315
60

李雨隆
04-20 星期2:5-6节 铜盘教学楼
40
2025
9月30日
铜盘A316
60

沈逸萍
04-20 星期2:5-6节 铜盘教学楼
41
2025
9月30日
铜盘A317
60

孙克双
04-20 星期2:5-6节 铜盘教学楼
40
2025
9月30日
铜盘A405
93

王朝阳
04-20 星期2:5-6节 铜盘教学楼
40
2025
9月30日
铜盘A409
120

王然科
04-20 星期2:5-6节 铜盘教学楼
46
2025
9月30日
铜盘A410
120

王长琦
04-20 星期2:5-6节 铜盘教学楼
44
2025
9月30日
铜盘A411
68

吴杰忠
04-20 星期2:5-6节 铜盘教学楼
42
2025
9月30日
铜盘A412
60

谢佳辉
04-20 星期2:5-6节 铜盘教学楼
43
2025
9月30日
铜盘A413
60

陈彤
04-20 星期2:7-8节 铜盘教学楼
36
2025
9月30日
铜盘A207
120

范新垲
04-20 星期2:7-8节 铜盘教学楼
40
2025
9月30日
铜盘A208
120

高明轩
04-20 星期2:7-8节 铜盘教学楼
40
2025
9月30日
铜盘A213
60

龚海
04-20 星期2:7-8节 铜盘教学楼
35
2025
9月30日
铜盘A311
120

何玮翔
04-20 星期2:7-8节 铜盘教学楼
40
2025
9月30日
铜盘A312
120

黄丽涵
04-20 星期2:7-8节 铜盘教学楼
35
2025
9月30日
铜盘A313
32

黄文敏
04-20 星期2:7-8节 铜盘教学楼
48
2025
9月30日
铜盘A314
60

李雨隆
04-20 星期2:7-8节 铜盘教学楼
40
2025
9月30日
铜盘A315
60

沈逸萍
04-20 星期2:7-8节 铜盘教学楼
34
2025
9月30日
铜盘A316
60

孙克双
04-20 星期2:7-8节 铜盘教学楼
40
2025
9月30日
铜盘A317
60

王朝阳
04-20 星期2:7-8节 铜盘教学楼
40
2025
9月30日
铜盘A405
93

王然科
04-20 星期2:7-8节 铜盘教学楼
40
2025
9月30日
铜盘A409
120

王长琦
04-20 星期2:7-8节 铜盘教学楼
36
2025
9月30日
铜盘A410
120

吴杰忠
04-20 星期2:7-8节 铜盘教学楼
40
2025
9月30日
铜盘A411
68

谢佳辉
04-20 星期2:7-8节 铜盘教学楼
40
2025
9月30日
铜盘A412
60

卞兰
05-20 星期3:1-2节 铜盘教学楼
27
2025
10月11日
铜盘A207
120

陈彤
05-20 星期3:1-2节 铜盘教学楼
42
2025
10月11日
铜盘A208
120

何瑜
05-20 星期3:1-2节 铜盘教学楼
27
2025
10月11日
铜盘A311
120

林萌
05-20 星期3:1-2节 铜盘教学楼
25
2025
10月11日
铜盘A313
32

刘畅
05-20 星期3:1-2节 铜盘教学楼
31
2025
10月11日
铜盘A407
145

汪普奎
05-20 星期3:1-2节 铜盘教学楼
38
2025
10月11日
铜盘A409
120

卞兰
05-20 星期3:3-4节 铜盘教学楼
35
2025
10月11日
铜盘A207
120

范新垲
05-20 星期3:3-4节 铜盘教学楼
35
2025
10月11日
铜盘A208
120

官钟威
05-20 星期3:3-4节 铜盘教学楼
34
2025
10月11日
铜盘A311
120

何瑜
05-20 星期3:3-4节 铜盘教学楼
30
2025
10月11日
铜盘A313
32

黄丽涵
05-20 星期3:3-4节 铜盘教学楼
36
2025
10月11日
铜盘A405
93

黄衍存
05-20 星期3:3-4节 铜盘教学楼
31
2025
10月11日
铜盘A502
106

李慧德
05-20 星期3:3-4节 铜盘教学楼
30
2025
10月11日
铜盘A503
112

李雨隆
05-20 星期3:3-4节 铜盘教学楼
36
2025
10月11日
铜盘A507
93

林萌
05-20 星期3:3-4节 铜盘教学楼
35
2025
10月11日
铜盘A511
36

刘畅
05-20 星期3:3-4节 铜盘教学楼
35
2025
10月11日
铜盘A512
36

汪普奎
05-20 星期3:3-4节 铜盘教学楼
30
2025
10月11日
铜盘A513
36

王朝阳
05-20 星期3:3-4节 铜盘教学楼
34
2025
10月11日
铜盘A514
36

张翡娟
05-20 星期3:3-4节 铜盘教学楼
35
2025
10月11日
铜盘A601
105

张玲
05-20 星期3:3-4节 铜盘教学楼
31
2025
10月11日
铜盘A603
109

卞兰
05-20 星期3:5-6节 铜盘教学楼
32
2025
10月11日
铜盘A109
120

范新垲
05-20 星期3:5-6节 铜盘教学楼
39
2025
10月11日
铜盘A110
120

龚海
05-20 星期3:5-6节 铜盘教学楼
32
2025
10月11日
铜盘A201
120

官钟威
05-20 星期3:5-6节 铜盘教学楼
30
2025
10月11日
铜盘A202
120

何瑜
05-20 星期3:5-6节 铜盘教学楼
31
2025
10月11日
铜盘A207
120

胡晟
05-20 星期3:5-6节 铜盘教学楼
30
2025
10月11日
铜盘A208
120

黄丽涵
05-20 星期3:5-6节 铜盘教学楼
30
2025
10月11日
铜盘A211
60

黄文敏
05-20 星期3:5-6节 铜盘教学楼
50
2025
10月11日
铜盘A212
60

李粲
05-20 星期3:5-6节 铜盘教学楼
31
2025
10月11日
铜盘A213
60

李慧德
05-20 星期3:5-6节 铜盘教学楼
43
2025
10月11日
铜盘A311
120

李仕丰
05-20 星期3:5-6节 铜盘教学楼
33
2025
10月11日
铜盘A312
120

李雨隆
05-20 星期3:5-6节 铜盘教学楼
37
2025
10月11日
铜盘A313
32

林萌
05-20 星期3:5-6节 铜盘教学楼
33
2025
10月11日
铜盘A314
60

汪普奎
05-20 星期3:5-6节 铜盘教学楼
31
2025
10月11日
铜盘A315
60

汪焱
05-20 星期3:5-6节 铜盘教学楼
34
2025
10月11日
铜盘A316
60

王朝阳
05-20 星期3:5-6节 铜盘教学楼
39
2025
10月11日
铜盘A317
60

王然科
05-20 星期3:5-6节 铜盘教学楼
42
2025
10月11日
铜盘A405
93

谢佳辉
05-20 星期3:5-6节 铜盘教学楼
36
2025
10月11日
铜盘A406
142

张翡娟
05-20 星期3:5-6节 铜盘教学楼
32
2025
10月11日
铜盘A411
68

张玲
05-20 星期3:5-6节 铜盘教学楼
38
2025
10月11日
铜盘A412
60

龚海
05-20 星期3:7-8节 铜盘教学楼
37
2025
10月11日
铜盘A109
120

官钟威
05-20 星期3:7-8节 铜盘教学楼
33
2025
10月11日
铜盘A110
120

何瑜
05-20 星期3:7-8节 铜盘教学楼
32
2025
10月11日
铜盘A201
120

胡晟
05-20 星期3:7-8节 铜盘教学楼
39
2025
10月11日
铜盘A202
120

黄丽涵
05-20 星期3:7-8节 铜盘教学楼
36
2025
10月11日
铜盘A207
120

黄文敏
05-20 星期3:7-8节 铜盘教学楼
41
2025
10月11日
铜盘A208
120

李粲
05-20 星期3:7-8节 铜盘教学楼
33
2025
10月11日
铜盘A211
60

李仕丰
05-20 星期3:7-8节 铜盘教学楼
42
2025
10月11日
铜盘A212
60

李雨隆
05-20 星期3:7-8节 铜盘教学楼
42
2025
10月11日
铜盘A213
60

林萌
05-20 星期3:7-8节 铜盘教学楼
34
2025
10月11日
铜盘A311
120

汪普奎
05-20 星期3:7-8节 铜盘教学楼
37
2025
10月11日
铜盘A312
120

汪焱
05-20 星期3:7-8节 铜盘教学楼
37
2025
10月11日
铜盘A313
32

王朝阳
05-20 星期3:7-8节 铜盘教学楼
42
2025
10月11日
铜盘A314
60

王然科
05-20 星期3:7-8节 铜盘教学楼
40
2025
10月11日
铜盘A315
60

谢佳辉
05-20 星期3:7-8节 铜盘教学楼
37
2025
10月11日
铜盘A316
60

张翡娟
05-20 星期3:7-8节 铜盘教学楼
35
2025
10月11日
铜盘A317
60

张玲
05-20 星期3:7-8节 铜盘教学楼
34
2025
10月11日
铜盘A405
93

卞兰
05-20 星期4:1-2节 铜盘教学楼
30
2025
10月9日
铜盘A202
120

陈楠茜
05-20 星期4:1-2节 铜盘教学楼
37
2025
10月9日
铜盘A207
120

沈逸萍
05-20 星期4:1-2节 铜盘教学楼
32
2025
10月9日
铜盘A208
120

王长琦
05-20 星期4:1-2节 铜盘教学楼
34
2025
10月9日
铜盘A311
120

吴能威
05-20 星期4:1-2节 铜盘教学楼
41
2025
10月9日
铜盘A312
120

卞兰
05-20 星期4:3-4节 铜盘教学楼
31
2025
10月9日
铜盘A202
120

陈楠茜
05-20 星期4:3-4节 铜盘教学楼
29
2025
10月9日
铜盘A207
120

沈逸萍
05-20 星期4:3-4节 铜盘教学楼
30
2025
10月9日
铜盘A208
120

宋永范
05-20 星期4:3-4节 铜盘教学楼
30
2025
10月9日
铜盘A311
120

王长琦
05-20 星期4:3-4节 铜盘教学楼
30
2025
10月9日
铜盘A312
120

吴能威
05-20 星期4:3-4节 铜盘教学楼
30
2025
10月9日
铜盘A313
32

黄衍存
05-20 星期5:1-2节 铜盘教学楼
38
2025
10月10日
铜盘A207
120

林松
05-20 星期5:1-2节 铜盘教学楼
36
2025
10月10日
铜盘A208
120

章颖
05-20 星期5:1-2节 铜盘教学楼
34
2025
10月10日
铜盘A313
32

赵炜锌
05-20 星期5:1-2节 铜盘教学楼
36
2025
10月10日
铜盘A405
93

黄衍存
05-20 星期5:3-4节 铜盘教学楼
30
2025
10月10日
铜盘A207
120

李慧德
05-20 星期5:3-4节 铜盘教学楼
30
2025
10月10日
铜盘A208
120

林松
05-20 星期5:3-4节 铜盘教学楼
30
2025
10月10日
铜盘A311
120

宋永范
05-20 星期5:3-4节 铜盘教学楼
30
2025
10月10日
铜盘A313
32

张翡娟
05-20 星期5:3-4节 铜盘教学楼
30
2025
10月10日
铜盘A405
93

章颖
05-20 星期5:3-4节 铜盘教学楼
30
2025
10月10日
铜盘A415
60

赵炜锌
05-20 星期5:3-4节 铜盘教学楼
29
2025
10月10日
铜盘A503
112

陈楠茜
05-20 星期5:5-6节 铜盘教学楼
32
2025
10月10日
铜盘A207
120

黄巧奇
05-20 星期5:5-6节 铜盘教学楼
31
2025
10月10日
铜盘A208
120

黄衍存
05-20 星期5:5-6节 铜盘教学楼
34
2025
10月10日
铜盘A211
60

李慧德
05-20 星期5:5-6节 铜盘教学楼
31
2025
10月10日
铜盘A212
60

林松
05-20 星期5:5-6节 铜盘教学楼
33
2025
10月10日
铜盘A213
60

宋永范
05-20 星期5:5-6节 铜盘教学楼
31
2025
10月10日
铜盘A311
120

张翡娟
05-20 星期5:5-6节 铜盘教学楼
30
2025
10月10日
铜盘A312
120

章颖
05-20 星期5:5-6节 铜盘教学楼
25
2025
10月10日
铜盘A313
32

赵炜锌
05-20 星期5:5-6节 铜盘教学楼
29
2025
10月10日
铜盘A314
60

黄巧奇
05-20 星期5:7-8节 铜盘教学楼
32
2025
10月10日
铜盘A207
120

黄衍存
05-20 星期5:7-8节 铜盘教学楼
27
2025
10月10日
铜盘A208
120

林松
05-20 星期5:7-8节 铜盘教学楼
31
2025
10月10日
铜盘A211
60

宋永范
05-20 星期5:7-8节 铜盘教学楼
30
2025
10月10日
铜盘A212
60

章颖
05-20 星期5:7-8节 铜盘教学楼
26
2025
10月10日
铜盘A213
60

赵炜锌
05-20 星期5:7-8节 铜盘教学楼
30
2025
10月10日
铜盘A311
120",0,,,,,,
001036014229,https://jwch.fzu.edu.cn/info/1036/14229.htm,关于2025年国庆节、中秋节放假课程调整的通知,【教学运行】,2025-09-24,"各学院、教学单位：
根据党政办有关2025年国庆节、中秋节放假通知的精神，现将放假期间的课程调整如下：
1、10月1日（星期三）至10月8日（星期三）放假，共8天，全校本科生课程（含通识教育选修课）停课。
2、9月28日（星期日）补上10月7日（星期二）的课（2025级按原有既定安排），10月11日（星期六）补上10月8号（星期三）的课，原9月28日和10月11日的课程停课。
3、因停课受影响的教学内容，请任课老师自行调整安排。

请各学院、教学单位及时通知相关师生。

教务处
2025年9月24日",0,,,,,,
001035014228,https://jwch.fzu.edu.cn/info/1035/14228.htm,关于召开2025-2026学年秋季学期期初本科教育教学工作会议的通知,【综合科】,2025-09-23,"机关有关部门，各学院及相关教学单位：
兹定于2025年9月25日（星期四）下午召开2025-2026学年秋季学期期初本科教育教学工作会议。现将有关事项通知如下：
一、会议时间
9月25日（星期四）15:00
二、会议地点
旗山校区行政南楼123会议室
三、参加人员
（一）相关校领导（由教务处负责通知）
（二）教务处、教学质量监控与评估中心、学生工作部（处）、招生考试中心、校督导组等单位负责人（由各单位负责通知）
（三）各学院及相关教学单位分管教学院长、教学办主任、教学干事（由各学院教学干事负责通知）
（四）教务处及教学质量监控与评估中心工作人员（由教务处负责通知）
四、其他事项
（一）各单位通过【腾讯文档】https://docs.qq.com/sheet/DSGdiZkZhaEhJSk9M?tab=BB08J2 填写参会人员信息。因特殊原因无法参会的，应注明请假原因。参会人员名单上报截止时间为2025年9月24日17：00，联系人：王利伟，联系电话：22866855。
（二）异地校区参会人员通过以下视频会议集中参会：
https://meeting.tencent.com/dm/tUqooEQipaM3，腾讯会议：785-787-112。

福州大学教务处
2025年9月23日",0,,,,,,
001039014227,https://jwch.fzu.edu.cn/content.jsp?urltype=news.NewsContentUrl&wbtreeid=1039&wbnewsid=14227,关于举办2025年福州大学大学生工程实践与创新能力大赛的通知,【实践科】,2025-09-23,"各学院：
根据2025年福建省大学生工程实践与创新能力大赛的通知要求，竞赛采用校级初赛、省级决赛二级赛制，我校决定于2025年10月26日举办2025年福州大学大学生工程实践与创新能力大赛。现将竞赛有关事项通知如下：
一、大赛主题
交叉融合工程创新育新质，立德树人强国建设勇担当。
二、大赛目的和任务
面向国家高质量发展的需求，聚焦立德树人根本任务，坚持理论实践结合、学科专业交叉、校企协同创新、理工人文融通，打造具有鲜明中国特色的工程实践与创新赛事，建设引领世界工程实践教育发展方向的精品工程，构建面向工程实际、服务产业发展需求、校企协同创新的实践育人平台，培养符合新质生产力要求的卓越工程技术后备人才，打造中国特色、世界一流的大学工程实践与创新教育体系。
三、参赛条件与方式
1. 参赛条件：全日制本科生；
2. 参赛方式：参赛者以队为单位参赛，每队由3-4名学生和1-2名指导教师组成，专业不限，鼓励专业互补，自由组合，每名学生只能参加一个赛项。
四、竞赛时间安排
1.报名：发文之日起至2025年10月12日24:00截止。
  报名方式：电子邮件报名，邮箱地址：（fzu_gcs@163.com）
  负责人：林华
  联系电话：13305904696
2.比赛时间2025年10月26日，若有变更见机电工程实践中心网站（http://jdzx.fzu.edu.cn/）通知。
3.赛前培训地点和时间待定，具体安排见机电工程实践中心网站（http://jdzx.fzu.edu.cn/）通知。
五、竞赛奖励
1.竞赛将根据报名队数评出一等奖、二等奖、三等奖若干名，并颁发证书。
2.获二等奖以上学生可根据学校有关规定申请学分认定。
六、 举办单位
1.主办单位：福州大学教务处
2.协办单位：福州大学学生工作部（处）、校团委
3.承办单位：福州大学机电工程实践中心
竞赛相关要求、通知及组织安排等请关注机电工程实践中心网站（http://jdzx.fzu.edu.cn/）
附件：
1.2025年福州大学大学生工程实践与创新能力大赛组委会成员名单
2.2025年福州大学大学生工程实践与创新能力大赛报名表
3.2025年福州大学大学生工程实践与创新能力大赛命题与运行

    福州大学教务处
                                                        2025年09月23日",3,0017449848580016720642,附件1：2025年福州大学大学生工程实践与创新能力大赛组委会成员名单.docx,237,https://jwch.fzu.edu.cn/system/_content/download.jsp?urltype=news.DownloadAttachUrl&owner=1744984858&wbfileid=16720642,16720642,1744984858
001039014227,https://jwch.fzu.edu.cn/content.jsp?urltype=news.NewsContentUrl&wbtreeid=1039&wbnewsid=14227,关于举办2025年福州大学大学生工程实践与创新能力大赛的通知,【实践科】,2025-09-23,"各学院：
根据2025年福建省大学生工程实践与创新能力大赛的通知要求，竞赛采用校级初赛、省级决赛二级赛制，我校决定于2025年10月26日举办2025年福州大学大学生工程实践与创新能力大赛。现将竞赛有关事项通知如下：
一、大赛主题
交叉融合工程创新育新质，立德树人强国建设勇担当。
二、大赛目的和任务
面向国家高质量发展的需求，聚焦立德树人根本任务，坚持理论实践结合、学科专业交叉、校企协同创新、理工人文融通，打造具有鲜明中国特色的工程实践与创新赛事，建设引领世界工程实践教育发展方向的精品工程，构建面向工程实际、服务产业发展需求、校企协同创新的实践育人平台，培养符合新质生产力要求的卓越工程技术后备人才，打造中国特色、世界一流的大学工程实践与创新教育体系。
三、参赛条件与方式
1. 参赛条件：全日制本科生；
2. 参赛方式：参赛者以队为单位参赛，每队由3-4名学生和1-2名指导教师组成，专业不限，鼓励专业互补，自由组合，每名学生只能参加一个赛项。
四、竞赛时间安排
1.报名：发文之日起至2025年10月12日24:00截止。
  报名方式：电子邮件报名，邮箱地址：（fzu_gcs@163.com）
  负责人：林华
  联系电话：13305904696
2.比赛时间2025年10月26日，若有变更见机电工程实践中心网站（http://jdzx.fzu.edu.cn/）通知。
3.赛前培训地点和时间待定，具体安排见机电工程实践中心网站（http://jdzx.fzu.edu.cn/）通知。
五、竞赛奖励
1.竞赛将根据报名队数评出一等奖、二等奖、三等奖若干名，并颁发证书。
2.获二等奖以上学生可根据学校有关规定申请学分认定。
六、 举办单位
1.主办单位：福州大学教务处
2.协办单位：福州大学学生工作部（处）、校团委
3.承办单位：福州大学机电工程实践中心
竞赛相关要求、通知及组织安排等请关注机电工程实践中心网站（http://jdzx.fzu.edu.cn/）
附件：
1.2025年福州大学大学生工程实践与创新能力大赛组委会成员名单
2.2025年福州大学大学生工程实践与创新能力大赛报名表
3.2025年福州大学大学生工程实践与创新能力大赛命题与运行

    福州大学教务处
                                                        2025年09月23日",3,0017449848580016720643,附件2：2025年福州大学大学生工程实践与创新能力大赛报名表.docx,268,https://jwch.fzu.edu.cn/system/_content/download.jsp?urltype=news.DownloadAttachUrl&owner=1744984858&wbfileid=16720643,16720643,1744984858
001039014227,https://jwch.fzu.edu.cn/content.jsp?urltype=news.NewsContentUrl&wbtreeid=1039&wbnewsid=14227,关于举办2025年福州大学大学生工程实践与创新能力大赛的通知,【实践科】,2025-09-23,"各学院：
根据2025年福建省大学生工程实践与创新能力大赛的通知要求，竞赛采用校级初赛、省级决赛二级赛制，我校决定于2025年10月26日举办2025年福州大学大学生工程实践与创新能力大赛。现将竞赛有关事项通知如下：
一、大赛主题
交叉融合工程创新育新质，立德树人强国建设勇担当。
二、大赛目的和任务
面向国家高质量发展的需求，聚焦立德树人根本任务，坚持理论实践结合、学科专业交叉、校企协同创新、理工人文融通，打造具有鲜明中国特色的工程实践与创新赛事，建设引领世界工程实践教育发展方向的精品工程，构建面向工程实际、服务产业发展需求、校企协同创新的实践育人平台，培养符合新质生产力要求的卓越工程技术后备人才，打造中国特色、世界一流的大学工程实践与创新教育体系。
三、参赛条件与方式
1. 参赛条件：全日制本科生；
2. 参赛方式：参赛者以队为单位参赛，每队由3-4名学生和1-2名指导教师组成，专业不限，鼓励专业互补，自由组合，每名学生只能参加一个赛项。
四、竞赛时间安排
1.报名：发文之日起至2025年10月12日24:00截止。
  报名方式：电子邮件报名，邮箱地址：（fzu_gcs@163.com）
  负责人：林华
  联系电话：13305904696
2.比赛时间2025年10月26日，若有变更见机电工程实践中心网站（http://jdzx.fzu.edu.cn/）通知。
3.赛前培训地点和时间待定，具体安排见机电工程实践中心网站（http://jdzx.fzu.edu.cn/）通知。
五、竞赛奖励
1.竞赛将根据报名队数评出一等奖、二等奖、三等奖若干名，并颁发证书。
2.获二等奖以上学生可根据学校有关规定申请学分认定。
六、 举办单位
1.主办单位：福州大学教务处
2.协办单位：福州大学学生工作部（处）、校团委
3.承办单位：福州大学机电工程实践中心
竞赛相关要求、通知及组织安排等请关注机电工程实践中心网站（http://jdzx.fzu.edu.cn/）
附件：
1.2025年福州大学大学生工程实践与创新能力大赛组委会成员名单
2.2025年福州大学大学生工程实践与创新能力大赛报名表
3.2025年福州大学大学生工程实践与创新能力大赛命题与运行

    福州大学教务处
                                                        2025年09月23日",3,0017449848580016720644,附件3：2025年福州大学大学生工程实践与创新能力大赛命题与运行.docx,463,https://jwch.fzu.edu.cn/system/_content/download.jsp?urltype=news.DownloadAttachUrl&owner=1744984858&wbfileid=16720644,16720644,1744984858
001036014225,https://jwch.fzu.edu.cn/info/1036/14225.htm,关于做好2025-2026学年第二学期排课准备工作的通知,【教学运行】,2025-09-22,"各学院：
我校2025-2026学年第二学期排课工作即将开始，请各学院做好排课准备工作。请认真核对各年级、各专业的教学计划，落实开课安排，并于10月14日前在本科教学管理系统中开出2025-2026学年第二学期开课通知单，以保证第二阶段公共课课程安排的顺利进行。

教学运行科
2025.9.22",0,,,,,,
001036014224,https://jwch.fzu.edu.cn/info/1036/14224.htm,关于2025-2026学年第一学期重新学习选课、缴费的通知,【教学运行】,2025-09-22,"置顶提醒：
1、因未按规定时间进行选课、缴费，或因免听理由不充分，造成重修选课失效的，相应后果由学生个人承担。
2、有开设独立重修班的，原则上应选择独立重修班学习，特殊情况下需要跟班重修则不接受申请免听。
3、为保证教学质量，教务处将对免听和考勤情况进行抽查。凡发现有免听理由不充分，或无理由不参与课程考勤的，教务系统将按学生手册规定，取消该门课程考试资格。

一、本学期重修报名采用网上报名形式，凡要参加重修的学生请在9月22日至10月13日24:00前登录教务处系统（http://jwch.fzu.edu.cn），进行网上报名。所有重修课程必须自行登录教务处网站，按所修学分主动缴费，未按时缴费的，重修选课无效。

二、学生上网报名时，请对照本学期自己正在修读的课表慎重选择重新学习课程，修读理论课程学分（含重新学习）合计不宜超过30学分；若发现选择的重修课程学分有误，或重修课程无法显示，请及时向所在学院教学办核实反馈。

三、若重修课程与其他课程的上课时间不可避免地发生冲突，学生可申请重修课程的免听，思政、体育、德育、军事理论、实践类课程，以及毕业环节课程一般不接受免听申请。
免听申请具体流程如下：
1、学生申请：在教务处“本科教学系统”中的重修选课界面，学生对申请免听的重修课程对应的下拉框中选择免听，提出免听申请。
2、教师审核：学生系统提交重修免听申请后，应及时与任课老师联系，如实说明免听申请的具体原因，并按照任课老师的要求提供相应材料。任课教师根据课程的具体教学要求对学生的免听申请进行审核。
3、免听缴费：任课老师审核通过后，重修免听课程计入重修学分缴费，学生应及时关注课程的审核状态，按时缴费。

注册中心
2025.9.22",0,,,,,,
001040014416,https://jwch.fzu.edu.cn/info/1040/14416.htm,关于举办福州大学第七十七场“教学有道”研讨活动的通知,【质量办】,2025-12-18,"各学院、有关单位：
为推动实验实践教学改革，提升材料类专业人才创新实践能力，助力高素质创新人才培养体系建设。经研究，学校决定举办第七十七场“教学有道”专题研讨活动，具体安排如下：
一、研讨主题
“能力建设、创新孵育”为核心的实验实践教学体系的构建
二、研讨时间
2025年12月22日（星期一）10:00
三、主讲人
朱申敏，上海交通大学教授
四、研讨地点
材料实验楼404会议室
五、承办单位
材料科学与工程学院
六、参会人员
1、材料科学与工程学院教师；
2、全校其他感兴趣的教师。

主讲人简介：
朱申敏，上海交通大学材料科学与工程学院长聘教授、博士生导师，教育部高等学校材料类专业教学指导委员会委员，2023年获国家级教学成果一等奖。研究方向为功能材料在能源与生物医用领域的应用，主持多项国家自然科学基金及省部级项目，在Nature Communications、Advanced Materials等期刊发表论文190余篇。入选教育部新世纪优秀人才、上海市浦江人才计划，2024年获上海市科技进步二等奖等荣誉。

福州大学教务处
2025年12月18日",0,,,,,,
001036014415,https://jwch.fzu.edu.cn/info/1036/14415.htm,关于2025-2026学年第一学期《工程制图E》课程期末考试安排的通知,【教学运行】,2025-12-18,"各有关学院：
定于12月28日下午进行《工程制图E》课程期末考试，请有关协助监考学院按考表（见附件）安排监考老师并录入系统，及时通知监考老师和学生上系统查看考试信息，以免延误考试。
为保证考试的顺利进行，如其他教学安排时间或地点与此次考试冲突，请予以调整。

机械学院
教务处
2025年12月18日",1,0017449848580016756835,2501制图E期末考-12.28下午.xlsx,204,https://jwch.fzu.edu.cn/system/_content/download.jsp?urltype=news.DownloadAttachUrl&owner=1744984858&wbfileid=16756835,16756835,1744984858
001036014414,https://jwch.fzu.edu.cn/info/1036/14414.htm,关于2025-2026学年第一学期《马克思主义基本原理》和《毛泽东思想和中国特色社会主义理论体系概论》课程期末考试安排的通知,【教学运行】,2025-12-18,"各有关学院：
定于第16周进行《马克思主义基本原理》和《毛泽东思想和中国特色社会主义理论体系概论》课程期末考试，请有关协助监考学院按考表（见附件）安排监考老师并录入系统，及时通知监考老师和学生上系统查看考试信息，以免延误考试。
为保证考试的顺利进行，如其他教学安排时间或地点与此次考试冲突，请予以调整。

马克思主义学院
教务处
2025年12月18日",2,0017449848580016756833,2501马原随堂考 .xlsx,231,https://jwch.fzu.edu.cn/system/_content/download.jsp?urltype=news.DownloadAttachUrl&owner=1744984858&wbfileid=16756833,16756833,1744984858
001036014414,https://jwch.fzu.edu.cn/info/1036/14414.htm,关于2025-2026学年第一学期《马克思主义基本原理》和《毛泽东思想和中国特色社会主义理论体系概论》课程期末考试安排的通知,【教学运行】,2025-12-18,"各有关学院：
定于第16周进行《马克思主义基本原理》和《毛泽东思想和中国特色社会主义理论体系概论》课程期末考试，请有关协助监考学院按考表（见附件）安排监考老师并录入系统，及时通知监考老师和学生上系统查看考试信息，以免延误考试。
为保证考试的顺利进行，如其他教学安排时间或地点与此次考试冲突，请予以调整。

马克思主义学院
教务处
2025年12月18日",2,0017449848580016756834,2501毛概随堂考.xlsx,196,https://jwch.fzu.edu.cn/system/_content/download.jsp?urltype=news.DownloadAttachUrl&owner=1744984858&wbfileid=16756834,16756834,1744984858
001042014404,https://jwch.fzu.edu.cn/content.jsp?urltype=news.NewsContentUrl&wbtreeid=1042&wbnewsid=14404,关于做好2025-2026学年第二学期教材选用与征订工作的通知,【教材中心】,2025-12-12,"各学院、相关教学单位：
为进一步做好2025-2026学年第二学期教材选用与征订工作，根据《福州大学教材管理实施细则》等相关文件精神，现将有关事项通知如下：
一、选用原则
（一）凡选必审
1.选用教材须全面贯彻党的教育方针，落实立德树人根本任务，确保教材具备正确的政治方向和价值导向，以及较强的科学性、先进性和适用性。
2.所有教材（含境外教材、自编讲义）均须通过学校规定的审核流程后方可进入课堂。境外原版教材优先选用国内正规出版社引进并被国内外高水平大学广泛采用的版本。
3.严禁选用存在意识形态和价值导向问题、内容陈旧、低水平重复或简单拼凑，或在各级各类教材抽查、专项排查中被认定存在问题的教材。
（二）质量第一
1.优先选用国家/省部级规划教材、精品教材、省部级及以上奖励教材、教指委推荐教材，且优先选择近3年出版的教材。
2.思想政治理论课必须统一使用中宣部、教育部指定教材。马克思主义理论研究和建设工程重点教材（以下简称“马工程教材”）对应课程，须统一使用马工程教材（详见附件1）。
3.课程教材原则上均要选用最新修订版。
（三）适宜教学
选用教材需符合专业人才培养方案和课程教学大纲要求，契合教学规律和学生认知规律，便于课堂教学，有利于激发学生学习兴趣，有利于学生知识、能力和素质的培养。
（四）统一规范
同一课程原则上应选用同一版本教材且仅用一种（配套练习除外）。若因教学特殊需求，需使用两种及以上教材，或同课不同班使用不同教材，须提交书面申请并经学院教材工作小组讨论通过后，方可纳入教材选用计划。
二、工作要求
（一）学院及相关教学单位为教材选用工作的责任主体，须严格履行审核职责，严把教材政治关与质量关。
（二）教材选用坚持集体决策。拟选用教材须经所属教研室（系）充分讨论通过后，方可通过教务处指定系统完成申报；学院层面需组织专项会议，对申报教材进行集体审议并形成最终决议。
（三）各学院需与对应教材供应商密切联系，学生选课结束后及时导出征订表并报送对应教材供应商，并跟踪教材到位情况，确保教材在学期开学前足额到位。
三、教材选用及审核流程
（一）填报教材信息阶段（12月15日—12月22日）
各教研室（系）结合下学期开课计划，对拟选用教材开展集体研讨，确定选用意见后，由任课教师或课程组负责人登录教务处教材申报系统填报教材信息。
备注：所有课程（包括实践、实验课程等）均须填报教材选用信息；无需选用教材的，无需选用正式出版物教材的课程，须在系统中勾选“不选用正式出版物教材”，并选择填报不选用原因。
（二）学院审核阶段（12月23日-12月29日）
1.各学院组建包含一定比例马克思主义理论与思想政治教育领域专家的教材选用审核小组（不少于3人），对拟选用教材开展全面审核，并在《2025-2026学年第二学期福州大学本科课程教材选用表》上签署审核意见。
2.审核完成后，学院教材工作小组需组织召开教材选用专题会议，对审核情况进行集体研讨，同步整理汇总审核意见。
3.学院须在学院网站对拟选用教材的名称、书号、版本、出版社、主编及审核意见等信息进行公示，公示期不少于3个工作日。
（三）审批备案阶段（12月30日-）
教务处汇总各学院教材选用情况，报校教材委员会审批并备案。
四、材料提交
（一）系统导出表格
1.《2025-2026学年第二学期福州大学本科课程教材选用表》（一式两份）；
2.《2025-2026学年第二学期福州大学本科课程未选用教材情况汇总表》（一式两份）；
上述两份表格须经学院教材工作小组组长签字确认，并加盖学院公章及骑缝章。纸质版一份报送至教务处教材建设与行政科（行政北楼西210室），另一份由学院留存，电子版发送至指定邮箱：jwchjck@fzu.edu.cn。
（二）其他书面报告。
因特殊情况需选用多版本教材或同一门课程选用不同版本教材的，须同步报送学院教材工作小组审议通过的书面申请报告。
五、教材征订程序
（一）学生自主选择教材获取方式
学生在选课阶段登录教务处系统选课时，可自主选择以下三类教材获取途径：一是委托教材供应商统一订购教材；二是自行购买教材；三是从其他渠道获取教材。
（二）学院对接供应商
学生选课结束后（具体时间以教务处选课相关通知为准），各学院教学干事需及时从教务处系统导出本学院学生教材征订表，报送至对应教材供应商，并全程与供应商对接，统筹处理学生教材征订的信息核对、订单确认、问题反馈等各项具体事宜。

附件：
1.已出版马克思主义理论研究和建设工程重点教材目录
2.全国大中专教学用书目录(2026春)
3.全国大中专教学用书目录(2026春)数字教材

                                                                      教  务 处
 2025年12月12日",3,0017449848580016741500,附件1.已出版马克思主义理论研究和建设工程重点教材目录（截至2025年11月，共计122种）.xlsx,54,https://jwch.fzu.edu.cn/system/_content/download.jsp?urltype=news.DownloadAttachUrl&owner=1744984858&wbfileid=16741500,16741500,1744984858
001042014404,https://jwch.fzu.edu.cn/content.jsp?urltype=news.NewsContentUrl&wbtreeid=1042&wbnewsid=14404,关于做好2025-2026学年第二学期教材选用与征订工作的通知,【教材中心】,2025-12-12,"各学院、相关教学单位：
为进一步做好2025-2026学年第二学期教材选用与征订工作，根据《福州大学教材管理实施细则》等相关文件精神，现将有关事项通知如下：
一、选用原则
（一）凡选必审
1.选用教材须全面贯彻党的教育方针，落实立德树人根本任务，确保教材具备正确的政治方向和价值导向，以及较强的科学性、先进性和适用性。
2.所有教材（含境外教材、自编讲义）均须通过学校规定的审核流程后方可进入课堂。境外原版教材优先选用国内正规出版社引进并被国内外高水平大学广泛采用的版本。
3.严禁选用存在意识形态和价值导向问题、内容陈旧、低水平重复或简单拼凑，或在各级各类教材抽查、专项排查中被认定存在问题的教材。
（二）质量第一
1.优先选用国家/省部级规划教材、精品教材、省部级及以上奖励教材、教指委推荐教材，且优先选择近3年出版的教材。
2.思想政治理论课必须统一使用中宣部、教育部指定教材。马克思主义理论研究和建设工程重点教材（以下简称“马工程教材”）对应课程，须统一使用马工程教材（详见附件1）。
3.课程教材原则上均要选用最新修订版。
（三）适宜教学
选用教材需符合专业人才培养方案和课程教学大纲要求，契合教学规律和学生认知规律，便于课堂教学，有利于激发学生学习兴趣，有利于学生知识、能力和素质的培养。
（四）统一规范
同一课程原则上应选用同一版本教材且仅用一种（配套练习除外）。若因教学特殊需求，需使用两种及以上教材，或同课不同班使用不同教材，须提交书面申请并经学院教材工作小组讨论通过后，方可纳入教材选用计划。
二、工作要求
（一）学院及相关教学单位为教材选用工作的责任主体，须严格履行审核职责，严把教材政治关与质量关。
（二）教材选用坚持集体决策。拟选用教材须经所属教研室（系）充分讨论通过后，方可通过教务处指定系统完成申报；学院层面需组织专项会议，对申报教材进行集体审议并形成最终决议。
（三）各学院需与对应教材供应商密切联系，学生选课结束后及时导出征订表并报送对应教材供应商，并跟踪教材到位情况，确保教材在学期开学前足额到位。
三、教材选用及审核流程
（一）填报教材信息阶段（12月15日—12月22日）
各教研室（系）结合下学期开课计划，对拟选用教材开展集体研讨，确定选用意见后，由任课教师或课程组负责人登录教务处教材申报系统填报教材信息。
备注：所有课程（包括实践、实验课程等）均须填报教材选用信息；无需选用教材的，无需选用正式出版物教材的课程，须在系统中勾选“不选用正式出版物教材”，并选择填报不选用原因。
（二）学院审核阶段（12月23日-12月29日）
1.各学院组建包含一定比例马克思主义理论与思想政治教育领域专家的教材选用审核小组（不少于3人），对拟选用教材开展全面审核，并在《2025-2026学年第二学期福州大学本科课程教材选用表》上签署审核意见。
2.审核完成后，学院教材工作小组需组织召开教材选用专题会议，对审核情况进行集体研讨，同步整理汇总审核意见。
3.学院须在学院网站对拟选用教材的名称、书号、版本、出版社、主编及审核意见等信息进行公示，公示期不少于3个工作日。
（三）审批备案阶段（12月30日-）
教务处汇总各学院教材选用情况，报校教材委员会审批并备案。
四、材料提交
（一）系统导出表格
1.《2025-2026学年第二学期福州大学本科课程教材选用表》（一式两份）；
2.《2025-2026学年第二学期福州大学本科课程未选用教材情况汇总表》（一式两份）；
上述两份表格须经学院教材工作小组组长签字确认，并加盖学院公章及骑缝章。纸质版一份报送至教务处教材建设与行政科（行政北楼西210室），另一份由学院留存，电子版发送至指定邮箱：jwchjck@fzu.edu.cn。
（二）其他书面报告。
因特殊情况需选用多版本教材或同一门课程选用不同版本教材的，须同步报送学院教材工作小组审议通过的书面申请报告。
五、教材征订程序
（一）学生自主选择教材获取方式
学生在选课阶段登录教务处系统选课时，可自主选择以下三类教材获取途径：一是委托教材供应商统一订购教材；二是自行购买教材；三是从其他渠道获取教材。
（二）学院对接供应商
学生选课结束后（具体时间以教务处选课相关通知为准），各学院教学干事需及时从教务处系统导出本学院学生教材征订表，报送至对应教材供应商，并全程与供应商对接，统筹处理学生教材征订的信息核对、订单确认、问题反馈等各项具体事宜。

附件：
1.已出版马克思主义理论研究和建设工程重点教材目录
2.全国大中专教学用书目录(2026春)
3.全国大中专教学用书目录(2026春)数字教材

                                                                      教  务 处
 2025年12月12日",3,0017449848580016741501,附件2.全国大中专教学用书目录(2026春).xlsx,76,https://jwch.fzu.edu.cn/system/_content/download.jsp?urltype=news.DownloadAttachUrl&owner=1744984858&wbfileid=16741501,16741501,1744984858
001042014404,https://jwch.fzu.edu.cn/content.jsp?urltype=news.NewsContentUrl&wbtreeid=1042&wbnewsid=14404,关于做好2025-2026学年第二学期教材选用与征订工作的通知,【教材中心】,2025-12-12,"各学院、相关教学单位：
为进一步做好2025-2026学年第二学期教材选用与征订工作，根据《福州大学教材管理实施细则》等相关文件精神，现将有关事项通知如下：
一、选用原则
（一）凡选必审
1.选用教材须全面贯彻党的教育方针，落实立德树人根本任务，确保教材具备正确的政治方向和价值导向，以及较强的科学性、先进性和适用性。
2.所有教材（含境外教材、自编讲义）均须通过学校规定的审核流程后方可进入课堂。境外原版教材优先选用国内正规出版社引进并被国内外高水平大学广泛采用的版本。
3.严禁选用存在意识形态和价值导向问题、内容陈旧、低水平重复或简单拼凑，或在各级各类教材抽查、专项排查中被认定存在问题的教材。
（二）质量第一
1.优先选用国家/省部级规划教材、精品教材、省部级及以上奖励教材、教指委推荐教材，且优先选择近3年出版的教材。
2.思想政治理论课必须统一使用中宣部、教育部指定教材。马克思主义理论研究和建设工程重点教材（以下简称“马工程教材”）对应课程，须统一使用马工程教材（详见附件1）。
3.课程教材原则上均要选用最新修订版。
（三）适宜教学
选用教材需符合专业人才培养方案和课程教学大纲要求，契合教学规律和学生认知规律，便于课堂教学，有利于激发学生学习兴趣，有利于学生知识、能力和素质的培养。
（四）统一规范
同一课程原则上应选用同一版本教材且仅用一种（配套练习除外）。若因教学特殊需求，需使用两种及以上教材，或同课不同班使用不同教材，须提交书面申请并经学院教材工作小组讨论通过后，方可纳入教材选用计划。
二、工作要求
（一）学院及相关教学单位为教材选用工作的责任主体，须严格履行审核职责，严把教材政治关与质量关。
（二）教材选用坚持集体决策。拟选用教材须经所属教研室（系）充分讨论通过后，方可通过教务处指定系统完成申报；学院层面需组织专项会议，对申报教材进行集体审议并形成最终决议。
（三）各学院需与对应教材供应商密切联系，学生选课结束后及时导出征订表并报送对应教材供应商，并跟踪教材到位情况，确保教材在学期开学前足额到位。
三、教材选用及审核流程
（一）填报教材信息阶段（12月15日—12月22日）
各教研室（系）结合下学期开课计划，对拟选用教材开展集体研讨，确定选用意见后，由任课教师或课程组负责人登录教务处教材申报系统填报教材信息。
备注：所有课程（包括实践、实验课程等）均须填报教材选用信息；无需选用教材的，无需选用正式出版物教材的课程，须在系统中勾选“不选用正式出版物教材”，并选择填报不选用原因。
（二）学院审核阶段（12月23日-12月29日）
1.各学院组建包含一定比例马克思主义理论与思想政治教育领域专家的教材选用审核小组（不少于3人），对拟选用教材开展全面审核，并在《2025-2026学年第二学期福州大学本科课程教材选用表》上签署审核意见。
2.审核完成后，学院教材工作小组需组织召开教材选用专题会议，对审核情况进行集体研讨，同步整理汇总审核意见。
3.学院须在学院网站对拟选用教材的名称、书号、版本、出版社、主编及审核意见等信息进行公示，公示期不少于3个工作日。
（三）审批备案阶段（12月30日-）
教务处汇总各学院教材选用情况，报校教材委员会审批并备案。
四、材料提交
（一）系统导出表格
1.《2025-2026学年第二学期福州大学本科课程教材选用表》（一式两份）；
2.《2025-2026学年第二学期福州大学本科课程未选用教材情况汇总表》（一式两份）；
上述两份表格须经学院教材工作小组组长签字确认，并加盖学院公章及骑缝章。纸质版一份报送至教务处教材建设与行政科（行政北楼西210室），另一份由学院留存，电子版发送至指定邮箱：jwchjck@fzu.edu.cn。
（二）其他书面报告。
因特殊情况需选用多版本教材或同一门课程选用不同版本教材的，须同步报送学院教材工作小组审议通过的书面申请报告。
五、教材征订程序
（一）学生自主选择教材获取方式
学生在选课阶段登录教务处系统选课时，可自主选择以下三类教材获取途径：一是委托教材供应商统一订购教材；二是自行购买教材；三是从其他渠道获取教材。
（二）学院对接供应商
学生选课结束后（具体时间以教务处选课相关通知为准），各学院教学干事需及时从教务处系统导出本学院学生教材征订表，报送至对应教材供应商，并全程与供应商对接，统筹处理学生教材征订的信息核对、订单确认、问题反馈等各项具体事宜。

附件：
1.已出版马克思主义理论研究和建设工程重点教材目录
2.全国大中专教学用书目录(2026春)
3.全国大中专教学用书目录(2026春)数字教材

                                                                      教  务 处
 2025年12月12日",3,0017449848580016741502,附件3.全国大中专教学用书目录(2026春)数字教材.xlsx,57,https://jwch.fzu.edu.cn/system/_content/download.jsp?urltype=news.DownloadAttachUrl&owner=1744984858&wbfileid=16741502,16741502,1744984858
001040014402,https://jwch.fzu.edu.cn/info/1040/14402.htm,关于举办福州大学第七十六场“教学有道”暨版画教学专题研讨会的通知,【质量办】,2025-12-10,"各学院，有关单位：
为扎实推进我校与中央美术学院合作共建版画专业建设，探索两校优势融合下的特色课程体系与创新人才培养新模式，经研究，学校决定举办第七十六场“教学有道”专题研讨活动，具体安排如下：
一、研讨主题
与央美对话：共建版画专业的教学融合与课程创新
二、研讨时间
2025年12月11日（星期四）14:00-17:00
三、研讨嘉宾
孔  亮：中央美术学院版画系主任 直属党支部书记
张战地：中央美术学院版画系教授
武  将：中央美术学院版画系教授
周吉荣：中央美术学院版画系教授
刘丽萍：中央美术学院版画系教授
祝彦春：中央美术学院版画系教授
康剑飞：中央美术学院版画系教授
周仲铭：西安美术学院学科办主任
于 洪：中国美术学院版画系主任
刘海辰：四川美术学院版画系副主任
张 健：福州大学厦门工艺美术学院副院长，教授
黄 伟：福州大学厦门工艺美术学院绘画系副教授
四、研讨地点
集美校区书瓦间
五、承办单位
厦门工艺美术学院
六、参会人员
1. 厦门工艺美术学院教师；
2．其他感兴趣的教师和教学管理人员。

教务处
2025年12月10日",0,,,,,,
001040014401,https://jwch.fzu.edu.cn/info/1040/14401.htm,关于举办福州大学第七十五场“教学有道”研讨活动的通知,【质量办】,2025-12-09,"各学院、有关单位:
为推动人工智能技术赋能课程教学，助力教学设计有效落地，积极探索艺术设计课程创新人才培养模式，经研究，学校决定举办第七十五场“教学有道”专题研讨活动，具体安排如下:
一、研讨主题
数智赋能金课
二、研讨时间
2025年12月11日(星期四)14:00-17:00
三、研讨嘉宾
陈祺伟:智慧树AI事业部产品经理
涂思思：智慧树金课咨询师
梁青：厦门工艺美术学院环境艺术设计系主任
四、研讨地点
厦门工艺美术学院 图展中心102
五、承办单位
厦门工艺美术学院
六、参会人员
1.厦门工艺美术学院教师;
2.其他感兴趣的教师和教学管理人员。
教务处
2025年12月9日",0,,,,,,
001040014399,https://jwch.fzu.edu.cn/info/1040/14399.htm,关于开展首轮学院本科教学管理质量评估自评工作的通知,【质量办】,2025-12-05,"各学院：
为健全学校内部质量保障体系，增强学院质量保障主体责任意识，促进学院明晰教学工作思路、加强教学基本建设、深化教育教学改革、提升教学管理效能与人才培养质量。根据《福州大学学院本科教学管理质量评估实施办法（试行）》（校教评〔2025〕3号）文件精神，现请各学院全面梳理、系统总结2025年度学院本科教学管理工作，形成书面自评报告，并同步整理相关支撑材料。具体事项通知如下：
一、自评报告撰写要求
自评报告应紧扣学院本科教学工作的核心环节，突出重点、彰显特色、实事求是、言简意赅。报告须包含以下三个部分：
1．学院本科教学改革成效及特色总结（不超过1500字）
围绕人才培养模式改革、专业建设与结构调整、课程体系与教学内容更新、教学方法与手段创新、实践教学改革与创新创业教育、教材建设、教学研究成果与应用等方面，总结2025年学院在深化教学改革方面的主要举措、取得的实质性成效及形成的特色亮点。
2．学院教学质量保障成效及特色总结（不超过1500字）
阐述学院内部教学质量保障体系的建设与运行情况，包含教学管理制度建设与执行、质量保障队伍建设及运行情况、教学过程常态监控（如听课、评课、教学检查等）、教学信息反馈与持续改进、教师教学能力提升、学生学业指导帮扶、教学质量文化建设等方面的具体做法、取得的效果及特色。
3．存在不足与改进计划（不超过800字）
客观分析当前学院本科教学工作中存在的主要问题与不足，针对存在的问题，提出具体、可行的整改措施与计划。在此基础上，简要阐述学院未来一段时期本科教学工作的基本思路、重点建设方向与改革设想。
二、支撑材料提交要求
为增强自评报告所述内容的客观性与可验证性，请各学院在撰写报告的同时，系统整理与报告中主要举措、核心成效及特色亮点相对应的支撑材料。
1．支撑材料应能有效印证报告内容，例如：教改成效可提供重要教改项目、教材清单、典型教学案例、学生竞赛获奖清单等；针对质量保障可提供院级教学管理制度、督导听课记录、教学检查总结、师生座谈会纪录或报道、教师研讨活动记录、相关会议纪要等。
2．所有支撑材料请编制目录清单，清单应清晰列明材料名称、编号，并注明其对应的自评报告具体部分及要点；材料形式可为PDF扫描件、图片、数据表格等。电子文件请规范命名，例如“1.1-2023版XX专业培养方案.pdf”。
三、提交方式与时间
1．文件格式： 自评报告正文统一使用Word格式，标题为“XX学院2025年本科教学管理工作自评报告”。标题使用宋体小二号字，正文使用宋体四号字，1.5倍行距。
2．提交方式：（1）纸质档:请将自评报告（封面加盖学院公章）、支撑材料目录及支撑材料汇编成册，一式2份，交至教评中心（行政北楼西208）。（2）电子档： 请将自评报告（WORD格式及加盖学院公章后的PDF扫描件）、支撑材料目录及支撑材料电子文件打包为一个压缩文件，命名为“XX学院-本科教学管理自评材料”，发送至教评中心邮箱：1150944429@qq.com。
3．截止时间： 2025年12月30日（星期二）17:00前。
四、其他
本次自评报告及支撑材料是评估学院本科建设成效和教学质量管理状态的核心依据（在学院教学管理质量评估指标体系中总分占比30%）。请各学院高度重视，组织专人认真撰写、系统梳理，确保报告内容充实、重点突出、数据准确，支撑材料真实可靠、对应清晰、规范有序。自评报告应聚焦“举措”与“成效”，突出标志性成果和可评估的改进措施。支撑材料作为重要佐证，需与报告内容紧密关联。
 
联系人：教评中心郑丽娟，电话：22866907。
 
福州大学教学质量监控与评估中心
2025年12月5日",0,,,,,,
001039014395,https://jwch.fzu.edu.cn/content.jsp?urltype=news.NewsContentUrl&wbtreeid=1039&wbnewsid=14395,关于填报2025年高等教育质量监测数据教学相关数据的通知,【实践科】,2025-12-04,"各学院及有关单位：
根据我校高等教育质量监测数据采集工作的部署安排，为了准确、及时地做好教学相关数据的报送，请各有关单位指定专人负责填报工作，所填报数据将作为学院本科教学质量考核的依据。现将具体事项通知如下：
一、填报说明及要求
1.填报内容：下载附件表格，附件中包含《表2-6 实验教学示范中心、虚拟仿真实验示范中心》在内的20份表格（见附件），表内附有指标解释，请填报人务必仔细阅读后进行填报。
2.数据采集时间截点：
统计时间：分为时期数和时点数，时期数又分为自然年和学年。
自然年：即每年的1月1日至12月31日。本次所有涉及“自然年”的数据表均需采集2024年和2025年两个年度。
学年：指教育年度，即上年（2024年）的9月1日至本年（2025年）的8月31日。
时点：指特定时刻产生指标数据的统计截止时间，具体时间请参考各表格采集信息的时间标注。
3.填报时表8-1附表1和附表2的竞赛获奖项目不能重复统计。表8-4附表1和附表2的竞赛获奖情况不能重复统计。同一学科竞赛不同获奖等级应集中并分行填报，同一获奖项目的团队成员应分行填报。
4.各学院填报相关表格时，应先核对毕业设计（论文）外聘指导教师的变化情况，并提前向有关部门申请新增指导教师工号。
5.所有表格填报时有填报示例的请参照填报示例进行填报，其中表8-4附表1和附表2、表8-5不同参与学生，按每一位学生填报一行；表工科-2中相同专业有不同的校内专业代码，每个校内专业代码填报一行。
7.填报时如有疑问，实践实验教学相关方面请咨询电话：22866853；计划管理方面请咨询电话：23510885。
二、报送数据
1.表2-6 实验教学示范中心、虚拟仿真实验示范中心（时点、学年）；
2.表2-7 虚拟仿真实验教学项目（时点）；
3.表7-8 学生毕业综合训练情况（学年）；
4.表7-11 本科校内外实习、实践、实训基地（时点、学年）；
5.表7-12 本科生校内外实习情况（学年）；
6.表7-15-2 高校创新创业教育实践基地（平台）（2024年度）；
7.表7-15-2 高校创新创业教育实践基地（平台）（2025年度）；
8.表8-1附表1 福州大学本科生参加全国各类学科竞赛获奖情况统计表（学年）；
9.表8-1附表2 福州大学本科生参加文艺、体育竞赛获奖情况统计表（学年）；
10.表8-1附表3 福州大学本科生发表作品情况一览表（学年）；
11.表8-1附表4 福州大学本科生参加国际会议情况一览表（学年）；
12.表8-1附表5 福州大学本科生获得职业资格证书情况一览表（学年）；
13.表8-1附表6 福州大学本科生到国际组织实习、任职人数情况一览表（学年）；
14.表8-4 附表1 福州大学本科生获省级及以上各类学科竞赛奖励情况（学年）；
15.表8-4 附表2 福州大学本科生获省级及以上各文艺、体育竞赛奖励情况（学年）；
16.表8-5 学生获专业比赛奖励情况（艺术类专业用）（学年）；
17.表工科-2-1 工科类专业经费情况（自然年）（2024年度）；
18.表工科-2-2 工科类专业经费情况（自然年）（2025年度）；
19.表6-6专业培养计划表-2025年模版2024年数据（变动及填报说明详见附件中的“2025年计划科两张表格指标解释”）；
20.表7-6分专业（大类）专业实验课情况-2025年模板2024年数据（变动及填报说明详见附件中的“2025年计划科两张表格指标解释”）。
三、报送时间
请各学院将所有材料电子版和纸质版（一式一份加盖单位公章）于2025年12月18日前报送教务处，其中1-18项表格请报送至教务处实践科（邮箱jwcsjk@fzu.edu.cn）；19-20项表格请报送至教务处计划科（邮箱245930267@qq.com）。

    附件：2025年高等教育质量监测数据教学相关数据报送表格

福州大学教务处
2025年12月4日",1,0017449848580016739491,2025年高等教育质量监测数据教学相关数据报送表格.rar,186,https://jwch.fzu.edu.cn/system/_content/download.jsp?urltype=news.DownloadAttachUrl&owner=1744984858&wbfileid=16739491,16739491,1744984858
001036014384,https://jwch.fzu.edu.cn/info/1036/14384.htm,关于2025-2026学年第一学期《高等数学A（下）》课程期末考试安排的通知,【教学运行】,2025-12-01,"各有关学院：
定于12月7日上午进行《高等数学A（下）》课程期末考试，请有关协助监考学院按考表（见附件）安排监考老师并录入系统，及时通知监考老师和学生上系统查看考试信息，以免延误考试。
为保证考试的顺利进行，如其他教学安排时间或地点与此次考试冲突，请予以调整。

数统学院
教务处
2025年12月1日",1,0017449848580016738452,2501高等数学A（下）期末考-12.7上午.xlsx,221,https://jwch.fzu.edu.cn/system/_content/download.jsp?urltype=news.DownloadAttachUrl&owner=1744984858&wbfileid=16738452,16738452,1744984858
001036014382,https://jwch.fzu.edu.cn/info/1036/14382.htm,关于2025-2026学年第一学期《线性代数》和《线性代数与解析几何》课程半期考试安排的通知,【教学运行】,2025-12-01,"各有关学院：
定于12月7日下午进行《线性代数》和《线性代数与解析几何》课程半期考试，请有关协助监考学院按考表（见附件）安排监考老师并录入系统，及时通知监考老师和学生上系统查看考试信息，以免延误考试。
为保证考试的顺利进行，如其他教学安排时间或地点与此次考试冲突，请予以调整。

数统学院
教务处
2025年12月1日",1,0017449848580016738466,2501线性代数、线性代数与解析几何半期考12.7下午.xlsx,335,https://jwch.fzu.edu.cn/system/_content/download.jsp?urltype=news.DownloadAttachUrl&owner=1744984858&wbfileid=16738466,16738466,1744984858
001036014383,https://jwch.fzu.edu.cn/info/1036/14383.htm,关于2025-2026学年第一学期《习近平新时代中国特色社会主义思想概论》课程期末考试安排的通知,【教学运行】,2025-12-01,"各有关学院：
定于13-16周进行《习近平新时代中国特色社会主义思想概论》课程期末考试，请有关协助监考学院按考表（见附件）安排监考老师并录入系统，及时通知监考老师和学生上系统查看考试信息，以免延误考试。
为保证考试的顺利进行，如其他教学安排时间或地点与此次考试冲突，请予以调整。

马克思主义学院
教务处
2025年12月1日",1,0017449848580016738448,2501习概随堂考.xlsx,164,https://jwch.fzu.edu.cn/system/_content/download.jsp?urltype=news.DownloadAttachUrl&owner=1744984858&wbfileid=16738448,16738448,1744984858
001036014373,https://jwch.fzu.edu.cn/info/1036/14373.htm,关于2025-2026学年第一学期《高等数学A（上）》、《高等数学B（上）》、《高等数学C（上）》、《高等数学D》课程半期考试安排的通知,【教学运行】,2025-11-24,"各有关学院：
定于11月30日上午进行《高等数学A（上）》、《高等数学B（上）》、《高等数学C（上）》、《高等数学D》课程半期考试，请有关协助监考学院按考表（见附件）安排监考老师并录入系统，及时通知监考老师和学生上系统查看考试信息，以免延误考试。
为保证考试的顺利进行，如其他教学安排时间或地点与此次考试冲突，请予以调整。

数统学院
教务处
2025年11月24日",1,0017449848580016735966,2501高等数学A（上）、B（上）、C（上）、D半期考11.30上午.xlsx,1104,https://jwch.fzu.edu.cn/system/_content/download.jsp?urltype=news.DownloadAttachUrl&owner=1744984858&wbfileid=16735966,16735966,1744984858
001038014369,https://jwch.fzu.edu.cn/info/1038/14369.htm,关于组织申报2025-2026学年第二学期通识教育选修课的通知,【计划科】,2025-11-24,"各学院、各单位：
根据《福州大学本科生通识教育选修课管理办法》文件精神，为扩大我校学生知识面、开拓视野、推进文理渗透、理工结合、提高大学生各方面素质，现决定开展2025-2026学年第二学期本科生通识教育选修课（以下简称“通选课”）组织申报工作，有关事项通知如下：
一、申报对象
开设通选课的教师必须是学有专长、热心教学、具有校内主讲教师资格的教师。
二、学分要求及时间安排
每门通选课控制在1-2学分，原则上16学时/学分，体育类课程24学时/学分。授课时间一般安排在周一至周五晚上及周六上、下午。
三、申报流程
请准备在2025-2026学年第二学期开设通选课的教师于12月27日前在本科教学管理系统“通选课申报”模块完成开课信息填报及审核提交工作（填报后需各单位教学干事和分管教学副院长分别审核），教务处将根据各位老师所填报的开课计划安排授课时间和地点。
填报位置：教师模块——教师专栏——通选课申报。
申报结束后，各位教师需于本学期末前登录教务系统核对开课信息，并于下学期开学前完成授课计划和教学大纲的录入工作，具体时间以教务通知为准。
四、注意事项
1、每学期开设的通选课门数将纳入学院本科教学基本情况通报，请各学院务必认真对待，积极组织教师申报。
2、通选课的学生选课工作安排在下学期开学初进行，具体时间安排以教务处通知为准。
 
如有疑问请咨询教务处林老师，电话：22866907/83700655
    
 
教务处
2025年11月24日",0,,,,,,
001042014364,https://jwch.fzu.edu.cn/content.jsp?urltype=news.NewsContentUrl&wbtreeid=1042&wbnewsid=14364,关于开展福州大学2022年本科规划教材立项项目结题验收工作的通知,【教材中心】,2025-11-18,"各学院，有关单位：
为加强教材建设项目管理，确保高质量完成教材建设目标，根据《福州大学教材管理实施细则》（福大政〔2024〕44号）和《关于开展福州大学2022年本科规划教材立项工作的通知》相关要求，经研究决定，启动2022年本科规划教材立项项目(以下简称“项目”)结题验收工作。现将有关事项通知如下:
一、验收范围
福州大学2022年本科规划教材立项项目（具体项目名单详见附件1）。
二、验收要求
1.项目教材已正式出版，且经学院完成教材内容审核的，可直接申请结题验收，由项目负责人填写《福州大学教材立项项目结题验收申请表》（附件2）；未通过学院审核的项目，须完成学院补充审核流程后，方可提交验收申请。
2.如遇特殊情况无法按期完成结题验收的项目，由项目负责人填写《福州大学教材立项项目延期申请书》（附件3），项目只能申请延期1次，期限不超过1年，如在规定期限内仍未完成结题，项目将被终止，不再予以经费支持。同时，项目负责人3年内不得再次申报校级教材立项项目。确因客观原因需终止项目的，项目负责人须提交《福州大学教材立项项目撤项申请书》（附件4），经学院审核后报教务处备案。
3.原则上教材立项项目结题时应与立项时项目名称保持一致，项目名称变更的，由项目负责人填写《福州大学教材立项项目名称变更申请表》（附件5）。
5.若教材出版时的编写人员较立项时存在新增情况，须为新增人员补充提交《福州大学本科教材编写人员政治审查表》（附件6），确保编写人员符合要求。
6.项目结题以教材正式出版为唯一完成形式。申请验收时须提交已正式出版的纸质教材2本。
三、材料提交要求
（一）需提交材料清单
1.申请结题验收项目：《福州大学教材立项项目结题验收申请表》（一式一份）、正式出版教材2本。
如存在项目名称变更或新增编写人员情况的项目须同步提交《福州大学教材立项项目名称变更申请表》（一式一份）以及新增编写人员的《福州大学本科教材编写人员政治审查表》（一式一份）。
2.申请延期项目：《福州大学教材立项项目延期申请书》（一式一份）。
3.申请撤项项目：《福州大学教材立项项目撤项申请书》（一式一份）。
（二）提交时间与方式
以上材料请以学院为单位，于2025年12月1日前提交，纸质材料请交至教务处教材建设与行政科（行政北楼西210），电子版请发送至邮箱：jwchjck@fzu.edu.cn。邮件主题统一命名为“XX学院+2022教材立项项目+结题/延期/撤项材料”。

联系人：苏淑珍       联系电话：0591-22866893。

附件：
1.福州大学2022年本科规划教材立项项目名单
2.福州大学教材立项项目结题验收申请书
3.福州大学教材立项项目延期申请书
4.福州大学教材立项项目撤项申请书
5.福州大学教材立项项目名称变更申请表
6.福州大学本科教材编写人员政治审查表

福州大学教务处
2025年11月18日",6,0017449848580016733964,附件1.福州大学2022年本科规划教材立项项目名单.docx,102,https://jwch.fzu.edu.cn/system/_content/download.jsp?urltype=news.DownloadAttachUrl&owner=1744984858&wbfileid=16733964,16733964,1744984858
001042014364,https://jwch.fzu.edu.cn/content.jsp?urltype=news.NewsContentUrl&wbtreeid=1042&wbnewsid=14364,关于开展福州大学2022年本科规划教材立项项目结题验收工作的通知,【教材中心】,2025-11-18,"各学院，有关单位：
为加强教材建设项目管理，确保高质量完成教材建设目标，根据《福州大学教材管理实施细则》（福大政〔2024〕44号）和《关于开展福州大学2022年本科规划教材立项工作的通知》相关要求，经研究决定，启动2022年本科规划教材立项项目(以下简称“项目”)结题验收工作。现将有关事项通知如下:
一、验收范围
福州大学2022年本科规划教材立项项目（具体项目名单详见附件1）。
二、验收要求
1.项目教材已正式出版，且经学院完成教材内容审核的，可直接申请结题验收，由项目负责人填写《福州大学教材立项项目结题验收申请表》（附件2）；未通过学院审核的项目，须完成学院补充审核流程后，方可提交验收申请。
2.如遇特殊情况无法按期完成结题验收的项目，由项目负责人填写《福州大学教材立项项目延期申请书》（附件3），项目只能申请延期1次，期限不超过1年，如在规定期限内仍未完成结题，项目将被终止，不再予以经费支持。同时，项目负责人3年内不得再次申报校级教材立项项目。确因客观原因需终止项目的，项目负责人须提交《福州大学教材立项项目撤项申请书》（附件4），经学院审核后报教务处备案。
3.原则上教材立项项目结题时应与立项时项目名称保持一致，项目名称变更的，由项目负责人填写《福州大学教材立项项目名称变更申请表》（附件5）。
5.若教材出版时的编写人员较立项时存在新增情况，须为新增人员补充提交《福州大学本科教材编写人员政治审查表》（附件6），确保编写人员符合要求。
6.项目结题以教材正式出版为唯一完成形式。申请验收时须提交已正式出版的纸质教材2本。
三、材料提交要求
（一）需提交材料清单
1.申请结题验收项目：《福州大学教材立项项目结题验收申请表》（一式一份）、正式出版教材2本。
如存在项目名称变更或新增编写人员情况的项目须同步提交《福州大学教材立项项目名称变更申请表》（一式一份）以及新增编写人员的《福州大学本科教材编写人员政治审查表》（一式一份）。
2.申请延期项目：《福州大学教材立项项目延期申请书》（一式一份）。
3.申请撤项项目：《福州大学教材立项项目撤项申请书》（一式一份）。
（二）提交时间与方式
以上材料请以学院为单位，于2025年12月1日前提交，纸质材料请交至教务处教材建设与行政科（行政北楼西210），电子版请发送至邮箱：jwchjck@fzu.edu.cn。邮件主题统一命名为“XX学院+2022教材立项项目+结题/延期/撤项材料”。

联系人：苏淑珍       联系电话：0591-22866893。

附件：
1.福州大学2022年本科规划教材立项项目名单
2.福州大学教材立项项目结题验收申请书
3.福州大学教材立项项目延期申请书
4.福州大学教材立项项目撤项申请书
5.福州大学教材立项项目名称变更申请表
6.福州大学本科教材编写人员政治审查表

福州大学教务处
2025年11月18日",6,0017449848580016733963,附件2.福州大学教材立项项目结题验收申请书.docx,36,https://jwch.fzu.edu.cn/system/_content/download.jsp?urltype=news.DownloadAttachUrl&owner=1744984858&wbfileid=16733963,16733963,1744984858
001042014364,https://jwch.fzu.edu.cn/content.jsp?urltype=news.NewsContentUrl&wbtreeid=1042&wbnewsid=14364,关于开展福州大学2022年本科规划教材立项项目结题验收工作的通知,【教材中心】,2025-11-18,"各学院，有关单位：
为加强教材建设项目管理，确保高质量完成教材建设目标，根据《福州大学教材管理实施细则》（福大政〔2024〕44号）和《关于开展福州大学2022年本科规划教材立项工作的通知》相关要求，经研究决定，启动2022年本科规划教材立项项目(以下简称“项目”)结题验收工作。现将有关事项通知如下:
一、验收范围
福州大学2022年本科规划教材立项项目（具体项目名单详见附件1）。
二、验收要求
1.项目教材已正式出版，且经学院完成教材内容审核的，可直接申请结题验收，由项目负责人填写《福州大学教材立项项目结题验收申请表》（附件2）；未通过学院审核的项目，须完成学院补充审核流程后，方可提交验收申请。
2.如遇特殊情况无法按期完成结题验收的项目，由项目负责人填写《福州大学教材立项项目延期申请书》（附件3），项目只能申请延期1次，期限不超过1年，如在规定期限内仍未完成结题，项目将被终止，不再予以经费支持。同时，项目负责人3年内不得再次申报校级教材立项项目。确因客观原因需终止项目的，项目负责人须提交《福州大学教材立项项目撤项申请书》（附件4），经学院审核后报教务处备案。
3.原则上教材立项项目结题时应与立项时项目名称保持一致，项目名称变更的，由项目负责人填写《福州大学教材立项项目名称变更申请表》（附件5）。
5.若教材出版时的编写人员较立项时存在新增情况，须为新增人员补充提交《福州大学本科教材编写人员政治审查表》（附件6），确保编写人员符合要求。
6.项目结题以教材正式出版为唯一完成形式。申请验收时须提交已正式出版的纸质教材2本。
三、材料提交要求
（一）需提交材料清单
1.申请结题验收项目：《福州大学教材立项项目结题验收申请表》（一式一份）、正式出版教材2本。
如存在项目名称变更或新增编写人员情况的项目须同步提交《福州大学教材立项项目名称变更申请表》（一式一份）以及新增编写人员的《福州大学本科教材编写人员政治审查表》（一式一份）。
2.申请延期项目：《福州大学教材立项项目延期申请书》（一式一份）。
3.申请撤项项目：《福州大学教材立项项目撤项申请书》（一式一份）。
（二）提交时间与方式
以上材料请以学院为单位，于2025年12月1日前提交，纸质材料请交至教务处教材建设与行政科（行政北楼西210），电子版请发送至邮箱：jwchjck@fzu.edu.cn。邮件主题统一命名为“XX学院+2022教材立项项目+结题/延期/撤项材料”。

联系人：苏淑珍       联系电话：0591-22866893。

附件：
1.福州大学2022年本科规划教材立项项目名单
2.福州大学教材立项项目结题验收申请书
3.福州大学教材立项项目延期申请书
4.福州大学教材立项项目撤项申请书
5.福州大学教材立项项目名称变更申请表
6.福州大学本科教材编写人员政治审查表

福州大学教务处
2025年11月18日",6,0017449848580016733965,附件3.福州大学教材立项项目延期申请书.docx,26,https://jwch.fzu.edu.cn/system/_content/download.jsp?urltype=news.DownloadAttachUrl&owner=1744984858&wbfileid=16733965,16733965,1744984858
001042014364,https://jwch.fzu.edu.cn/content.jsp?urltype=news.NewsContentUrl&wbtreeid=1042&wbnewsid=14364,关于开展福州大学2022年本科规划教材立项项目结题验收工作的通知,【教材中心】,2025-11-18,"各学院，有关单位：
为加强教材建设项目管理，确保高质量完成教材建设目标，根据《福州大学教材管理实施细则》（福大政〔2024〕44号）和《关于开展福州大学2022年本科规划教材立项工作的通知》相关要求，经研究决定，启动2022年本科规划教材立项项目(以下简称“项目”)结题验收工作。现将有关事项通知如下:
一、验收范围
福州大学2022年本科规划教材立项项目（具体项目名单详见附件1）。
二、验收要求
1.项目教材已正式出版，且经学院完成教材内容审核的，可直接申请结题验收，由项目负责人填写《福州大学教材立项项目结题验收申请表》（附件2）；未通过学院审核的项目，须完成学院补充审核流程后，方可提交验收申请。
2.如遇特殊情况无法按期完成结题验收的项目，由项目负责人填写《福州大学教材立项项目延期申请书》（附件3），项目只能申请延期1次，期限不超过1年，如在规定期限内仍未完成结题，项目将被终止，不再予以经费支持。同时，项目负责人3年内不得再次申报校级教材立项项目。确因客观原因需终止项目的，项目负责人须提交《福州大学教材立项项目撤项申请书》（附件4），经学院审核后报教务处备案。
3.原则上教材立项项目结题时应与立项时项目名称保持一致，项目名称变更的，由项目负责人填写《福州大学教材立项项目名称变更申请表》（附件5）。
5.若教材出版时的编写人员较立项时存在新增情况，须为新增人员补充提交《福州大学本科教材编写人员政治审查表》（附件6），确保编写人员符合要求。
6.项目结题以教材正式出版为唯一完成形式。申请验收时须提交已正式出版的纸质教材2本。
三、材料提交要求
（一）需提交材料清单
1.申请结题验收项目：《福州大学教材立项项目结题验收申请表》（一式一份）、正式出版教材2本。
如存在项目名称变更或新增编写人员情况的项目须同步提交《福州大学教材立项项目名称变更申请表》（一式一份）以及新增编写人员的《福州大学本科教材编写人员政治审查表》（一式一份）。
2.申请延期项目：《福州大学教材立项项目延期申请书》（一式一份）。
3.申请撤项项目：《福州大学教材立项项目撤项申请书》（一式一份）。
（二）提交时间与方式
以上材料请以学院为单位，于2025年12月1日前提交，纸质材料请交至教务处教材建设与行政科（行政北楼西210），电子版请发送至邮箱：jwchjck@fzu.edu.cn。邮件主题统一命名为“XX学院+2022教材立项项目+结题/延期/撤项材料”。

联系人：苏淑珍       联系电话：0591-22866893。

附件：
1.福州大学2022年本科规划教材立项项目名单
2.福州大学教材立项项目结题验收申请书
3.福州大学教材立项项目延期申请书
4.福州大学教材立项项目撤项申请书
5.福州大学教材立项项目名称变更申请表
6.福州大学本科教材编写人员政治审查表

福州大学教务处
2025年11月18日",6,0017449848580016733968,附件4.福州大学教材立项项目撤项申请书.docx,20,https://jwch.fzu.edu.cn/system/_content/download.jsp?urltype=news.DownloadAttachUrl&owner=1744984858&wbfileid=16733968,16733968,1744984858
001042014364,https://jwch.fzu.edu.cn/content.jsp?urltype=news.NewsContentUrl&wbtreeid=1042&wbnewsid=14364,关于开展福州大学2022年本科规划教材立项项目结题验收工作的通知,【教材中心】,2025-11-18,"各学院，有关单位：
为加强教材建设项目管理，确保高质量完成教材建设目标，根据《福州大学教材管理实施细则》（福大政〔2024〕44号）和《关于开展福州大学2022年本科规划教材立项工作的通知》相关要求，经研究决定，启动2022年本科规划教材立项项目(以下简称“项目”)结题验收工作。现将有关事项通知如下:
一、验收范围
福州大学2022年本科规划教材立项项目（具体项目名单详见附件1）。
二、验收要求
1.项目教材已正式出版，且经学院完成教材内容审核的，可直接申请结题验收，由项目负责人填写《福州大学教材立项项目结题验收申请表》（附件2）；未通过学院审核的项目，须完成学院补充审核流程后，方可提交验收申请。
2.如遇特殊情况无法按期完成结题验收的项目，由项目负责人填写《福州大学教材立项项目延期申请书》（附件3），项目只能申请延期1次，期限不超过1年，如在规定期限内仍未完成结题，项目将被终止，不再予以经费支持。同时，项目负责人3年内不得再次申报校级教材立项项目。确因客观原因需终止项目的，项目负责人须提交《福州大学教材立项项目撤项申请书》（附件4），经学院审核后报教务处备案。
3.原则上教材立项项目结题时应与立项时项目名称保持一致，项目名称变更的，由项目负责人填写《福州大学教材立项项目名称变更申请表》（附件5）。
5.若教材出版时的编写人员较立项时存在新增情况，须为新增人员补充提交《福州大学本科教材编写人员政治审查表》（附件6），确保编写人员符合要求。
6.项目结题以教材正式出版为唯一完成形式。申请验收时须提交已正式出版的纸质教材2本。
三、材料提交要求
（一）需提交材料清单
1.申请结题验收项目：《福州大学教材立项项目结题验收申请表》（一式一份）、正式出版教材2本。
如存在项目名称变更或新增编写人员情况的项目须同步提交《福州大学教材立项项目名称变更申请表》（一式一份）以及新增编写人员的《福州大学本科教材编写人员政治审查表》（一式一份）。
2.申请延期项目：《福州大学教材立项项目延期申请书》（一式一份）。
3.申请撤项项目：《福州大学教材立项项目撤项申请书》（一式一份）。
（二）提交时间与方式
以上材料请以学院为单位，于2025年12月1日前提交，纸质材料请交至教务处教材建设与行政科（行政北楼西210），电子版请发送至邮箱：jwchjck@fzu.edu.cn。邮件主题统一命名为“XX学院+2022教材立项项目+结题/延期/撤项材料”。

联系人：苏淑珍       联系电话：0591-22866893。

附件：
1.福州大学2022年本科规划教材立项项目名单
2.福州大学教材立项项目结题验收申请书
3.福州大学教材立项项目延期申请书
4.福州大学教材立项项目撤项申请书
5.福州大学教材立项项目名称变更申请表
6.福州大学本科教材编写人员政治审查表

福州大学教务处
2025年11月18日",6,0017449848580016733967,附件5.福州大学教材立项项目名称变更申请表.doc,20,https://jwch.fzu.edu.cn/system/_content/download.jsp?urltype=news.DownloadAttachUrl&owner=1744984858&wbfileid=16733967,16733967,1744984858
001042014364,https://jwch.fzu.edu.cn/content.jsp?urltype=news.NewsContentUrl&wbtreeid=1042&wbnewsid=14364,关于开展福州大学2022年本科规划教材立项项目结题验收工作的通知,【教材中心】,2025-11-18,"各学院，有关单位：
为加强教材建设项目管理，确保高质量完成教材建设目标，根据《福州大学教材管理实施细则》（福大政〔2024〕44号）和《关于开展福州大学2022年本科规划教材立项工作的通知》相关要求，经研究决定，启动2022年本科规划教材立项项目(以下简称“项目”)结题验收工作。现将有关事项通知如下:
一、验收范围
福州大学2022年本科规划教材立项项目（具体项目名单详见附件1）。
二、验收要求
1.项目教材已正式出版，且经学院完成教材内容审核的，可直接申请结题验收，由项目负责人填写《福州大学教材立项项目结题验收申请表》（附件2）；未通过学院审核的项目，须完成学院补充审核流程后，方可提交验收申请。
2.如遇特殊情况无法按期完成结题验收的项目，由项目负责人填写《福州大学教材立项项目延期申请书》（附件3），项目只能申请延期1次，期限不超过1年，如在规定期限内仍未完成结题，项目将被终止，不再予以经费支持。同时，项目负责人3年内不得再次申报校级教材立项项目。确因客观原因需终止项目的，项目负责人须提交《福州大学教材立项项目撤项申请书》（附件4），经学院审核后报教务处备案。
3.原则上教材立项项目结题时应与立项时项目名称保持一致，项目名称变更的，由项目负责人填写《福州大学教材立项项目名称变更申请表》（附件5）。
5.若教材出版时的编写人员较立项时存在新增情况，须为新增人员补充提交《福州大学本科教材编写人员政治审查表》（附件6），确保编写人员符合要求。
6.项目结题以教材正式出版为唯一完成形式。申请验收时须提交已正式出版的纸质教材2本。
三、材料提交要求
（一）需提交材料清单
1.申请结题验收项目：《福州大学教材立项项目结题验收申请表》（一式一份）、正式出版教材2本。
如存在项目名称变更或新增编写人员情况的项目须同步提交《福州大学教材立项项目名称变更申请表》（一式一份）以及新增编写人员的《福州大学本科教材编写人员政治审查表》（一式一份）。
2.申请延期项目：《福州大学教材立项项目延期申请书》（一式一份）。
3.申请撤项项目：《福州大学教材立项项目撤项申请书》（一式一份）。
（二）提交时间与方式
以上材料请以学院为单位，于2025年12月1日前提交，纸质材料请交至教务处教材建设与行政科（行政北楼西210），电子版请发送至邮箱：jwchjck@fzu.edu.cn。邮件主题统一命名为“XX学院+2022教材立项项目+结题/延期/撤项材料”。

联系人：苏淑珍       联系电话：0591-22866893。

附件：
1.福州大学2022年本科规划教材立项项目名单
2.福州大学教材立项项目结题验收申请书
3.福州大学教材立项项目延期申请书
4.福州大学教材立项项目撤项申请书
5.福州大学教材立项项目名称变更申请表
6.福州大学本科教材编写人员政治审查表

福州大学教务处
2025年11月18日",6,0017449848580016733966,附件6.福州大学本科教材编写人员政治审查表.docx,21,https://jwch.fzu.edu.cn/system/_content/download.jsp?urltype=news.DownloadAttachUrl&owner=1744984858&wbfileid=16733966,16733966,1744984858
001042014363,https://jwch.fzu.edu.cn/info/1042/14363.htm,福州大学关于印发教材委员会章程的通知,【教材中心】,2025-11-18,"各学院，机关各部处,各单位：
修订后的《福州大学教材委员会章程》经校教材委员会会议（2025年第2次）审议通过，现印发给你们，请遵照执行。

                                  福  州  大  学

                                 2025年11月8日

福州大学教材委员会章程

第一章  总  则
第一条  为贯彻落实党中央、国务院关于加强和改进新形势下大中小学教材建设的意见，进一步做好学校教材管理工作，推动高质量教材建设，全面提高人才培养能力，特成立福州大学教材委员会，并制定本章程。
第二条  福州大学教材委员会是在学校党委领导下，对学校教材管理与研究、监督与评价的议事机构，为学校教材的建设、管理和重要决策提供研究、咨询、审议、审查、指导。
第三条  各学院须遵照本章程，结合自身实际，成立学院教材工作小组并报学校备案，在学院党委的领导下，配合学校教材委员会负责推进落实学院教材工作，开展本院系的教材规划、编写、审核、选用、监管、评价等各项工作。
第二章  组织规则
第四条  学校教材委员会主任委员由校党委书记和校长共同担任，副主任委员由分管本科、研究生教学工作的副校长担任，委员若干名，秘书2名。
第五条  学校教材委员会下设办公室，挂靠教务处（管理本科生教材）和研究生院（管理研究生教材），负责组织教材委员会的日常工作。教材委员会根据需要可成立若干常设性或临时性的教材审核专家组、评议组、评审组等。
第六条 学校教材委员会委员由党政办公室、党委组织部、党委宣传部、党委教师工作部、学生工作部（处）、校团委、教务处、研究生院、对外合作与交流处等相关职能部门负责人，马克思主义理论和思想政治教育专家构成。
第七条  学校教材委员会主任委员、副主任委员、委员均实行任期制，每届任期四年，可连聘连任。对于因故不宜继续担任有关工作的委员可提前解聘。
第三章  主要职责
第八条  学校教材委员会的职责主要有：
（一）贯彻落实党和国家关于教材工作的各项方针、政策。
（二）审议有关教材建设、教材选用、教材管理等方面的规章制度。
（三）指导、监督学校教材建设与管理等工作。
（四）研究解决学校教材管理中的重大问题，审议教材工作中发生的责任追究事项。
（五）指导学院教材工作小组开展教材相关工作并落实教材意识形态审查责任。
第四章  议事规则
第九条  学校教材委员会议事规则：
（一）实行例会制，原则上每学期召开一次全体委员会议。根据工作需要，主任委员可临时召开全体委员会议。
（二）教材委员会由主任委员或由主任委员委托副主任委员主持工作。
（三）教材委员会的全体委员会议，如有决议事宜，参会人数需达到委员总数的三分之二时会议方为有效；
（四）会议决定重要问题，应进行表决。进行表决时，赞同票数超过到会委员人数的半数为通过。遇有紧急事宜需要表决时可进行通讯投票。
（五）会议实行回避制度，在讨论、审议或评定与委员及其直系亲属有关的事项时，该委员须回避。
（六）教材委员会委员须对会议讨论细节保密，并执行和维护委员会的审议或评议结果。
第五章  附  则
第十条  本章程的制定与修改须经学校教材委员会全体委员会议审议并通过。
第十一条  本章程自公布之日起正式施行。原《福州大学教材委员会章程》（福大政〔2022〕25号）同时废止。
第十二条  本章程具体解释工作由学校教材委员会承担。",0,,,,,,
001012014362,https://jwch.fzu.edu.cn/info/1012/14362.htm,福州大学关于印发教材委员会章程的通知,【教学通知】,2025-11-18,"各学院，机关各部处,各单位：
修订后的《福州大学教材委员会章程》经校教材委员会会议（2025年第2次）审议通过，现印发给你们，请遵照执行。

                                  福  州  大  学

                                 2025年11月8日

福州大学教材委员会章程

第一章  总  则
第一条  为贯彻落实党中央、国务院关于加强和改进新形势下大中小学教材建设的意见，进一步做好学校教材管理工作，推动高质量教材建设，全面提高人才培养能力，特成立福州大学教材委员会，并制定本章程。
第二条  福州大学教材委员会是在学校党委领导下，对学校教材管理与研究、监督与评价的议事机构，为学校教材的建设、管理和重要决策提供研究、咨询、审议、审查、指导。
第三条  各学院须遵照本章程，结合自身实际，成立学院教材工作小组并报学校备案，在学院党委的领导下，配合学校教材委员会负责推进落实学院教材工作，开展本院系的教材规划、编写、审核、选用、监管、评价等各项工作。
第二章  组织规则
第四条  学校教材委员会主任委员由校党委书记和校长共同担任，副主任委员由分管本科、研究生教学工作的副校长担任，委员若干名，秘书2名。
第五条  学校教材委员会下设办公室，挂靠教务处（管理本科生教材）和研究生院（管理研究生教材），负责组织教材委员会的日常工作。教材委员会根据需要可成立若干常设性或临时性的教材审核专家组、评议组、评审组等。
第六条 学校教材委员会委员由党政办公室、党委组织部、党委宣传部、党委教师工作部、学生工作部（处）、校团委、教务处、研究生院、对外合作与交流处等相关职能部门负责人，马克思主义理论和思想政治教育专家构成。
第七条  学校教材委员会主任委员、副主任委员、委员均实行任期制，每届任期四年，可连聘连任。对于因故不宜继续担任有关工作的委员可提前解聘。
第三章  主要职责
第八条  学校教材委员会的职责主要有：
（一）贯彻落实党和国家关于教材工作的各项方针、政策。
（二）审议有关教材建设、教材选用、教材管理等方面的规章制度。
（三）指导、监督学校教材建设与管理等工作。
（四）研究解决学校教材管理中的重大问题，审议教材工作中发生的责任追究事项。
（五）指导学院教材工作小组开展教材相关工作并落实教材意识形态审查责任。
第四章  议事规则
第九条  学校教材委员会议事规则：
（一）实行例会制，原则上每学期召开一次全体委员会议。根据工作需要，主任委员可临时召开全体委员会议。
（二）教材委员会由主任委员或由主任委员委托副主任委员主持工作。
（三）教材委员会的全体委员会议，如有决议事宜，参会人数需达到委员总数的三分之二时会议方为有效；
（四）会议决定重要问题，应进行表决。进行表决时，赞同票数超过到会委员人数的半数为通过。遇有紧急事宜需要表决时可进行通讯投票。
（五）会议实行回避制度，在讨论、审议或评定与委员及其直系亲属有关的事项时，该委员须回避。
（六）教材委员会委员须对会议讨论细节保密，并执行和维护委员会的审议或评议结果。
第五章  附  则
第十条  本章程的制定与修改须经学校教材委员会全体委员会议审议并通过。
第十一条  本章程自公布之日起正式施行。原《福州大学教材委员会章程》（福大政〔2022〕25号）同时废止。
第十二条  本章程具体解释工作由学校教材委员会承担。",0,,,,,,
001038014361,https://jwch.fzu.edu.cn/info/1038/14361.htm,关于2025-2026学年第一学期在校学生申请辅修专业的通知,【计划科】,2025-11-17,"各学院：
本学期在校本科学生申请修读辅修专业工作已经开始，现将有关事项通知如下：
一、申请程序
1. 11月24日-11月30日，申请修读辅修专业的学生进行网上报名申请（登录教务处“本科教学管理系统”点击“辅修申请”），每位学生最多可以报名两个顺序志愿，于11月30日（含）前在系统确认申请结果。
2.12月1日-12月3日，主修专业学院对申请进行审核，并将审核结果录入系统。
3.12月4日-12月8日，辅修专业学院对第一志愿申请进行审核，并将审核结果录入系统。
4.12月9日-12月12日，辅修专业学院对第二志愿申请进行审核，将审核结果录入系统，并将一、二志愿审核结果以汇总表形式送交教务处。
5.12月15日-12月19日，教务处对辅修专业申请进行最后审核，并将拟录取名单进行公示，在公示期结束后发文公布名单。
二、选课与缴费
1.公布名单之后，录取学生可以查看辅修专业培养方案，根据方案要求在网上进行辅修专业选课（具体时间请关注辅修专业网上选课通知）。
2. 辅修专业实行网上缴费，学生根据选课情况，按所选课程学分进行网上缴费，超过通知规定时间逾期未缴费者，选课无效。收费标准： 121元/学分（根据学校文件 福大财[2009]1号文件执行）。
三、辅修专业录取计划及接收条件

 

辅修学院
专业
计划人数
接收条件
联系电话

数学与统计学院
数学与应用数学
无限制
按绩点排名
梁老师228603552065554665@qq,com

信息与计算科学
无限制
按绩点排名

经济统计学
无限制
按绩点排名

外国语学院
英语
25（20人以上独立开班）
英语四六级成绩按绩点排名
陈老师22866250474118077@qq.com

日语
25（20人以上独立开班）
按绩点排名

计算机与大数据学院
计算机科学与技术
25
按绩点排名
曹老师22865169395176456@qq.com

物理与信息工程学院
数字媒体技术
无限制
按绩点排名
许老师2286513123598011@qq.com

法学院
法学
15
按绩点排名
郑老师22866291423869129@qq.com

人文社会科学学院
社会学
无限制
按绩点排名
张老师22866567423890409@qq.com

汉语言文学
无限制
按绩点排名

应用心理学
无限制
按绩点排名

 
备注：
1.以下专业不能互相修读：信息管理与信息系统专业与计算机科学与技术专业，数字媒体技术（中外合作办学）不能辅修数字媒体技术专业；
2.根据福大教[2021]18号《福州大学关于印发本科生辅修专业管理办法的通知》规定的修读条件，拟修读辅修专业的学生在入学半年后的每一个学期均可提出申请。各辅修专业录取计划及接收条件以当学期教务处通知公布为准。
 
 
　　　　　　　　　　　　　　　　　　　　　　　　　　福州大学教务处
           　　2025年11月17日",0,,,,,,
001036014352,https://jwch.fzu.edu.cn/info/1036/14352.htm,关于公布2025-2026学年各学院转专业实施细则的通知,【教学运行】,2025-11-14,"有关学院：
   根据各学院上报的转专业实施细则，经教务处汇总审核，现将各学院转专业实施细则公布如下：",1,0017449848580016732856,2025-2026学年各学院转专业实施细则.pdf,6496,https://jwch.fzu.edu.cn/system/_content/download.jsp?urltype=news.DownloadAttachUrl&owner=1744984858&wbfileid=16732856,16732856,1744984858
001035014344,https://jwch.fzu.edu.cn/info/1035/14344.htm,关于2025-2026学年第一学期再次开放本科生学生证补办、火车票优惠区间更改及信息采集的通知,【综合科】,2025-11-12,"各学院：
根据《福州大学学生证管理办法》（福大政【2019】25号），针对部分学生丢失学生证的情况，特安排本学期的学生证补办和火车票优惠区间更改等工作，具体工作安排如下：
一、补办学生证
1、补办范围
学生在校学习期间，学生证原则上只补办一次。本次补办仅限具有福州大学全日制学籍、首次丢失学生证的学生。
2、申请时间
2025年11月13日-2025年11月19日
3、补办程序
（1）在福州大学教务处网站首页登陆“本科教学管理系统”，在“学生证及附卡”模块完成学生证补办申请。
（2）学院和教务处分别对学生的申请进行初核和复核，其中申请信息经审核发现不属实者不予受理。
（3）学生证制作完成后，学生根据短信通知，到学校行政北楼西208室领取补办的学生证。
二、更改火车票优惠区间
1、更改时间
2026年1月12日-2026年1月28日
2、更改程序
（1）在福州大学教务处网站首页登陆“本科教学管理系统”，在“学生证及附卡”模块完成火车票优惠区间修改申请。
（2）学院和教务处分别对学生的申请进行初核和复核，其中申请信息经审核发现不属实者不予受理。
（3）学生接到通知短信后，到学校行政北楼西208室办理。
3、因家庭住址变更或父母工作地点发生变化而须改乘车区间的，必须交验家长工作单位或户籍管理部门提供的书面证明，方可办理变更手续；因火车站点变更等原因造成乘车区间改变的，无须提供证明，可直接办理变更手续。
三、尚未进行信息采集的2025级新生及访学学生
1、信息采集时间
2025年11月13日-2025年11月19日
2、办理程序
在福州大学教务处网站首页登陆“本科教学管理系统”，在“学生证及附卡”模块完善信息采集，包括本人电话、家庭所在地、目的站点、照片等。
新生须根据实际家庭住址填写火车优惠区间信息。请务必填写 “乘车目的站点”的正式名称（可上铁路客户服务中心查询），乘车站点一经确认原则上不允许变更。
3、图像采集标准
（1）基本要求
图像应使用学生本人近期（一般为入学前后）正面免冠彩色头像的数字化文件。
图像应真实表达学生本人相貌。禁止对图像整体或局部进行镜像、旋转等变换操作。不得对人像特征（如伤疤、痣、发型等）进行技术处理，严禁使用任何美颜特效。
图像应对焦准确、层次清晰、色彩真实、无明显畸变。
除头像外，不得添加边框、文字、图案等其他内容。
（2）拍摄要求
背景：采用白色（参考值RGB<255 ,255,255>），应均匀无渐变，不得有阴影、其他人或物体。
人物姿态与表情：坐姿端正，表情自然，双眼自然睁开并平视，耳朵对称，左右肩膀平衡，嘴唇自然闭合。
衣着：学生仪表装束应大方庄重，避免复杂的图案、条纹。衣服要有领子，建议穿深色带有标准领的衬衫、T恤或者西装，不得穿制服，也不要穿与拍摄背景相近的白色衣服。
头发：不能梳得高耸，不得遮挡眉毛、眼睛和耳朵，长发者应将头发置于肩膀后。
眼镜：常戴眼镜者应佩戴眼镜，但不得戴有色（含隐形）眼镜，镜框不得遮挡眼睛，眼镜不能有反光。
佩饰：不得使用假发、头巾、帽子等头部覆盖物（宗教、医疗和文化需要时，不得遮挡脸部或造成阴影），不得佩戴任何饰品（包括耳环、项链、非黑色的钢丝发卡等）。
妆容：不宜化妆，尤其严禁浓妆艳抹。拍摄前应洗净脸上的汗渍、油污，保持脸部整洁，不能使用润肤露、防晒霜等带有反光效果的护肤品，以免造成脸部高光。
（3）图像规范
数字化图像文件规格为宽480像素×高640像素，分辨率300dpi，24位真彩色。应符合JPEG标准，压缩品质系数不低于60，压缩后文件大小一般在20KB至40KB。文件名为9位纯数字的学号，扩展名为JPG（如：012200101.JPG）。
人像在图像矩形框内水平居中，左右对称。头顶发际距上边沿50-110像素；眼睛所在位置距上边沿200-300像素；脸部宽度（两脸颊之间）180-300像素。
四、请各学院认真做好学生证和火车票优惠区间的初核工作。各学院在审核学生补办申请时，要加强对学生的思想教育，教育学生重视、爱惜学生证。学生要树立良好的诚信意识，不得擅自涂改学生证和火车票优惠区间内容，不得转借或抵押他人，不得在申领的过程中弄虚作假。如有违反者，一经查出，学校将收回违规学生证，取消其补办资格，并追究学生本人责任。
五、因学生证丢失而补办新证后又找回原证的，须将原证交至教务处注销。
六、注意事项：新办和补办学生证不再张贴“火车票学生优惠卡”，有需要购买优惠火车票的同学应在线完成学生优惠资质核验。其他注意事项及学生资质核验流程详见通知：关于购买优惠火车票相关事宜的通知

教务处
2025年11月12日",0,,,,,,
001042014342,https://jwch.fzu.edu.cn/info/1042/14342.htm,关于做好2025-2026学年第一学期本科课程实施与教材使用监测工作的通知,【教材中心】,2025-11-12,"各学院，相关教学单位：
根据《福建省教育评估研究中心关于开展2025-2026学年普通高等学校课程实施与教材使用监测工作的通知》（闽教评中心函〔2025〕69号）（附件1）文件要求及相关工作安排，现就我校2025-2026学年第一学期本科教材使用监测工作有关事项通知如下：
一、监测范围
各学院及相关教学单位在2025-2026学年第一学期本科教学活动中使用的具有国际标准书号（ISBN）的各类教材（含境外引进教材）。
二、监测内容
重点监测马工程重点教材、普通高等教育国家和省级规划教材、全国优秀教材选用使用情况，同时监测本科教学活动中使用的其他各类教材在政治性、思想性、科学性、适宜性等方面的情况。
（一）对马工程重点教材统一使用情况实施重点监测。
（二）对普通高等教育国家和省级规划教材选用情况实施重点监测，同时监测教学活动中使用的其他各类教材选用情况。
（三）对教学活动中的各类教材使用情况实施跟踪监测。
三、工作程序及时间安排
（一）数据核对阶段（2025年11月17日）
（1）平台登录。各学院及相关教学单位经办人登录“福建省普通高等学校课程实施与教材使用监测平台”(网址:https://fjsjcedu.v.chaoxing.com，以下简称“监测平台”）.登录账号为经办人手机号码，通过验证码验证登录；若无法正常登录，请及时与教务处联系。
（2）数据核查与完善。根据本单位2025-2026学年第一学期课程开设情况及教材实际使用情况，逐一核对监测平台“课程信息采集”和“教材信息采集”两个模块的数据，对有误或不完整的数据须逐条修改补充，确保信息完整准确。
（3）数据统计。完成数据核对后，需同步统计以下指标：马工程教材使用比例、各类规划教材数量及占比、各类优秀教材数量及占比、教材选新率、选用境外教材的数量等。
注意：请务必保证教材信息准确无误，无遗漏。
（二）单位自查阶段（2025年11月18日-20日）
各学院及相关教学单位按照本通知监测范围、内容以及核对后的监测数据，组织开展全面自查工作，并撰写本单位《2025-2026学年上学期教材使用工作报告》（参考附件2）。
（三）材料报送阶段（截至2025年11月21日）
1.报送材料：《2025-2026学年上学期教材使用工作报告》（纸质版一式一份，各单位教材工作小组组长签字加盖单位公章）
2.报送方式：纸质版材料报送至教务处教材建设与行政科（行政北楼西210），电子文档发送至邮箱jwchjck@fzu.edu.cn。
联系人：苏淑珍  联系电话：22866893
（四）实地核查阶段（2025年12月2日）
福建省教育评估研究中心组织专家进校开展实地核查工作。通过问卷调查、座谈会或个别访谈等多种形式，核查学校教材使用和管理情况。请各单位提前做好相关准备工作。
四、工作要求
请各学院及相关教学单位高度重视本次监测工作，扛牢教材工作主体责任，对本部门开设课程和教材使用情况进行全面梳理总结，扎实做好信息采集和报送工作，确保填报数据全面准确、真实有效。

附件：
1.关于开展2025-2026学年普通高等学校课程实施与教材使用监测工作的通知；
2.2025-2026学年上/下学期教材使用工作报告（示例）。

教务处
2025年11月12日",2,0017449848580016735375,附件1.关于开展2025-2026学年高校课程实施与教材使用监测工作的通知.pdf,135,https://jwch.fzu.edu.cn/system/_content/download.jsp?urltype=news.DownloadAttachUrl&owner=1744984858&wbfileid=16735375,16735375,1744984858
001042014342,https://jwch.fzu.edu.cn/info/1042/14342.htm,关于做好2025-2026学年第一学期本科课程实施与教材使用监测工作的通知,【教材中心】,2025-11-12,"各学院，相关教学单位：
根据《福建省教育评估研究中心关于开展2025-2026学年普通高等学校课程实施与教材使用监测工作的通知》（闽教评中心函〔2025〕69号）（附件1）文件要求及相关工作安排，现就我校2025-2026学年第一学期本科教材使用监测工作有关事项通知如下：
一、监测范围
各学院及相关教学单位在2025-2026学年第一学期本科教学活动中使用的具有国际标准书号（ISBN）的各类教材（含境外引进教材）。
二、监测内容
重点监测马工程重点教材、普通高等教育国家和省级规划教材、全国优秀教材选用使用情况，同时监测本科教学活动中使用的其他各类教材在政治性、思想性、科学性、适宜性等方面的情况。
（一）对马工程重点教材统一使用情况实施重点监测。
（二）对普通高等教育国家和省级规划教材选用情况实施重点监测，同时监测教学活动中使用的其他各类教材选用情况。
（三）对教学活动中的各类教材使用情况实施跟踪监测。
三、工作程序及时间安排
（一）数据核对阶段（2025年11月17日）
（1）平台登录。各学院及相关教学单位经办人登录“福建省普通高等学校课程实施与教材使用监测平台”(网址:https://fjsjcedu.v.chaoxing.com，以下简称“监测平台”）.登录账号为经办人手机号码，通过验证码验证登录；若无法正常登录，请及时与教务处联系。
（2）数据核查与完善。根据本单位2025-2026学年第一学期课程开设情况及教材实际使用情况，逐一核对监测平台“课程信息采集”和“教材信息采集”两个模块的数据，对有误或不完整的数据须逐条修改补充，确保信息完整准确。
（3）数据统计。完成数据核对后，需同步统计以下指标：马工程教材使用比例、各类规划教材数量及占比、各类优秀教材数量及占比、教材选新率、选用境外教材的数量等。
注意：请务必保证教材信息准确无误，无遗漏。
（二）单位自查阶段（2025年11月18日-20日）
各学院及相关教学单位按照本通知监测范围、内容以及核对后的监测数据，组织开展全面自查工作，并撰写本单位《2025-2026学年上学期教材使用工作报告》（参考附件2）。
（三）材料报送阶段（截至2025年11月21日）
1.报送材料：《2025-2026学年上学期教材使用工作报告》（纸质版一式一份，各单位教材工作小组组长签字加盖单位公章）
2.报送方式：纸质版材料报送至教务处教材建设与行政科（行政北楼西210），电子文档发送至邮箱jwchjck@fzu.edu.cn。
联系人：苏淑珍  联系电话：22866893
（四）实地核查阶段（2025年12月2日）
福建省教育评估研究中心组织专家进校开展实地核查工作。通过问卷调查、座谈会或个别访谈等多种形式，核查学校教材使用和管理情况。请各单位提前做好相关准备工作。
四、工作要求
请各学院及相关教学单位高度重视本次监测工作，扛牢教材工作主体责任，对本部门开设课程和教材使用情况进行全面梳理总结，扎实做好信息采集和报送工作，确保填报数据全面准确、真实有效。

附件：
1.关于开展2025-2026学年普通高等学校课程实施与教材使用监测工作的通知；
2.2025-2026学年上/下学期教材使用工作报告（示例）。

教务处
2025年11月12日",2,0017449848580016735376,附件2.2025-2026学年上下学期教材使用工作报告（示例）.docx,75,https://jwch.fzu.edu.cn/system/_content/download.jsp?urltype=news.DownloadAttachUrl&owner=1744984858&wbfileid=16735376,16735376,1744984858
001038014223,https://jwch.fzu.edu.cn/info/1038/14223.htm,关于2025-2026学年第一学期参加《大学生国家安全教育》课程学习的通知,【计划科】,2025-09-22,"各学院：
根据《教育部办公厅关于在高等学校开设国家安全教育公共基础课的通知》（教思政厅函〔2024〕14号）和《关于公布《大学生国家安全教育》课程实施方案的通知》（校教〔2024〕39号）文件精神，现将《大学生国家安全教育》课程学习相关事项通知如下：
一、参加学习对象：从2024级开始，所有本科学生在校期间必须修读通识教育必修课《大学生国家安全教育》（1学分，16学时）
1、2024级至今未获得该课程学分，且培养方案内本学期该课程有开课的本科学生（包括但不限于参军退役、复学、转专业降级等）。第一次修读的学生如未选课，须至行政北楼西135教务处教学运行科选课。重新学习学生请于重新学习选课开放时间自行登录教务系统进行重新学习选课。
2、2025级培养方案内本学期该课程有开课的本科学生。教务处统一为学生选课。
二、学习形式：
1、2024级各专业学生，依托超星尔雅慕课平台的《当代大学生国家安全教育》慕课(授课教师为中国人民警察大学，牛继承等)，实施全程线上教学。
2、2025级各专业学生，依托超星慕课平台的《当代大学生国家安全教育》慕课(授课教师为中国人民警察大学，牛继承等)，实施线上线下相结合教学模式，安排在第1或第2学期授课。线下课程2学时的《大学生国家安全教育》课程由军事教研室教师授课，与军事理论课同一班级一起编班排课，并安排在军事理论开课前；线上14学时依托超星慕课平台的《当代大学生国家安全教育》慕课。
三、学习时间和学习网址：所有选课学生须于2025年9月29日至12月7日登录超星尔雅平台完成规定的线上课时及相关教学要求，并于12月8日-12月14日参加线上考试。
超星尔雅网址：http://fzdx.fanya.chaoxing.com/portal，手机端可下载“学习通”。首次参加超星尔雅平台学习的同学，需要注册并绑定单位（单位UC码1799）及学号才能查看并学习课程，注册及使用方式详见附件使用手册。
附：超星尔雅使用手册（学生版）
四、成绩考核：学生在超星尔雅平台上获得的该门课程总成绩即为课程最终成绩，学期末教务处统一将学生成绩记入学生成绩档案。本课程不安排缓考和补考。若学生课程总成绩不及格可于后续学期继续选择重新修读该门课程，直至通过（此门课学生无需缴交重修费）。
五、教材要求：按教育部要求，统一使用教育部马工程教材《国家安全教育大学生读本》。
 
福州大学教务处
2025年9月22日",1,0017449848580016720002,超星尔雅使用手册（学生版）.pdf,3295,https://jwch.fzu.edu.cn/system/_content/download.jsp?urltype=news.DownloadAttachUrl&owner=1744984858&wbfileid=16720002,16720002,1744984858
001038014220,https://jwch.fzu.edu.cn/info/1038/14220.htm,关于通识教育选修课《国际化拔尖创新人才科研训练2025秋》宣讲会及选课的通知,【计划科】,2025-09-19,"各学院：
为培养具有国际视野和国际高水平科研跨学科创新人才，我校联合中国教育国际交流协会开展“国际化拔尖创新人才培养项目”。该项目邀请哈佛大学、麻省理工学院、加州大学伯克利分校、斯坦福大学、 剑桥大学、卡耐基梅隆大学等高校教授直播授课，并选拔优秀学生参加暑期线下科研实践，共同完成相关领域研究课题。此项目在我校以全校性通识教育选修课形式供同学们报名参与，有意向的同学可于9月25日周四19：00-20:00通过腾讯会议参加项目宣讲会（会议号附后），并在2025年9月26日-9月29日登录教务系统报名修读《国际化拔尖创新人才科研训练2025秋》，详细介绍如下：
 
一、通选课课程名称
国际化拔尖创新人才科研训练2025秋。
二、所属课程类别
该类课程归属全校性通识教育选修课，在校内报名时课程名称统一体现为《国际化拔尖创新人才科研训练2025秋》，具体上课课程有12门不同课程，分别对应学校通选课的不同类别（自然科学与工程技术类、人文社会科学类）。学生在选课前须仔细阅读附件1《2025年秋季国际化拔尖创新人才科研训练具体课程清单》，明确自已所要修读的课程归为通选课的哪一个类别。
三、项目课程内容
第一阶段：科研基础训练课程
有12门课程，以人工智能交叉学科精品课程为主，由教授负责课纲与教学设计，全程采用英文直播授课，并配备助教课程进行深度讲解和答疑，本阶段主要为学生讲授相关理论知识和应用，并在结课时辅导学生产出一篇围绕科研实践的结课报告。每位学生可任选一门课程进行学习。课程难度从3级到5级不等，难度最高5级（建议4级以上慎选）。详见附件1：《2025年秋季国际化拔尖创新人才科研训练具体课程清单》。
课时数:外籍教授授课32课时（必选）+助教辅导（可选课），全程在线直播，安排在周末上课，助教课不计入考勤。
授课时间：2025年10月10日-2025年12月21日
课程介绍：详情点击https://itstp.neoscholar.com/，查看全部课程介绍、教授介绍、课程大纲、先修要求等。
第二阶段：科研实践课程
适合学生：凡参与第一阶段的优秀学生，经过选拔后，可自愿申请第二阶段课程。
课程模式：线下/线上小班制研讨课，教授全程指导开题、开题、设计、评审、验证、答辩过程。
课程时间：26年寒假/26年暑假期间（具体以项目为准）
四、校内选课时间
2025年9月26日-9月29日，登录本科教学管理系统，依次点击[各类选课]-[校选课]-[开始选课]。
五、上课时间及学习方式
1．在教务系统确认已中选的同学，从10月1日-10月8日可登录NeoSchool教学系统完成注册、关联学号以获得上课权限（平台链接待群内通知）
2．2025年10月10日-2025年12月21日共12周。每周一次课，多数课程安排在周六或周日上课。本课程以在线直播方式教学，均在授课平台授课和学习，可在线互动，在线作业和考试，在线辅导。平台开通双语字幕翻译功能，并支持视频回放。
课程介绍详情：https://itstp.neoscholar.com/
六、成绩考核与记载
第一阶段考核形式为考勤、作业、期中考试，以及围绕科研实践的结课报告产出的评分。学生完整参与第一阶段课程并成绩合格，由中国教育国际交流研修学院颁发双语结业证书并出具成绩单，学校将依相关规定予以记载，具体成绩记载为《国际化拔尖创新人才科研训练2025秋》，**成绩，32学时，2学分。
第一阶段的助教授课，以及第二阶段科研实践部分不计入考核。
学生在平台学习成绩不合格或缺考，本校该课程成绩也将如实记录。
七、限选人数
全校限400人修读。
八、选课要求
学生最低英语要求听说读写无障碍，口语流利（建议：英语四级450分、六级通过、托福80分或雅思5.5分、高考英语95分以上）。未进行英语能力测试的同学可咨询项目方联系老师。
九、项目费用
第一阶段：科研基础训练课程
课程免费。
第二阶段：科研实践课程
第二阶段课程内容不属于本门通选课考核范围，属于学生自愿自费选择参加部分。对于通过选拔且有意向参加第二阶段的同学，将由中国教育国际交流协会相关部门另行通知具体费用及相关安排。
十、科研实践的选拔介绍
在本课程学习过程中，表现特别优异的学生将获得教授录用函，与国际知名教授共同完成特定课程的论文研讨与写作。由教授亲自指导科研训练。参加第二阶段科研的录取与注册将在本课程期中期末考试结束后，结合考试成绩和教授评价以及本人意愿决定参加第二阶段科研实践录取名单。
十一、项目宣讲
宣讲时间：2025年9月25日周四19：00-20:00（腾讯会议扫码入会）
宣讲议程：国际化拔尖创新人才培养计划介绍、世界顶级名校教授公共选修课介绍、现场答疑与互动环节
 
腾讯会议号：189-427-756
十二、项目咨询
1.学校项目联系人：林老师，电话：83700655/22866907，邮箱：3818093@qq.com。
2.国际化拔尖创新人才培养项目负责老师：洪老师，电话：13003939052，微信同号。
3.已选课同学请加入下方课程qq群，具体课程安排通知将在群内发布，群号：1059917596（已在教务处选课同学，请务必入群，入群后修改个人名片：姓名+学号）
 
 
福州大学教务处
2025年9月19日",1,0017449848580016719456,2025年秋季国际化拔尖创新人才科研训练具体课程清单.xlsx,1489,https://jwch.fzu.edu.cn/system/_content/download.jsp?urltype=news.DownloadAttachUrl&owner=1744984858&wbfileid=16719456,16719456,1744984858
001038014219,https://jwch.fzu.edu.cn/info/1038/14219.htm,关于2025-2026学年第一学期爱课程平台参加通识教育选修课学习的重要提示,【计划科】,2025-09-18,"各位同学：
   根据《个人信息保护法》的要求，爱课程平台对参加MOOC平台学习的学生个人信息进行脱敏处理，只在MOOC平台参加学习，课程学习结束后将无法导出成绩，教务处系统也将无法获得相应学分！必须要加入该门课程的慕课堂参加学习（系统会自动同步MOOC平台的学习进度和数据），成绩才可以正常显示。
我校在2025-2026学年第一学期选用爱课程平台4门课程作为校内通识教育选修课，请本学期选修这些课程的同学务必尽快使用下表中的二维码加入相应课程的慕课堂参加学习。
具体操作步骤如下：
1、打开中国大学mooc app或者微信扫一扫
2、使用登录中国大学慕课网的账号登录
3、填写完善“学校”“学号”“姓名”等信息
如有疑问，请咨询教务处计划科：
林老师  0591-22866907/83700655。

序号
课程名称
慕课堂二维码

1
爱课程：网络空间安全概论
 

2
爱课程：财务报表编制
 

3
爱课程：陶瓷工艺学
 

4
爱课程：美化嗓音 轻松讲课
 

教务处
2025年9月18日",0,,,,,,
001039014216,https://jwch.fzu.edu.cn/content.jsp?urltype=news.NewsContentUrl&wbtreeid=1039&wbnewsid=14216,关于开展大学生劳动教育优秀案例征集活动的通知,【实践科】,2025-09-16,"各学院：
为深化大学生劳动教育教学改革，总结推广我校劳动教育的典型经验和创新做法，经研究决定，面向全校开展大学生劳动教育优秀案例征集活动。现将有关事项通知如下：
一、征集目的
通过开展征集大学生劳动教育优秀案例活动，大力宣传辛勤劳动、诚实劳动、创造性劳动的典型人物和事迹，营造关心和支持劳动教育的良好氛围。
二、征集对象
1.2021-2025年立项的福州大学大学生劳动教育实践基地（每个基地均须提交案例）。
2.每个学院可择优推荐大学生劳动教育案例（不含已立项建设的大学生劳动教育实践基地），优秀大学生劳动教育案例将作为今后劳动教育基地立项申报的重要依据。
三、案例内容
1.基本信息：案例名称、参与学生及团队情况、实施时间。
2.案例背景与目标：说明开展劳动教育的必要性、育人目标及与专业教学或课程的关联性。
3.主要做法与实施过程：包括活动内容、组织形式、师生参与方式、具体实施内容、特色与创新点、取得的成效等。
4.成果展示：图片、视频、成果展示及师生评价等。
四、案例要求
1.案例要紧紧围绕大学生劳动教育的主题，突出大学生在劳动实践、社会志愿服务、勤工助学等方面的生动事例；
2.重点反映学生通过劳动教育在劳动技能、创新能力、团队协作、责任意识、职业素养等方面取得的积极成效；
3.案例真实具体，事迹典型鲜活，具有较强的推广价值和教育意义。
4.案例须附封面，写明所在单位、联系人、联系电话，每个案例不超过3000字。
请各学院于2025年9月30日前将纸质材料由学院汇总后报送至教务处实践科，电子版统一发送至电子邮箱jwcsjk@fzu.edu.cn。

          福州大学教务处
                                                  2025年9月16日",2,0017449848580016718938,2021-2025年福州大学大学生劳动教育实践基地立项建设名单.docx,34,https://jwch.fzu.edu.cn/system/_content/download.jsp?urltype=news.DownloadAttachUrl&owner=1744984858&wbfileid=16718938,16718938,1744984858
001039014216,https://jwch.fzu.edu.cn/content.jsp?urltype=news.NewsContentUrl&wbtreeid=1039&wbnewsid=14216,关于开展大学生劳动教育优秀案例征集活动的通知,【实践科】,2025-09-16,"各学院：
为深化大学生劳动教育教学改革，总结推广我校劳动教育的典型经验和创新做法，经研究决定，面向全校开展大学生劳动教育优秀案例征集活动。现将有关事项通知如下：
一、征集目的
通过开展征集大学生劳动教育优秀案例活动，大力宣传辛勤劳动、诚实劳动、创造性劳动的典型人物和事迹，营造关心和支持劳动教育的良好氛围。
二、征集对象
1.2021-2025年立项的福州大学大学生劳动教育实践基地（每个基地均须提交案例）。
2.每个学院可择优推荐大学生劳动教育案例（不含已立项建设的大学生劳动教育实践基地），优秀大学生劳动教育案例将作为今后劳动教育基地立项申报的重要依据。
三、案例内容
1.基本信息：案例名称、参与学生及团队情况、实施时间。
2.案例背景与目标：说明开展劳动教育的必要性、育人目标及与专业教学或课程的关联性。
3.主要做法与实施过程：包括活动内容、组织形式、师生参与方式、具体实施内容、特色与创新点、取得的成效等。
4.成果展示：图片、视频、成果展示及师生评价等。
四、案例要求
1.案例要紧紧围绕大学生劳动教育的主题，突出大学生在劳动实践、社会志愿服务、勤工助学等方面的生动事例；
2.重点反映学生通过劳动教育在劳动技能、创新能力、团队协作、责任意识、职业素养等方面取得的积极成效；
3.案例真实具体，事迹典型鲜活，具有较强的推广价值和教育意义。
4.案例须附封面，写明所在单位、联系人、联系电话，每个案例不超过3000字。
请各学院于2025年9月30日前将纸质材料由学院汇总后报送至教务处实践科，电子版统一发送至电子邮箱jwcsjk@fzu.edu.cn。

          福州大学教务处
                                                  2025年9月16日",2,0017449848580016718678,附件：福州大学大学生劳动教育优秀案例征集汇总表.docx,31,https://jwch.fzu.edu.cn/system/_content/download.jsp?urltype=news.DownloadAttachUrl&owner=1744984858&wbfileid=16718678,16718678,1744984858
001038014213,https://jwch.fzu.edu.cn/info/1038/14213.htm,关于公布2025-2026学年第一学期通选课取消开课名单的通知,【计划科】,2025-09-15,"本学期通选课第二轮选课已结束，以下课程因未达到开班要求，将取消开课。请已选中这些课程的同学于第三轮选课时间（9月16日）及时改选其他课程。

序号
课程名称

1
理工写作与汇报技巧

2
可持续无伸缩缝桥梁

3
人工智能通识教育（东1-301）

4
人工智能通识教育（东1-303）

5
光明的故事：能源塑造生活

6
软体机器人力学探索实验

7
运动美学鉴赏

8
实验室安全理念构建：从合规到本能

9
青铜泪与碳晶蝶

10
通材达识

11
大学武道——短兵

12
人类健康与现代医学

13
我们需要化学

14
探索基因的奥秘

15
实用英汉翻译

16
英式橄榄球

17
英文科技论文赏析

18
生活药学

19
健身理论与实践

20
有趣的地理信息系统实验

21
中国非遗之美：非物质文化遗产与民俗文化

22
论语英译赏析

23
千秋拾忆

24
畅游世遗泉州

25
德语国家社会与文化

26
基础韩国语

27
隐秘的大自然：微生物世界的奇妙旅行

28
无“化”不欢

29
笔迹心理分析

30
工程设备及施工概论

31
大学武道——双手剑

32
知无涯，取有道——信息与资源的检索、获取、管理及应用

33
美妆版植物图鉴

34
探寻古代文明遗迹和线索

35
策略思维：竞争与合作中的理性选择

36
足球

37
装饰材料选用技巧

38
AFL澳式橄榄球

39
英语儿童文学

40
营销策划：产品与自我营销

41
海绵城市建设概论

42
环境污染物与人体健康

43
基于大数据的新文科创新创业学科竞赛及创新类活动集训

 

福州大学教务处
2025年9月15日",0,,,,,,
001037014206,https://jwch.fzu.edu.cn/info/1037/14206.htm,关于2025级“数智实验班”入选学生名单的公示,【教研教改】,2025-09-12,"各学院：
根据《福州大学关于开展2025级“数智实验班”招生工作的通知》（校教〔2025〕35号）文件精神及2025级学生报名和面试情况，经研究确定2025级“数智实验班”学生40人，现将名单予以公示，公示时间：9月12日至9月16日，监督电话：校纪委（监察专员办）：22865580；教务处：22866865。
附件：福州大学2025级“数智实验班”入选学生名单

                        教务处
2025年9月12日

附件：
福州大学2025级“数智实验班”入选学生名单

序号
学号
姓名
学院
专业

1
072502220
林陈邦
经济与管理学院
国际经济与贸易

2
152501102
王镜翔
建筑与城乡规划学院
建筑学

3
022502104
程棋晖
机械工程及自动化学院
车辆工程

4
102501419
吴玮航
计算机与大数据学院
计算机科学与技术

5
032501217
游逸晨
数学与统计学院
数学类

6
102501320
郑佳轩
计算机与大数据学院
计算机科学与技术

7
062500255
邢皓翔
环境与安全工程学院
安全工程

8
102501226
吴一凡
计算机与大数据学院
计算机科学与技术

9
102502147
李昊达
计算机与大数据学院
数据科学与大数据技术

10
072503327
许弘林
经济与管理学院
电子商务

11
102502145
曾铭坤
计算机与大数据学院
数据科学与大数据技术

12
152501107
刘思赫
建筑与城乡规划学院
建筑学

13
032501114
欧鑫涛
数学与统计学院
数学类

14
022504215
郭泽琦
机械工程及自动化学院
机器人工程

15
062500410
李博圳
环境与安全工程学院
资源循环科学与工程

16
102503139
王驰宏
计算机与大数据学院
信息安全

17
052501202
沈钰涛
土木工程学院
土木工程

18
102502108
黄梦菲
计算机与大数据学院
数据科学与大数据技术

19
102500318
刘伟强
计算机与大数据学院
软件工程

20
102501318
陈昊岚
计算机与大数据学院
计算机科学与技术

21
152502222
姜佳岩
建筑与城乡规划学院
城乡规划

22
032501303
范柯龙
数学与统计学院
数学类

23
102501220
郭鹏宇
计算机与大数据学院
计算机科学与技术

24
102503131
郑伟嘉
计算机与大数据学院
信息安全

25
052506114
韩寓
土木工程学院
智能建造

26
102501319
赖宇良
计算机与大数据学院
计算机科学与技术

27
132501161
郑济帆
化学学院
化学

28
102501425
黄禹衡
计算机与大数据学院
计算机科学与技术

29
102501402
余紫欣
计算机与大数据学院
计算机科学与技术

30
052501131
赵则宇
土木工程学院
土木工程

31
022504219
江佳骏
机械工程及自动化学院
机器人工程

32
102500404
郑欣瑶
计算机与大数据学院
软件工程

33
052504139
上官佳敏
土木工程学院
交通工程

34
102500329
陶浚枫
计算机与大数据学院
软件工程

35
102501306
林瑜诚
计算机与大数据学院
计算机科学与技术

36
102500126
张一涵
计算机与大数据学院
软件工程

37
072503136
郑嘉辉
经济与管理学院
信息管理与信息系统

38
042501219
施博文
化工学院
化学工程与工艺

39
102503138
白宇涵
计算机与大数据学院
信息安全

40
102501206
刘艺圆
计算机与大数据学院
计算机科学与技术",0,,,,,,
001037014205,https://jwch.fzu.edu.cn/info/1037/14205.htm,关于2025级“数理综合班”入选学生名单的公示,【教研教改】,2025-09-12,"各学院：
根据《福州大学关于开展2025级“数理综合班”招生工作的通知》（校教〔2025〕34号）文件精神及2025级学生报名、选拔考试和面试情况，经研究确定2025级 “数理综合班”学生50人，现将名单予以公示，公示时间：9月12日至9月16日，监督电话：校纪委（监察专员办）：22865580；教务处：22866865。
附件：福州大学2025级“数理综合班”入选学生名单

                          教务处
2025年9月12日

附件：
福州大学2025级“数理综合班”入选学生名单

序号
学号
姓名
学院名称
专业名称

1
032501302
苏恩骏
数学与统计学院
数学类

2
062500142
杨文杰
环境与安全工程学院
环境工程

3
092500515
温佳敏
外国语学院
德语

4
072503304
傅锐卓
经济与管理学院
电子商务

5
082501128
张心萍
生物科学与工程学院
生物工程

6
052503120
郭志坚
土木工程学院
给排水科学与工程

7
072503305
郭芃奕
经济与管理学院
电子商务

8
152502116
林镇男
建筑与城乡规划学院
城乡规划

9
062500158
帅深航
环境与安全工程学院
环境工程

10
092500422
苏翔
外国语学院
日语

11
112500822
江榕鑫
物理与信息工程学院
量子信息科学

12
052505107
范发烨
土木工程学院
工程管理

13
052501330
曾威超
土木工程学院
土木工程

14
032501104
 吴韧皓
数学与统计学院
数学类

15
072501226
叶梓君
经济与管理学院
市场营销

16
032501102
施迪文
数学与统计学院
数学类

17
052501225
陈荣鑫
土木工程学院
土木工程

18
052504108
郑芷瑶
土木工程学院
交通工程

19
052501242
王内希
土木工程学院
土木工程

20
052502140
赖德程
土木工程学院
水利水电工程

21
092500503
陈锦鹏
外国语学院
德语

22
112500934
王文奇
物理与信息工程学院
应用物理学

23
032502121
谢雨芯
数学与统计学院
经济统计学

24
152501119
陈怡康
建筑与城乡规划学院
建筑学

25
032501212
张静泊
数学与统计学院
数学类

26
092500324
杨李奕
外国语学院
英语

27
152501232
潘叙铮
建筑与城乡规划学院
建筑学

28
202502126
黄嘉乐
医学院
药学

29
052501143
徐江楠
土木工程学院
土木工程

30
072503323
吴鑫雨
经济与管理学院
电子商务

31
072506202
陈司睿
经济与管理学院
金融学

32
112500941
郑博钊
物理与信息工程学院
应用物理学

33
292500331
林丽诚
人文社会科学学院
应用心理学

34
062500307
童照洋
环境与安全工程学院
人文地理与城乡规划

35
112500914
章馀涵
物理与信息工程学院
应用物理学

36
082501125
姚锦松
生物科学与工程学院
生物工程

37
112500935
崔晨阳
物理与信息工程学院
应用物理学

38
032501220
宋陈豪
数学与统计学院
数学类

39
052503130
廖宇航
土木工程学院
给排水科学与工程

40
052506106
帅康
土木工程学院
智能建造

41
112500738
王婧楠
物理与信息工程学院
光电信息科学与工程

42
052501235
何东杭
土木工程学院
土木工程

43
152502118
周铃慧
建筑与城乡规划学院
城乡规划

44
032501222
高跃峰
数学与统计学院
数学与应用数学

45
052501349
何俊圻
土木工程学院
土木工程

46
052506108
朱展颜
土木工程学院
智能建造

47
082502128
郑诗渝
生物科学与工程学院
食品科学与工程

48
052506110
朱彦
土木工程学院
智能建造

49
062500222
章志鹏
环境与安全工程学院
安全工程

50
112500929
许曈舟
物理与信息工程学院
应用物理学",0,,,,,,
001037014204,https://jwch.fzu.edu.cn/info/1037/14204.htm,关于2025级“嘉锡化学拔尖班”入选学生名单的公示,【教研教改】,2025-09-12,"各学院：
根据《福州大学关于开展2025级“嘉锡化学拔尖班”招生工作的通知》（校教〔2025〕33号）文件精神及2025级学生报名、笔试和面试情况，经研究确定2025级“嘉锡化学拔尖班”学生25人，现将名单予以公示，公示时间：9月12日至9月16日，监督电话：校纪委（监察专员办）：22865580；教务处：22866865。

附件：福州大学2025级“嘉锡化学拔尖班”入选学生名单

                教 务 处  
                           2025年9月12日

附件
福州大学2025级“嘉锡化学拔尖班”入选学生名单

序号
学号
姓名
学院名称
专业名称

1
082501112
金汀基
生物科学与工程学院
生物工程

2
042501226
王梓勰
化工学院
化学工程与工艺

3
082501214
李鼎淇
生物科学与工程学院
生物工程

4
132501212
陈予晴
化学学院
化学

5
062500144
江沛庭
环境与安全工程学院
环境工程

6
132501261
张凯
化学学院
化学

7
132501150
项嵩杰
化学学院
化学

8
132501162
张云天
化学学院
化学

9
052501219
吴发档
土木工程学院
土木工程

10
132501124
孔维学
化学学院
化学

11
132501158
杨鑫月
化学学院
化学

12
092500416
林聿昂
外国语学院
日语

13
132501248
许赞
化学学院
化学

14
072502119
刘伯浩
经济与管理学院
经济学

15
052506130
林子竣
土木工程学院
智能建造

16
132501115
邓成杰
化学学院
化学

17
132501112
程子悦
化学学院
化学

18
132501232
卢雨彤
化学学院
化学

19
132501149
徐峙谐
化学学院
化学

20
132501237
孙龙飞
化学学院
化学

21
042501228
肖楚越
化工学院
化学工程与工艺

22
132501238
石晨
化学学院
化学

23
132502132
王瑞汉
化学学院
制药工程

24
132501204
陈宇烨
化学学院
化学

25
132501104
陈一诺
化学学院
化学",0,,,,,,
001037014203,https://jwch.fzu.edu.cn/info/1037/14203.htm,关于2025级“数理金融实验班”入选学生名单的公示,【教研教改】,2025-09-12,"各学院：
根据《福州大学关于开展2025级“数理金融实验班”招生工作的通知》（校教〔2025〕32号）文件精神及2025级学生报名和面试情况，经研究确定2025级“数理金融实验班”学生50人，现将名单予以公示，公示时间：9月12日至9月16日，监督电话：校纪委（监察专员办）：22865580；教务处：22866865。
附件：福州大学2025级“数理金融实验班”入选学生名单

                        教务处
2025年9月12日

附件：
福州大学2025级“数理金融实验班”入选学生名单

序号
学号
姓名
学院
专业

1
022502126
宋昌乘
机械工程及自动化学院
车辆工程

2
072506207
范旭鸣
经济与管理学院
金融

3
152501211
杨雅淇
建筑与城乡规划学院
建筑学

4
072502136
张馨尹
经济与管理学院
经济学

5
032502119
刘宸萱
数学与统计学院
经济统计学

6
132502142
周雨昕
化学学院
制药工程

7
072506203
陈心悦
经济与管理学院
金融

8
072506120
杨丰豪
经济与管理学院
金融学

9
052504153
张贻涛
土木工程学院
交通工程

10
072506123
林金涛
经济与管理学院
金融学

11
062500155
朱胤达
环境与安全工程学院
环境工程

12
072506231
张睿佳
经济与管理学院
金融学

13
052501138
张艺潇
土木学院
土木工程

14
072507226
许淇凯
经济与管理学院
行政管理

15
152502213
张清坡
建筑与城乡规划学院
城乡规划

16
072506204
陈宇博
经济与管理学院
金融学

17
132502117
林灿阳
化学院
制药工程

18
032502116
林小栩
数学与统计学院
经济统计学

19
072506324
皮晓倩
经济与管理学院
金融学

20
042501315
李可心
化工学院
化学工程与工艺

21
072506217
彭奕宁
经济与管理学院
金融学

22
072506212
兰正煜
经济与管理学院
金融学

23
092500519
杨蕙嘉
外国语学院
德语

24
052501228
罗伟鑫
土木工程学院
土木工程

25
072506121
李奇原
经济与管理学院
金融学

26
072501215
苏靖桐
经济与管理学院
市场营销

27
082502114
林诗彤
生物科学与工程学院
食品科学与工程专业

28
072506229
张铭鉴
经济与管理学院
金融学

29
052506102
林宸宇凡
土木工程学院
智能建造

30
072501225
杨智超
经济与管理学院
市场营销

31
072502103
陈煌鑫
经济与管理学院 　
经济学

32
072507109
黄育琛
经济与管理学院
公共事业管理

33
072507113
彭隽昊
经济与管理学院
公共事业管理

34
052501305
廖姝婧
土木工程学院
土木工程

35
072506334
朱威仁
经济与管理学院
金融学

36
032502106
连艳茹
数学与统计学院
经济统计学

37
152502223
洪雨菲
建筑与城乡规划学院
城乡规划

38
032502107
易欣怡
数学与统计学院
经济统计学

39
072506133
杨语馨
经济与管理学院
金融学

40
072502235
张允中
经济与管理学院
国际经济与贸易

41
152501227
施友恩
建筑与城乡规划学院
建筑学

42
062500146
廖雅菲
环境与安全工程学院
环境工程

43
092500424
王其文
外国语学院
日语

44
072501202
陈明和
经济与管理学院
市场营销

45
072502233
夏颖琳
经济与管理学院
国际经济与贸易

46
072502238
郑紫嫣
经济与管理学院
国际经济与贸易

47
072501224
杨蓥蓥
经济与管理学院
市场营销

48
032502108
邱悦
数学与统计学院
经济统计学

49
042501301
陈家琛
化工学院
化学工程与工艺

50
152501132
廖文婧
建筑与城乡规划学院
建筑学",0,,,,,,
001040014202,https://jwch.fzu.edu.cn/info/1040/14202.htm,关于开展福州大学2025年教师教学创新大赛的通知,【质量办】,2025-09-12,"各学院：
为深入学习贯彻全国教育大会精神，落实《教育强国建设规划纲要（2024-2035年）》，深入推动高等教育教学改革，有效助力新工科、新医科、新农科、新文科建设，全面推进课程思政建设，推动产教融合走深走实，精心打造高校教师教学创新与交流的标杆，同时为选拔我校优秀选手参加第六届福建省高校教师教学创新大赛准备工作，经研究决定开展福州大学2025年教师教学创新大赛，现将有关事项通知如下：
一、报名事项
1.参赛对象：学校在职教师，主讲教师近5年对所参赛的本科课程讲授2轮及以上。
2.参赛要求：比赛根据主讲教师专业技术职务等级分成正高组、副高组、中级及以下组三个组别进行。参赛教师可选择新工科组、新医科组、新文科组、基础课程组、课程思政组、产教融合组中任一类型参加。
（1）新工科组、新医科组、新文科组、基础课程组、课程思政组：以个人或团队形式参赛均可，若以团队形式参赛，团队成员包括1名主讲教师和不超过3名团队教师。
（2）产教融合组：以团队形式参赛，团队成员至少包含1名从行业企业聘请的兼职教师，且深度参与教育教学时间须达到2年以上（需提供人事聘任协议或产教融合项目合同等），参赛课程的实践性教学学时占总学时比例不得少于30%。
3.报名要求：正高组、副高组、中级及以下组，每组比赛各学院必须至少推荐1名教师或1个团队参加。已获得前五届教师教学创新大赛省赛一等奖的主讲教师不再报名参赛。
二、奖项设置
校赛设特等奖、一等奖、二等奖，获奖比例占申报总人数的70%。学校将从各参赛组别中择优选拔优秀教师参加第六届福建省高校教师教学创新大赛。
省教育厅高度重视此项赛事，在第五届福建省高校教师教学创新大赛文件中指出“在第五届全国赛中获得一等奖的主讲教师，其与国赛获奖有直接关联的教学研究成果，在形式审核通过、材料完整规范的情况下可不占学校限额直接入围高等教育省级教学成果奖评审并认定二等奖或以上奖项1项，可不占学校限额立项为省级教研项目重大项目1项”（详见附件5）。
三、比赛流程
1.校赛成绩组成
校赛成绩分两个阶段，即教学创新成果报告评选和教学设计创新汇报。第一阶段，参赛教师先提交教学创新成果报告，经学校专家评审，评审成绩优良的教师进入第二阶段的教学设计创新现场汇报。第二阶段，专家根据入围选手的教学设计创新现场汇报以及教学创新成果报告，综合评价得出最终成绩。
（1）教学创新成果报告应基于参赛课程的教学实践经验与反思，体现课程教学的创新举措、过程与成效。聚焦教学实践的真实“问题”，通过课程内容的重构、教学方法的创新、教学环境的创设、教学评价的改革等，采用教学实验研究的范式解决教学问题，明确教学成效及其推广价值。
课程思政创新报告应立足于学科专业的育人特点和要求，发现和解决本课程开展课程思政教学过程中的真实问题。
产教融合创新成果报告应密切围绕高校与社会或行业企业主动合作、人才培养规格与产业需求、学科专业结构与区域发展、组织模式创新与教学模式改革等产教融合方面的内容，以教学研究的范式，聚焦教学实践中的“真实问题”，通过课程内容的重构、教学方法的创新、教学环境的创设、教学评价的改革、师资队伍的建设、协同办学的机制等，解决教学问题，明确教学成效及其推广价值。
教学创新成果报告包括摘要、正文，字数4000字左右为宜。
（2）教学设计创新汇报阶段，参赛教师要结合教学大纲与教学实践，进行不超过12分钟的教学设计创新汇报（PPT汇报）。
2.校内培训
校赛初定于10月中下旬举办。为帮助参赛教师做好准备，提高比赛成绩，教务处将于9月底邀请校内外专家，对报名参赛教师进行专题培训辅导。参赛教师可先加强相关知识学习，着手撰写材料，待完成学校培训后提交教学创新成果报告。培训时间地点另行通知。
因参加福建省高校教师教学创新大赛的选手还需提交2个1学时的课堂教学实录视频等材料，请有意冲刺省赛的教师同步开始视频及其他相关材料准备工作。
四、材料报送
1.请各学院广泛动员，积极组织符合条件的优秀教师进行报名，特别是动员授课效果好、课程教学有明显创新特色、注重现代信息技术运用、教改成果丰富的教师参赛（如一流课程负责人、数智课程建设项目负责人、指导学生获学科竞赛奖或发表高水平论文的教师等）。产教融合赛道推荐课程可参考附件4。
2.学院推荐名单汇总表（附件1）请于2025年9月22日前报送至行政北楼西205，电子版发至10556425@qq.com。联系人：蒋麓，联系电话：0591-22860935。

具体奖项设置及比赛细节学校将根据省教育厅文件适时调整，另行通知。

附件：
1.福州大学2025年教师教学创新大赛学院推荐名单汇总表
2.福州大学2025年教师教学创新大赛评分表（含三种类别）
3.福州大学一流课程名单
4.第五届全国高校教师创新大赛产教融合赛道-国赛获奖名单
5.闽教高〔2025〕9号 福建省教育厅关于举办第五届福建省高校教师教学创新大赛的通知（第六届省级文件尚未下达）

福州大学教务处
2025年9月12日",1,0017449848580016717599,附件1-5.zip,233,https://jwch.fzu.edu.cn/system/_content/download.jsp?urltype=news.DownloadAttachUrl&owner=1744984858&wbfileid=16717599,16717599,1744984858
001037014201,https://jwch.fzu.edu.cn/info/1037/14201.htm,关于公布参加2025级“数智实验班”选拔面试学生名单的通知,【教研教改】,2025-09-10,"各学院：
根据《福州大学关于开展2025级“数智实验班”招生工作的通知》（校教〔2025〕35号）文件精神，学校组织2025级高考理科 (或选考物理)的新生自愿报名并参加“综合能力测试”，现根据测试成绩确定53名学生（名单附后）参加2025级“数智实验班”选拔面试。
选拔面试时间：9月11日8：30-12：30，地点：计算机与大数据学院三号楼501、502、509（请提前15分钟到达507候考）。
请有关学院负责通知到位。

附件：《参加2025级“数智实验班”选拔面试学生名单》

                教 务 处  
                           2025年9月10日

附件
参加2025级“数智实验班”选拔面试学生名单

序号
学号
姓名
学院名称
专业名称

1
072502220
林陈邦
经济与管理学院
国际经济与贸易

2
152501102
王镜翔
建筑与城乡规划学院
建筑学

3
022502104
程棋晖
机械工程及自动化学院
车辆工程

4
102501419
吴玮航
计算机与大数据学院
计算机科学与技术

5
032501217
游逸晨
数学与统计学院
数学类

6
102501320
郑佳轩
计算机与大数据学院
计算机科学与技术

7
062500255
邢皓翔
环境与安全工程学院
安全工程

8
102501226
吴一凡
计算机与大数据学院
计算机科学与技术

9
102502147
李昊达
计算机与大数据学院
数据科学与大数据技术

10
072503327
许弘林
经济与管理学院
电子商务

11
062500410
李博圳
环境与安全工程学院
资源循环科学与工程

12
152501107
刘思赫
建筑与城乡规划学院
建筑学

13
022504215
郭泽琦
机械工程及自动化学院
机器人工程

14
102502145
曾铭坤
计算机与大数据学院
数据科学与大数据技术

15
102501319
赖宇良
计算机与大数据学院
计算机科学与技术

16
032501114
欧鑫涛
数学与统计学院
数学类

17
032501303
范柯龙
数学与统计学院
数学类

18
102503139
王驰宏
计算机与大数据学院
信息安全

19
102501318
陈昊岚
计算机与大数据学院
计算机科学与技术

20
102501425
黄禹衡
计算机与大数据学院
计算机科学与技术

21
152502222
姜佳岩
建筑与城乡规划学院
城乡规划

22
052501202
沈钰涛
土木工程学院
土木工程

23
102502108
黄梦菲
计算机与大数据学院
数据科学与大数据技术

24
102500318
刘伟强
计算机与大数据学院
软件工程

25
102503131
郑伟嘉
计算机与大数据学院
信息安全

26
132501161
郑济帆
化学学院
化学

27
052506114
韩寓
土木工程学院
智能建造

28
052501131
赵则宇
土木工程学院
土木工程

29
102501220
郭鹏宇
计算机与大数据学院
计算机科学与技术

30
022504219
江佳骏
机械工程及自动化学院
机器人工程

31
052504139
上官佳敏
土木工程学院
交通工程

32
102501402
余紫欣
计算机与大数据学院
计算机科学与技术

33
102500404
郑欣瑶
计算机与大数据学院
软件工程

34
102501306
林瑜诚
计算机与大数据学院
计算机科学与技术

35
102500126
张一涵
计算机与大数据学院
软件工程

36
102500329
陶浚枫
计算机与大数据学院
软件工程

37
072503136
郑嘉辉
经济与管理学院
信息管理与信息系统

38
102503138
白宇涵
计算机与大数据学院
信息安全

39
042501219
施博文
化工学院
化学工程与工艺

40
032502115
张钰婷
数学与统计学院
经济统计学

41
102501206
刘艺圆
计算机与大数据学院
计算机科学与技术

42
102501620
俞厚颉
计算机与大数据学院
计算机科学与技术

43
032501216
吴志斌
数学与统计学院
数学类

44
032501226
徐文瑞
数学与统计学院
数学类

45
032502132
陈元戎
数学与统计学院
经济统计学

46
102501217
张浩然
计算机与大数据学院
计算机科学与技术

47
082503125
张涵
生物科学与工程学院
生物医学工程

48
102501636
肖博特
计算机与大数据学院
计算机科学与技术

49
052503129
张曦鑫
土木工程学院
给排水科学与工程

50
112501017
商祖涵
物理与信息工程学院
数字媒体技术

51
022501221
潘浩崴
机械工程及自动化学院
机械设计制造及其自动化

52
052504155
涂恩晓
土木工程学院
交通工程

53
032501316
庄雨恒
数学与统计学院
数学类",0,,,,,,
001037014198,https://jwch.fzu.edu.cn/info/1037/14198.htm,关于公布参加2025级“数理综合班”选拔面试学生名单的通知,【教研教改】,2025-09-10,"各有关学院：
根据《福州大学关于开展2025级“数理综合班”招生工作的通知》（校教〔2025〕34号）文件精神，学校组织全校2025级高考理科（或选考物理）新生自愿报名并参加选拔考试，现根据笔试（综合能力测试）成绩择优确定84名学生(名单附后)参加2025级“数理综合班”选拔面试。
选拔面试时间：9月10日19:00开始，地点：物理与信息工程学院111室（思源厅）集合。
请有关学院负责通知到位。

附件：《参加2025级“数理综合班”选拔面试学生名单》

                教 务 处  
                              2025年9月10日

参加2025级“数理综合班”选拔面试学生名单

序号
学号
姓名
学院名称
专业名称

1
032501302
苏恩骏
数学与统计学院
数学类

2
062500142
杨文杰
环境与安全工程学院
环境工程

3
092500515
温佳敏
外国语学院
德语

4
112500822
江榕鑫
物理与信息工程学院
量子信息科学

5
052503120
郭志坚
土木工程学院
给排水科学与工程

6
072501226
叶梓君
经济与管理学院
市场营销

7
072503304
傅锐卓
经济与管理学院
电子商务

8
112500914
章馀涵
物理与信息工程学院
应用物理学

9
022503131
韦润之
机械工程及自动化学院
材料成型及控制工程

10
032501102
施迪文
数学与统计学院
数学类

11
032501104
吴韧皓
数学与统计学院
数学类

12
032501212
张静泊
数学与统计学院
数学类

13
032501220
宋陈豪
数学与统计学院
数学类

14
052505107
范发烨
土木工程学院
工程管理

15
092500422
苏翔
外国语学院
日语

16
092500503
陈锦鹏
外国语学院
德语

17
112500941
郑博钊
物理与信息工程学院
应用物理学

18
152502116
林镇男
建筑与城乡规划学院
城乡规划

19
032502121
谢雨芯
数学与统计学院
经济统计学

20
052501143
徐江楠
土木工程学院
土木工程

21
052501225
陈荣鑫
土木工程学院
土木工程

22
052501242
王内希
土木工程学院
土木工程

23
052502140
赖德程
土木工程学院
水利水电工程

24
052504108
郑芷瑶
土木工程学院
交通工程

25
062500158
帅深航
环境与安全工程学院
环境工程

26
072503305
郭芃奕
经济与管理学院
电子商务

27
072503323
吴鑫雨
经济与管理学院
电子商务

28
072506202
陈司睿
经济与管理学院
金融学

29
082501125
姚锦松
生物科学与工程学院
生物工程

30
082501128
张心萍
生物科学与工程学院
生物工程

31
112500935
崔晨阳
物理与信息工程学院
应用物理学

32
032501107
何弘韬
数学与统计学院
数学类

33
052501330
曾威超
土木工程学院
土木工程

34
062500307
童照洋
环境与安全工程学院
人文地理与城乡规划

35
082501107
高嘉遠
生物科学与工程学院
生物工程

36
092500324
杨李奕
外国语学院
英语

37
112500934
王文奇
物理与信息工程学院
应用物理学

38
152501119
陈怡康
建筑与城乡规划学院
建筑学

39
152501232
潘叙铮
建筑与城乡规划学院
建筑学

40
202502126
黄嘉乐
医学院
药学

41
292500331
林丽诚
人文社会科学学院
应用心理学

42
022504231
吴佳乐
机械工程及自动化学院
机器人工程

43
032501222
高跃峰
数学与统计学院
数学与应用数学

44
052501203
杨阳
土木工程学院
土木工程

45
052501229
谢文超
土木工程学院
土木工程

46
052503130
廖宇航
土木工程学院
给排水科学与工程

47
052506112
鲁吉翔
土木工程学院
智能建造

48
072506108
邓楚浩
经济与管理学院
金融学

49
112500309
施妍言
物理与信息工程学院
微电子科学与工程

50
112500738
王婧楠
物理与信息工程学院
光电信息科学与工程

51
112500937
张可轩
物理与信息工程学院
应用物理学

52
022503128
王俣骁
机械工程及自动化学院
材料成型及控制工程

53
052501230
贺智琦
土木工程学院
土木工程

54
052503112
谷若禹
土木工程学院
给排水科学与工程

55
052503147
张汇海
土木工程学院
给排水科学与工程

56
052505109
高信君
土木工程学院
工程管理

57
052506108
朱展颜
土木工程学院
智能建造

58
052506110
朱彦
土木工程学院
智能建造

59
062500222
章志鹏
环境与安全工程学院
安全工程

60
112500912
陶泽鑫
物理与信息工程学院
应用物理学

61
112500929
许曈舟
物理与信息工程学院
应用物理学

62
112500942
李佰阳
物理与信息工程学院
应用物理学

63
132501109
陈楹滢
化学学院
化学

64
152502118
周铃慧
建筑与城乡规划学院
城乡规划

65
202502125
徐子恒
医学院
药学

66
022503132
吴海源
机械工程及自动化学院
材料成型及控制工程

67
052501235
何东杭
土木工程学院
土木工程

68
052501349
何俊圻
土木工程学院
土木工程

69
052506106
帅康
土木工程学院
智能建造

70
052506107
李昕昆
土木工程学院
智能建造

71
082501203
陈锦扬
生物科学与工程学院
生物工程

72
082502128
郑诗渝
生物科学与工程学院
食品科学与工程

73
132501226
刘子涵
化学学院
化学

74
052501137
李正桔
土木工程学院
土木工程

75
052502129
林绍宣
土木工程学院
水利水电工程

76
052504159
屈益弘
土木工程学院
交通工程

77
052506104
彭俊木
土木工程学院
智能建造

78
062500254
狄江雨
环境与安全工程学院
安全工程

79
072507103
陈星宇
经济与管理学院
公共事业管理

80
082502201
陈梓凌
生物科学与工程学院
食品科学与工程

81
112500110
周泽铭
物理与信息工程学院
电子科学与技术

82
132501148
徐昕
化学学院
化学

83
182500116
黄传鑫
材料科学与工程学院
高分子材料与工程

84
292500344
肖诗滢
人文社会科学学院
应用心理学",0,,,,,,
001037014197,https://jwch.fzu.edu.cn/info/1037/14197.htm,关于公布参加2025级“数理金融实验班”选拔面试学生名单的通知,【教研教改】,2025-09-10,"各学院：
根据《福州大学关于开展2025级“数理金融实验班”招生工作的通知》（校教〔2025〕32号）文件精神，学校组织2025级高考新生自愿报名，现根据学生高考成绩确定72名学生（名单附后）参加2025级“数理金融实验班”选拔面试。
选拔面试时间：9月10日8:30开始，地点：铜盘校区B205室。
请有关学院负责通知到位。

附件：《参加2025级“数理金融实验班”选拔面试学生名单》

                教 务 处  
                           2025年9月9日

参加2025级“数理金融实验班”选拔面试学生名单

序号
学号
姓名
学院名称
专业名称

1
072506207
范旭鸣
经济与管理学院
金融学

2
022502126
宋昌乘
机械工程及自动化学院
车辆工程

3
092500424
王其文
外国语学院
日语

4
152501211
杨雅淇
建筑与城乡规划学院
建筑学

5
092500519
杨蕙嘉
外国语学院
德语

6
072506120
杨丰豪
经济与管理学院
金融学

7
132502142
周雨昕
化学学院
制药工程

8
032502119
刘宸萱
数学与统计学院
经济统计学

9
032502107
易欣怡
数学与统计学院
经济统计学

10
132502117
林灿阳
化学学院
制药工程

11
102504210
杨子瑜
计算机与大数据学院
人工智能

12
052504153
张贻涛
土木工程学院
交通工程

13
062500155
朱胤达
环境与安全工程学院
环境工程

14
072506133
杨语馨
经济与管理学院
金融学

15
152502213
张清坡
建筑与城乡规划学院
城乡规划

16
072501202
陈明和
经济与管理学院
市场营销

17
152502223
洪雨菲
建筑与城乡规划学院
城乡规划

18
032502116
林小栩
数学与统计学院
经济统计学

19
072501215
苏靖桐
经济与管理学院
市场营销

20
072501225
杨智超
经济与管理学院
市场营销

21
072506334
朱威仁
经济与管理学院
金融学

22
042501315
李可心
化工学院
化学工程与工艺

23
082502114
林诗彤
生物科学与工程学院
食品科学与工程

24
072501224
杨蓥蓥
经济与管理学院
市场营销

25
072502235
张允中
经济与管理学院
国际经济与贸易

26
032501314
程敬哲
数学与统计学院
数学类

27
032502106
连艳茹
数学与统计学院
经济统计学

28
052501305
廖姝婧
土木工程学院
土木工程

29
052506102
林宸宇凡
土木工程学院
智能建造

30
072506123
林金涛
经济与管理学院
金融学

31
072506324
皮晓倩
经济与管理学院
金融学

32
072502238
郑紫嫣
经济与管理学院
国际经济与贸易

33
072506204
陈宇博
经济与管理学院
金融学

34
072506217
彭奕宁
经济与管理学院
金融学

35
072506231
张睿佳
经济与管理学院
金融学

36
072502127
沈天齐
经济与管理学院
经济学

37
072502233
夏颖琳
经济与管理学院
国际经济与贸易

38
072502103
陈煌鑫
经济与管理学院
经济学

39
032502117
方鑫垚
数学与统计学院
经济统计学

40
072506212
兰正煜
经济与管理学院
金融学

41
072508217
刘锦祥
经济与管理学院
物流管理

42
072502136
张馨尹
经济与管理学院
经济学

43
052501138
张艺潇
土木工程学院
土木工程

44
072506203
陈心悦
经济与管理学院
金融学

45
072507226
许淇凯
经济与管理学院
行政管理

46
042501301
陈家琛
化工学院
化学工程与工艺

47
072506121
李奇原
经济与管理学院
金融学

48
062500146
廖雅菲
环境与安全工程学院
环境工程

49
152501227
施友恩
建筑与城乡规划学院
建筑学

50
072507102
孙刘泽龙
经济与管理学院
公共事业管理

51
052501232
梁政豪
土木工程学院
土木工程

52
072506229
张铭鉴
经济与管理学院
金融学

53
052501234
钟程炜
土木工程学院
土木工程

54
292500253
杨舒涵
人文社会科学学院
汉语言文学

55
152502120
侯依林
建筑与城乡规划学院
城乡规划

56
072507109
黄育琛
经济与管理学院
公共事业管理

57
072506213
蓝可
经济与管理学院
金融学

58
052501228
罗伟鑫
土木工程学院
土木工程

59
032502108
邱悦
数学与统计学院
经济统计学

60
072503328
杨薇
经济与管理学院
电子商务

61
092500504
陈香
外国语学院
德语

62
152501132
廖文婧
建筑与城乡规划学院
建筑学

63
152501213
邱晓青
建筑与城乡规划学院
建筑学

64
072508120
王禹泽
经济与管理学院
物流管理

65
072506303
陈语若
经济与管理学院
金融学

66
152502102
王宇恒
建筑与城乡规划学院
城乡规划

67
072501220
吴纯如
经济与管理学院
市场营销

68
072506131
谢蓁蓁
经济与管理学院
金融学

69
072506335
朱钰榕
经济与管理学院
金融学

70
072502217
李曼
经济与管理学院
国际经济与贸易

71
072507113
彭隽昊
经济与管理学院
公共事业管理

72
072506136
张淇瑄
经济与管理学院
金融学",0,,,,,,
001037014196,https://jwch.fzu.edu.cn/info/1037/14196.htm,关于公布参加2025级“嘉锡化学拔尖班”选拔面试学生名单的通知,【教研教改】,2025-09-10,"各学院：
根据《福州大学关于开展2025级“嘉锡化学拔尖班”招生工作的通知》（校教〔2025〕33号）文件精神，学校组织2025级高考理科 (或选考物理化学)的新生自愿报名并参加“化学能力测试”，现根据测试成绩确定45名学生（名单附后）参加2025级“嘉锡化学拔尖班”选拔面试。
选拔面试时间：9月10日19:00开始；面试地点：旗山校区化学学院实验教学中心，铜盘校区由大巴统一接送。
请有关学院负责通知到位。

附件：《参加2025级“嘉锡化学拔尖班”选拔面试学生名单》

                教 务 处  
                           2025年9月10日

附件
参加2025级“嘉锡化学拔尖班”选拔面试学生名单

序号
学号
姓名
学院名称
专业名称

1
042501226
王梓勰
化工学院
化学工程与工艺

2
082501112
金汀基
生物科学与工程学院
生物工程

3
132501162
张云天
化学学院
化学

4
132501212
陈予晴
化学学院
化学

5
082501214
李鼎淇
生物科学与工程学院
生物工程

6
132501124
孔维学
化学学院
化学

7
062500144
江沛庭
环境与安全工程学院
环境工程

8
132501150
项嵩杰
化学学院
化学

9
132501261
张凯
化学学院
化学

10
132501158
杨鑫月
化学学院
化学

11
132501237
孙龙飞
化学学院
化学

12
132501253
叶学坤
化学学院
化学

13
052501219
吴发档
土木工程学院
土木工程

14
132501115
邓成杰
化学学院
化学

15
092500416
林聿昂
外国语学院
日语

16
132501238
石晨
化学学院
化学

17
132501149
徐峙谐
化学学院
化学

18
132501202
查皓添
化学学院
化学

19
042501228
肖楚越
化工学院
化学工程与工艺

20
072502119
刘伯浩
经济与管理学院
经济学

21
132501104
陈一诺
化学学院
化学

22
132501107
陈怡萱
化学学院
化学

23
132501248
许赞
化学学院
化学

24
132502116
黎辰希
化学学院
制药工程

25
132501203
曹国仁
化学学院
化学

26
132501268
朱禹圻
化学学院
化学

27
132501155
杨舒歆
化学学院
化学

28
132501224
罗伟真
化学学院
化学

29
132502132
王瑞汉
化学学院
制药工程

30
052506130
林子竣
土木工程学院
智能建造

31
132501120
黄锦申
化学学院
化学

32
132501138
邱婉媛
化学学院
化学

33
132501210
陈涵月
化学学院
化学

34
132502121
蓝嘉悦
化学学院
制药工程

35
132501112
程子悦
化学学院
化学

36
132501163
赵雨凡
化学学院
化学

37
132501168
张子涵
化学学院
化学

38
132502111
黄语瞳
化学学院
制药工程

39
062500120
梁艺琳
环境与安全工程学院
环境工程

40
072505304
陈凌薇
经济与管理学院
会计学

41
132501232
卢雨彤
化学学院
化学

42
062500224
童熙雨
环境与安全工程学院
安全工程

43
132501204
陈宇烨
化学学院
化学

44
182500318
刘佳琪
材料科学与工程学院
材料科学与工程

45
132501229
林联浩
化学学院
化学",0,,,,,,
001036014199,https://jwch.fzu.edu.cn/info/1036/14199.htm,关于做好2025年9月退役复学学生转专业的通知,【教学运行】,2025-09-10,"根据教育部令第41号《普通高等学校学生管理规定》、《福州大学本科生转专业管理实施办法》(福大教〔2025〕13号) 及《福州大学应征入伍学生学籍管理补充规定》（福大教〔2018〕38号）文件精神，现将参军退役后复学学生转专业事宜通知如下:
一、基本条件
1.申请转专业的学生必须是参军时修读大一、大二的学生，且符合《福州大学本科生转专业管理实施办法》(福大教〔2025〕13号)规定的基本条件。
2.本次转专业仅针对2025年9月退役复学学生。
二、时间安排及工作流程
1．9月26日前，申请转专业的学生打印《福州大学参军退伍复学后学生转专业审批表》及个人申请书，送交学生所在学院教学办签字盖章后报教务处注册中心。逾期不再受理。
2．9月29日前，教务处审核学生报名资格后将相关材料转送各接收学院。
3．10月12日前，接收学院考核、拟定接收名单并报教务处。
4．教务处对拟同意转专业学生进行汇总初审，报学校本科生学籍事务管理委员会审核通过后，在学校网站上对拟批准转专业的学生名单进行公示。
5.教务处发文，各学院通知相关学生并做好相应的转专业后续工作。
福州大学教务处
2025年9月10日",2,0017449848580016716630,福州大学本科生转专业管理实施办法.docx,339,https://jwch.fzu.edu.cn/system/_content/download.jsp?urltype=news.DownloadAttachUrl&owner=1744984858&wbfileid=16716630,16716630,1744984858
001036014199,https://jwch.fzu.edu.cn/info/1036/14199.htm,关于做好2025年9月退役复学学生转专业的通知,【教学运行】,2025-09-10,"根据教育部令第41号《普通高等学校学生管理规定》、《福州大学本科生转专业管理实施办法》(福大教〔2025〕13号) 及《福州大学应征入伍学生学籍管理补充规定》（福大教〔2018〕38号）文件精神，现将参军退役后复学学生转专业事宜通知如下:
一、基本条件
1.申请转专业的学生必须是参军时修读大一、大二的学生，且符合《福州大学本科生转专业管理实施办法》(福大教〔2025〕13号)规定的基本条件。
2.本次转专业仅针对2025年9月退役复学学生。
二、时间安排及工作流程
1．9月26日前，申请转专业的学生打印《福州大学参军退伍复学后学生转专业审批表》及个人申请书，送交学生所在学院教学办签字盖章后报教务处注册中心。逾期不再受理。
2．9月29日前，教务处审核学生报名资格后将相关材料转送各接收学院。
3．10月12日前，接收学院考核、拟定接收名单并报教务处。
4．教务处对拟同意转专业学生进行汇总初审，报学校本科生学籍事务管理委员会审核通过后，在学校网站上对拟批准转专业的学生名单进行公示。
5.教务处发文，各学院通知相关学生并做好相应的转专业后续工作。
福州大学教务处
2025年9月10日",2,0017449848580016716625,福州大学参军退伍复学后学生转专业审批表.doc,218,https://jwch.fzu.edu.cn/system/_content/download.jsp?urltype=news.DownloadAttachUrl&owner=1744984858&wbfileid=16716625,16716625,1744984858
001012014194,https://jwch.fzu.edu.cn/info/1012/14194.htm,关于做好2025年9月退役复学学生转专业的通知,【教学通知】,2025-09-10,"根据教育部令第41号《普通高等学校学生管理规定》、《福州大学本科生转专业管理实施办法》(福大教〔2025〕13号) 及《福州大学应征入伍学生学籍管理补充规定》（福大教〔2018〕38号）文件精神，现将参军退役后复学学生转专业事宜通知如下:
一、基本条件
1.申请转专业的学生必须是参军时修读大一、大二的学生，且符合《福州大学本科生转专业管理实施办法》(福大教〔2025〕13号)规定的基本条件。
2.本次转专业仅针对2025年9月退役复学学生。
二、时间安排及工作流程
1．9月26日前，申请转专业的学生打印《福州大学参军退伍复学后学生转专业审批表》及个人申请书，送交学生所在学院教学办签字盖章后报教务处注册中心。逾期不再受理。
2．9月29日前，教务处审核学生报名资格后将相关材料转送各接收学院。
3．10月12日前，接收学院考核、拟定接收名单并报教务处。
4．教务处对拟同意转专业学生进行汇总初审，报学校本科生学籍事务管理委员会审核通过后，在学校网站上对拟批准转专业的学生名单进行公示。
5.教务处发文，各学院通知相关学生并做好相应的转专业后续工作。
福州大学教务处
2025年9月10日",2,0017449848580016716630,福州大学本科生转专业管理实施办法.docx,339,https://jwch.fzu.edu.cn/system/_content/download.jsp?urltype=news.DownloadAttachUrl&owner=1744984858&wbfileid=16716630,16716630,1744984858
001012014194,https://jwch.fzu.edu.cn/info/1012/14194.htm,关于做好2025年9月退役复学学生转专业的通知,【教学通知】,2025-09-10,"根据教育部令第41号《普通高等学校学生管理规定》、《福州大学本科生转专业管理实施办法》(福大教〔2025〕13号) 及《福州大学应征入伍学生学籍管理补充规定》（福大教〔2018〕38号）文件精神，现将参军退役后复学学生转专业事宜通知如下:
一、基本条件
1.申请转专业的学生必须是参军时修读大一、大二的学生，且符合《福州大学本科生转专业管理实施办法》(福大教〔2025〕13号)规定的基本条件。
2.本次转专业仅针对2025年9月退役复学学生。
二、时间安排及工作流程
1．9月26日前，申请转专业的学生打印《福州大学参军退伍复学后学生转专业审批表》及个人申请书，送交学生所在学院教学办签字盖章后报教务处注册中心。逾期不再受理。
2．9月29日前，教务处审核学生报名资格后将相关材料转送各接收学院。
3．10月12日前，接收学院考核、拟定接收名单并报教务处。
4．教务处对拟同意转专业学生进行汇总初审，报学校本科生学籍事务管理委员会审核通过后，在学校网站上对拟批准转专业的学生名单进行公示。
5.教务处发文，各学院通知相关学生并做好相应的转专业后续工作。
福州大学教务处
2025年9月10日",2,0017449848580016716625,福州大学参军退伍复学后学生转专业审批表.doc,218,https://jwch.fzu.edu.cn/system/_content/download.jsp?urltype=news.DownloadAttachUrl&owner=1744984858&wbfileid=16716625,16716625,1744984858
001036014191,https://jwch.fzu.edu.cn/info/1036/14191.htm,关于2025-2026第一学期学期选课、辅修选课补退选和缴费的通知,【教学运行】,2025-09-07,"各学院：

一、本学期（202501）学期选课、辅修选课的补退选时间定于9月7日至9月12日16：00，请有需要补选、退选、改选课程的同学自行登录“本科教学系统”进行操作。

二、补退选课程后，需进入“我的选课”界面进行确认，以“我的选课”显示的结果为最终选课结果（及时打印课表以备上课使用）。

三、辅修课程的缴费时间为9月8日至9月12日16：00。

四、补退选和辅修缴费流程必须在规定时间内完成。

注册中心
2025年9月7日",0,,,,,,
001035014190,https://jwch.fzu.edu.cn/info/1035/14190.htm,关于2025-2026学年第一学期本科生学生证补办和火车票优惠区间更改的通知,【综合科】,2025-09-07,"各学院：
根据《福州大学学生证管理办法》（福大政【2019】25号），针对部分学生丢失学生证的情况，特安排本学期的学生证补办和火车票优惠区间更改等工作，具体工作安排如下：
一、补办学生证
1、补办范围
学生在校学习期间，学生证原则上只补办一次。本次补办仅限具有福州大学全日制学籍、首次丢失学生证学生。
2、申请时间
2025年9月8日-2025年9月17日
3、补办程序
（1）在福州大学教务处网站首页登陆“本科教学管理系统”，完成学生证补办申请。
（2）学院和教务处分别对学生的申请进行初核和复核，其中申请信息经审核发现不属实者不予受理。
（3）学生接到通知短信后，到学校行政北楼西208室领取补办的学生证。
二、更改火车票优惠区间
1、时间
2025年9月18日-2025年9月24日
2、程序
（1）在福州大学教务处网站首页登陆“本科教学管理系统”，完成火车票优惠区间修改申请。
（2）学院和教务处分别对学生的申请进行初核和复核，其中申请信息经审核发现不属实者不予受理。
（3）学生接到通知短信后，到学校行政北楼西208室办理。
3、因家庭住址变更或父母工作地点发生变化而须改乘车区间的，必须交验家长工作单位或户籍管理部门提供的书面证明，方可办理变更手续；因火车站点变更等原因造成乘车区间改变的，无须提供证明，可直接办理变更手续。
三、请各学院认真做好学生证和火车票优惠区间的初核工作。各学院在审核学生补办申请时，要加强对学生的思想教育，教育学生重视、爱惜学生证。学生要树立良好的诚信意识，不得擅自涂改学生证和火车票优惠区间内容，不得转借或抵押他人，不得在申领的过程中弄虚作假。如有违反者，一经查出，学校将收回违规学生证，取消其补办资格，并追究学生本人责任。
四、因学生证丢失而补办新证后又找回原证的，须将原证交至教务处注销。
五、注意事项：从本学期起，补办学生证不再张贴“火车票学生优惠卡”，有需要购买优惠火车票的同学应在线完成学生优惠资质核验。其他注意事项及学生资质核验流程详见通知：关于购买优惠火车票相关事宜的通知
教务处
2025年9月7日",0,,,,,,
001035014186,https://jwch.fzu.edu.cn/info/1035/14186.htm,关于2025级本科生（含访学学生）学生证信息采集的通知,【综合科】,2025-09-07,"各学院：
根据《福州大学学生证管理办法》（福大政【2019】25号），特安排2025级本科生（含访学学生）学生证信息采集工作，现将相关事项通知如下：
一、办理程序
在福州大学教务处网站(https://jwch.fzu.edu.cn/)首页登陆“本科教学管理系统”后，进入“学生证及附卡”系统中完善信息采集，包括本人电话、家庭所在地、火车票优惠区间、照片等。
二、办理时间
2025年9月8日-9月17日
三、火车票优惠区间注意事项
学生须根据实际家庭住址填写火车优惠区间信息。请务必填写 “乘车目的站点”的正式名称（可上铁路客户服务中心查询），乘车站点一经确认原则上不允许变更。
需购买优惠火车票的2025级本科生在新生学籍电子注册工作完成后，应通过铁路12306系统进行学生优惠资质在线核验，并确保在铁路12306客户端进行学生优惠资质核验时填写的优惠乘车区间站点与学生证上保持一致，如不一致将影响购买和使用优惠火车票。
其他注意事项及学生资质核验流程详见通知：关于购买优惠火车票相关事宜的通知
四、图像采集注意事项
1、基本要求
（1）图像应使用学生本人近期（一般为入学前后）正面免冠彩色头像的数字化文件。
（2）图像应真实表达学生本人相貌。禁止对图像整体或局部进行镜像、旋转等变换操作。不得对人像特征（如伤疤、痣、发型等）进行技术处理，严禁使用任何美颜特效。
（3）图像应对焦准确、层次清晰、色彩真实、无明显畸变。
（4）除头像外，不得添加边框、文字、图案等其他内容。
2、拍摄要求
（1）背景：采用白色（参考值RGB<255 ,255,255>），应均匀无渐变，不得有阴影、其他人或物体。
（2）人物姿态与表情：坐姿端正，表情自然，双眼自然睁开并平视，耳朵对称，左右肩膀平衡，嘴唇自然闭合。
（3）衣着：学生仪表装束应大方庄重，避免复杂的图案、条纹。衣服要有领子，建议穿深色带有标准领的衬衫、T恤或者西装，不得穿制服，也不要穿与拍摄背景相近的白色衣服。
（4）头发：不能梳得高耸，不得遮挡眉毛、眼睛和耳朵，长发者应将头发置于肩膀后。
（5）眼镜：常戴眼镜者应佩戴眼镜，但不得戴有色（含隐形）眼镜，镜框不得遮挡眼睛，眼镜不能有反光。
（6）佩饰：不得使用假发、头巾、帽子等头部覆盖物（宗教、医疗和文化需要时，不得遮挡脸部或造成阴影），不得佩戴任何饰品（包括耳环、项链、非黑色的钢丝发卡等）。
（7）妆容：不宜化妆，尤其严禁浓妆艳抹。拍摄前应洗净脸上的汗渍、油污，保持脸部整洁，不能使用润肤露、防晒霜等带有反光效果的护肤品，以免造成脸部高光。
3、图像规范
（1）数字化图像文件规格为宽480像素×高640像素，分辨率300dpi，24位真彩色。应符合JPEG标准，压缩品质系数不低于60，压缩后文件大小一般在20KB至40KB。文件名为9位纯数字的学号，扩展名为JPG（如：012200101.JPG）。
（2）人像在图像矩形框内水平居中，左右对称。头顶发际距上边沿50-110像素；眼睛所在位置距上边沿200-300像素；脸部宽度（两脸颊之间）180-300像素。
4、注意事项
（1）本次采集的新生图像将用于学校教学管理系统、学生证制作、相关证明、成绩单打印以及全国大学英语四、六级考试报名等，事关每位学生的切身利益，请同学们务必严格遵照上述要求规范提供数字化图像文件。凡不符合要求者，均不予接收(图像采集要求详见《2025年本科新生入学指南》)。
（2）学生可自行到有正规资质的照相馆拍照，摄像前应明确告知对方所需的是“白底彩色证件照”，并要求其关闭相机中的所有美颜特效，后期也不得使用任何技术手段美图。

联系电话：22866873 联系人:李老师
福州大学教务处
2025年9月7日",0,,,,,,
001040014187,https://jwch.fzu.edu.cn/info/1040/14187.htm,关于开展2025年秋季学期申请类督导听课工作的通知,【质量办】,2025-09-06,"各学院，有关教学单位：
为全面提高本科课堂教学质量，充分发挥校级教学督导专家的帮扶指导作用，有效提高教师教学水平和教学质量，经研究决定面向全校教师开展申请类督导听课工作，现将有关事项通知如下：
一、申请对象
1.欲进一步提高课堂教学水平、致力于追求教学卓越的教师。
2.申请教师在2025年秋季学期有承担本科教学授课任务。
二、工作流程
1.采取教师自愿报名及学院推荐报名相结合原则,学院汇总申请表后上报教学质量监控与评估中心。
2.教学质量监控与评估中心根据申请情况进行遴选，安排校教学督导组成员对申请教师进行课堂教学一对一诊断式帮扶指导，必要时邀请学院教学水平高且教学效果好的相关教师共同指导。
3.校教学督导组根据申请教师的课表于学期内进行多次阶段性随堂听课，与教师进行一对一交流，对教师课堂教学情况提出针对性的改进意见和建议，帮助教师改进教学方法，提升授课质量。
4.被列为听课对象的教师需认真接受校教学督导专家指导，加强与督导专家沟通交流，虚心接受专家意见，根据专家评价意见及时调整教学策略，不断提高课堂教学水平。
三、其他
1.申请类督导听课每学期开展一次，三年内已接受指导的教师不重复申报。
2.教师个人填写《2025年秋季学期申请类督导听课汇总表》，由学院汇总后统一于2025年9月12日前提交教学质量监控与评估中心（行北西205），电子版发送至10556425@qq.com.

附件：2025年秋季学期申请类督导听课汇总表

教学质量监控与评估中心
2025年9月6日",1,0017449848580016714968,附件：2025年秋季学期申请类督导听课汇总表.docx,127,https://jwch.fzu.edu.cn/system/_content/download.jsp?urltype=news.DownloadAttachUrl&owner=1744984858&wbfileid=16714968,16714968,1744984858
001036014051,https://jwch.fzu.edu.cn/info/1036/14051.htm,关于2024-2025学年第二学期《线性代数》、《线性代数与解析几何》课程期末考试安排的通知,【教学运行】,2025-05-12,"各有关学院：
定于5月25日下午进行《线性代数》、《线性代数与解析几何》课程期末考试，请有关协助监考学院按考表（见附件）安排监考老师并录入系统，及时通知监考老师和学生上系统查看考试信息，以免延误考试。
为保证考试的顺利进行，如其他教学安排时间或地点与此次考试冲突，请予以调整。

数统学院
教务处
2025年5月12日",1,0017449848580015784365,2402线性代数、线性代数与解析几何期末考-5.25下午.xlsx,373,https://jwch.fzu.edu.cn/system/_content/download.jsp?urltype=news.DownloadAttachUrl&owner=1744984858&wbfileid=15784365,15784365,1744984858
001039014050,https://jwch.fzu.edu.cn/content.jsp?urltype=news.NewsContentUrl&wbtreeid=1039&wbnewsid=14050,关于做好2023年、2024年本科生科研训练计划项目结题工作的通知,【实践科】,2025-05-12,"各学院：
根据《福州大学本科生科研训练计划（SRTP）项目管理实施办法》、《福州大学大学生创新创业训练计划项目管理实施办法》规定，学校对2023年、2024年本科生科研训练计划项目进行结题评审，现将有关事项通知如下：
一、结题对象
  1.2023年度（第二十九期）国家级、省级、校级所有未结题项目；
  2.2024年度（第三十期）国家级、省级、校级一年期项目；
  3.2024年度（第三十期）国家级、省级、校级两年期项目已完成的可申请提前结题；
  4.2024年度（第三十期）国家级、省级、校级项目负责人为毕业班学生的必须结题。
二、结题报送材料
（一）国家级、省级结题报送材料
  1.项目结题表、项目主要成果简明表、项目简介；
  2.国家级、福建省大学生创新训练计划项目验收信息表；
  3.有实物成果的需提供照片；
  4.项目研究报告；
  5.项目组正式发表的论文、申请的专利、获奖证书等研究成果的电子文档或照片；
  6.项目实施过程照片5张（开展实验过程、指导教师指导过程及参加学术会议情况等）；
  7.项目组学生开展计划项目过程记录；
  8.项目组学生开展计划项目的心得体会与经验；
  9.项目指导教师经验分享与建议；
  10.项目结题PPT；
  11.福州大学国家级、省级大学生创新训练计划项目结题成绩汇总表（此表由学院汇总）。
各项目负责人于2025年5月26日前将以上结题材料纸质版和电子版同时提交学院，文件夹命名统一格式为“项目编号+项目名称+项目负责人姓名”。同时登录福建省大学生创新训练计划平台：http://114.220.75.43:93/fjcxcy/Index/Login?mode=school填报结题材料。
  （二）校级结题报送材料
    1.福州大学本科生科研训练计划（SRTP）项目结题表；
    2.项目实施过程照片（参加学术会议、实物成果等照片3-5张）；
    3.研究报告、科研论文（如有发表文章、申请专利等，需提交电子文档或照片）；
    4.福州大学本科生科研训练计划项目验收信息表；
    5.福州大学本科生科研训练计划项目结题评审汇总表（学院汇总）
  各项目负责人于2025年5月26日前提交结题材料纸质版和电子版同时提交学院，文件夹命名统一格式为“项目编号+项目名称+项目负责人姓名”。
三、结题评审
  本次结题项目由学院组织三位（含）以上具有副高及以上职称的专家对申请结题项目进行答辩评审并确定结题成绩等级。2025年6月10日前各学院完成评审工作，并将所有材料电子版统一发送至E-mail:jwcsjk@fzu.edu.cn，纸质版报送教务处实践科。
  学校对所有项目的结题成绩进行复核审查，重点检查结题项目是否按计划完成，并取得预期成果；是否存在抄袭和学术不端行为；项目成果是否与评审等级相符；对不符合评审等级规定要求的将取消成绩并降低等级处理。对终止或结题不合格的项目，学校将收回该项目经费，并相应削减下一年度学院立项数，同时暂停项目指导教师下一年度指导资格。
  请各学院及时通知有关项目负责人及指导教师按时完成结题工作。
 
 
                                                 福州大学教务处
                                            2025年5月12日",2,0017449848580015784364,附件1：国家级、省级项目结题表格.zip,624,https://jwch.fzu.edu.cn/system/_content/download.jsp?urltype=news.DownloadAttachUrl&owner=1744984858&wbfileid=15784364,15784364,1744984858
001039014050,https://jwch.fzu.edu.cn/content.jsp?urltype=news.NewsContentUrl&wbtreeid=1039&wbnewsid=14050,关于做好2023年、2024年本科生科研训练计划项目结题工作的通知,【实践科】,2025-05-12,"各学院：
根据《福州大学本科生科研训练计划（SRTP）项目管理实施办法》、《福州大学大学生创新创业训练计划项目管理实施办法》规定，学校对2023年、2024年本科生科研训练计划项目进行结题评审，现将有关事项通知如下：
一、结题对象
  1.2023年度（第二十九期）国家级、省级、校级所有未结题项目；
  2.2024年度（第三十期）国家级、省级、校级一年期项目；
  3.2024年度（第三十期）国家级、省级、校级两年期项目已完成的可申请提前结题；
  4.2024年度（第三十期）国家级、省级、校级项目负责人为毕业班学生的必须结题。
二、结题报送材料
（一）国家级、省级结题报送材料
  1.项目结题表、项目主要成果简明表、项目简介；
  2.国家级、福建省大学生创新训练计划项目验收信息表；
  3.有实物成果的需提供照片；
  4.项目研究报告；
  5.项目组正式发表的论文、申请的专利、获奖证书等研究成果的电子文档或照片；
  6.项目实施过程照片5张（开展实验过程、指导教师指导过程及参加学术会议情况等）；
  7.项目组学生开展计划项目过程记录；
  8.项目组学生开展计划项目的心得体会与经验；
  9.项目指导教师经验分享与建议；
  10.项目结题PPT；
  11.福州大学国家级、省级大学生创新训练计划项目结题成绩汇总表（此表由学院汇总）。
各项目负责人于2025年5月26日前将以上结题材料纸质版和电子版同时提交学院，文件夹命名统一格式为“项目编号+项目名称+项目负责人姓名”。同时登录福建省大学生创新训练计划平台：http://114.220.75.43:93/fjcxcy/Index/Login?mode=school填报结题材料。
  （二）校级结题报送材料
    1.福州大学本科生科研训练计划（SRTP）项目结题表；
    2.项目实施过程照片（参加学术会议、实物成果等照片3-5张）；
    3.研究报告、科研论文（如有发表文章、申请专利等，需提交电子文档或照片）；
    4.福州大学本科生科研训练计划项目验收信息表；
    5.福州大学本科生科研训练计划项目结题评审汇总表（学院汇总）
  各项目负责人于2025年5月26日前提交结题材料纸质版和电子版同时提交学院，文件夹命名统一格式为“项目编号+项目名称+项目负责人姓名”。
三、结题评审
  本次结题项目由学院组织三位（含）以上具有副高及以上职称的专家对申请结题项目进行答辩评审并确定结题成绩等级。2025年6月10日前各学院完成评审工作，并将所有材料电子版统一发送至E-mail:jwcsjk@fzu.edu.cn，纸质版报送教务处实践科。
  学校对所有项目的结题成绩进行复核审查，重点检查结题项目是否按计划完成，并取得预期成果；是否存在抄袭和学术不端行为；项目成果是否与评审等级相符；对不符合评审等级规定要求的将取消成绩并降低等级处理。对终止或结题不合格的项目，学校将收回该项目经费，并相应削减下一年度学院立项数，同时暂停项目指导教师下一年度指导资格。
  请各学院及时通知有关项目负责人及指导教师按时完成结题工作。
 
 
                                                 福州大学教务处
                                            2025年5月12日",2,0017449848580015784363,附件2：校级项目结题表格.zip,981,https://jwch.fzu.edu.cn/system/_content/download.jsp?urltype=news.DownloadAttachUrl&owner=1744984858&wbfileid=15784363,15784363,1744984858
001038014048,https://jwch.fzu.edu.cn/info/1038/14048.htm,关于组织申报2025-2026学年第一学期通识教育选修课的通知,【计划科】,2025-05-12,"各学院、各单位：
根据《福州大学本科生通识教育选修课管理办法》文件精神，为扩大我校学生知识面、开拓视野、推进文理渗透、理工结合、提高大学生各方面素质，现决定开展2025-2026学年第一学期本科生通识教育选修课（以下简称“通选课”）组织申报工作，有关事项通知如下：
一、申报对象
开设通选课的教师必须是学有专长、热心教学、具有校内主讲教师资格的教师。
二、学分要求及时间安排
每门通选课控制在1-2学分，原则上16学时/学分，体育类课程24学时/学分。授课时间一般安排在周一至周五晚上及周六上、下午。
三、申报流程
请准备在2025-2026学年第一学期开设通选课的教师于6月6日前在本科教学管理系统“通选课申报”模块完成开课信息填报及审核提交工作（填报后需各单位教学干事和分管教学副院长分别审核），教务处将根据各位老师所填报的开课计划安排授课时间和地点。
填报位置：教师模块——教师专栏——通选课申报。
申报结束后，各位教师需于本学期末前登录教务系统核对开课信息，并于下学期开学前完成授课计划和教学大纲的录入工作，具体时间以教务通知为准。
四、注意事项
1、每学期开设的通选课门数将纳入学院本科教学基本情况通报，请各学院务必认真对待，积极组织教师申报。
2、通选课的学生选课工作安排在下学期开学初进行，具体时间安排以教务处通知为准。
 
如有疑问请咨询教务处林老师，电话：22866907/83700655
    
 
教务处
2025年5月12日",0,,,,,,
001039014045,https://jwch.fzu.edu.cn/content.jsp?urltype=news.NewsContentUrl&wbtreeid=1039&wbnewsid=14045,关于公布第十五届大学生节能减排社会实践与科技竞赛暨第十一届材料创新、设计及应用竞赛获奖名单的通知,【实践科】,2025-05-09,"校教〔2025〕12号
各学院：
由福州大学教务处主办，材料科学与工程学院承办的福州大学第十五届大学生节能减排社会实践与科技竞赛暨第十一届材料创新、设计及应用竞赛现已圆满结束，本次竞赛共有来自土木工程学院、环境与安全工程学院、机械工程及自动化学院、材料科学与工程学院、紫金地质与矿业学院、先进制造学院、梅努斯国际工程学院等共计31支队伍参赛。经过专家评审，分别评出一等奖4项、二等奖5项、三等奖6项，现将获奖名单公布如下：
一、节能减排社会实践与科技竞赛
（一）本科生组

获奖等级
项目名称
作者
指导老师
学院

一等奖
点""污""成清--植物双擎絮凝剂
杨哲、范晓聪、王坤
陈飞飞
材料科学与工程学院

二等奖
改性香蒲绒材料的设计及其在废油高效吸附中的应用研究
胡烨、叶晨曦、黄粟、王清华
高旻
材料科学与工程学院

二等奖
自清洁型MOF复合棉纤维的制备及其对医疗废水的高效净化研究应用设计
戴圣楷、丁佳婷、彭文欣
高琰昕
环境与安全工程学院

三等奖
渔跃浮光——基于渔排微电网的智能储充技术
林语婧、曾宇琪、陈禹丞、方舒仪、刘瑞瑜
林琼斌
梅努斯国际工程学院

三等奖
氢净动力铈在必行--有序无序氧化铈结构调控与电催化活性研究
陈照田、林晶盈、陈志超、陈孝华
徐峰
材料科学与工程学院

（二）研究生组

获奖等级
项目名称
作者
指导老师
学院

一等奖
砼源新材--基于多重活化技术的全废弃地聚物再生建材体系研发
康思享、周文烨、瞿志航、凌磊明、刘瑞丽
吴文达
先进制造学院

二等奖
海上浮式风机大缩比尺度模型实验装置
邱国俊、林嘉欢、胡志鹏、谢栩飞
张俊、郑荣业
机械工程及自动化学院

三等奖
薄如蝉翼，快如骏马--超薄中间层聚酰胺纳滤膜精准构筑及高通量水处理
黄丹伟、朱艳、谢鸿博、黄芷晴
杨霁航、陈飞飞
材料科学与工程学院

 
二、材料创新、设计及应用竞赛
（一）本科生组

获奖等级
项目名称
作者
指导老师
学院

一等奖
灵机“医”动--应用于生理信号监测的离子阻尼弹性体研发
王清华、温佳敏、李霞、张洋、张陈玲
吕晓林
材料科学与工程学院

二等奖
标“锌”立异--HACC-CO-PAM双网络水凝胶电解质赋能锌离子电池
杨璐源、林奕好、邢湘玉、邢瑄桐、余天行
杨程凯
材料科学与工程学院

三等奖
光斛凝辉--助力中药生长的半透明有机太阳能电池
阮子宁、沈佳缙、苏喆圣、余晨浩、朱欣怡
廖庆
材料科学与工程学院

三等奖
丰富边缘位点和1T金属相共筑的钒掺杂硫化钨锂硫电池夹层
谭捷仪、张靓、肖杰、赖静、朱韵缇
蔡道平
材料科学与工程学院

（二）研究生组

获奖等级
项目名称
作者
指导老师
学院

一等奖
光影密语:可编程光/氧双驱信息显影与动态加密
林雅兰、曾玉蓉、陈艺榭
庄赞勇、温永霖、于岩
材料科学与工程学院

二等奖
钒链双构--锌离子电池异质插层正极材料
张洋、夏杨莹、赵文琦、范烜赫、王清华
吴明懋
材料科学与工程学院

三等奖
明确PbSnS2晶体结构并掺杂卤素提高热电性能
陈紫煊、郭卫平、徐师轲、陈帅良、华冲
罗中箴
材料科学与工程学院

 
 
福州大学教务处
                     2025年5月9日",0,,,,,,
001040014044,https://jwch.fzu.edu.cn/info/1040/14044.htm,关于开展2025年度教师本科教学综合测评工作的通知,【质量办】,2025-05-09,"各学院、机关各部门、各单位：
根据《福州大学关于印发教师本科教学综合测评办法（试行）的通知》（福大教〔2016〕2号）文件精神和福州大学2025年专业技术职务评聘工作的进度安排，经研究决定,对申报2025年教师等专业技术职务评聘工作的教师开展本科教学综合测评工作。教师本科教学综合测评中学院（部）评教、课程实施质量评价、课程教学研究与创新分三部分需由学院完成，现将相关事项通知如下：
一、测评对象
申报2025年教师等专业技术职务评聘工作的教师。（附件一）
二、测评内容
1．学院（部）评教
学院（部）评教为学院督导或学院领导、同行随机随堂听课给出测评成绩，评教成绩为近三年（2022、2023、2024）听课成绩平均值。如果没有接受过随机随堂听课的教师，由学院（部）指定2名以上（含2名）学院督导及同行教师组成评教小组听课，听课测评用表使用《福州大学课堂教学质量评估表》（附件二），独立给出评教成绩后取平均值。
2．课程实施质量评价
课程实施质量为该课程的教学大纲、教材选用、授课内容与专业的符合度、课程考核的科学性等，计分依据《福州大学课程实施质量分核定办法》（附件三）。课程实施质量评价由学院课程组负责人及同行教师2名以上（含2名）组成评价小组，给出评价成绩。
3．课程教学研究与创新分
教师课程教学综合测评中与测评课程相关的教学研究与改革创新分，具体内容包括相关国家级、省级和校级教学成果奖、教改课题、课程建设、专业建设、教材建设等改革项目，计分依据《福州大学课程教学研究与改革创新分核定办法》（附件四），填写《教师课程教学研究项目明细表》（附件五），学院进行初审，由教务处复核。课程教学研究与创新分附加分最高取5分。
教师教学综合测评成绩实行百分制，即教师教学综合测评成绩=学校评教平均×50%+学院（部）评教平均×25%+课程实施质量平均×10%+学生评教平均×15%+教学研究与改革创新分。教学质量监控与评估中心将按计算公式计算出教师教学综合测评总得分。
三、时间及要求
1．根据《福州大学关于印发教师等专业技术职务评聘工作实施办法（试行）的通知》（福大人〔2021〕60号）文件规定，教师在职称评定中教学综合测评成绩需达到“良好”以上（即成绩≧80分）。根据《福州大学关于印发教师本科教学综合测评办法（试行）的通知》文件规定，教师教学综合测评成绩有效期为测评时所任专业技术职务三年内。教师如2023年、2024年已有教学综合测评成绩，可选择使用原成绩（见附件七）。如果教师申请重新进行教学综合测评，由教师本人提交书面申请，经本单位、教学质量监控与评估中心同意后，安排重新测定，使用测定后新成绩。
2．请各单位坚持实事求是原则，客观、公正评价，填写《福州大学教师本科教学综合测评汇总表》（附件六），连同教师课程教学研究项目明细表（附件五），单位负责人签字，加盖单位公章后,于2025年5月21日前报送至教学质量监控与评估中心（行政北楼西205）。
附件：
1. 申报2025年教师等专业技术职务评聘工作的教师
2. 福州大学课堂教学质量评估表
3. 福州大学课程实施质量分核定办法
4. 福州大学课程教学研究与改革创新分核定办法
5．教师课程教学研究项目明细表
6. 福州大学教师本科教学综合测评汇总表（范本）
7. 2023年、2024年已有教学综合测评成绩教师名单
教学质量监控与评估中心
2025年5月9日",1,0017449848580015783740,附件1-7.docx,590,https://jwch.fzu.edu.cn/system/_content/download.jsp?urltype=news.DownloadAttachUrl&owner=1744984858&wbfileid=15783740,15783740,1744984858
001012014043,https://jwch.fzu.edu.cn/info/1012/14043.htm,关于开展2025年度教师本科教学综合测评工作的通知,【教学通知】,2025-05-09,"各学院、机关各部门、各单位：
根据《福州大学关于印发教师本科教学综合测评办法（试行）的通知》（福大教〔2016〕2号）文件精神和福州大学2025年专业技术职务评聘工作的进度安排，经研究决定,对申报2025年教师等专业技术职务评聘工作的教师开展本科教学综合测评工作。教师本科教学综合测评中学院（部）评教、课程实施质量评价、课程教学研究与创新分三部分需由学院完成，现将相关事项通知如下：
一、测评对象
申报2025年教师等专业技术职务评聘工作的教师。（附件一）
二、测评内容
1．学院（部）评教
学院（部）评教为学院督导或学院领导、同行随机随堂听课给出测评成绩，评教成绩为近三年（2022、2023、2024）听课成绩平均值。如果没有接受过随机随堂听课的教师，由学院（部）指定2名以上（含2名）学院督导及同行教师组成评教小组听课，听课测评用表使用《福州大学课堂教学质量评估表》（附件二），独立给出评教成绩后取平均值。
2．课程实施质量评价
课程实施质量为该课程的教学大纲、教材选用、授课内容与专业的符合度、课程考核的科学性等，计分依据《福州大学课程实施质量分核定办法》（附件三）。课程实施质量评价由学院课程组负责人及同行教师2名以上（含2名）组成评价小组，给出评价成绩。
3．课程教学研究与创新分
教师课程教学综合测评中与测评课程相关的教学研究与改革创新分，具体内容包括相关国家级、省级和校级教学成果奖、教改课题、课程建设、专业建设、教材建设等改革项目，计分依据《福州大学课程教学研究与改革创新分核定办法》（附件四），填写《教师课程教学研究项目明细表》（附件五），学院进行初审，由教务处复核。课程教学研究与创新分附加分最高取5分。
教师教学综合测评成绩实行百分制，即教师教学综合测评成绩=学校评教平均×50%+学院（部）评教平均×25%+课程实施质量平均×10%+学生评教平均×15%+教学研究与改革创新分。教学质量监控与评估中心将按计算公式计算出教师教学综合测评总得分。
三、时间及要求
1．根据《福州大学关于印发教师等专业技术职务评聘工作实施办法（试行）的通知》（福大人〔2021〕60号）文件规定，教师在职称评定中教学综合测评成绩需达到“良好”以上（即成绩≧80分）。根据《福州大学关于印发教师本科教学综合测评办法（试行）的通知》文件规定，教师教学综合测评成绩有效期为测评时所任专业技术职务三年内。教师如2023年、2024年已有教学综合测评成绩，可选择使用原成绩（见附件七）。如果教师申请重新进行教学综合测评，由教师本人提交书面申请，经本单位、教学质量监控与评估中心同意后，安排重新测定，使用测定后新成绩。
2．请各单位坚持实事求是原则，客观、公正评价，填写《福州大学教师本科教学综合测评汇总表》（附件六），连同教师课程教学研究项目明细表（附件五），单位负责人签字，加盖单位公章后,于2025年5月21日前报送至教学质量监控与评估中心（行政北楼西205）。
附件：
1. 申报2025年教师等专业技术职务评聘工作的教师
2. 福州大学课堂教学质量评估表
3. 福州大学课程实施质量分核定办法
4. 福州大学课程教学研究与改革创新分核定办法
5．教师课程教学研究项目明细表
6. 福州大学教师本科教学综合测评汇总表（范本）
7. 2023年、2024年已有教学综合测评成绩教师名单

教学质量监控与评估中心
2025年5月9日",1,0017449848580015783736,关于开展2025年度教师本科教学综合测评工作的通知.doc,604,https://jwch.fzu.edu.cn/system/_content/download.jsp?urltype=news.DownloadAttachUrl&owner=1744984858&wbfileid=15783736,15783736,1744984858
001037014042,https://jwch.fzu.edu.cn/info/1037/14042.htm,福州大学关于公布2023级数理综合班 专业分流学生名单及学科导师名单的通知,【教研教改】,2025-05-09,"福大教〔2025〕12号

各学院：
根据我校2023级数理综合班培养方案，2023级数理综合班学生经过两年的集中强化数理基础教育后，后两年由学生自主选择应用物理学、信息与计算科学或数学与应用数学专业，并在学科导师指导下实施个性化分流培养。现根据学生个人意愿，将这三个专业分流培养学生名单及学科导师名单公布如下：

序号
姓  名
学  号
原录取专业
分流培养专业
学科导师

1
李修松
112301414
应用物理学
应用物理学
吴鑫辉

2
肖宇嘉
112301415
应用物理学
应用物理学
吴鑫辉

3
詹苗顺
112301428
应用物理学
应用物理学
郑立玄

4
万金城
112301501
应用物理学
应用物理学
杨贞标

5
朱泽铭
112301507
应用物理学
应用物理学
杨贞标

序号
姓  名
学  号
原录取专业
分流培养专业
学科导师

6
杨巧敏
112301512
应用物理学
应用物理学
陈叶鸿

7
张佳源
182300350
材料科学与工程
应用物理学
胡进

8
陈宇佳
022301220
机械设计制造及其自动化
应用物理学
陈叶鸿

9
郑泽斌
022301431
机械设计制造及其自动化
应用物理学
胡进

10
郭腾涛
022303133
材料成型及控制工程
应用物理学
赵新宇

11
陈德强
032301123
数学类
应用物理学
郑立玄

12
吴承遥
032301214
数学类
应用物理学
胡进

13
徐雅凡
032302136
经济统计学
应用物理学
苏万钧

14
阮煜昕
052304138
交通运输类
应用物理学
郑向涛

15
吴昊煊
062300246
安全工程
应用物理学
张峻

16
张喆元
062300258
安全工程
应用物理学
夏岩

17
施弈彤
072302228
国际经济与贸易
应用物理学
陈叶鸿

18
冯嘉辉
132302105
制药工程
应用物理学
赵新宇

19
许堉林
152301203
建筑学
应用物理学
胡进

20
谭宸
152303104
风景园林
应用物理学
胡进

21
程沁如
182300303
材料科学与工程
应用物理学
余雪佳

22
周雨轩
182300455
材料科学与工程
应用物理学
赵新宇

23
郑炜韬
112301425
应用物理学
信息与计算科学
周宏

24
张文鑫
112301510
应用物理学
信息与计算科学
宋方应

25
陈昕彤
022301422
机械设计制造及其自动化
信息与计算科学
陈晓锋

26
陈宇浩
022302210
车辆工程
信息与计算科学
程航

27
林睿轩
032301227
数学类
信息与计算科学
黄书棋

28
李文轩
032301312
数学类
信息与计算科学
邹长武

29
陈昱昕
052301123
土木工程
信息与计算科学
洪倩颖

30
谢家澍
052301246
土木工程
信息与计算科学
宋方应

31
卢炫宇
052301430
土木工程
信息与计算科学
洪倩颖

32
梁宛谊
062300235
安全工程
信息与计算科学
王靖岳

33
邱庆安
072308222
物流管理
信息与计算科学
黄书棋

34
朱梦莎
092300435
日语
信息与计算科学
刘勇进

35
崔嘉彧
152301223
建筑学
信息与计算科学
陈晓峰

36
韩质煊
152302204
城乡规划
信息与计算科学
黄书棋

37
周泽邦
152302205
城乡规划
信息与计算科学
邹长武

38
熊晋
172309034
工业设计
信息与计算科学
周宏

39
洪心悦
112301423
应用物理学
信息与计算科学
王靖岳

40
王于雨
032301301
数学类
数学与应用数学
黄书棋

41
庄沐曦
032301307
数学类
数学与应用数学
魏凤英

42
詹鑫望
052301234
土木工程
数学与应用数学
朱文兴

43
张书凝
052301406
土木工程
数学与应用数学
陈晓锋

44
叶昭麟
052301409
土木工程
数学与应用数学
陈晓峰

45
邹举昌
052305142
工程管理
数学与应用数学
王小霖

46
范子恒
052305146
工程管理
数学与应用数学
黄书棋

47
魏志宏
062300139
环境工程
数学与应用数学
邹长武

48
余悦
072306214
金融学
数学与应用数学
王靖岳

49
陆国庆
072308127
物流工程
数学与应用数学
张文钊

50
郑羽
082300359
生物医学工程
数学与应用数学
程航

51
邱权杰
152301108
建筑学
数学与应用数学
朱文兴

52
黄静宜
152301126
建筑学
数学与应用数学
周宏

53
祝华健
162304140
地质工程
数学与应用数学
黄书棋

54
孙志远
172309045
工业设计
数学与应用数学
黄书棋

                                福  州  大  学

2025年5月7日",0,,,,,,
001038014038,https://jwch.fzu.edu.cn/info/1038/14038.htm,2024-2025学年第二学期在校学生申请辅修专业的通知,【计划科】,2025-05-06,"各学院：
本学期在校本科学生申请修读辅修专业工作已经开始，现将有关事项通知如下：
一、申请程序
1.5月12日至5月18日，申请修读辅修专业的学生进行网上报名申请（登录教务处“本科教学管理系统”点击“辅修申请”），每位学生最多可以报名两个顺序志愿，于5月18日（含）前在系统确认申请结果。
2.5月19日至5月21日，主修专业学院对申请进行审核，并将审核结果录入系统。
3.5月22日至5月26日，辅修专业学院对第一志愿申请进行审核，并将审核结果录入系统。
4.5月27日至5月30日，辅修专业学院对第二志愿申请进行审核，将审核结果录入系统，并将一、二志愿审核结果以汇总表形式送交教务处。
5.6月2日至6月6日，教务处对辅修专业申请进行最后审核，并将拟录取名单进行公示，在公示期结束后发文公布名单。
二、选课与缴费
1.公布名单之后，录取学生可以查看辅修专业培养方案，根据方案要求在网上进行辅修专业选课（具体时间请关注辅修专业网上选课通知）。
2. 辅修专业实行网上缴费，学生根据选课情况，按所选课程学分进行网上缴费，超过通知规定时间逾期未缴费者，选课无效。收费标准： 121元/学分（根据学校文件 福大财[2009]1号文件执行）。
三、辅修专业录取计划及接收条件
 

辅修学院
专业
计划人数
接收条件
联系电话

数学与统计学院
数学与应用数学
无限制
按绩点排名
梁老师228603552065554665@qq.com

信息与计算科学
无限制
按绩点排名

经济统计学
无限制
按绩点排名

经济与管理学院
会计学
50
按绩点排名
吴老师228664051942901627@QQ.com

金融学
60
按绩点排名

经济学
无限制
按绩点排名

电子商务
无限制
按绩点排名

信息管理与信息系统
无限制
按绩点排名

公共事业管理
无限制
按绩点排名

行政管理
无限制
按绩点排名

工业工程
无限制
按绩点排名

外国语学院
英语
25（20人以上独立开班）
英语四六级成绩按绩点排名
陈老师22866250474118077@qq.com

日语
25（20人以上独立开班）
按绩点排名

计算机与大数据学院
计算机科学与技术
25
按绩点排名
曹老师22865169395176456@qq.com

物理与信息工程学院
数字媒体技术
无限制
按绩点排名
许老师2286513123598011@qq.com

法学院
法学
15
按绩点排名
郑老师22866291423869129@qq.com

人文社会科学学院
社会学
无限制
按绩点排名
张老师22866567423890409@qq.com

汉语言文学
无限制
按绩点排名

应用心理学
无限制
按绩点排名

 
备注：
1.信息管理与信息系统与计算机科学与技术不能互相修读，软件工程不能辅修计算机科学与技术，数字媒体技术（中外合作办学）不能辅修数字媒体技术专业；
2.根据福大教[2021]18号《福州大学关于印发本科生辅修专业管理暂行办法的通知》规定的修读条件，拟修读辅修专业的学生在入学半年后的每一个学期均可提出申请。各辅修专业录取计划及接收条件以当学期教务处通知公布为准。
   
 
　　　　　　　　　　　　　　　　　　　　　　　　　　福州大学教务处
           　　2025年5月6日",0,,,,,,
001040014037,https://jwch.fzu.edu.cn/info/1040/14037.htm,关于举办福州大学第六十八场“教学有道”暨第二期智慧教学课程平台与AI智慧教学工具培训的通知,【质量办】,2025-05-06,"各学院、教学单位：
为帮助我校教师深度掌握和运用智慧教学课程平台与AI智慧教学工具，教务处聚焦AI赋能教育教学，举办第二期“AI辅助教学、助力课堂创新”智慧教学课程平台及AI智慧教学工具培训。现将培训有关事项通知如下：
一、培训内容
“AI教学中心平台”是智慧树网公司顺应数字赋能教育教学趋势定制开发的一款具备全能型教育场景、可贯穿课程教学全流程AI智慧教学建课工具。本期，教务处与智慧树网公司将围绕“AI赋能教学新形态”展开AI智课建设使用操作培训。
二、培训安排
1.时间：2025年5月8日（星期四）下午2:30
2.地点：公共教学楼东1-301机房
3.主题：《AI 赋能教学新形态》
4.主讲人：智慧树网 范少鹏
三、参加方式
请有意向参加的老师扫描下方二维码报名参加。

（报名成功者，请提前10分钟入场签到，期待您的参与！）

联系人：现代教育技术中心 阮老师 潘老师
联系电话：0591-22866301

      教务处    
                               2025年5月6日",0,,,,,,
001039014034,https://jwch.fzu.edu.cn/content.jsp?urltype=news.NewsContentUrl&wbtreeid=1039&wbnewsid=14034,关于举办2025年福州大学第二十五届数学竞赛暨第十七届全国大学生数学竞赛福建赛区选拔赛的通知,【实践科】,2025-04-30,"各学院：
为了培养学生分析、解决问题的能力，选拔学生代表学校参加第十六届全国大学生数学竞赛福建赛区选拔赛和全国总决赛，学校决定于2025年6月22日举办福州大学第二十五届数学竞赛暨第十七届全国大学生数学竞赛福建赛区选拔赛（以下简称竞赛），现将竞赛的相关事宜通知如下：
一、竞赛题型及内容
1.竞赛题型：选择题、填空题、计算题、判别题、证明题、应用题（竞赛组委会可根据需要选取其中的某些题型）。
2.竞赛内容：
（1）数学专业组：数学分析+高等代数+解析几何。
（2）非数学专业A组：高等数学。
（3）非数学专业B组：经济数学——微积分。
参赛者无须预先掌握深入的专门知识，只需学过数学基础课程即可参赛。重点在于考查参赛者的基本能力、创造力和实际应用能力。竞赛大纲详见附件3。
二、竞赛事宜
1.竞赛形式：采取集中闭卷考试方式（满分100分），竞赛组委会将提前发给参赛者准考证。考生入场竞赛时，应出示有效证件（学生证或身份证）。
2.竞赛时间：2024年6月22日上午9：00—11：00。
3.竞赛地点：福州大学旗山校区、铜盘校区、晋江校区。
4.竞赛对象：全日制本科生。
5.竞赛组别：数学专业组、非数学专业A组、非数学专业B组。
(1)数学专业组专业：应用数学专业、信息与计算科学专业、数理综合班与金融班；
(2)非数学专业A组学院（专业）：电气工程与自动化学院，机械工程及自动化学院，化工学院，土木工程学院，环境与安全工程学院，计算机与大数据学院（软件学院）、人工智能学院，物理与信息工程学院、微电子学院，化学学院，紫金地质与矿业学院，材料科学与工程学院，生物科学与工程学院，经济与管理学院（电子商务、工业工程、信息管理与信息系统等理工类专业），梅努斯国际工程学院，先进制造学院（电子信息、生物工程、生物技术等专业）；
(3)非数学专业B组学院（专业）：数学与统计学院经济统计学专业，经济与管理学院文科专业，建筑与城乡规划学院，法学院，人文社会科学学院，马克思主义学院，先进制造学院物流管理专业。
6.竞赛纪律：为保证竞赛的规范性和公正性，参赛者必须在120分钟内独立完成试卷，凡有违反考试规则行为，一经发现，取消参赛资格，所交答卷无效，并上报教务处，按照学生手册相关的考场纪律规定进行处罚。

三、组织形式
1.主办单位：福州大学教务处。
2.协办单位：福州大学学生工作部（处）。
3.承办单位：数学与统计学院、数学类学科竞赛团队党支部、
数学公共基础课教学团队、数学协会。
4.竞赛组委会：主持竞赛、负责报名、拟定赛题、评卷、评奖等。
5.各学院：负责做好竞赛的发动、组织、报名和协调等工作。
四、评选方法
1.按照数学专业组、非数学专业A组和非数学专业B组分别评奖，获奖总名额不超过总参赛人数的15%，其中一等奖、二等奖、三等奖分别占总获奖人数的20%、30%、50%，颁发获奖证书。
2.根据福州大学第二十五届数学竞赛组委会的有关规定，凡获奖的同学均可推荐参加第十七届全国大学生数学竞赛的预赛。
五、命题、阅卷、评奖工作
竞赛试题由竞赛组委会统一组织专家命题、阅卷。
竞赛的试卷印刷、保密、评奖工作，由数学与统计学院数学公共基础课教学研究中心统一安排。
六、报名方式
1.报名时间：自发文之日起至6月15日截止。
2.报名方式：
（1）登录报名网址：https://www.saikr.com/vse/2025math；
（2）注册账号；
（3）填写报名信息并确认报名；
（4）若之前就注册过账号，可直接使用原账号登录进行报名；
（5）报名成功后请加入各组QQ群：
非数学专业A类1群902363028； 非数学专业A类2群772372808；
非数学专业B类群914526397； 数学专业A类群：674306390。
（6）各参赛者请于6月20号后到赛氪网的公告查看考场安排，也可在QQ群中查看。
3.注意事项：
（1）报名参赛者如无特殊原因，必须参加比赛，否则给予通报；
（2）报名时，应详细填写报名表（附后）：学号、姓名、性别、身份证号、学院、专业、年级、电话等；
（3）报名费用：无。
4.咨询电话：周老师(13788891911)，曾老师（13599033946）。
附件：1.福州大学第二十五届数学竞赛组织委员会成员名单
2.福州大学第二十五届数学竞赛执行小组成员名单
3.福州大学第二十五届数学竞赛大纲
  
福州大学教务处
2025年4月30日

 
附件1：
福州大学第二十五届数学竞赛组委会成员名单

主任：于岩
委员：张弘、鲍星华、刘勇进、程航、王晶海、周勇、曾勋勋

附件2：
福州大学第二十五届数学竞赛执行小组成员名单
组 长：周勇
成 员：曾勋勋、周燕、王平
办公室：数学与统计学院313办公室
电 话：13788891911",1,0017449848580015782623,附件3：福州大学第二十五届数学竞赛大纲.docx,1672,https://jwch.fzu.edu.cn/system/_content/download.jsp?urltype=news.DownloadAttachUrl&owner=1744984858&wbfileid=15782623,15782623,1744984858
001039014033,https://jwch.fzu.edu.cn/content.jsp?urltype=news.NewsContentUrl&wbtreeid=1039&wbnewsid=14033,关于公布2025年（总第三十一期）本科生科研训练计划立项项目的通知,【实践科】,2025-04-30,"校教〔2025〕10号

各学院：
根据《关于做好2025年本科生科研训练计划项目立项申报工作的通知》，经申报、评审、公示，我校2025年（总第三十一期）本科生科研训练计划共批准立项438项，其中推荐省级以上154项（含国家级88项）、校级284项。现予以公布（具体名单详见附件）。
1.资助经费标准。国家级项目20000元/项；省级项目10000元/项；校级项目1000-2000元/项。
2.项目正式启动时先行拨付50%的资助经费，2025年11月进行中期检查，学校根据年度中期检评情况再下拨资助经费余额(未通过中期检评的项目停拨资助经费余额)。国家级、省级、校级项目经费学校直接下拨各学院，由各学院统一负责项目经费管理。学校或学院可根据各项目实施及经费使用情况对项目经费进行适度调整。
3.学生发表与项目相关的论文应注明“国家级大学生创新训练计划项目”、“福建省大学生创新训练计划项目”或“福州大学本科生科研训练计划项目”基金资助。
各学院应积极为立项项目的顺利开展提供有利条件，加强过程规范化管理，密切关注项目进展情况，确保项目按时顺利完成。
附件：福州大学2025年（总第三十一期）本科生科研训练计划立项项目汇总表

                                                     福州大学教务处
                                                     2025年4月30日",1,0017449848580015782627,附件：福州大学2025年（总第三十一期）本科生科研训练计划立项项目汇总表.docx,3552,https://jwch.fzu.edu.cn/system/_content/download.jsp?urltype=news.DownloadAttachUrl&owner=1744984858&wbfileid=15782627,15782627,1744984858
001040014032,https://jwch.fzu.edu.cn/info/1040/14032.htm,关于期中党政领导集中听课的通知,【质量办】,2025-04-27,"各学院、各单位：
根据《福州大学党政领导听课管理实施办法》（福大教〔2022〕27号）文件精神，经研究决定，第10-12周（4月28日--5月18日）为党政领导集中听课周。
请各级党政领导深入本科生课堂听课（学校党政领导每学期至少听课2个学时,学院党政领导每人每学期至少听课4个学时，思想政治理论课听课时数要求按上级主管部门要求执行），并认真填写《福州大学课堂教学质量评估表》。

附件1：福州大学课堂教学质量评估表
附件2：第10-12周课程表

教学质量监控与评估中心
2025年4月27日",2,0017449848580015781690,附件1：福州大学课堂教学质量评估表.doc,205,https://jwch.fzu.edu.cn/system/_content/download.jsp?urltype=news.DownloadAttachUrl&owner=1744984858&wbfileid=15781690,15781690,1744984858
001040014032,https://jwch.fzu.edu.cn/info/1040/14032.htm,关于期中党政领导集中听课的通知,【质量办】,2025-04-27,"各学院、各单位：
根据《福州大学党政领导听课管理实施办法》（福大教〔2022〕27号）文件精神，经研究决定，第10-12周（4月28日--5月18日）为党政领导集中听课周。
请各级党政领导深入本科生课堂听课（学校党政领导每学期至少听课2个学时,学院党政领导每人每学期至少听课4个学时，思想政治理论课听课时数要求按上级主管部门要求执行），并认真填写《福州大学课堂教学质量评估表》。

附件1：福州大学课堂教学质量评估表
附件2：第10-12周课程表

教学质量监控与评估中心
2025年4月27日",2,0017449848580015781691,附件2：第10-12周课表.xlsx,461,https://jwch.fzu.edu.cn/system/_content/download.jsp?urltype=news.DownloadAttachUrl&owner=1744984858&wbfileid=15781691,15781691,1744984858
001039014020,https://jwch.fzu.edu.cn/content.jsp?urltype=news.NewsContentUrl&wbtreeid=1039&wbnewsid=14020,福州大学关于公布第二十二届程序设计竞赛获奖名单的通知,【实践科】,2025-04-24,"校教〔2025〕7号
各学院：
由计算机与大数据学院承办的福州大学第二十二届程序设计竞赛暨校ACM/ICPC集训队选拔赛于2025年4月13日圆满结束。本次竞赛共有计算机与大数据学院、梅努斯国际工程学院、环境与安全工程学院、机械工程及自动化学院、数学与统计学院、物理与信息工程学院、紫金地质与矿业学院、土木工程学院、先进制造学院、经济与管理学院等学院的157名学生报名参赛。本次竞赛采取考试现场测试评分的方式，经过专家评审，评出专业组一等奖5名，二等奖11名，三等奖17名；非专业组一等奖1名，二等奖3名，三等奖5名。现将获奖名单公布如下：

一、专业组：（计算机类、软件工程、大数据、信息安全、人工智能专业、数智实验班）
一等奖（5人）

学院
姓名

计算机与大数据学院
陈建涛

计算机与大数据学院
王盛明

计算机与大数据学院
邱镇海

计算机与大数据学院
林伟豪

计算机与大数据学院
黄佳鹏

二等奖（11人）

学院
姓名

计算机与大数据学院
张子良

计算机与大数据学院
饶凯辰

计算机与大数据学院
江子健

计算机与大数据学院
肖羽石

计算机与大数据学院
方林升

计算机与大数据学院
洪佳盛

计算机与大数据学院
蔡永康

计算机与大数据学院
林宏宇

计算机与大数据学院
温家宇

计算机与大数据学院
张仁杰

计算机与大数据学院
叶芷

三等奖（17人）

学院
姓名

计算机与大数据学院
黄铎彦

计算机与大数据学院
王炜翔

计算机与大数据学院
洪语涵

计算机与大数据学院
邱添

梅努斯国际工程学院
郑铖杰

计算机与大数据学院
王佳宇

计算机与大数据学院
苏郑熙凡

计算机与大数据学院
鲍宇轩

计算机与大数据学院
李子墨

计算机与大数据学院
刘怡康

计算机与大数据学院
林嘉祚

计算机与大数据学院
何顺康

计算机与大数据学院
胡可瑜

计算机与大数据学院
詹颜宏

计算机与大数据学院
连伟成

计算机与大数据学院
陈泽煦

计算机与大数据学院
滕柏宇

二、非专业组：
一等奖（1人）

学院
姓名

数学与统计学院
陈程忞

二等奖（3人）

学院
姓名

物理与信息工程学院
丁杰

物理与信息工程学院
官瑜

机械工程及自动化学院
何楚杰

三等奖（5人）

学院
姓名

物理与信息工程学院
金泽泰

物理与信息工程学院
王德宇

经济与管理学院
李芯妍

环境与安全工程学院
罗铮

数学与统计学院
方嘉宇

福州大学教务处
2025年4月24日",0,,,,,,
001039014018,https://jwch.fzu.edu.cn/content.jsp?urltype=news.NewsContentUrl&wbtreeid=1039&wbnewsid=14018,关于开展2025届本科毕业设计（论文）抽检送审工作的通知,【实践科】,2025-04-24,"各学院：
为提高本科人才培养质量，加强学位论文管理，根据《教育部关于印发<本科毕业论文（设计）抽检办法（试行）>的通知》和《福建省教育厅关于印发<福建省本科毕业论文（设计）抽检实施细则（试行）>的通知》等文件要求，经研究，学校决定开展2025届本科毕业设计（论文）抽检送审工作，现将具体事项通知如下：
一、抽检送审对象
2025届各专业本科生毕业设计（论文）
二、抽检送审规则
1.抽检范围与数量
（1）抽检对象为2025届各学院所有专业本科毕业设计（论文）。
（2）2023届和2024届教育部抽检出现不合格的专业抽检送审数量不得少于该专业毕业生总数的20%，其它各专业抽检送审数量不得少于该专业毕业生总数的10%。
2.抽检规则
按照学号先后顺序抽取该专业学号尾数为“9”的毕业设计（论文），当被抽检人数达不到规定数量时，继续抽取该专业学号尾数为“7”的毕业设计（论文），若抽检人数仍不能满足要求，则继续抽取该专业学号尾数为“0”的毕业设计（论文）。
三、抽检送审要求
毕业设计（论文）评审重点必须涵盖政治方向、学术诚信、选题意义、写作安排、逻辑构建、专业能力、学术规范等评议要素。各专业可在《福建省本科毕业论文（设计）抽检评议要素（试行）》(见附件1)的基础上制订适合本学科专业特点的评审细则。
1.抽检送审的毕业设计（论文）被认定为合格的方可参加毕业设计（论文）答辩，被认定为“存在问题毕业设计（论文）”不得进入答辩环节。
2.各学院抽检的每篇毕业设计（论文）均应聘请3位本专业具有副高（含）以上职称的同行专家担任评审（至少2位为校外专家），校外评审专家原则上应从“双一流”建设高校中学科专业与我校相当的高校中选聘，评审专家按照“合格”和“不合格”两档对毕业设计（论文）进行评定，并提出评议意见，对评议为“不合格”的毕业设计（论文），须明确指出存在的问题。每篇毕业设计（论文）送3位同行专家评审，3位专家中有2位（含）以上专家评议意见为“不合格”的毕业设计（论文），将认定为“存在问题毕业设计（论文）”。3位专家中有1位专家评议意见为“不合格”，将再送2位校外专家进行复评。2位复评专家中有1位（含）以上专家评议意见为“不合格”，将认定为“存在问题毕业设计（论文）”。对政治方向或学术诚信存在问题的，将直接评议为“存在问题毕业设计（论文）”。
3.在本科毕业设计（论文）抽检送审中，若被认定为“存在问题毕业设计（论文）”（含送审前查重检测不符合学校要求者），不得进入应届毕业生第一批次正常答辩和毕业审核环节。学生须认真对毕业设计（论文）进行修改，修改期不少于1个月，修改完成后，按照学校抽检送审程序和要求，再送三位校外专家评审，评审结果合格且符合学校查重复检要求者方能参加下一批次答辨，依此类推最多给予2次修改送审机会。若当年第三批次毕业设计（论文）抽检送审（含复检）结束仍不符合要求者，均须重修。
四、抽检结果反馈
各学院应于毕业设计（论文）答辩开始前完成抽检送审工作，并于2025年6月10日前将2025届本科毕业设计（论文）抽检送审评议汇总表（附件2）报送教务处实践科，电子版发送至：jwcsjk@fzu.edu.cn。各学院应组织被抽检毕业设计（论文）的指导教师、学生根据评审意见进行认真整改，并进一步完善本科毕业设计（论文）指导和管理工作。

根据教育部抽检办法，抽检结果将影响招生计划、学士学位授权点建设等；对涉嫌存在抄袭、剽窃、伪造、篡改、买卖、代写等学术不端行为的毕业设计（论文），应按照相关程序进行调查核实，对查实的应依法撤销已授予学位，并注销学位证书。抽检结果将作为本科教育教学评估、一流本科专业建设、本科专业认证以及专业建设经费投入等教育资源配置的重要参考依据，请各学院务必高度重视毕业设计（论文）抽检送审工作。

附件1：福建省本科毕业论文（设计）抽检评议要素（试行）
附件2：2025届福州大学本科毕业设计（论文）抽检情况汇总表

                   福州大学教务处
                   2025年4月24日",2,0017449848580015781146,附件1：福建省本科毕业论文（设计）抽检评议要素（试行）.docx,1900,https://jwch.fzu.edu.cn/system/_content/download.jsp?urltype=news.DownloadAttachUrl&owner=1744984858&wbfileid=15781146,15781146,1744984858
001039014018,https://jwch.fzu.edu.cn/content.jsp?urltype=news.NewsContentUrl&wbtreeid=1039&wbnewsid=14018,关于开展2025届本科毕业设计（论文）抽检送审工作的通知,【实践科】,2025-04-24,"各学院：
为提高本科人才培养质量，加强学位论文管理，根据《教育部关于印发<本科毕业论文（设计）抽检办法（试行）>的通知》和《福建省教育厅关于印发<福建省本科毕业论文（设计）抽检实施细则（试行）>的通知》等文件要求，经研究，学校决定开展2025届本科毕业设计（论文）抽检送审工作，现将具体事项通知如下：
一、抽检送审对象
2025届各专业本科生毕业设计（论文）
二、抽检送审规则
1.抽检范围与数量
（1）抽检对象为2025届各学院所有专业本科毕业设计（论文）。
（2）2023届和2024届教育部抽检出现不合格的专业抽检送审数量不得少于该专业毕业生总数的20%，其它各专业抽检送审数量不得少于该专业毕业生总数的10%。
2.抽检规则
按照学号先后顺序抽取该专业学号尾数为“9”的毕业设计（论文），当被抽检人数达不到规定数量时，继续抽取该专业学号尾数为“7”的毕业设计（论文），若抽检人数仍不能满足要求，则继续抽取该专业学号尾数为“0”的毕业设计（论文）。
三、抽检送审要求
毕业设计（论文）评审重点必须涵盖政治方向、学术诚信、选题意义、写作安排、逻辑构建、专业能力、学术规范等评议要素。各专业可在《福建省本科毕业论文（设计）抽检评议要素（试行）》(见附件1)的基础上制订适合本学科专业特点的评审细则。
1.抽检送审的毕业设计（论文）被认定为合格的方可参加毕业设计（论文）答辩，被认定为“存在问题毕业设计（论文）”不得进入答辩环节。
2.各学院抽检的每篇毕业设计（论文）均应聘请3位本专业具有副高（含）以上职称的同行专家担任评审（至少2位为校外专家），校外评审专家原则上应从“双一流”建设高校中学科专业与我校相当的高校中选聘，评审专家按照“合格”和“不合格”两档对毕业设计（论文）进行评定，并提出评议意见，对评议为“不合格”的毕业设计（论文），须明确指出存在的问题。每篇毕业设计（论文）送3位同行专家评审，3位专家中有2位（含）以上专家评议意见为“不合格”的毕业设计（论文），将认定为“存在问题毕业设计（论文）”。3位专家中有1位专家评议意见为“不合格”，将再送2位校外专家进行复评。2位复评专家中有1位（含）以上专家评议意见为“不合格”，将认定为“存在问题毕业设计（论文）”。对政治方向或学术诚信存在问题的，将直接评议为“存在问题毕业设计（论文）”。
3.在本科毕业设计（论文）抽检送审中，若被认定为“存在问题毕业设计（论文）”（含送审前查重检测不符合学校要求者），不得进入应届毕业生第一批次正常答辩和毕业审核环节。学生须认真对毕业设计（论文）进行修改，修改期不少于1个月，修改完成后，按照学校抽检送审程序和要求，再送三位校外专家评审，评审结果合格且符合学校查重复检要求者方能参加下一批次答辨，依此类推最多给予2次修改送审机会。若当年第三批次毕业设计（论文）抽检送审（含复检）结束仍不符合要求者，均须重修。
四、抽检结果反馈
各学院应于毕业设计（论文）答辩开始前完成抽检送审工作，并于2025年6月10日前将2025届本科毕业设计（论文）抽检送审评议汇总表（附件2）报送教务处实践科，电子版发送至：jwcsjk@fzu.edu.cn。各学院应组织被抽检毕业设计（论文）的指导教师、学生根据评审意见进行认真整改，并进一步完善本科毕业设计（论文）指导和管理工作。

根据教育部抽检办法，抽检结果将影响招生计划、学士学位授权点建设等；对涉嫌存在抄袭、剽窃、伪造、篡改、买卖、代写等学术不端行为的毕业设计（论文），应按照相关程序进行调查核实，对查实的应依法撤销已授予学位，并注销学位证书。抽检结果将作为本科教育教学评估、一流本科专业建设、本科专业认证以及专业建设经费投入等教育资源配置的重要参考依据，请各学院务必高度重视毕业设计（论文）抽检送审工作。

附件1：福建省本科毕业论文（设计）抽检评议要素（试行）
附件2：2025届福州大学本科毕业设计（论文）抽检情况汇总表

                   福州大学教务处
                   2025年4月24日",2,0017449848580015781147,附件2：2025届福州大学本科毕业设计（论文）抽检情况汇总表.xls,2445,https://jwch.fzu.edu.cn/system/_content/download.jsp?urltype=news.DownloadAttachUrl&owner=1744984858&wbfileid=15781147,15781147,1744984858
001040014017,https://jwch.fzu.edu.cn/info/1040/14017.htm,关于福州大学第六十八场“教学有道”研讨活动延期举行的通知,【质量办】,2025-04-24,"各学院、有关单位：
因工作冲突，原定于4月25日（星期五）下午3:00在物理与信息工程学院祥联厅举办的福州大学第六十八场“教学有道”研讨活动将延期举行，具体时间另行通知。

教务处
2025年4月24日",0,,,,,,
001036014016,https://jwch.fzu.edu.cn/info/1036/14016.htm,关于2025年劳动节放假课程调整的通知,【教学运行】,2025-04-24,"各学院、教学单位：
根据党政办有关2025年劳动节放假通知的精神，现将放假期间的课程调整如下：
1、5月1日（周四）至5月5日（周一）放假调休，共5天，全校本科生课程（含通识教育选修课）停课。
2、4月27日（周日）上课，补5月5日（周一）的课，原4月27日的课程停课。
3、因停课受影响的教学内容，请任课老师自行调整安排。

请各学院、教学单位及时通知相关师生。

教务处
2025年4月24日",0,,,,,,
001036014012,https://jwch.fzu.edu.cn/info/1036/14012.htm,关于2024-2025学年第二学期《工程制图E》课程期末考试安排的通知,【教学运行】,2025-04-23,"各有关学院：
定于5月18日上午进行《工程制图E》课程期末考试，请有关协助监考学院按考表（见附件）安排监考老师并录入系统，及时通知监考老师和学生上系统查看考试信息，以免延误考试。
为保证考试的顺利进行，如其他教学安排时间或地点与此次考试冲突，请予以调整。

机械学院
教务处
2025年4月23日",1,0017449848580015780905,2402工程制图E期末考-5.18上午.xlsx,302,https://jwch.fzu.edu.cn/system/_content/download.jsp?urltype=news.DownloadAttachUrl&owner=1744984858&wbfileid=15780905,15780905,1744984858
001040014011,https://jwch.fzu.edu.cn/info/1040/14011.htm,关于举办福州大学第六十八场“教学有道”研讨活动的通知,【质量办】,2025-04-23,"各学院、有关单位：
为深入贯彻落实党的二十届三中全会和全国教育大会推进教育数字化有关战略部署，进一步探讨人工智能与教育教学有效融合的实践路径，推动教学创新，经研究，学校决定举办第六十八场“教学有道”专题研讨活动，具体安排通知如下：
一、研讨主题
人工智能及其在教学创新中的典型应用
二、研讨时间
2025年4月25日（星期五）下午3:00
三、主讲人
厦门大学建筑与土木工程学院 李渊教授
四、研讨地点
物理与信息工程学院 祥联厅
五、承办单位
物理与信息工程学院
六、参会人员
1.物理与信息工程学院教师；
2.其他感兴趣的教师。

主讲人简介：
李  渊：厦门大学建筑与土木工程学院教授、博导。厦门大学国家级教师发展中心兼职教学指导专家，福建省地理学会副理事长，曾挂职厦门大学教务处副处长一年，鼓浪屿管委会党工委委员一年。主要从事GIS+（建筑、规划、遗产、旅游、人文等）交叉学科领域的教学与科研工作。国家自然科学基金地球科学部学科评审组会议评审专家，入选2024中国知网高被引学者top1%名单。出版的教材被评为住建部十四五教材、专著被评为文化和旅游部优秀研究成果、MOOC被评为国家级一流本科课程、虚拟仿真项目入选国家虚拟仿真实验教学课程共享平台项目，主持1个省级虚拟教研室。 2022年被评为高校GIS创新人物，2023年获得第三届全国高校教师教学创新大赛新工科正高组一等奖。近年来，致力于“数智时代的教学创新与智慧教学”、;“数智时代的鼓浪屿文旅融合实践”、“人工智能在教学和科研中的典型应用”、“大数据时代的城市更新与精细化治理”等领域的前沿探索，联合创新型企业全新开发了元宇宙科研与教学平台。

福州大学教务处
2025年4月23日",0,,,,,,
001039014010,https://jwch.fzu.edu.cn/content.jsp?urltype=news.NewsContentUrl&wbtreeid=1039&wbnewsid=14010,关于举办福州大学第九届网络信息安全竞赛的通知,【实践科】,2025-04-22,"各学院：
为了激励我校学生学习网络安全知识的积极性，增强学生信息安全攻防技能，进一步促进我校信息安全专业一流课程建设，同时挖掘人才代表学校参加全国大学生信息安全竞赛等国家级重点赛事，经研究，决定举办福州大学第九届网络信息安全竞赛, 现将有关事项通知如下：
一、竞赛形式
拟采用国际CTF竞赛流行的Jeopardy解题模式。在解题模式CTF赛制中，参赛队伍可以通过互联网线上参与，或者现场网络线下集中的形式参与。这种模式的CTF竞赛与ACM编程竞赛、信息学奥赛比较类似，以解决网络安全技术挑战题目的分值和解题耗时来排名。题目主要包含逆向、漏洞挖掘与利用、Web渗透、密码学、内容隐写、安全编程等多种类别。
二、竞赛事宜
1.竞赛时间

第一天
2025年5月2日10：00
2025年5月2日21：00

第二天
2025年5月3日10：00
2025年5月3日21：00

2.竞赛规则
竞赛期间参赛队员可以使用各种图书资料、计算机软件或硬件设备，允许在互联网上浏览查找所需资料，但不得与队外任何人（包括教师）讨论，也不得对竞赛服务器发起任何形式的攻击行为。
3.竞赛形式
参赛队伍线上操作答题，按队伍解决网络安全技术挑战题目的分值和时间来排名，竞赛结束后需在组委会指定时间内上交题解。题目类型包括漏洞挖掘与利用、Web渗透、密码学、数据取证、内容隐写、安全编程等。
4.竞赛地点
本次竞赛采用线上赛形式举办，赛事链接和参赛账号注册等事宜将在参赛QQ群内通知队长。
5.竞赛纪律：竞赛组委会的相关人员负责竞赛的组织和纪律监督工作，保证本竞赛的规范性和公正性。对违反竞赛规则的参赛队，一经发现，取消参赛资格，并通报全校批评。
三、组织形式
1．主办单位：福州大学教务处
2．承办单位：福州大学计算机与大数据学院
3．竞赛组委会：主持竞赛，负责发动报名、拟定赛题、评分、评奖等。
四、竞赛奖励
1．竞赛组委会邀请校内专业人士组成评审委员会，负责赛况监督和竞赛实时成绩确认，并根据竞赛平台显示的实时成绩排名和题解审核结果，最终将分别评选出一等奖、二等奖、三等奖各若干队，获奖比例由竞赛组委会根据参赛的队数来确定。
2．每个获奖队的成员分别颁发获奖证书，获奖学生可根据有关规定申请学分认定。
五、报名方式
1.报名日期：自发文之日起－2025年4月30日23：59止
2.报名形式：复制如下链接在浏览器打开
    https://docs.qq.com/form/page/DUmVST3daaEpLaWVM
3.报名咨询：黄同学（QQ:3014376125）、林同学（QQ：2224271513）
4.校赛QQ群：1016293503
5.参赛对象：
福州大学全日制本科生。参赛者以队为单位参赛，每队最多不超过3人，专业不限，自由组合，但仅允许加入一个队。
6．注意事项：
（1）报名时，队长和队员的姓名、学号、学院、专业以及队长的联系邮箱、联系电话应准确填写
（2）报名费用：无
（3）ROIS核心队员不参赛

福州大学教务处
2025年4月22日",0,,,,,,
001039014008,https://jwch.fzu.edu.cn/content.jsp?urltype=news.NewsContentUrl&wbtreeid=1039&wbnewsid=14008,关于组织申报2025年大学生劳动教育实践基地的通知,【实践科】,2025-04-22,"各学院及有关单位：
为深入贯彻习近平总书记在全国教育大会上的讲话精神和《中共中央国务院关于全面加强新时代大中小学劳动教育的意见》、教育部关于印发《大中小学劳动教育指导纲要（试行）》的通知精神，充分发挥劳动育人的综合作用，构建德智体美劳全面发展的育人体系，积极推进我校学生劳动教育实践活动的开展，促进学生德智体美劳全面发展，经研究，决定组织申报2025年大学生劳动教育实践基地，本次立项项目数不超过10项。现将有关事项通知如下：
一、建设基本原则
（一）教育性原则。劳动教育实践基地开展劳动教育实践要以培养劳动情感、掌握劳动技能、发展劳动素养为核心追求，结合学生身心特点、接受能力和实际需要，让学生动手实践、出力流汗，接受锻炼、磨炼意志，既要注重劳动知识传授、劳动技能培养和劳动实践锻炼，也要注重培养学生正确劳动价值观和良好劳动品质。
（二）安全性原则。劳动教育实践基地要坚持安全第一，建立安全保障机制，明确安全保障责任，落实安全保障措施，确保学生安全。
二、申报基本条件
申报2025年大学生劳动教育实践基地，应同时具备以下6项基本条件：
（一）活动场地。具备开展劳动教育实践所需的场地，能同时接待50名以上学生参加劳动教育实践活动，室内活动场所人均使用面积达到3平方米以上，活动场地地点在校区所在设区市内。
（二）劳动项目。基地可以常年稳定开展劳动教育实践，至少具有2个以上适合大学生劳动教育实践的实践项目，学生可以亲自参与劳动教育实践活动。
（三）师资配备。配有与接待学生规模相适应的专业辅导、讲解人员，能结合劳动教育实践要求，进行讲解、示范和辅导教学，提供有针对性、互动性和引导性的指导服务。
（四）安全措施。符合公共场所安全的基本要求，有严格的安全管理措施，有针对学生群体的特别安全管护措施，各类安全、监控设施设备运作良好，整体通过消防验收。
（五）配套设施。相关基础设施配套齐全、布局科学合理，相关的教学仪器、劳动工具、设施设备性能完好，可供学生开展劳动实践的项目内容多、种类较为齐全。实践活动场所仪器设备按国家或行业有关标准、规范安装、布置，设备、器材布置科学、规范、合理。
（六）规范管理。管理制度健全，建有基地人员管理制度、考核评价制度、安全管理制度等系统、科学的日常运行管理制度。保障机制健全，日常运转经费能够足额保障，社会评价好。
三、建设项目经费
 获批校级立项的大学生劳动教育实践基地，学校将资助项目建设经费3-5万。
四、基地申报办法
请各学院根据文件精神和要求，与符合申报条件的合作单位一起拟定大学生劳动教育实践基地建设方案，一起填报《福州大学大学生劳动教育实践基地申报书》（见附件）。
五、申报材料报送
报送材料应包括《福州大学大学生劳动教育实践基地申报书》纸质版一式两份和汇总表，申报书和汇总表电子文档发送至jwcsjk@fzu.edu.cn。
以上材料请于5月8日前报送至教务处实践科，逾期不予受理。
附件1：福州大学大学生劳动教育实践基地申报书

     附件2：福州大学大学生劳动教育实践基地申报汇总表

福州大学教务处
2025年4月22日",2,0017449848580015780775,附件：福州大学大学生劳动教育实践基地申报书.docx,188,https://jwch.fzu.edu.cn/system/_content/download.jsp?urltype=news.DownloadAttachUrl&owner=1744984858&wbfileid=15780775,15780775,1744984858
001039014008,https://jwch.fzu.edu.cn/content.jsp?urltype=news.NewsContentUrl&wbtreeid=1039&wbnewsid=14008,关于组织申报2025年大学生劳动教育实践基地的通知,【实践科】,2025-04-22,"各学院及有关单位：
为深入贯彻习近平总书记在全国教育大会上的讲话精神和《中共中央国务院关于全面加强新时代大中小学劳动教育的意见》、教育部关于印发《大中小学劳动教育指导纲要（试行）》的通知精神，充分发挥劳动育人的综合作用，构建德智体美劳全面发展的育人体系，积极推进我校学生劳动教育实践活动的开展，促进学生德智体美劳全面发展，经研究，决定组织申报2025年大学生劳动教育实践基地，本次立项项目数不超过10项。现将有关事项通知如下：
一、建设基本原则
（一）教育性原则。劳动教育实践基地开展劳动教育实践要以培养劳动情感、掌握劳动技能、发展劳动素养为核心追求，结合学生身心特点、接受能力和实际需要，让学生动手实践、出力流汗，接受锻炼、磨炼意志，既要注重劳动知识传授、劳动技能培养和劳动实践锻炼，也要注重培养学生正确劳动价值观和良好劳动品质。
（二）安全性原则。劳动教育实践基地要坚持安全第一，建立安全保障机制，明确安全保障责任，落实安全保障措施，确保学生安全。
二、申报基本条件
申报2025年大学生劳动教育实践基地，应同时具备以下6项基本条件：
（一）活动场地。具备开展劳动教育实践所需的场地，能同时接待50名以上学生参加劳动教育实践活动，室内活动场所人均使用面积达到3平方米以上，活动场地地点在校区所在设区市内。
（二）劳动项目。基地可以常年稳定开展劳动教育实践，至少具有2个以上适合大学生劳动教育实践的实践项目，学生可以亲自参与劳动教育实践活动。
（三）师资配备。配有与接待学生规模相适应的专业辅导、讲解人员，能结合劳动教育实践要求，进行讲解、示范和辅导教学，提供有针对性、互动性和引导性的指导服务。
（四）安全措施。符合公共场所安全的基本要求，有严格的安全管理措施，有针对学生群体的特别安全管护措施，各类安全、监控设施设备运作良好，整体通过消防验收。
（五）配套设施。相关基础设施配套齐全、布局科学合理，相关的教学仪器、劳动工具、设施设备性能完好，可供学生开展劳动实践的项目内容多、种类较为齐全。实践活动场所仪器设备按国家或行业有关标准、规范安装、布置，设备、器材布置科学、规范、合理。
（六）规范管理。管理制度健全，建有基地人员管理制度、考核评价制度、安全管理制度等系统、科学的日常运行管理制度。保障机制健全，日常运转经费能够足额保障，社会评价好。
三、建设项目经费
 获批校级立项的大学生劳动教育实践基地，学校将资助项目建设经费3-5万。
四、基地申报办法
请各学院根据文件精神和要求，与符合申报条件的合作单位一起拟定大学生劳动教育实践基地建设方案，一起填报《福州大学大学生劳动教育实践基地申报书》（见附件）。
五、申报材料报送
报送材料应包括《福州大学大学生劳动教育实践基地申报书》纸质版一式两份和汇总表，申报书和汇总表电子文档发送至jwcsjk@fzu.edu.cn。
以上材料请于5月8日前报送至教务处实践科，逾期不予受理。
附件1：福州大学大学生劳动教育实践基地申报书

     附件2：福州大学大学生劳动教育实践基地申报汇总表

福州大学教务处
2025年4月22日",2,0017449848580015780881,附件：福州大学大学生劳动教育实践基地申报汇总表.docx,135,https://jwch.fzu.edu.cn/system/_content/download.jsp?urltype=news.DownloadAttachUrl&owner=1744984858&wbfileid=15780881,15780881,1744984858
001036014007,https://jwch.fzu.edu.cn/info/1036/14007.htm,关于2024-2025学年第二学期《高等数学A（中）》、《高等数学B（下）》、《高等数学C（下）》课程半期考试安排的通知,【教学运行】,2025-04-22,"各有关学院：
定于5月11日下午进行《高等数学A（中）》、《高等数学B（下）》、《高等数学C（下）》课程半期考试，请有关协助监考学院按考表（见附件）安排监考老师并录入系统，及时通知监考老师和学生上系统查看考试信息，以免延误考试。
为保证考试的顺利进行，如其他教学安排时间或地点与此次考试冲突，请予以调整。

数统学院
教务处
2025年4月22日",1,0017449848580015780740,2402高数半期考-5.11下午.xlsx,583,https://jwch.fzu.edu.cn/system/_content/download.jsp?urltype=news.DownloadAttachUrl&owner=1744984858&wbfileid=15780740,15780740,1744984858
001040014006,https://jwch.fzu.edu.cn/info/1040/14006.htm,关于开展2025届本科毕业生在校学习体验调研的通知,【质量办】,2025-04-22,"各学院：
根据教育部印发的《普通高等学校本科教育教学审核评估实施方案（2021—2025年）》文件精神，为了全面推进OBE理念，了解应届本科毕业生在校四年学习体验情况，收集汇总毕业生对本科教学的意见和建议，从学生角度掌握各学院各专业本科教学成效，以便各学院各专业更有针对性地改进本科教学工作，提高人才培养质量，经研究决定开展2025届毕业生在校学习体验调研工作，具体安排如下：
一、调研目的
通过调研，以学生学习体验视角了解应届毕业生对人才培养方面的意见和建议，通过调查结果综合分析毕业要求达成情况，促进各专业优化课程设置、改进教学方法、加大教学投入、提升教学水平，同时为学校修订人才培养方案、改进教学策略、加强教学和学生管理、提升服务水平提供重要依据。
二、调研时间
2025年4月-6月。
三、调研对象
2025届毕业生。
四、调研方式
1.问卷调查
本次应届毕业生问卷调研采取网络问卷形式开展，问卷内容由教学质量监控与评估中心委托第三方公司（麦可思数据有限公司）统一组织、设计，各学院应积极发动学生参与问卷调研，确保足够调研的样本量，以便形成更加科学合理的问卷报告。网络问卷调研另行通知。
2.座谈会
在毕业生离校前，各学院召开应届毕业生座谈会，组织毕业生围绕调研相关主题展开互动交流，以获取详细的反馈资料，学校提供座谈会大纲（见附件）供参考。各学院根据自身实际情况进一步丰富座谈会提纲，自定座谈会时间。
五、调研结果应用
1. 应届毕业生问卷调研结束后，第三方公司（麦可思数据有限公司）将形成学校问卷调研报告，届时学校将报告反馈给各学院。学院应结合学校反馈的问卷调研报告及学生座谈会收集汇总的意见，总结形成本学院的2025届毕业生在校生学习体验调研分析报告，于7月10日前提交教学质量监控与评估中心，同时学院留档作为重要备查资料。
2.各学院、各专业应根据问卷调研报告及学院相关调研数据进一步改进教学策略，加强教学管理，提升服务水平。
附件：应届毕业生座谈会提纲（供参考）

教学质量监控与评估中心、教务处、学生工作部（处）
2025年4月22日

附件：
应届毕业生座谈会提纲（供参考）
一、大学四年总体印象
1、福大生活是否难忘？
2、在整个本科四年的过程中是否学到了可以受用终生或者长期有帮助的知识和能力？
3、在校学习期间最大的收获是什么？
4、在校四年学习是否提供了一个较好的发展？
5、毕业要求是否都达成了吗？与自己的预期有出入吗？
6、希望学校或学院在课内外的培养上作出什么样的改进？
二、课程设置满意度
7、本科期间的课程安排顺序是否合理？
8、学科内容是否安排合理？
9、本科期间课程密度是否合适？
10、对专业课程教学总体满意度？
11、对专业实践环节（实验、实习、毕业设计（论文））教学的总体满意度？
12、对课外科研训练及学科竞赛满意度？
13、哪些课对你的帮助最大？
14、你觉得收获不大的课程有哪些，或没有必要开设的课程？
三、教师教学满意度
15、对专业教师教学水平的满意度?
16、对专业教师教学投入方面的满意度？
17、专业教师在师德师风方面的满意度?
18、专业教师的教学在哪些方面还需进一步加强？
19、印象最好的三位老师。
四、课内外教学资源满意度
20、学校的教学资源（教室、实验室、图书馆、网络和体育设施等）总体如何？
21、学校的学习环境如何？
22、学校或学院在教学资源上有哪些欠缺？
五、对管理服务支持的满意度
23、教学管理各方面满意度（选课、课程修读、成绩管理等）
24、学生工作各方面满意度（辅导员工作、就业指导、心理咨询等）
25、学生活动各方面满意度（校园文化活动、社会实践活动、创新创业活动、国际交流活动等）",0,,,,,,
001012014005,https://jwch.fzu.edu.cn/info/1012/14005.htm,关于开展2025届本科毕业生在校学习体验调研的通知,【教学通知】,2025-04-22,"各学院：
根据教育部印发的《普通高等学校本科教育教学审核评估实施方案（2021—2025年）》文件精神，为了全面推进OBE理念，了解应届本科毕业生在校四年学习体验情况，收集汇总毕业生对本科教学的意见和建议，从学生角度掌握各学院各专业本科教学成效，以便各学院各专业更有针对性地改进本科教学工作，提高人才培养质量，经研究决定开展2025届毕业生在校学习体验调研工作，具体安排如下：
一、调研目的
通过调研，以学生学习体验视角了解应届毕业生对人才培养方面的意见和建议，通过调查结果综合分析毕业要求达成情况，促进各专业优化课程设置、改进教学方法、加大教学投入、提升教学水平，同时为学校修订人才培养方案、改进教学策略、加强教学和学生管理、提升服务水平提供重要依据。
二、调研时间
2025年4月-6月。
三、调研对象
2025届毕业生。
四、调研方式
1.问卷调查
本次应届毕业生问卷调研采取网络问卷形式开展，问卷内容由教学质量监控与评估中心委托第三方公司（麦可思数据有限公司）统一组织、设计，各学院应积极发动学生参与问卷调研，确保足够调研的样本量，以便形成更加科学合理的问卷报告。网络问卷调研另行通知。
2.座谈会
在毕业生离校前，各学院召开应届毕业生座谈会，组织毕业生围绕调研相关主题展开互动交流，以获取详细的反馈资料，学校提供座谈会大纲（见附件）供参考。各学院根据自身实际情况进一步丰富座谈会提纲，自定座谈会时间。
五、调研结果应用
1. 应届毕业生问卷调研结束后，第三方公司（麦可思数据有限公司）将形成学校问卷调研报告，届时学校将报告反馈给各学院。学院应结合学校反馈的问卷调研报告及学生座谈会收集汇总的意见，总结形成本学院的2025届毕业生在校生学习体验调研分析报告，于7月10日前提交教学质量监控与评估中心，同时学院留档作为重要备查资料。
2.各学院、各专业应根据问卷调研报告及学院相关调研数据进一步改进教学策略，加强教学管理，提升服务水平。
附件：应届毕业生座谈会提纲（供参考）

教学质量监控与评估中心、教务处、学生工作部（处）
2025年4月22日

附件：
应届毕业生座谈会提纲（供参考）
一、大学四年总体印象
1、福大生活是否难忘？
2、在整个本科四年的过程中是否学到了可以受用终生或者长期有帮助的知识和能力？
3、在校学习期间最大的收获是什么？
4、在校四年学习是否提供了一个较好的发展？
5、毕业要求是否都达成了吗？与自己的预期有出入吗？
6、希望学校或学院在课内外的培养上作出什么样的改进？
二、课程设置满意度
7、本科期间的课程安排顺序是否合理？
8、学科内容是否安排合理？
9、本科期间课程密度是否合适？
10、对专业课程教学总体满意度？
11、对专业实践环节（实验、实习、毕业设计（论文））教学的总体满意度？
12、对课外科研训练及学科竞赛满意度？
13、哪些课对你的帮助最大？
14、你觉得收获不大的课程有哪些，或没有必要开设的课程？
三、教师教学满意度
15、对专业教师教学水平的满意度?
16、对专业教师教学投入方面的满意度？
17、专业教师在师德师风方面的满意度?
18、专业教师的教学在哪些方面还需进一步加强？
19、印象最好的三位老师。
四、课内外教学资源满意度
20、学校的教学资源（教室、实验室、图书馆、网络和体育设施等）总体如何？
21、学校的学习环境如何？
22、学校或学院在教学资源上有哪些欠缺？
五、对管理服务支持的满意度
23、教学管理各方面满意度（选课、课程修读、成绩管理等）
24、学生工作各方面满意度（辅导员工作、就业指导、心理咨询等）
25、学生活动各方面满意度（校园文化活动、社会实践活动、创新创业活动、国际交流活动等）",0,,,,,,
001036014002,https://jwch.fzu.edu.cn/info/1036/14002.htm,关于2026届预计毕业生核对电子注册学历信息的通知,【教学运行】,2025-04-17,"各学院：
根据教育部学历注册相关要求，为确保我校2026届预计本科毕业生学历注册信息准确无误，现决定开展学历注册信息核对工作，具体通知如下：
一、核对对象
我校拟于2026年毕业的应届本科普通全日制在校生，含2021级五年制、2022级四年制以及2024级第二学士学位录取的各专业学生。外校访学学生、2025年及之前已核对过信息的往届预计毕业生不在本次核对范围之列。
二、核对内容
注册中心下发的信息表中所有字段都必须仔细核对，包括：学号、姓名、性别、出生日期、证件类型、证件号码、民族、政治面貌、当前所在级、分院、专业名称、学制、入学日期等。
三、核对流程
1.学历注册信息核对要求必须由学生本人签字确认，以示对个人学历信息负完全责任。各学院根据注册中心下发的学历电子注册信息，打印2026届预计毕业生信息核对表，然后组织学生认真核对并签字确认，本人不核对或不签字而影响信息准确者，责任自负。
2.信息表中的姓名、性别、出生日期、证件号码、民族均属于关键字段，个人不得随意修改。因特殊原因确需修改的，请尽快联系注册中心工作人员，办理相关变更申请手续。
3.信息表中的政治面貌字段，数据源自当年招生录取信息和学校组织部提供的党员统计信息，如有修改，必须经辅导员签字确认后再上报。党员信息（含中共党员、中共预备党员）在学生明年六月毕业时，会根据最新的党员统计信息统一进行更新，不再另行组织核对。
4.各学院根据学生反馈意见，直接在信息表中的相关内容上进行修改，并将其字体设置为红色，突出显示（如下例所示）。因病休学后拟编入下一级的学生可将其记录删除。赴境内(外)其他院校联合培养的学生，应通过远程方式进行确认。

学号
姓名
性别
……
政治面貌
……

121900101
李四
男
……
共青团员
……

四、注意事项
根据有关规定，学历注册信息核对工作每届只进行一次，核准后原则上不得再修改。此信息作为保研推免、图像采集、证书打印、学历认证等诸多后续工作的重要依据，关系到学生能否顺利毕业和注册。请各学院务必高度重视，认真组织，并于4月30日前将修改完善后的信息表（电子版，Excel格式）上报注册中心。
联系人：宋老师，电话：22866874。

教务处注册中心
2025年4月17日",0,,,,,,
001039013999,https://jwch.fzu.edu.cn/content.jsp?urltype=news.NewsContentUrl&wbtreeid=1039&wbnewsid=13999,关于举办2025年福州大学大学生电子设计竞赛暨全国大学生电子设计竞赛选拔赛的通知,【实践科】,2025-04-16,"各学院：
 为提升我校本科生在电子信息、电气工程等领域的专业水平，加强学生动手能力培养和工程实践训练。我校决定举办2025年福州大学大学生电子设计竞赛暨2025全国大学生电子设计竞赛选拔赛。现将有关事项通知如下：
 1、竞赛目的
 大学生电子设计竞赛的目的在于按照紧密结合教学实际，着重基础、注重前沿的原则，提高学生解决复杂工程问题的能力，吸引和鼓励广大学生踊跃参加课外科技活动，为优秀人才脱颖而出创造条件。
 2、举办单位
 主办单位：福州大学教务处
 承办单位：物理与信息工程学院、电气工程与自动化学院、先进制造学院
 3、组织形式
 竞赛的报名与实施场地以学院为单位，由各学院自行负责。参赛对象必须是全日制在校本科学生，每3人为一队。各参赛学院应指定一名联络教师，负责对本院学生的动员、组织报名工作，以及整个竞赛过程的组织和管理。竞赛采用“半开放”形式，即在竞赛期间学生可以查阅纸质或网络资料，队内学生可以讨论，分工负责，不指定竞赛地点，但不允许他人进行任何形式的指导、引导或讨论，不允许参赛选手购买完整成品或交由他人代为完成。
 4、竞赛报名
 竞赛报名分物理与信息工程学院赛点、电气工程与自动化学院赛点、先进制造学院赛点。报名具体事项由物理与信息工程学院、电气工程与自动化学院、先进制造学院另行在通知群内通知。为避免重复报名，各队报名赛点归属由队长所在学院确定。队内排名按报名表顺序确定。如三名队员均非物理与信息工程学院、电气工程与自动化学院、先进制造学院学生，则任选且仅选一个赛点报名。
 联络人及联络方式：
 物信学院 李王阳 438638815@qq.com
 电气学院 陈建国 281342225@qq.com
 先进制造学院 林坚普 626567035@qq.com
 本次竞赛通知群：454285117。进群请注明学院年级专业姓名，如：物信21电科张三
 5、竞赛题目及要求
 参赛的队伍可以在题目中任选一题完成,竞赛赛题另行通知。竞赛完成的实物作品于指定时间交至评审处进行评审，在评审过程中不得使用计算机或其他可更改程序的工具对已完成的作品进行调整。
 6、评审工作
 获奖比例：一等奖10%。二等奖15%，三等奖25%。各奖项比例可调整，但总数不超过评审队数的50%。
 未在指定时间前将作品送达的队伍视为未完成参赛，不参与评审。具体评审时间和地点另行通知。获全国大学生电子设计竞赛参赛资格的名单，由各赛点另行公布。
 7、进度安排
（1）2025/04 竞赛启动及命题
（2）2025/04/20～2025/05/02报名
（3）2025/05/03～2025/05/25 公布赛题，参加竞赛，完成作品
（4）2025/05/26～2025/06/15 专家测评，公布结果，成绩公示
 8、培训及其他
2025年国赛培训工作已启动，具体培训内容和时间由各学院自行安排。
2025年全国大学生电子设计竞赛通知和相关事宜可参考以下网站：
   https://www.nuedc-training.com.cn/

附件：2025年福州大学大学生电子设计竞赛暨全国大学生电子设计竞赛选拔赛组委会成员名单

福州大学教务处2025年4月16日

附件：

2025年福州大学大学生电子设计竞赛
暨全国大学生电子设计竞赛选拔赛组委会成员名单

主任：于岩
委员：张弘、钟志荣、王武、林志贤、陈建国、赖松林
秘书：张昂",0,,,,,,
001040013997,https://jwch.fzu.edu.cn/info/1040/13997.htm,关于举办福州大学第六十七场“教学有道”研讨活动——暨2025年全国周培源大学生力学竞赛进校园活动的通知,【质量办】,2025-04-16,"各学院、有关单位：
为深入贯彻落实福州大学教育教学思想与综合改革大讨论工作，进一步提升教师专业建设能力和工科专业拔尖创新人才培养能力。经研究，学校决定举办第六十七场“教学有道”专题研讨活动，具体安排如下：
一、研讨主题
工科力学拔尖人才培养系列讲座
二、研讨时间
2025年4月20日（周日）8:30-16:30
三、主讲人
1.国家级教学名师 清华大学 李俊峰教授
2.教育部力学基础课程教指委委员 南京航空航天大学  陈建平教授
3.西南交通大学 江晓禹教授
四、研讨地点
图书馆明德厅
五、承办单位
机械工程及自动化学院
六、参会人员
1.机械工程及自动化学院教师；
2.全校报名参加第十五届周培源力学竞赛的学生；
3.其他感兴趣的教师和学生。

主讲人简介：
1.李俊峰，清华大学行健书院院长、航天航空学院教授，入选万人计划，任国务院学科评议组成员、教育部力学专业教指委副主任、中国力学学会常务理事及教育工作委员会主任。在国内外学术期刊发表学术论文300多篇，研究成果曾获国家科技进步奖、教育部科技进步奖、军队科技进步奖、北京市自然科学奖。发表教学论文30多篇，获国家级教学成果特等奖和一等奖、国家级教学名师奖、宝钢优秀教师特等奖、清华大学教学成就奖等多项荣誉，被清华大学本科生和研究生投票评为“我最喜爱的教师”和“良师益友”。李教授将教学研究与科学研究的经验辐射至创办期刊、举办学科竞赛和科普活动中，其培养的我国青年航天人才，已两次夺得国际轨迹优化竞赛冠军。
2.陈建平，南京航空航天大学教授，教育部力学基础课程教学指导分委员会委员，《力学与实践》期刊编委，中国力学学会教育工作委员会委员，江苏省力学学会常务理事兼教育工作委员会主任委员。长期主讲理论力学、工程力学、多体系统动力学等本科生和研究生课程，是“理论力学A”国家一流课程负责人，“工程力学”国家一流专业和力学拔尖学生培养计划2.0基地建设核心成员。
3.江晓禹，西南交通大学力学与航空航天学院教授、博士研究生导师，材料力学课程负责人，2003年获四川省精品课程，2005年获国家级精品课程，2008年获国家级网络精品课程，2010年获国家级精品资源共享课。主编（修）、参编（修）多部教材，获国家级教学成果二等奖两项。主持国家自然科学基金项目、863项目等，参加973国家重点科技计划等。

福州大学教务处
2025年4月16日",0,,,,,,
001039013995,https://jwch.fzu.edu.cn/content.jsp?urltype=news.NewsContentUrl&wbtreeid=1039&wbnewsid=13995,关于举办福州大学第十五届大学生节能减排社会实践与科技竞赛暨第十一届材料创新、设计及应用竞赛的通知,【实践科】,2025-04-15,"各学院：
为进一步推动校园文化建设，营造良好的校园科技文化氛围，加强我校学生节能环保意识和团队协作精神的培养，提高学生的创新意识、实践能力和实际科研水平，学校决定举办福州大学第十五届大学生节能减排社会实践与科技竞赛暨十一届材料创新、设计及应用竞赛，现将竞赛有关事项通知如下：
一、竞赛主题与竞赛内容
①节能减排社会实践与科技竞赛：
竞赛主题：节能减排、绿色能源。
竞赛内容：以“节能减排”为主题，体现新思维、新思想的实物制作（含模型）、软件、设计和社会实践调研报告等作品。
②材料创新、设计及应用竞赛：
竞赛主题：创新·创业，实践·发展。
竞赛内容：以“创新·创业，实践·发展”为主题，参赛作品形式不限，可以为论文、设计（艺术类，机械，模型等）或者实物作品等。“材料”包括高分子材料、无机非金属材料、电子材料、生物医用材料、金属材料、建筑材料、其他新型材料和新型机械加工技术等。
二、竞赛时间
2025年4月下旬
三、竞赛规则
1.参赛对象：福州大学在校本科生、硕士研究生和博士研究生（不含在职研究生）。参赛者必须组队参赛，参赛队伍按照研究生组和本科生组分别进行比赛，参赛队伍中有研究生参加的将归类为研究生组，每组不超过5名，每个参赛队伍聘请指导教师不超过3名，如聘请3名指导教师，其中1名必须是企业技术人员或者交叉学科老师。
2.作品申报：参赛作品必须是比赛当年完成的作品。参赛学生必须在规定时间内完成设计，准时上交作品，未按时上交者作自动放弃处理。
3.作品评审：专家委员会根据作品的科学性、可行性、创新性和经济性等指标对作品进行一次评审，并决出获奖名单。
四、竞赛报名及作品提交
报名及作品提交时间：自发文之日起至2025年4月20日19:00：
1.各学院可指定专人将参赛团队的报名表、项目说明书以及计划书（pdf版）统一汇总压缩命名为【学院简称＋节能减排/材料创新】，压缩包内文件命名为【节能减排/材料创新＋项目名称】发送到大赛组委会邮箱fjsclzhjs@163.com。
2.各参赛队应在规定时间内向竞赛组委会提交报名材料，逾期将不予受理。
3.参赛作品必须是比赛当年完成的作品。参赛学生必须在规定时间内完成设计，准时上交作品，未按时上交者作自动放弃处理。
4.所有参赛队报名时填写的个人信息必须真实可靠，违者一经发现将取消其参赛资格。
5.请报名参赛的团队成员加入大赛工作QQ群：871525519。
报名费用：无。
五、竞赛安排
1.项目报名及预赛：
各学院收集完报名项目后按要求于2025年4月20日19:00前提交到大赛组委会邮箱fjsclzhjs2025@163.com，参赛者须在规定时间内向组委会报名并提交完整的报名材料，逾期将不予受理。报名结束后，大赛组委会将组织专业评审团，于4月22日前按照组委会提供的评分标准针对上交参赛作品进行斟酌评定，筛选出部分优秀作品入围决赛。
网评结束后，大赛组委会将统一公布网评通过、入围决赛的项目名单，并通过邮箱的方式告知该项目团队负责人。
2.决赛：
决赛预计在2025年4月26日以“5min路演+3min答辩”的方式进行，大赛组委会将统一邀请并组织专业评审团以确保决赛答辩顺利、公正、高水准开展。每件参赛作品须安排1名团队成员对作品进行介绍，1-3名团队成员进行答辩。决赛通过抽签确定作品的评审次序，抽签时间安排另行通知。抽签时请每组派一名代表在场，逾期视为自动弃权。比赛期间严格按抽签顺序进行，请参赛人员提前到场，无法按时参加比赛需提前向组委会申请并经批准，否则视为自动弃权。
六、举办单位
主办单位：福州大学教务处
协办单位：福州大学学生工作部（处）、福州大学团委
承办单位：福州大学材料科学与工程学院
七、竞赛奖励
1.本大赛实行精神奖励和物质奖励相结合，以精神奖励为主的原则，对参赛表现优秀的团队授予一等奖、二等奖、三等奖。
2.学校将从福州大学第十五届大学生节能减排社会实践与科技竞赛暨第十一届材料创新、设计及应用竞赛中择优推荐参加全国大学生节能减排社会实践与科技竞赛。
3.媒体宣传：表彰结果将通过主流网站、平面媒体、校级网站、院级网站、新媒体进行宣传公示，以资鼓励。
4.获得二等奖以上的同学可根据学校有关规定申请学分认定。
 

附件：
1.福州大学第十五届大学生节能减排社会实践与科技竞赛暨第十一届材料创新、设计及应用竞赛组委会成员名单。
2.福州大学第十五届大学生节能减排社会实践与科技竞赛暨第十一届材料创新、设计及应用竞赛报名表。
3.福州大学第十五届大学生节能减排社会实践与科技竞赛暨第十一届材料创新、设计及应用竞赛科技类申报书及报告格式。
4.福州大学第十五届大学生节能减排社会实践与科技竞赛暨第十一届材料创新、设计及应用竞赛细则。

                                                              福州大学教务处
                                                            2025年4月15日",1,0017449848580015776222,附件.zip,286,https://jwch.fzu.edu.cn/system/_content/download.jsp?urltype=news.DownloadAttachUrl&owner=1744984858&wbfileid=15776222,15776222,1744984858
001039013993,https://jwch.fzu.edu.cn/info/1039/13993.htm,关于举办福州大学第十九届数学建模竞赛暨2025年“高教社杯”全国大学生数学建模竞赛选拔赛的通知,【实践科】,2025-04-14,"各学院：
全国大学生数学建模竞赛已成为全国高校规模最大的基础性学科竞赛，是一项受到普遍重视的全国大学生课外科技活动，也是我校学生重点关注的学科竞赛。数学建模竞赛能够培养学生创新精神、实践能力和协作能力，提高学生解决实际问题的综合能力，同时推动我校大学数学教学体系、教学内容和教学方法的改革。为了做好我校2025年“高教社杯”全国大学生数学建模竞赛组织、选拔工作，经研究，决定举办福州大学第十九届数学建模竞赛，现将有关事项通知如下。
一、参赛条件与报名方式
1.参赛条件
（1）资格：我校在读全日制本科生均可报名，专业不限；
（2）组队：竞赛以队为单位，每队3名学生，自由组队（鼓励跨学院、跨专业组队），每队设队长一名；
2.报名方式：每队由队长负责报名
（1）登录报名网址：https://www.saikr.com/vse/2025MCIM
（2）报名操作流程：本次校赛报名使用网上报名系统，每三人组成一个参赛队，以队为单位在报名网站上报名，每人只能参加一个队，不能重复报名。每队三名队员均需注册赛氪系统账号，由队长首先报名，创建队伍，队员再加入队长创建的队伍中。
3.完成报名后，请各支队伍的队长加入2025年福大校赛建模群：227326849；
4.校内报名截止时间：2025年5月19日17:00时；
5.报名费用：无；
6.咨询电话：周老师（13788891911），吕老师（18050401478）；
二、组织形式
1.主办单位：教务处
2.协办单位：学生工作部（处）
3.承办单位：数学与统计学院
4.各学院负责做好竞赛的发动、组织和协调等工作
5.执行团队：数学与统计学院数学建模指导团队、福州大学数学建模协会
三、竞赛事宜
1.竞赛形式：全校统一竞赛题目，采取通讯竞赛方式，以相对集中的形式进行。
2.竞赛时间：2025年5月23日8:00至2025年5月26日8:00（3天，72小时）。
3.竞赛题目：源于电气工程、近代数学、经济管理等相关领域、经适当加工、简化、提炼的实际问题。
4.竞赛规则：竞赛期间参赛队员可以使用各种图书资料、计算机和软件，在国际互联网上浏览查找所需学习资料，但不得与队外任何人（包括教师）讨论。
5.竞赛过程：参赛队在规定时间内完成答卷（每队3人共同完成上交一份答卷），并准时交卷。答卷以论文形式提交，论文中需写清楚整个建模思路、过程及其结果。
6.竞赛纪律：参赛队所在学院应负责竞赛的组织和纪律监督工作，保证本竞赛的规范性和公正性。对违反竞赛规则的参赛队，一经发现，取消参赛资格，所交答卷无效，并进行通报。
四、竞赛奖励
承办单位将根据各队伍的参赛成绩评选出校内一等奖、二等奖、三等奖各若干队，并颁发相应证书。
五、特别提醒
本次竞赛是我校组建2025年“高教社杯”全国大学生数学建模竞赛集训队的选拔赛，是参加国赛的基本条件，请有意参加2025年国赛的学生积极报名参赛。
附件：1.福州大学第十九届本科生数学建模竞赛组委会成员名单
      2.福州大学第十九届本科生数学建模竞赛执行小组成员名单

福州大学教务处
2025年4月14日",1,0017449848580015775875,附件.zip,422,https://jwch.fzu.edu.cn/system/_content/download.jsp?urltype=news.DownloadAttachUrl&owner=1744984858&wbfileid=15775875,15775875,1744984858
001042013991,https://jwch.fzu.edu.cn/content.jsp?urltype=news.NewsContentUrl&wbtreeid=1042&wbnewsid=13991,2025年福建省高校教材联合巡展 （福州大学）活动通知,【教材中心】,2025-04-11,"各学院，有关教学单位：
福建省教材经销商联合体拟在我校举办“2025年福建省高校教材联合巡展（福州大学）”活动，具体活动安排如下：
一、巡展时间：2025年4月17日（星期四）09：30—16：30
二、巡展地点：旗山校区公共教学中楼107外大厅
三、巡展内容：
1.集中展示规划教材、新优教材、获奖教材、精品教材及系列教材；
2.为教师提供教材资源咨询服务，交流教学资讯，并收集教师反馈意见，同时为我校教师编写出版教材、专著提供更多的信息与出版渠道；
3.为参展教师提供教材样书。

请感兴趣的教师参加。

福州大学教务处
2025年4月11日",0,,,,,,
001036013989,https://jwch.fzu.edu.cn/info/1036/13989.htm,关于2024-2025学年第二学期《线性代数》课程半期考试安排的通知,【教学运行】,2025-04-11,"各有关学院：
定于4月26日晚上进行《线性代数》课程半期考试，请有关协助监考学院按考表（见附件）安排监考老师并录入系统，及时通知监考老师和学生上系统查看考试信息，以免延误考试。
为保证考试的顺利进行，如其他教学安排时间或地点与此次考试冲突，请予以调整。

数统学院
教务处
2025年4月11日",1,0017449848580015775021,2402线代半期考-4.26晚上.xlsx,336,https://jwch.fzu.edu.cn/system/_content/download.jsp?urltype=news.DownloadAttachUrl&owner=1744984858&wbfileid=15775021,15775021,1744984858
001036013988,https://jwch.fzu.edu.cn/info/1036/13988.htm,关于2025届预计毕业生补拍电子注册学历照片的通知,【教学运行】,2025-04-10,"各学院：
为确保今年我校毕业生电子注册工作顺利进行，经与新华社福建分社图像采集中心协商，决定对去年因故未能参加电子注册图像采集的2025届预计毕业生统一进行补拍，现将有关工作安排通知如下：
1.补拍时间：5月8日（星期四）下午15:00-16:00。具体分时段分学院安排详见下表：

序号
学院
人数
拍照时段

1
经管
32
15:00-15:05

2
电气
25
15:05-15:10

3
建筑
24
15:10-15:15

4
计数/软件
22
15:15-15:20

5
其他学院
103
15:20-16:00

2.补拍地点：旗山校区行政北楼西135教务处注册中心。各学院学生应提前在行政北楼南侧停车棚前排队，从左侧边门进场（详见附件1）。
3.收费标准：每生20元，由参加补拍的学生现场扫码支付给采集中心。
4.拍摄要求：参加补拍学生的着装、发型、妆容等要求详见附件2。
5.注意事项：
（1）本次拍照是今年学生毕业前最后的一次补拍机会，凡去年未采集电子注册图像的毕业班学生都必须参加本次补拍，无故未参加而导致学历学位信息无法注册者，责任自负。
（2）对于学生通过其他方式自行提交的学历照片，学校一律不予采用。
（3）所有参加补拍的学生，都必须提前获得本人图像采集码，并下载保存到手机（采集码长期有效，获取途径详见附件3）。拍摄时，学生排队扫描采集码缴费获取拍摄序号，并严格按照拍摄序号进行拍摄，严禁擅自调整拍摄顺序或临时出走！
（4）去年已采集了电子注册图像的学生，不得再次参加补拍，以免影响毕业！

附件：1.行政北楼平面图
2.证件照拍摄要求
3.获得图像采集码途径

教务处注册中心
2025年4月10日",3,0017449848580015774886,附件3：获得图像采集码途径.pdf,631,https://jwch.fzu.edu.cn/system/_content/download.jsp?urltype=news.DownloadAttachUrl&owner=1744984858&wbfileid=15774886,15774886,1744984858
001036013988,https://jwch.fzu.edu.cn/info/1036/13988.htm,关于2025届预计毕业生补拍电子注册学历照片的通知,【教学运行】,2025-04-10,"各学院：
为确保今年我校毕业生电子注册工作顺利进行，经与新华社福建分社图像采集中心协商，决定对去年因故未能参加电子注册图像采集的2025届预计毕业生统一进行补拍，现将有关工作安排通知如下：
1.补拍时间：5月8日（星期四）下午15:00-16:00。具体分时段分学院安排详见下表：

序号
学院
人数
拍照时段

1
经管
32
15:00-15:05

2
电气
25
15:05-15:10

3
建筑
24
15:10-15:15

4
计数/软件
22
15:15-15:20

5
其他学院
103
15:20-16:00

2.补拍地点：旗山校区行政北楼西135教务处注册中心。各学院学生应提前在行政北楼南侧停车棚前排队，从左侧边门进场（详见附件1）。
3.收费标准：每生20元，由参加补拍的学生现场扫码支付给采集中心。
4.拍摄要求：参加补拍学生的着装、发型、妆容等要求详见附件2。
5.注意事项：
（1）本次拍照是今年学生毕业前最后的一次补拍机会，凡去年未采集电子注册图像的毕业班学生都必须参加本次补拍，无故未参加而导致学历学位信息无法注册者，责任自负。
（2）对于学生通过其他方式自行提交的学历照片，学校一律不予采用。
（3）所有参加补拍的学生，都必须提前获得本人图像采集码，并下载保存到手机（采集码长期有效，获取途径详见附件3）。拍摄时，学生排队扫描采集码缴费获取拍摄序号，并严格按照拍摄序号进行拍摄，严禁擅自调整拍摄顺序或临时出走！
（4）去年已采集了电子注册图像的学生，不得再次参加补拍，以免影响毕业！

附件：1.行政北楼平面图
2.证件照拍摄要求
3.获得图像采集码途径

教务处注册中心
2025年4月10日",3,0017449848580015774887,附件1：行政北楼平面图.pdf,559,https://jwch.fzu.edu.cn/system/_content/download.jsp?urltype=news.DownloadAttachUrl&owner=1744984858&wbfileid=15774887,15774887,1744984858
001036013988,https://jwch.fzu.edu.cn/info/1036/13988.htm,关于2025届预计毕业生补拍电子注册学历照片的通知,【教学运行】,2025-04-10,"各学院：
为确保今年我校毕业生电子注册工作顺利进行，经与新华社福建分社图像采集中心协商，决定对去年因故未能参加电子注册图像采集的2025届预计毕业生统一进行补拍，现将有关工作安排通知如下：
1.补拍时间：5月8日（星期四）下午15:00-16:00。具体分时段分学院安排详见下表：

序号
学院
人数
拍照时段

1
经管
32
15:00-15:05

2
电气
25
15:05-15:10

3
建筑
24
15:10-15:15

4
计数/软件
22
15:15-15:20

5
其他学院
103
15:20-16:00

2.补拍地点：旗山校区行政北楼西135教务处注册中心。各学院学生应提前在行政北楼南侧停车棚前排队，从左侧边门进场（详见附件1）。
3.收费标准：每生20元，由参加补拍的学生现场扫码支付给采集中心。
4.拍摄要求：参加补拍学生的着装、发型、妆容等要求详见附件2。
5.注意事项：
（1）本次拍照是今年学生毕业前最后的一次补拍机会，凡去年未采集电子注册图像的毕业班学生都必须参加本次补拍，无故未参加而导致学历学位信息无法注册者，责任自负。
（2）对于学生通过其他方式自行提交的学历照片，学校一律不予采用。
（3）所有参加补拍的学生，都必须提前获得本人图像采集码，并下载保存到手机（采集码长期有效，获取途径详见附件3）。拍摄时，学生排队扫描采集码缴费获取拍摄序号，并严格按照拍摄序号进行拍摄，严禁擅自调整拍摄顺序或临时出走！
（4）去年已采集了电子注册图像的学生，不得再次参加补拍，以免影响毕业！

附件：1.行政北楼平面图
2.证件照拍摄要求
3.获得图像采集码途径

教务处注册中心
2025年4月10日",3,0017449848580015774888,附件2：证件照拍摄要求.pdf,2298,https://jwch.fzu.edu.cn/system/_content/download.jsp?urltype=news.DownloadAttachUrl&owner=1744984858&wbfileid=15774888,15774888,1744984858
001037013986,https://jwch.fzu.edu.cn/info/1037/13986.htm,福州大学关于公布2023级数理金融实验班 学生主辅修专业及导师名单的通知,【教研教改】,2025-04-09,"福大教〔2025〕10号

 

各有关学院：

根据我校2023级数理金融实验班培养方案，2023级数理金融实验班实行全程导师制，学生修满规定学分，满足本科阶段培养要求的可选择获得主修经济学学士学位和辅修理学学士学位，或主修理学学士学位和辅修经济学学士学位。现根据学生个人意愿，将2023级数理金融实验班学生主辅修专业及导师名单公布如下：

序号

学号

姓名

原专业

主修专业

辅修专业

导师

1

072307119

江金丰

公共事业管理

金融学

数学与应用数学

许鋆

2

072302110

吴希婧

经济学

金融学

数学与应用数学

林朝颖

3

072305328

张昕彤

财务管理

金融学

数学与应用数学

黄祥钟

4

062300202

曹子茜

安全工程

金融学

数学与应用数学

严佳佳

序号

学号

姓名

原专业

主修专业

辅修专业

导师

5

072306304

郭佳慧

财政学

金融学

数学与应用数学

黄荣义

6

022301308

李卓明

机械设计制造及其自动化

金融学

数学与应用数学

许鋆

7

072306122

陈毅洋

金融学

金融学

数学与应用数学

杨恶恶

8

152302126

王诗妍

城乡规划

金融学

数学与应用数学

李红

9

072306130

洪艺玮

金融学

金融学

数学与应用数学

严佳佳

10

072308131

张弛

物流工程

金融学

数学与应用数学

林炳华

11

292300144

钟雯琳

社会学

数学与应用数学

金融学

唐勇

12

182300141

郑泽熙

高分子材料与工程

数学与应用数学

金融学

王靖岳

13

052304128

陈宇喆

交通运输类

数学与应用数学

金融学

乐沅

14

032301239

舒扬

数学类

数学与应用数学

金融学

唐勇

15

072306111

吴怡霏

金融学

金融学

数学与应用数学

黄荣义

16

152302125

李思雨

城乡规划

金融学

数学与应用数学

李红

17

072301202

郭胤希

市场营销

金融学

数学与应用数学

吴伟平

18

022302219

郑皓轩

车辆工程

数学与应用数学

金融学

陈晓锋

19

072302119

周健

经济学

金融学

数学与应用数学

翁志超

20

072302107

朱笑笑

经济学

金融学

数学与应用数学

翁志超

21

052305115

赵雨琦

工程管理

数学与应用数学

金融学

钟景洋

22

072306201

王雨尘

金融学

金融学

数学与应用数学

方丽婷

23

072306314

任艺伟

财政学

金融学

数学与应用数学

吴伟平

24

072306209

李诚昊

金融学

数学与应用数学

金融学

郭亚伟

25

062300315

楼美琪

人文地理与城乡规划

金融学

数学与应用数学

徐泽林

26

072301120

黄湘怡

工商管理

数学与应用数学

金融学

杨恶恶

27

072306140

蔡坤泉

金融学

数学与应用数学

金融学

傅传锐

28

072307105

张集翰

公共事业管理

数学与应用数学

金融学

郭亚伟

29

072302132

黄誉翔

经济学

金融学

数学与应用数学

林炳华

30

072306119

陈昱博

金融学

数学与应用数学

金融学

邹长武

31

072306138

黄翌

金融学

金融学

数学与应用数学

杨玲玲

32

092300318

王灏

英语

金融学

数学与应用数学

高艺红

33

152302221

吴珞琳

城乡规划

数学与应用数学

金融学

吴伟平

34

052301326

陈芃

土木工程

数学与应用数学

金融学

林朝颖

35

092300129

主浩成

英语

数学与应用数学

金融学

许鋆

36

072306109

李睿宁

金融学

金融学

数学与应用数学

黄祥钟

37

052301338

吴洪库

土木工程

数学与应用数学

金融学

唐勇

38

072306325

肖心瑶

财政学

数学与应用数学

金融学

王靖岳

39

042301201

王炜璐

化学工程与工艺

金融学

数学与应用数学

高艺红

40

072301228

王佳慧

市场营销

金融学

数学与应用数学

严佳佳

41

072303116

徐喆

信息管理与信息系统

金融学

数学与应用数学

杨玲玲

42

072307121

林彦丞

公共事业管理

金融学

数学与应用数学

徐泽林

43

092300510

林文烨

德语

数学与应用数学

金融学

王靖岳

44

072306115

张雅琪

金融学

金融学

数学与应用数学

黄祥钟

45

152303107

林明威

风景园林

金融学

数学与应用数学

林朝颖

46

052301207

蔡海威

土木工程

金融学

数学与应用数学

林炳华

47

072308220

蔡宝怡

物流管理

金融学

数学与应用数学

傅传锐

 

 

福  州  大  学

 

2025年4月9日",0,,,,,,
001040013983,https://jwch.fzu.edu.cn/info/1040/13983.htm,关于开展2025年春季学期本科实验教学专项检查的通知,【质量办】,2025-04-08,"各学院，有关教学单位：
为进一步规范本科实验教学，提高实验课教学质量和人才培养质量，经研究决定，学校将对本科实验课教学基本情况进行专项检查，现将有关事项通知如下：
一、检查范围
2024年秋季学期及2025年春季学期有开设实验课的本科生课程（含独立设课）。
二、检查内容
1.实验课教学质量检查：校督导员深入2025年春季学期（本学期）实验课堂（含独立设课及非独立设课）随机听课，督查任课教师的实验课前准备、实验内容、实验指导、实验课堂纪律等实验教学情况。
2.实验课教学档案检查：抽查2024年秋季学期实验课教学档案，检查材料包括但不仅限于：实验课程教学大纲、实验教材、（或实验指导书、实验讲义）、实验教学计划、学生实验报告、实验考核方式和成绩评定等。具体材料清单要求见附件1。
三、工作安排
（一）学院自查（4月30日前）
各学院根据《福州大学课堂教学质量评估表（实验课）》（附件2），加强实验课听课督查；对照《福州大学本科生实验教学工作管理办法》（附件3），以及《福州大学本科实验教学专项检查要点》（附件4），完成本科生实验课程的教学档案整理及自查工作，填写《福州大学2025年春季学期本科实验教学专项检查情况汇总表》（附件5）。
（二）学校检查（4-5月）
1. 4-5月学校组织专家组（校督导员）深入实验教学场所听课评课，填写《福州大学课堂教学质量评估表（实验课）》，并及时反馈听课情况，特别是对于听课中发现需要重点指导的教师，校督导员及时将教师名单反馈学院，由学院牵头以集体备课、专题培训、专人辅导、跟班学习等多种方式，“一人一策”提升被指导教师的实验教学能力。
2. 5月中上旬，学校专家组对照《福州大学本科实验教学专项检查要点》（附件4）到对应学院开展实验教学档案材料检查。
（三）反馈改进（5-6月）
1.专家组根据检查结果形成全校实验课专项检查工作报告，提交教学质量监控与评估中心（简称教评中心），由教评中心进行校内通报，并点对点反馈具体检查结果。学院应根据专家组反馈情况按要求落实整改。
2.各学院根据检查结果制定整改措施，形成整改工作报告，进一步提升整改实效，后续校督导组将利用每学期的常态化教学档案检查，对存在问题的课程进行重点跟踪复查，防止问题反弹，形成持续改进闭环。
四、工作要求
1.实验教学是人才培养的关键环节，各学院要高度重视，认真组织自查，并准备好待查材料。
2.学校组织督导专家组到学院开展检查工作，各学院应积极配合，提供检查所需材料，并提前将相关材料交至检查地点供专家调阅。

附件：
1. 2024年秋季学期实验教学专项检查调阅材料清单
2.福州大学课堂教学质量评估表（实验课）
3.《福州大学本科生实验教学工作管理办法》（福大教【2019】37号）
4.福州大学本科实验教学专项检查要点
5.福州大学2025年春季学期本科实验教学专项检查情况汇总表

教学质量监控与评估中心
2025年4月8日",1,0017449848580015773204,附件.rar,417,https://jwch.fzu.edu.cn/system/_content/download.jsp?urltype=news.DownloadAttachUrl&owner=1744984858&wbfileid=15773204,15773204,1744984858
001040013982,https://jwch.fzu.edu.cn/info/1040/13982.htm,关于开展2024年新上岗教师课堂授课达标考核的通知,【质量办】,2025-04-07,"各学院，相关教学单位：
根据《福州大学新上岗教师教学达标及助教工作管理实施办法》（福大教〔2020〕22号）及2024年新上岗教师教学达标培训相关工作安排，请各学院及相关教学单位根据培训班名单（见附件1）开展本学院新教师课堂授课达标考核，填写考核情况汇总表（见附件2），于5月20日前将签字盖章的考核情况汇总表（一式三份）报送至教学质量监控与评估中心（行北西205），教学质量监控与评估中心将于6月份组织专家对学院考核合格的新教师进行课堂授课达标校级考核。考核结束后将课堂授课达标考核结果报送教师工作部。新教师可根据教师工作部的通知进行主讲教师资格申请。
联系人：蒋老师，0591-22860935
附件1：2024年新上岗教师达标培训班名单
附件2：2024年新上岗教师课堂授课达标考核情况汇总表

教学质量监控与评估中心
2025年4月7日",2,0017449848580015771692,附件2：2024年新上岗教师课堂授课达标考核情况汇总表---需一式三份报教评中心.docx,348,https://jwch.fzu.edu.cn/system/_content/download.jsp?urltype=news.DownloadAttachUrl&owner=1744984858&wbfileid=15771692,15771692,1744984858
001040013982,https://jwch.fzu.edu.cn/info/1040/13982.htm,关于开展2024年新上岗教师课堂授课达标考核的通知,【质量办】,2025-04-07,"各学院，相关教学单位：
根据《福州大学新上岗教师教学达标及助教工作管理实施办法》（福大教〔2020〕22号）及2024年新上岗教师教学达标培训相关工作安排，请各学院及相关教学单位根据培训班名单（见附件1）开展本学院新教师课堂授课达标考核，填写考核情况汇总表（见附件2），于5月20日前将签字盖章的考核情况汇总表（一式三份）报送至教学质量监控与评估中心（行北西205），教学质量监控与评估中心将于6月份组织专家对学院考核合格的新教师进行课堂授课达标校级考核。考核结束后将课堂授课达标考核结果报送教师工作部。新教师可根据教师工作部的通知进行主讲教师资格申请。
联系人：蒋老师，0591-22860935
附件1：2024年新上岗教师达标培训班名单
附件2：2024年新上岗教师课堂授课达标考核情况汇总表

教学质量监控与评估中心
2025年4月7日",2,0017449848580015771690,附件1：2024年福州大学新上岗教师达标培训班名单.xlsx,471,https://jwch.fzu.edu.cn/system/_content/download.jsp?urltype=news.DownloadAttachUrl&owner=1744984858&wbfileid=15771690,15771690,1744984858
001040013981,https://jwch.fzu.edu.cn/info/1040/13981.htm,关于举办福州大学第六十六场“教学有道”暨第一期智慧教学课程平台与AI智慧教学工具培训的通知,【质量办】,2025-04-07,"各学院、教学单位：
为帮助我校教师深度掌握和运用智慧教学课程平台与AI智慧教学工具，本学期教务处将结合我校智慧教室现有功能，聚焦AI技术，定期举办以“AI辅助教学、助力课堂创新”为主题的智慧教学课程平台及AI智慧教学工具系列培训。现将第一期培训有关事项通知如下：
一、培训内容
目前，清华大学学堂在线“雨课堂智慧教学平台”已接入AI大模型（智谱清言、DeepSeek、GPT-4o等等），并实现了平台基座的全面智能化升级。教务处现与清华大学学堂在线公司合作开展“雨课堂AI智慧教学平台专题培训”。培训将结合我校智慧教室课堂资源沉淀应用，详解雨课堂智慧教学课程平台基础应用，包括AI建课备课、AI辅助教学、AI伴学等。
二、培训安排
1.时间：2025年4月10日（星期四）下午2:30
2.地点：公共教学楼东1-301机房
3.主题：《雨课堂智慧教学平台（AI版）应用》
4.主讲人：学堂在线 王昱斐
三、参加方式
请有意向参加的老师扫描下方二维码报名参加，名额有限，报满即止。

（报名成功者，请提前10分钟入场签到，期待您的参与！）

联系人：现代教育技术中心 阮老师 潘老师
联系电话：0591-22866301

          教务处
                               2025年4月7日",0,,,,,,
001039013977,https://jwch.fzu.edu.cn/info/1039/13977.htm,关于开展大学生校外实践教学基地检查评估工作的通知,【实践科】,2025-04-02,"各学院：
为进一步优化校外实习教学资源，不断深化产教融合和校企合作，持续加强我校大学生校外实习基地建设和规范化管理。经研究，决定开展全校校外实践教学基地检查评估工作，现将有关事项通知如下：
一、检查评估目的
根据《福州大学实践教学基地建设与管理办法》（福大教〔2019〕37号）和审核评估专家整改意见要求，优化基地管理模式，淘汰不合格基地，保留优质实习基地，重点建设大学生示范性校外实践教学基地。以实践教学基地为平台，通过模式改革、实践提升、成果驱动、校企共建等方式培养大学生的创新创业能力，促进人才培养与社会需求紧密结合，推动实践教学改革与创新。
二、检查评估对象
2024年9月本科教学状态数据填报的所有校外实践教学基地。
三、检查评估重点
 1.基地建设情况：
 （1）基地是否与学校签订合作协议、协议是否在有效期内；
 （2）基地是否已正式挂牌；
 （3）基地中的企业（事业）单位是否处于正常生产经营状态、是否涉及更名；
 （4）所属行业是否与实习专业对口；
 （5）实习管理规章制度是否齐备；
 （6）能否满足实践教学任务的各种要求；
 （7）产教融合情况，卓越工程师培养成效，工程经验导师聘任数量等。
 2.基地运行情况：
 （1）基地近三年是否每年正常接纳我校学生开展实践教学；
 （2）提供的实践岗位是否与专业人才培养目标要求相匹配；
 （3）是否为我校学生的实习实践活动配备专门的指导老师；
 （4）在基地开展的各类实践教学活动相关支撑材料是否完整。
四、主要检查评估资料
 1.校外实践教学基地协议书复印件；
 2.实践教学基地简介及资质证明；
 3.基地实习安全管理制度；
 4.基地指导教师情况；
 5.每年在基地开展的实践教学工作的具体安排（含三方实习协议、具体的实施方案或教学计划、面向专业、接纳的学生人数和名单、校企双方的指导教师安排等）；
 6.在基地开展实践教学的相关资料和成果（含实习教学活动记录（文字、照片、视频材料）、学生实践日志、实践成果、实践总结、鉴定表等等）；
 7.基地录用我校毕业生情况、接受教师挂职锻炼情况、与学校开展的项目合作、参与学校人才培养相关工作的情况；
 8.其他（如实习基地对学生实习实践情况的反馈和评价、学院赴实践教学基地开展的检查活动、有关新闻稿件等等）。
五、检查评估计划
 1.学院自查，2025年4月3日-2025年4月23日
各学院负责本学院所有的实践教学基地自查工作。对照《福州大学大学生校外实践教学基地检查评估表》进行自评，并收集保存相关支撑材料（协议书、管理制度、相关实习资料、图片等）。对于条件差、利用率低（每年接纳实习本科生人数少于5人次或连续3年没有接纳过我校本科生）的基地，要终止协议；对于合作基础好，利用率高，签约到期的要履行续签手续；对离校较近，实习条件好，接纳学生多的基地要重点巩固建设，不断提高基地的建设水平。
 2.学院总结，2025年4月24日-2025年4月28日
学院自查完毕后，所有基地须填写《福州大学大学生校外实践教学基地检查评估表》（每个基地一份），学院要根据整体核查情况撰写自查报告，并填写相应的统计表格。自查报告应描述本学院目前所有的校外实习教学基地的利用和管理情况，存在的问题和建议，以及下一步基地建设三年发展规划。
 3.学校评估，2025年4月29日-2025年5月16日
在学院自查和总结的基础上，学校将成立检查评估组，通过检查资料和实地抽查相结合的方式对基地进行评估，对不合格的实践教学基地将进行整改或取消。
六、检查评估要求
（一）全面摸查校外实践教学基地，清理无效实践教学基地
各学院全面梳理本学院2024年本科教学状态数据填报的所有大学生校外实践教学基地，摸清并准确掌握基地实际运行情况。对近三年均未接纳本科生开展实践教学的基地予以取消；对未超过签约有效期但无实际运转、无实质合作可能的校外实践教学基地予以清理；对已超过签约有效期但还在有效运行的基地予以续签。
（二）加强实践教学基地建设与管理，提升基地建设质量和实效
各学院应根据各专业人才培养方案、学生人数和专业特点等，按照就地就近、相对稳定、节省经费的原则，选择与专业对口、设施完备、技术先进、管理规范、符合安全生产等法律法规要求的单位建立校外实践教学基地，逐步建成一批稳定性好、能够有效锻炼学生专业能力、创新精神和就业能力的高水平校外实践教学基地，满足学生实习实践需求，有效发挥校外实践教学基地在实践教学体系中的重要作用。
（三）系统评估基地基本运行情况，培育特色鲜明示范性基地
各学院定期检查评估本学院所属实践教学基地基本运行情况，主要检查基地基本建设和运行情况，包括基地在过去三年满足我校学生实践需求、接纳我校本科生开展实习、参与指导实践教学、推进产教融合协同育人等方面的情况。此次检查评估合格的校外实践教学基地，学校将授予“福州大学校外实践教学基地”牌匾（已挂牌除外）。同时，从中遴选、培育一批特色鲜明、具有较高实践育人水平的示范性校外实践教学基地，学校将授予“福州大学示范性校外实践教学基地”牌匾。
示范性校外实践教学基地应满足以下基本要求：
1．实践教学基地建设满三年以上，并与基地依托单位签订有5年及以上继续合作的协议；
2．实践教学基地使用率高，能稳定持续接纳学生实习实践。近三年，每年人均实习时间不少于14天且实习人数不少于20人；或年均接纳200以上人次学生；
3．实践教学基地组织管理体系健全，基地建设规划科学合理，目标明晰、措施具体、保障有力；实践教学规章制度齐全，管理科学规范；
4．实践教学基地具有一定规模，设备先进，设施齐备，环境优越，食宿条件良好，安全措施有效，能满足各类实践教学活动要求；
5．实践教学基地专兼职具有丰富工程经验的指导教师队伍数量充足、结构合理、业务素质好、责任心强、安全防范意识高，能高质量完成实践教学任务；产教融合成果丰硕，卓越工程师培养成效显著等。
6．实践教学基地原则上位于学校校区附近。
七、材料提交要求
请各学院于2025年4月28日前收齐相关检查评估材料后统一报送至教务处实践科，材料包括：
1.《福州大学大学生校外实践教学基地检查评估表》（每个基地一份）电子版（PDF）及相关支撑材料（协议书、基地简介、管理制度、相关实习资料、图片等主要检查评估资料）电子版,每个基地分别设立一个文件夹；
2.《福州大学大学生校外实践教学基地检查评估汇总表》（学院汇总填写，纸质版一份及相应电子版）；
3.各学院开展大学生校外实践教学基地检查评估自查报告（学院填写，纸质版一份及相应电子版）。
联系电话：22866853  电子邮箱：jwcsjk@fzu.edu.cn
请各学院高度重视此次检查评估工作，确保按时完成自查、总结和报送工作，积极推进校外实践教学基地建设，为提高人才培养质量提供有力保障。

附件：
1.福州大学大学生校外实践教学基地检查评估汇总表
2.福州大学大学生校外实践教学基地检查评估表

福州大学教务处
                                              2025年4月2日",2,0017449848580015770743,附件1：福州大学大学生校外实践教学基地检查评估汇总表.xlsx,448,https://jwch.fzu.edu.cn/system/_content/download.jsp?urltype=news.DownloadAttachUrl&owner=1744984858&wbfileid=15770743,15770743,1744984858
001039013977,https://jwch.fzu.edu.cn/info/1039/13977.htm,关于开展大学生校外实践教学基地检查评估工作的通知,【实践科】,2025-04-02,"各学院：
为进一步优化校外实习教学资源，不断深化产教融合和校企合作，持续加强我校大学生校外实习基地建设和规范化管理。经研究，决定开展全校校外实践教学基地检查评估工作，现将有关事项通知如下：
一、检查评估目的
根据《福州大学实践教学基地建设与管理办法》（福大教〔2019〕37号）和审核评估专家整改意见要求，优化基地管理模式，淘汰不合格基地，保留优质实习基地，重点建设大学生示范性校外实践教学基地。以实践教学基地为平台，通过模式改革、实践提升、成果驱动、校企共建等方式培养大学生的创新创业能力，促进人才培养与社会需求紧密结合，推动实践教学改革与创新。
二、检查评估对象
2024年9月本科教学状态数据填报的所有校外实践教学基地。
三、检查评估重点
 1.基地建设情况：
 （1）基地是否与学校签订合作协议、协议是否在有效期内；
 （2）基地是否已正式挂牌；
 （3）基地中的企业（事业）单位是否处于正常生产经营状态、是否涉及更名；
 （4）所属行业是否与实习专业对口；
 （5）实习管理规章制度是否齐备；
 （6）能否满足实践教学任务的各种要求；
 （7）产教融合情况，卓越工程师培养成效，工程经验导师聘任数量等。
 2.基地运行情况：
 （1）基地近三年是否每年正常接纳我校学生开展实践教学；
 （2）提供的实践岗位是否与专业人才培养目标要求相匹配；
 （3）是否为我校学生的实习实践活动配备专门的指导老师；
 （4）在基地开展的各类实践教学活动相关支撑材料是否完整。
四、主要检查评估资料
 1.校外实践教学基地协议书复印件；
 2.实践教学基地简介及资质证明；
 3.基地实习安全管理制度；
 4.基地指导教师情况；
 5.每年在基地开展的实践教学工作的具体安排（含三方实习协议、具体的实施方案或教学计划、面向专业、接纳的学生人数和名单、校企双方的指导教师安排等）；
 6.在基地开展实践教学的相关资料和成果（含实习教学活动记录（文字、照片、视频材料）、学生实践日志、实践成果、实践总结、鉴定表等等）；
 7.基地录用我校毕业生情况、接受教师挂职锻炼情况、与学校开展的项目合作、参与学校人才培养相关工作的情况；
 8.其他（如实习基地对学生实习实践情况的反馈和评价、学院赴实践教学基地开展的检查活动、有关新闻稿件等等）。
五、检查评估计划
 1.学院自查，2025年4月3日-2025年4月23日
各学院负责本学院所有的实践教学基地自查工作。对照《福州大学大学生校外实践教学基地检查评估表》进行自评，并收集保存相关支撑材料（协议书、管理制度、相关实习资料、图片等）。对于条件差、利用率低（每年接纳实习本科生人数少于5人次或连续3年没有接纳过我校本科生）的基地，要终止协议；对于合作基础好，利用率高，签约到期的要履行续签手续；对离校较近，实习条件好，接纳学生多的基地要重点巩固建设，不断提高基地的建设水平。
 2.学院总结，2025年4月24日-2025年4月28日
学院自查完毕后，所有基地须填写《福州大学大学生校外实践教学基地检查评估表》（每个基地一份），学院要根据整体核查情况撰写自查报告，并填写相应的统计表格。自查报告应描述本学院目前所有的校外实习教学基地的利用和管理情况，存在的问题和建议，以及下一步基地建设三年发展规划。
 3.学校评估，2025年4月29日-2025年5月16日
在学院自查和总结的基础上，学校将成立检查评估组，通过检查资料和实地抽查相结合的方式对基地进行评估，对不合格的实践教学基地将进行整改或取消。
六、检查评估要求
（一）全面摸查校外实践教学基地，清理无效实践教学基地
各学院全面梳理本学院2024年本科教学状态数据填报的所有大学生校外实践教学基地，摸清并准确掌握基地实际运行情况。对近三年均未接纳本科生开展实践教学的基地予以取消；对未超过签约有效期但无实际运转、无实质合作可能的校外实践教学基地予以清理；对已超过签约有效期但还在有效运行的基地予以续签。
（二）加强实践教学基地建设与管理，提升基地建设质量和实效
各学院应根据各专业人才培养方案、学生人数和专业特点等，按照就地就近、相对稳定、节省经费的原则，选择与专业对口、设施完备、技术先进、管理规范、符合安全生产等法律法规要求的单位建立校外实践教学基地，逐步建成一批稳定性好、能够有效锻炼学生专业能力、创新精神和就业能力的高水平校外实践教学基地，满足学生实习实践需求，有效发挥校外实践教学基地在实践教学体系中的重要作用。
（三）系统评估基地基本运行情况，培育特色鲜明示范性基地
各学院定期检查评估本学院所属实践教学基地基本运行情况，主要检查基地基本建设和运行情况，包括基地在过去三年满足我校学生实践需求、接纳我校本科生开展实习、参与指导实践教学、推进产教融合协同育人等方面的情况。此次检查评估合格的校外实践教学基地，学校将授予“福州大学校外实践教学基地”牌匾（已挂牌除外）。同时，从中遴选、培育一批特色鲜明、具有较高实践育人水平的示范性校外实践教学基地，学校将授予“福州大学示范性校外实践教学基地”牌匾。
示范性校外实践教学基地应满足以下基本要求：
1．实践教学基地建设满三年以上，并与基地依托单位签订有5年及以上继续合作的协议；
2．实践教学基地使用率高，能稳定持续接纳学生实习实践。近三年，每年人均实习时间不少于14天且实习人数不少于20人；或年均接纳200以上人次学生；
3．实践教学基地组织管理体系健全，基地建设规划科学合理，目标明晰、措施具体、保障有力；实践教学规章制度齐全，管理科学规范；
4．实践教学基地具有一定规模，设备先进，设施齐备，环境优越，食宿条件良好，安全措施有效，能满足各类实践教学活动要求；
5．实践教学基地专兼职具有丰富工程经验的指导教师队伍数量充足、结构合理、业务素质好、责任心强、安全防范意识高，能高质量完成实践教学任务；产教融合成果丰硕，卓越工程师培养成效显著等。
6．实践教学基地原则上位于学校校区附近。
七、材料提交要求
请各学院于2025年4月28日前收齐相关检查评估材料后统一报送至教务处实践科，材料包括：
1.《福州大学大学生校外实践教学基地检查评估表》（每个基地一份）电子版（PDF）及相关支撑材料（协议书、基地简介、管理制度、相关实习资料、图片等主要检查评估资料）电子版,每个基地分别设立一个文件夹；
2.《福州大学大学生校外实践教学基地检查评估汇总表》（学院汇总填写，纸质版一份及相应电子版）；
3.各学院开展大学生校外实践教学基地检查评估自查报告（学院填写，纸质版一份及相应电子版）。
联系电话：22866853  电子邮箱：jwcsjk@fzu.edu.cn
请各学院高度重视此次检查评估工作，确保按时完成自查、总结和报送工作，积极推进校外实践教学基地建设，为提高人才培养质量提供有力保障。

附件：
1.福州大学大学生校外实践教学基地检查评估汇总表
2.福州大学大学生校外实践教学基地检查评估表

福州大学教务处
                                              2025年4月2日",2,0017449848580015770744,附件2：福州大学大学生校外实践教学基地检查评估表.xlsx,482,https://jwch.fzu.edu.cn/system/_content/download.jsp?urltype=news.DownloadAttachUrl&owner=1744984858&wbfileid=15770744,15770744,1744984858
001036013976,https://jwch.fzu.edu.cn/info/1036/13976.htm,关于2025年清明节放假课程调整的通知,【教学运行】,2025-04-01,"各学院、教学单位：
根据党政办有关2025年清明节放假通知的精神，现将放假期间的课程调整如下：
1、4月4日（星期五）至4月6日（星期日）放假，共3天，全校本科生课程（含通识教育选修课）停课。
2、因停课受影响的教学内容，请任课老师自行调整安排。请各学院、教学单位及时通知相关师生。

请各学院、教学单位及时通知相关师生。

教务处
2025年4月1日",0,,,,,,
001036013974,https://jwch.fzu.edu.cn/info/1036/13974.htm,关于2024-2025学年第二学期《大学物理A（上）》、《大学物理B（上）》课程半期考试安排的通知,【教学运行】,2025-04-01,"各有关学院：
定于4月13日下午进行《大学物理A（上）》和《大学物理B（上）》课程半期考试，请有关协助监考学院按考表（见附件）安排监考老师并录入系统，及时通知监考老师和学生上系统查看考试信息，以免延误考试。
为保证考试的顺利进行，如其他教学安排时间或地点与此次考试冲突，请予以调整。

物信学院
教务处
2025年4月1日",1,0017449848580015770526,2402大物A上、B上半期考-4.13下午.xlsx,634,https://jwch.fzu.edu.cn/system/_content/download.jsp?urltype=news.DownloadAttachUrl&owner=1744984858&wbfileid=15770526,15770526,1744984858
001039013973,https://jwch.fzu.edu.cn/info/1039/13973.htm,关于组织开展第十八届中国大学生计算机设计大赛校内预选赛的通知,【实践科】,2025-03-31,"各学院：
2025年（第18届）中国大学生计算机设计大赛是中国大学生计算机设计大赛组织委员会主办的全国性大型大学生学科竞赛，是中国高等教育学会发布的全国普通高校学科竞赛排行榜重要赛事之一。本赛事始创于2008年，已经举办了17届。大赛按三级形式（校赛-省赛-国赛）进行组织。根据赛事组委会的通知要求，结合我校实际情况，学校决定举办福州大学计算机设计大赛校内预选赛。
一、参赛内容
2025年大赛具体内容与分类按照国赛标准：https://jsjds.blcu.edu.cn/info/1042/1993.htm
二、参赛对象
参赛对象：福州大学所有在读本科生（不限专业）。
要求以原创作品为单位组成参赛队，组队可以跨专业、跨系，不能跨校。每个参赛队可由若干名学生组成（每队人数有上限要求，不可超过相应类别中要求的上限数量，每队必须有1-2名指导教师。
三、比赛日程安排
2025年4月15日前，完成报名。登录中国大学生计算机设计大赛竞赛平台进行注册。
2025年4月25日前，完成作品并登录大赛竞赛平台提交作品。
2025年4月29日前，完成作品校内选拔，按照组委会要求上推省赛。
四、作品要求
1、参赛作品内容健康、积极向上，符合国家宪法和相关法律、法规。
2、参赛作品必须为原创作品。提交作品时，需同时提交该作品的源文件。不得抄袭或由他人代做。
3、所有类别（组）、所有小类的每一件参赛作品，均必须是作者为本届大赛（2024年7月1日以来）完成的原创作品（挑战赛类作品的截止日期以官网公布的为准）。与已发表、展出、获奖的作品雷同或相似的作品（包括作者前期的作品），均不得参赛。
五、校内选拔
1、校内选拔赛参赛QQ群：179441504。所有该比赛的通知、赛事答疑均在群内进行。各参赛队自行入群，申请入群备注格式：专业-姓名。不按格式备注不予通过申请。群内发布比赛各种通知，以及报名所需提交的文档等资料，请参赛队伍实时关注群内消息。群内禁止发布与竞赛无关信息，禁止违法违纪、游戏、购物、负能量等言论，一经发现直接移除。
2、依据群通知的规定时间，按时提交参赛作品，作品要严格按照附件要求，否则按弃权处理。

福州大学教务处
2025年3月31日",0,,,,,,
001039013948,https://jwch.fzu.edu.cn/info/1039/13948.htm,关于举办福州大学第二十二届程序设计竞赛暨校ACM/ICPC集训队选拔赛的通知,【实践科】,2025-03-24,"各学院：
  为了提高大学生的编程技能与应用计算机水平，经研究决定举办福州大学第二十二届程序设计竞赛暨校ACM/ICPC集训队选拔赛，现将有关事项通知如下：
  一、竞赛目的
  拓展学生知识面，丰富校园学术气氛，培养大学生的创新思维和实践动手能力，提高我校大学生应用计算机分析和解决实际问题的能力，选拔竞赛成绩优异的队员参加集训，为参加ACM/ICPC亚洲区选拔赛、中国大学生程序设计竞赛、中国高校计算机大赛（China Collegiate Computing Contest，简称 C4）、全国Java程序设计大赛、百度之星程序设计竞赛、福建省大学生程序设计竞赛等相关比赛做准备。
  二、竞赛事项
   1.竞赛时间：2025年4月13日18：00-22：00
   2.竞赛地点：福州大学铜盘机房（A508、A608）、旗山东一楼机房（东1-303）
   3.竞赛规则：
   本次竞赛为个人赛；竞赛题目8-10题，比赛时间为4个小时；
   参赛人员可以使用书籍、手册、程序清单等纸质资料，但不得使用手机、计算器等其他与比赛无关的电子设备，不得访问其他与比赛无关的网站。
   程序设计语言：C/C++，Java；
   参赛选手的源代码采用在线评测的方式进行现场评测，每道题目会有若干个测试点，通过测试点将得到相应的分数。比赛全程将在OMS监考系统上进行，赛后会进行代码查重，请诚信比赛。
   三、竞赛奖励
    1.竞赛将评出专业组及非专业组个人一等奖、二等奖及三等奖各若干名（具体名额根据实际参赛情况来定），并颁发证书。
    2.获得个人二等奖以上的学生可根据学校有关规定申请学分认定。同时根据个人意愿，成绩优秀的同学可以入选ACM/ICPC集训队，学校将对其进行强化训练，为参加亚洲区预选赛等比赛做准备。
   四、举办单位
    1.主办单位：福州大学教务处
    2.承办单位：福州大学计算机与大数据学院
   五、竞赛报名
    1.报名时间：从发文之日起至2025年4月9日；
    2.报名条件：各学院全日制本科生均可参加；
    3.报名方式：填写报名信息收集表（https://docs.qq.com/form/page/DYXFSSVRhR2NEUXJU）
    4.报名费用：无。
   六、其它注意事项
      赛事答疑群：917209822，有关赛事详细信息将在群内及时通知。

    福州大学教务处
    2025年3月24日",0,,,,,,
001038013877,https://jwch.fzu.edu.cn/info/1038/13877.htm,关于2024-2025学年第二学期通识教育选修课选课的通知,【计划科】,2025-02-22,"通识教育选修课(以下简称通选课，原称全校性公共选修课)是为扩大学生知识面、开拓视野、推进文理渗透、理工结合、提高各方面素质而开设的跨院系全校性选修课，各专业学生应根据专业需要确定修读类别并修满相应学分。请同学们登陆教务处主页的本科教学系统进行选课。
 
一、选课时间：
第一轮：2月24日—2月27日，
第二轮：3月1日—3月2日，
第三轮：3月4日。
 
二、投分原则及积分计算方法：
1、选课采用投积分、分轮次进行的方式，先预选后由系统统一处理选课结果。每轮选课初始，系统给予每位同学100个积分，同学根据自己的选课计划自由划分这些积分。每轮选课结束后系统根据最终积分（详见积分计算方法）大小按从高到低排序以确定中选名单，对于积分相同但超过限选人数的同学将采取随机抽取的办法。已选中的课程在选课时间内均可自由退选。
 
2、每门课最终积分=所投积分╳年级基数
所投积分：必须为大于0且小等于100的整数；
年级基数：毕业班为100%、三年级和五年制专业四年级为85%、其它年级为70%。
 
三、选课规则
1、每轮选课结束后，对于未达到限选人数的课程将形成人数差额，供下一轮继续选课。第二轮选课结果后，选课人数未达到20人的课程将取消开课，已选中这些课程的同学请于第三轮选课开放后选择其他课程。
 
2、已取得及格以上成绩的校选课，不得再次重选；若已修过与校选课相同的课程（即使学时或学分不同），也不应再次选修，否则不予认可学分。另其他任意两门课程冲突，或与校选课时间冲突的，都会导致不中选。若在本系或跨系中已修过的相同的课程学分可抵校选课学分，但不再计入本院、系其它课程模块学分。
特别注意：以上限制与排除条件均为投分后系统方可判断处理，因此请同学们先行判断自身情况再针对性投分，以免浪费选课机会。
 
3、第二轮选课开始将增加智慧树、超星尔雅、学银在线及爱课程等平台开设的在线开放共享课程供同学选课，课程名称前缀分别标注为“智慧树”、“超星尔雅”、“学银在线”、“爱课程”，请同学们注意识别。在线开放课程由学生自愿选择，非毕业年级学生每学期限选一门，选课方法与第一轮相同。选中课程的同学需在3月10日至3月16日登陆相应平台进行注册报到方可参加在线学习。成绩合格者，课程学分期末计入校选课相应类别学分,未在教务处选课系统选课而自行报名在线学习者不予认定学分。智慧树、超星尔雅和学银在线平台学习时间为3月10日-5月18日，考试时间5月19日-5月25日，不补考。
 
常用授课平台网址为：
 
福州大学课程中心：http://met2.fzu.edu.cn/meol/index.do；
 
智慧树：https://portals.zhihuishu.com/fzu；（手机端用户打开知到APP，选择学号登录，输入福州大学、学号及初始密码：Zhihuishu@学号后六位。请注意：打开APP后，点击【学习】查看已选择的课程，课程角标必须为“共享课”，若角标显示为“兴趣课”或“公开课”，则说明认证不正确，这个课看完是没有学分的！）
附：智慧树学生手册
 
超星尔雅：http://fzdx.fanya.chaoxing.com/portal，(首次使用学习通的同学，需要注册并绑定单位（单位UC码1799）及学号才能查看并学习课程，注册及使用方式详见附件使用手册)；
附：超星尔雅使用手册（学生版）
 
学银在线：http://www.xueyinonline.com/；
 
学堂在线：https://next.xuetangx.com/；
 
中国大学MOOC：https://www.icourse163.org/；
 
爱课程：http://www.icourses.cn/school/FZU。(爱课程网站需注意：（1）使用邮箱注册成功后，需将用户昵称命名为：FZU+学号+姓名，如张三，注册用户名为：FZU学号张三；（2）注册成功后，必须加入相应课程的慕课堂参加学习，才能最终获取成绩)   
附：慕课堂学生操作手册
 
四、注意事项
1、请仔细阅读各网课平台的操作手册，按要求完成注册认证后再参加课程学习。
 
福州大学教务处
2025年2月22日",3,0017449848580015761197,超星尔雅使用手册（学生版）.pdf,2029,https://jwch.fzu.edu.cn/system/_content/download.jsp?urltype=news.DownloadAttachUrl&owner=1744984858&wbfileid=15761197,15761197,1744984858
001038013877,https://jwch.fzu.edu.cn/info/1038/13877.htm,关于2024-2025学年第二学期通识教育选修课选课的通知,【计划科】,2025-02-22,"通识教育选修课(以下简称通选课，原称全校性公共选修课)是为扩大学生知识面、开拓视野、推进文理渗透、理工结合、提高各方面素质而开设的跨院系全校性选修课，各专业学生应根据专业需要确定修读类别并修满相应学分。请同学们登陆教务处主页的本科教学系统进行选课。
 
一、选课时间：
第一轮：2月24日—2月27日，
第二轮：3月1日—3月2日，
第三轮：3月4日。
 
二、投分原则及积分计算方法：
1、选课采用投积分、分轮次进行的方式，先预选后由系统统一处理选课结果。每轮选课初始，系统给予每位同学100个积分，同学根据自己的选课计划自由划分这些积分。每轮选课结束后系统根据最终积分（详见积分计算方法）大小按从高到低排序以确定中选名单，对于积分相同但超过限选人数的同学将采取随机抽取的办法。已选中的课程在选课时间内均可自由退选。
 
2、每门课最终积分=所投积分╳年级基数
所投积分：必须为大于0且小等于100的整数；
年级基数：毕业班为100%、三年级和五年制专业四年级为85%、其它年级为70%。
 
三、选课规则
1、每轮选课结束后，对于未达到限选人数的课程将形成人数差额，供下一轮继续选课。第二轮选课结果后，选课人数未达到20人的课程将取消开课，已选中这些课程的同学请于第三轮选课开放后选择其他课程。
 
2、已取得及格以上成绩的校选课，不得再次重选；若已修过与校选课相同的课程（即使学时或学分不同），也不应再次选修，否则不予认可学分。另其他任意两门课程冲突，或与校选课时间冲突的，都会导致不中选。若在本系或跨系中已修过的相同的课程学分可抵校选课学分，但不再计入本院、系其它课程模块学分。
特别注意：以上限制与排除条件均为投分后系统方可判断处理，因此请同学们先行判断自身情况再针对性投分，以免浪费选课机会。
 
3、第二轮选课开始将增加智慧树、超星尔雅、学银在线及爱课程等平台开设的在线开放共享课程供同学选课，课程名称前缀分别标注为“智慧树”、“超星尔雅”、“学银在线”、“爱课程”，请同学们注意识别。在线开放课程由学生自愿选择，非毕业年级学生每学期限选一门，选课方法与第一轮相同。选中课程的同学需在3月10日至3月16日登陆相应平台进行注册报到方可参加在线学习。成绩合格者，课程学分期末计入校选课相应类别学分,未在教务处选课系统选课而自行报名在线学习者不予认定学分。智慧树、超星尔雅和学银在线平台学习时间为3月10日-5月18日，考试时间5月19日-5月25日，不补考。
 
常用授课平台网址为：
 
福州大学课程中心：http://met2.fzu.edu.cn/meol/index.do；
 
智慧树：https://portals.zhihuishu.com/fzu；（手机端用户打开知到APP，选择学号登录，输入福州大学、学号及初始密码：Zhihuishu@学号后六位。请注意：打开APP后，点击【学习】查看已选择的课程，课程角标必须为“共享课”，若角标显示为“兴趣课”或“公开课”，则说明认证不正确，这个课看完是没有学分的！）
附：智慧树学生手册
 
超星尔雅：http://fzdx.fanya.chaoxing.com/portal，(首次使用学习通的同学，需要注册并绑定单位（单位UC码1799）及学号才能查看并学习课程，注册及使用方式详见附件使用手册)；
附：超星尔雅使用手册（学生版）
 
学银在线：http://www.xueyinonline.com/；
 
学堂在线：https://next.xuetangx.com/；
 
中国大学MOOC：https://www.icourse163.org/；
 
爱课程：http://www.icourses.cn/school/FZU。(爱课程网站需注意：（1）使用邮箱注册成功后，需将用户昵称命名为：FZU+学号+姓名，如张三，注册用户名为：FZU学号张三；（2）注册成功后，必须加入相应课程的慕课堂参加学习，才能最终获取成绩)   
附：慕课堂学生操作手册
 
四、注意事项
1、请仔细阅读各网课平台的操作手册，按要求完成注册认证后再参加课程学习。
 
福州大学教务处
2025年2月22日",3,0017449848580015761198,慕课堂学生操作手册.pdf,2607,https://jwch.fzu.edu.cn/system/_content/download.jsp?urltype=news.DownloadAttachUrl&owner=1744984858&wbfileid=15761198,15761198,1744984858
001038013877,https://jwch.fzu.edu.cn/info/1038/13877.htm,关于2024-2025学年第二学期通识教育选修课选课的通知,【计划科】,2025-02-22,"通识教育选修课(以下简称通选课，原称全校性公共选修课)是为扩大学生知识面、开拓视野、推进文理渗透、理工结合、提高各方面素质而开设的跨院系全校性选修课，各专业学生应根据专业需要确定修读类别并修满相应学分。请同学们登陆教务处主页的本科教学系统进行选课。
 
一、选课时间：
第一轮：2月24日—2月27日，
第二轮：3月1日—3月2日，
第三轮：3月4日。
 
二、投分原则及积分计算方法：
1、选课采用投积分、分轮次进行的方式，先预选后由系统统一处理选课结果。每轮选课初始，系统给予每位同学100个积分，同学根据自己的选课计划自由划分这些积分。每轮选课结束后系统根据最终积分（详见积分计算方法）大小按从高到低排序以确定中选名单，对于积分相同但超过限选人数的同学将采取随机抽取的办法。已选中的课程在选课时间内均可自由退选。
 
2、每门课最终积分=所投积分╳年级基数
所投积分：必须为大于0且小等于100的整数；
年级基数：毕业班为100%、三年级和五年制专业四年级为85%、其它年级为70%。
 
三、选课规则
1、每轮选课结束后，对于未达到限选人数的课程将形成人数差额，供下一轮继续选课。第二轮选课结果后，选课人数未达到20人的课程将取消开课，已选中这些课程的同学请于第三轮选课开放后选择其他课程。
 
2、已取得及格以上成绩的校选课，不得再次重选；若已修过与校选课相同的课程（即使学时或学分不同），也不应再次选修，否则不予认可学分。另其他任意两门课程冲突，或与校选课时间冲突的，都会导致不中选。若在本系或跨系中已修过的相同的课程学分可抵校选课学分，但不再计入本院、系其它课程模块学分。
特别注意：以上限制与排除条件均为投分后系统方可判断处理，因此请同学们先行判断自身情况再针对性投分，以免浪费选课机会。
 
3、第二轮选课开始将增加智慧树、超星尔雅、学银在线及爱课程等平台开设的在线开放共享课程供同学选课，课程名称前缀分别标注为“智慧树”、“超星尔雅”、“学银在线”、“爱课程”，请同学们注意识别。在线开放课程由学生自愿选择，非毕业年级学生每学期限选一门，选课方法与第一轮相同。选中课程的同学需在3月10日至3月16日登陆相应平台进行注册报到方可参加在线学习。成绩合格者，课程学分期末计入校选课相应类别学分,未在教务处选课系统选课而自行报名在线学习者不予认定学分。智慧树、超星尔雅和学银在线平台学习时间为3月10日-5月18日，考试时间5月19日-5月25日，不补考。
 
常用授课平台网址为：
 
福州大学课程中心：http://met2.fzu.edu.cn/meol/index.do；
 
智慧树：https://portals.zhihuishu.com/fzu；（手机端用户打开知到APP，选择学号登录，输入福州大学、学号及初始密码：Zhihuishu@学号后六位。请注意：打开APP后，点击【学习】查看已选择的课程，课程角标必须为“共享课”，若角标显示为“兴趣课”或“公开课”，则说明认证不正确，这个课看完是没有学分的！）
附：智慧树学生手册
 
超星尔雅：http://fzdx.fanya.chaoxing.com/portal，(首次使用学习通的同学，需要注册并绑定单位（单位UC码1799）及学号才能查看并学习课程，注册及使用方式详见附件使用手册)；
附：超星尔雅使用手册（学生版）
 
学银在线：http://www.xueyinonline.com/；
 
学堂在线：https://next.xuetangx.com/；
 
中国大学MOOC：https://www.icourse163.org/；
 
爱课程：http://www.icourses.cn/school/FZU。(爱课程网站需注意：（1）使用邮箱注册成功后，需将用户昵称命名为：FZU+学号+姓名，如张三，注册用户名为：FZU学号张三；（2）注册成功后，必须加入相应课程的慕课堂参加学习，才能最终获取成绩)   
附：慕课堂学生操作手册
 
四、注意事项
1、请仔细阅读各网课平台的操作手册，按要求完成注册认证后再参加课程学习。
 
福州大学教务处
2025年2月22日",3,0017449848580015761199,智慧树学生手册2025春夏.pptx,1804,https://jwch.fzu.edu.cn/system/_content/download.jsp?urltype=news.DownloadAttachUrl&owner=1744984858&wbfileid=15761199,15761199,1744984858
001042013876,https://jwch.fzu.edu.cn/info/1042/13876.htm,关于2024-2025学年第二学期教材发放的通知,【教材中心】,2025-02-22,"各学院：
为规范旗山校区、铜盘校区、厦门校区、晋江校区四个校区学生教材发放，保证师生正常教学活动的开展，现将2025年春季学期学生教材发放相关事宜通知如下：
一、教材发放时间和地点

序号
学院名称
年级
发放时间段
发放校区
地点
教材供应商信息
备注

单位
联系人
联系电话

1
电气学院
2024
2月23日 9:00-9:30
铜盘校区
教学楼B楼一楼
新华
陈少彬
13799991282
按专业领取教材

电气学院
2021-2023
2月23日 9:00-9:30
旗山校区
教学区中楼空地
新华
陈少彬
13799991282
按专业领取教材

2
机械学院
2024
2月23日 9:30-10:00
铜盘校区
教学楼B楼一楼
新华
陈少彬
13799991282
按专业领取教材

机械学院
2021-2023
2月23日 9:30-10:00
旗山校区
教学区中楼空地
新华
陈少彬
13799991282
按专业领取教材

3
数统学院
2024
2月23日 10:30-11:00
铜盘校区
教学楼B楼一楼
新华
陈少彬
13799991282
按专业领取教材

数统学院
2021-2023
2月23日 10:30-11:00
旗山校区
教学区中楼空地
新华
陈少彬
13799991282
按专业领取教材

4
化工学院
2024
2月23日 15:00-15:15
铜盘校区
A教学楼走廊
百万庄
吴燕芳
18059191960
按专业领取教材

化工学院
2021-2023
2月23日 10:00-10:15
旗山校区
教学楼中107外大厅
百万庄
吴燕芳
18059191960
按专业领取教材

5
土木学院
2024
2月23日 14:00-14:30
铜盘校区
教学楼B楼一楼
厦大
周和本
13305000046
按专业领取教材

土木学院
2021-2023
2月23日 14:00-14:30
旗山校区
教学区中楼空地
厦大
周和本
13305000046
按专业领取教材

6
环安学院
2024
2月23日 15:45-16:00
铜盘校区
A教学楼走廊
百万庄
吴燕芳
18059191960
按专业领取教材

环安学院
2021-2023
2月23日 10:45-11:00
旗山校区
教学楼中107外大厅
百万庄
吴燕芳
18059191960
按专业领取教材

7
经管学院
2024
2月23日 14:30-15:00
铜盘校区
教学楼B楼一楼
厦大
周和本
13305000046
按专业领取教材

经管学院
2021-2023
2月23日 14:30-15:30
旗山校区
教学区中楼空地
厦大
周和本
13305000046
按专业领取教材

8
生工学院
2024
2月23日 16:00-16:15
铜盘校区
A教学楼走廊
百万庄
吴燕芳
18059191960
按专业领取教材

生工学院
2021-2023
2月23日 11:00-11:15
旗山校区
教学楼中107外大厅
百万庄
吴燕芳
18059191960
按专业领取教材

9
外语学院
2024
2月23日 16:15-16:30
铜盘校区
A教学楼走廊
百万庄
吴燕芳
18059191960
按专业领取教材

外语学院
2021-2023
2月23日 11:15-11:30
旗山校区
教学楼中107外大厅
百万庄
吴燕芳
18059191960
按专业领取教材

10
计数学院（含软件）
2024
2月23日 9:30-10:00
铜盘校区
教学楼B楼一楼
新华
陈少彬
13799991282
按专业领取教材

计数学院（含软件）
2021-2023
2月23日 9:30-10:00
旗山校区
教学区中楼空地
新华
陈少彬
13799991282
按专业领取教材

11
物信学院
2024
2月23日 15:00-15:30
铜盘校区
教学楼B楼一楼
厦大
周和本
13305000046
按专业领取教材

物信学院
2021-2023
2月23日 15:30-16:00
旗山校区
教学区中楼空地
厦大
周和本
13305000046
按专业领取教材

12
化学学院
2024
2月23日 15:30-15:45
铜盘校区
A教学楼走廊
百万庄
吴燕芳
18059191960
按专业领取教材

化学学院
2021-2023
2月23日 10:30-10:45
旗山校区
教学楼中107外大厅
百万庄
吴燕芳
18059191960
按专业领取教材

13
建筑学院
2024
2月23日 15:30-16:00
铜盘校区
教学楼B楼一楼
厦大
周和本
13305000046
按专业领取教材

建筑学院
2021-2023
2月23日 16:00-16:30
旗山校区
教学区中楼空地
厦大
周和本
13305000046
按专业领取教材

14
地矿学院
2024
2月23日 16:00-16:30
铜盘校区
教学楼B楼一楼
厦大
周和本
13305000046
按专业领取教材

地矿学院
2021-2023
2月23日 16:30-17:00
旗山校区
教学区中楼空地
厦大
周和本
13305000046
按专业领取教材

15
工艺美院
2021-2024
2月23日 13:00-15:30
厦门校区
3号宿舍楼大厅
百万庄
吴燕芳
18059191960
按专业领取教材

材料学院
2024
2月23日 15:15-15:30
铜盘校区
A教学楼走廊
百万庄
吴燕芳
18059191960
按专业领取教材

16
材料学院
2021-2023
2月23日 10:15-10:30
旗山校区
教学楼中107外大厅
百万庄
吴燕芳
18059191960
按专业领取教材

法学院
2024
2月23日 10:00-10:30
铜盘校区
教学楼B楼一楼
新华
陈少彬
13799991282
按专业领取教材

17
法学院
2021-2023
2月23日 10:00-10:30
旗山校区
教学区中楼空地
新华
陈少彬
13799991282
按专业领取教材

人文学院（其他专业）
2024
2月23日 10:00-10:30
铜盘校区
教学楼B楼一楼
新华
陈少彬
13799991282
按专业领取教材

18
人文学院（音乐学）
2024
2月23日 10:00-10:30
旗山校区
教学区中楼空地
新华
陈少彬
13799991282
按专业领取教材

人文学院
2021-2023
2月23日 10:00-10:30
旗山校区
教学区中楼空地
新华
陈少彬
13799991282
按专业领取教材

19
先造学院
2021-2024
2月23日 13:00-14:30
晋江校区
食堂楼下
百万庄
吴燕芳
18059191960
按专业领取教材

梅努斯学院
2021-2024
2月23日 9:00-9:30
旗山校区
教学区中楼空地
新华
陈少彬
13799991282
按专业领取教材

二、领取教材注意事项
1.各学院各专业指定一名学生负责所在班级的教材发放相关事宜，主要任务是根据要求做好本专业的教材领取、发放、教材实际费用的收取、与教材供应商进行教材费用结算等工作；
2.为按时有序地发放教材，请各专业学生负责人按照学院教材领取时间段前来领书，原则上每个时间段只接受安排在该时间段的学院领书。若有专业因特殊情况确实无法在该时间段前来领书，请提前联系学院对应的教材供应商联系人。请领书同学注意前后间隔一定距离，领完后不滞留，尽快离开；
3.教材发放时请各专业学生负责人当场核对清楚所领教材名称、数量、价格与教材发放清单是否一致，避免错漏，有问题当场联系教材发放工作人员；签字领走后以教材清单为收费依据，请务必核对清楚再携本专业教材离场。教材费用收取以教材供应商后续通知为准；
4.各专业学生负责人领回全班教材发给班级同学时，请务必做好每位同学的领书签字登记工作以免领错教材，也方便后面与每位同学教材款的结算；
5.如需退换教材，请于一周内联系学院对应的教材供应商进行退换，退换前应保证教材无任何涂画痕迹。
6.如教材供应有其他问题可联系学院教学办或教务处联系人。
教务处联系人： 苏老师；   联系电话：22866893

福州大学教务处
2025年2月22日",0,,,,,,
001035013875,https://jwch.fzu.edu.cn/content.jsp?urltype=news.NewsContentUrl&wbtreeid=1035&wbnewsid=13875,关于召开2024-2025学年春季学期期初本科教育教学工作会议的通知,【综合科】,2025-02-22,"机关有关部门，各学院及相关教学单位：
兹定于2025年2月24日（星期一）下午召开2024-2025学年春季学期期初本科教育教学工作会议，研究部署新学期学校本科教育教学工作。现将有关事项通知如下：
一、会议时间
2月24日（星期一）15:00
二、会议地点
旗山校区行政南楼123会议室
三、参加人员
（一）相关校领导（由教务处负责通知）
（二）教务处、教学质量监控与评估中心、学生工作部（处）、招生考试中心、校督导组等单位负责人（由各单位负责通知）
（三）各学院及相关教学单位分管教学院长、教学办主任、教学干事（由各学院教学干事负责通知）
（四）教务处及教学质量监控与评估中心工作人员（由教务处负责通知）
四、其他事项
无特殊情况不得缺席。各单位在2月23日17:00点前填写参会表，联系人：王利伟，联系电话：22866855。《https://docs.qq.com/sheet/DSHNhYnpyVUJ5V09p?tab=BB08J2》

福州大学教务处
2025年2月22日",0,,,,,,
001035013871,https://jwch.fzu.edu.cn/content.jsp?urltype=news.NewsContentUrl&wbtreeid=1035&wbnewsid=13871,教务处关于2025年寒假用印安排的通知,【综合科】,2025-01-18,"各学院，机关各部门、各单位：
根据学校假期工作安排，寒假期间（1月19日至2月22日），为方便师生办理有关事宜，现将用印安排情况公布如下（时间：上午8:30～11:30，下午2:30～5：00）。确需紧急用印的，请事先电话联系值班人员。

日期
星期
值班人员
值班地点
电话
备注

20240121
周二
林老师
行政北楼西135
22866858
成绩密封章

20240122
周三
王老师
行政北楼西210
22866855
教务处章

20240205
周三
林老师
行政北楼西210
22866855
教务处章

20240212
周三
吴老师
行政北楼西210
22866855
教务处章

20240219
周三
苏老师
行政北楼西210
22866893
教务处章

20240221
周五
李老师
行政北楼西208
22866873
成绩密封章教务处章

教务处
2025年1月18日",0,,,,,,
001037013861,https://jwch.fzu.edu.cn/info/1037/13861.htm,福州大学关于收集线上课程资源需求的通知（2025年）,【教研教改】,2025-01-15,"各学院、相关教学单位：
为深入推进课堂教学创新，广泛开展在线教学资源、智慧教学工具应用，推动信息技术与教育教学深度融合，学校使用爱课程平台建设了一批具有高阶性、创新性、挑战度的线上线下混合式一流课程项目，现为持续推进课程项目建设，拟继续向平台采购优质在线课程资源，用以支持教师开展面向校内学生的线上线下混合式课程建设。
现将相关事项通知如下：
一、符合以下条件的课程主讲教师可以申请购买线上课程资源
1．课程项目已被认定为国家级、省级或校级线上线下混合式一流课程；
2．至少已经完成1个完整的线上线下混合式教学周期；
3．计划于2025年继续开展线上线下混合式教学改革实践；
4．拟使用的线上课程资源是由爱课程平台提供的非本校课程。
二、申请办法
请有课程资源需求的教师于2月16日前点击以下链接填写购课需求：
【腾讯文档】FZU2025年SPOC课程列表（引用校外资源）https://docs.qq.com/sheet/DZVdQWU9uRG5UTFRh
注：使用本校自建的线上课程资源开展线上线下混合式课程建设的教师不需要填写此表，于开课前直接申请开课即可。
联系人：张老师 22866898
福州大学教务处
2025年1月15日",0,,,,,,
001039013858,https://jwch.fzu.edu.cn/info/1039/13858.htm,关于做好第三十一期本科生科研训练计划项目立项申报工作的通知,【实践科】,2025-01-13,"各学院：
为了提高大学生科研水平, 进一步锻炼学生思考问题与解决问题的能力，学校决定启动第三十一期本科生科研训练计划项目立项工作。现将有关事项通知如下：
一、项目内容
第三十一期本科生科研训练计划分为创新训练项目、创业训练项目和创业实践项目。
1.创新训练项目是本科生个人或团队在导师指导下，自主完成创新性实验方法的设计、实验条件的准备、实验的实施、数据处理与分析、撰写报告、成果（学术）交流等工作。
2.创业训练项目是本科生团队在导师指导下，团队中每个学生在项目实施过程中扮演一个或多个具体的角色，通过编制商业计划书、开展可行性研究、模拟企业运行、进行一定程度的验证试验，撰写创业报告等工作。
3.创业实践项目是学生团队在学校导师和企业导师共同指导下，采用前期创新训练项目的成果，提出一项具有市场前景的创新性产品或者服务，以此为基础开展创业实践活动。
二、申报对象
1.凡我校全日制本科学生均可申请，项目负责人应为非毕业班学生。
2.申请者要品学兼优、学有余力，有较强的独立思考能力和创新意识，具备初步的科研和动手能力，对科学研究、创新活动、学科竞赛、创业训练、创业实践或社会实践有浓厚的兴趣，并具有投入项目研究的课余时间保障。
3.每位学生只能参与一个项目（作为项目负责人或项目成员）。各学院要严格审核申报资格，有以下情况之一者本期不得参与申报：
（1）在研项目负责人和项目成员；
（2）往期项目结题成绩不合格、逾期未结题（含终止）的项目负责人和项目成员不得申报。
4.每个申报项目团队总人数不能超过5人（含项目负责人）。
三、项目指导教师资格
1.责任心强、学术水平高、学风正派、治学严谨且具有中级及以上职称或博士学位的教师。
2.每位教师指导项目不得超过3项（含在研及2023年以来未结题和结题不合格项目），各学院要严格审核指导教师资格。
3.优先支持近三年获得国家级、省级大学生创新训练计划和校级本科生科研训练计划优秀项目及学科竞赛全国二等奖（含）以上的指导教师。
四、项目来源
本计划鼓励学生围绕基础学科以及新工科、新医科、新农科、新文科等关键领域开展创新实践，重点支持具有一定创新性的基础理论研究项目和有针对性的应用研究项目持续深化研究和实践，开展新兴边缘学科研究和跨学科的交叉综合研究。
项目申报主要范围包括：小发明、小创作、小设计等项目；创意、创新、创业等项目；虚拟仿真实验教学项目；自制实验教学仪器设备项目；学科竞赛相关项目；有关教师科研课题中的子项目；企业技术需求项目；其他有研究与实践价值的项目。
五、项目研究时间
项目开始时间为2025年5月，执行时间原则上不超过两年（2027年5月止），项目负责人毕业前必须完成项目结题工作。
六、项目申报
1.有意向申报创新训练项目者可自行与指导老师联系，学校对有发展前景的项目将予以重点支持和资助。2025年度国家、省级大学生创新创业训练项目将从第三十一期本科生科研训练计划申报项目中产生，学院根据申报项目的质量和答辩情况进行评审、排序和推荐，学校将根据各学院申报项目排序情况进行国家、省级项目遴选推荐，不再另行组织申报。
3.项目申报时间：2025年3月14日前，符合条件且有意向申报的学生向学院教学办提交以下申报材料：
（1）《承诺书》（纸质版）；
（2）《福州大学第三十一期本科生科研训练计划项目申报信息汇总表》（电子版）；
（3）《福州大学本科生科研训练计划项目（SRTP）申请表（创新训练项目）》（电子版和纸质版）；
（4）《福州大学本科生科研训练计划项目（SRTP）申请表（创业训练项目）》（电子版和纸质版）；
（5）《福州大学本科生科研训练计划项目（SRTP）申请表（创业实践项目）》（电子版和纸质版）；
（6）《福州大学第三十一期本科生科研训练计划申报项目排序表》（电子版和纸质版）；
（7）《福州大学本科生科研训练计划项目选题来源情况一览表》（电子版，项目选题来源于指导教师科研课题的创新训练项目填写）。
4.各学院于2025年3月28日前完成项目立项答辩、评审、排序、公示等工作，2025年3月31日前各学院教学办纸质版材料汇总后报送教务处实践科，电子版统一发送至电子邮箱jwcsjk@fzu.edu.cn。
5.自2023年以来项目结题评审中出现逾期未结题、终止、不合格的项目，将削减学院相应的国家、省级和校级项目立项数。
6.申请项目获批后，不允许变更项目名称、项目负责人、项目组成员和项目指导教师，主动配合中期检查和结题验收工作，确保经费全部用于项目研究。随意终止和放弃项目研究，未能按时通过中期检查或逾期不结题的，学校将收回该项目资助经费。
七、项目资助经费
1.国家级重点项目：20000-40000元；
2.国家级一般项目：10000-20000元；
3.省级项目：5000-10000元；
4.校级项目
（1）创新训练项目：理工科类2000-3000元、文科类1000-2000元；
（2）创业训练项目：1000-2000元
（3）创业实践项目：2000-3000元
以上为初定的项目经费资助标准，实际标准将根据学校最终下达经费总额进行调整。
八、项目经费使用管理
1.项目经费专款专用，教师不得使用学生研究经费。学校对项目经费使用实行监督管理，保证经费使用科学、合理、规范。
2.项目经费由学校计财处按相关规定进行管理，项目经费报销工作应严格遵守学校财务制度，报销的总金额不得超过资助总额。具体报销程序：学生签字后的开支发票经指导教师审查所用经费并签字，校级、省级及以上项目报学院分管领导审核签字后由学生到校计财处报销。
3.项目经费的使用范围包括：开展实验所需的原材料（包括耗材、药品、化学试剂等）、低值品等购置费；完成项目所需要的资料费、加工费、打印费等；学生撰写的与项目有关的论文版面费；经指导教师和学院审核，确需外出调研的差旅费（包括来往车票、住宿费）等。
请各学院及时通知到相关人员，认真做好第三十一期本科生科研训练计划的申报立项工作。

附件1：承诺书
附件2：福州大学第三十一期本科生科研训练计划项目申报信息汇总表
附件3：福州大学本科生科研训练计划项目（SRTP）申请表（2025年创新训练项目）
附件4：福州大学本科生科研训练计划项目（SRTP）申请表（2025年创业训练项目）
附件5：福州大学本科生科研训练计划项目（SRTP）申请表（2025年创业实践项目）
附件6：福州大学第三十一期本科生科研训练计划申报项目排序表
附件7：专业类代码对照表
附件8：福州大学本科生科研训练项目选题来源情况一览表

福州大学教务处
     2025年1月13日",1,0017449848580015756794,第31期SRTP附件.zip,3927,https://jwch.fzu.edu.cn/system/_content/download.jsp?urltype=news.DownloadAttachUrl&owner=1744984858&wbfileid=15756794,15756794,1744984858
001038013857,https://jwch.fzu.edu.cn/info/1038/13857.htm,关于印发《福州大学本科生课程替代与学分认定管理实施办法》的通知,【计划科】,2025-01-10,"关于印发《福州大学本科生课程替代与学分认定管理实施办法》的通知
校教〔2024〕57号
各学院:
为进一步规范本科生在重修及学籍异动（转学、转专业、复学、降级等）时的课程修读与学分认定工作，明确学生重修课程替代的基本原则和办事流程，确保学生顺利完成学业，教务处制定《福州大学本科生课程替代与学分认定管理实施办法》，经福州大学教学指导委员会会议(2024年第5次)审议通过，现印发给你们，请认真遵照执行。

                                                       福州大学教务处
2024年12月31日

福州大学本科生课程替代与学分认定管理实施办法

第一章　总则
第一条　为进一步规范本科生在重修及学籍异动（转学、转专业、复学、降级等）时的课程修读与学分认定工作，确保学生顺利完成学业，特制定本办法。
第二条　学生原则上应按本校本年级本专业培养方案规定的学时、学分要求修读各门课程，若重修时因培养方案更改、学籍异动（转学、转专业、复学、降级）等原因，学生需申请部分课程替代或学分认定的，按本办法执行。
第二章　课程替代或学分认定基本原则
第三条　课程替代或学分认定须符合以下基本原则：
（一）课程名称与内容均相同或相近，且学分相同的课程可互相替代或认定。
（二）课程名称与内容均相同或相近，且学分不同的课程：
1.高学分课程可替代低学分课程。
2.相差学分不超过１学分（含１学分）的，可互相替代或认定。
3.相差学分超过１学分的，学生须补修由学院指定的其他课程以补全所差学分，实际修读课程与补修课程总学分不得少于学生所在年级培养方案中被替代课程要求学分。
（三）无以上相关课程可直接替代修读，该门课程的课程负责人应提出课程修读替代方案，原则上替代修读的课程应为同类别的课程，所替代修读的课程学分不得少于原课程学分。
（四）因培养方案变更引起课程修读替代，学院专业应提前向教务处提交课程替代方案。
（五）对于学籍异动学生，若原已修课程的内容与现所在年级专业选修课课程相关的，经转入专业所在学院认定后，可转为专业选修课；若与通识教育选修课要求类别一致的，可申请转为通识教育选修课相应类别，每类最多4学分；其余课程学分（包含不及格课程）须转为任意选修课学分。任意选修课均有修读记录，但其学分不计入毕业最低学分要求。
对于转学这一类学籍异动的学生，其在原学校已修读的思想政治类和军事类课程可申请直接认定；无法替代或认定为我校转入专业的课程学分的课程，不予计入我校学生成绩档案。
第三章　课程替代或学分认定程序
第四条  重修课程课程替代程序：
（一）学生提交：
学生应于课程修读前填写并提交纸质版《课程学习替代/重新学习申请表》。
（二）学院审核：
1.若申请课程已有替代方案，则由学生所在学院教学办对申请学生的情况进行核实确认。
2.若申请课程无现成替代方案，则需由应修课程的课程负责人提出课程替代方案，并按《课程学习替代/重新学习申请表》要求签署意见，同时开课学院教学办和教学院长审核。
（三）教务处审核。
第五条  转学、转专业、复学、降级课程替代及学分认定程序：
（一）学生提交：
学生在学分认定系统开放期间提交线上申请。若系统无法提交，需填写并提交纸质版《学分认定（替代）申请表》。
（二）学院审核：
1.课程已有替代方案，由学院教学办对申请学生的情况进行核实确认。
2.课程无现成替代方案，需应修课程的课程负责人签署认定意见，同时开课学院教学办和教学院长审核。
（三）教务处审核。
（四）对尚未修读的课程替代，学生应于课程修读前提出替代申请。
第四章　附则
第六条　本办法从发布之日起执行，其它有关文件与本办法不一致的，以本办法为准。本办法由教务处负责解释。",0,,,,,,
001036013853,https://jwch.fzu.edu.cn/info/1036/13853.htm,关于2025年春季学期《大学物理实验A（上）》、《大学物理实验C》绪论课程教室安排的通知,【教学运行】,2025-01-08,"各有关学院:       2025年春季学期《大学物理实验A（上）》、《大学物理实验C》的绪论课安排在旗山校区多媒体教室上课，具体安排详见附件。请各有关学院及时通知学生（各班班长、学委请加入课程联系QQ群2162012543），以免延误正常教学。

教务处2025年1月8日",1,0017449848580015756207,2025年春季学期《大学物理实验A（上）》、《大学物理实验C》绪论课安排.xlsx,1216,https://jwch.fzu.edu.cn/system/_content/download.jsp?urltype=news.DownloadAttachUrl&owner=1744984858&wbfileid=15756207,15756207,1744984858
001036013852,https://jwch.fzu.edu.cn/info/1036/13852.htm,关于2024-2025学年第二学期辅修专业选课的通知,【教学运行】,2025-01-07,"各学院：
为做好2024-2025学年第二学期的辅修专业选课工作，现将有关事项通知如下：
一、时间安排
辅修专业选课时间为1月8-10日24：00，补退选和缴费时间为下学期初，请关注后续通知。
二、选课方式
登录福州大学教务处网站“本科教学系统”，点击【各类选课】下的【辅修选课】菜单进行选课，辅修专业选课采用即选即中方式。
三、免听申请
1.如遇课程冲突，必须办理免听申请手续，经任课教师审核通过后方可缴费。
2.登录“本科教学系统”，点击【辅修选课】菜单预选需要申请免听的课程（在课程前面的下拉框中选择“免听”）。
3.预选结束后应主动与任课教师联系，并根据任课教师要求提交相关申请材料（期末选课期间即可与任课教师联系，务必请任课教师在规定时间内进行审核，未通过审核者选课无效）。

注册中心
2025年1月7日",0,,,,,,
001036013851,https://jwch.fzu.edu.cn/info/1036/13851.htm,关于2025届预计毕业生校对电子注册学历照片的通知,【教学运行】,2025-01-07,"各学院：
我校2025届预计毕业生电子注册学历照片现已上网，并提供在线校对，凡在今年参加图像采集的普通全日制本科学生，均需登录网站校对学历照片。未经校对的照片不会被学信网采用，将导致学生毕业后学历注册信息无法上网对外提供查询。请各学院务必通知学生及时校对。现将有关事项通知如下：
一、时间安排
2025年1月13日前，各学院组织2025届毕业班学生登录学信网，校对本人学历照片是否正确。
二、操作流程
1. 登录“中国高等教育学生信息网（学信网）”（网址：https://www.chsi.com.cn/）。
2. 点击菜单栏中的【图像校对】，进入学信档案界面。
3. 点击【校对本人学历照片】，进入登录界面。
4.登录系统即可查看本人学历照片（无账号者需先进行实名注册），请认真校对照片是否正确。照片无误者直接点击“学历照片校对”右侧的【正确】按钮，然后正常退出系统即可完成校对；照片有误者点击【有误】按钮后选择相应的错误原因，并及时向学院教学办反馈。
5. 照片有误者应保持对学信网的关注，待教务处审核调整后，必须继续校对直至最终正确。
三、错误原因
1. 照片不是学生本人，此类错误基本上都是由几位学生的照片互相之间张冠李戴所致。
2. 图像不合格，包括照片侧卧/倒立、头像未居中、闭眼、含有多余内容等。
注意：除以上两类错误外，对于学生要求更换照片的申请原则上不予受理。
四、照片补拍
因故未能参加今年图像采集的毕业班学生，应按学校要求统一进行补拍，且同样必须上网校对学历照片。对于学生通过其他方式自行提交的照片，学校一律不予采用。补拍时间目前暂定于2025年5月8日，具体安排另行通知。

教务处注册中心
2025年1月7日",0,,,,,,
001012013848,https://jwch.fzu.edu.cn/info/1012/13848.htm,关于召开2024-2025学年秋季学期期末本科教育教学工作会议的通知,【教学通知】,2025-01-04,"各学院及相关教学单位：
兹定于2025年1月6日（星期一）14:30在旗山校区行政南楼123会议室召开全校期末本科教育教学工作会议。请各学院及相关教学单位分管教学院长、教学办主任、教学干事、校教学督导组负责人届时参加，各单位教学干事负责通知本单位参会人员，并于1月5日17:00前填写【腾讯文档】福州大学2024-2025学年秋季学期期末本科教育教学工作会议参会情况表 https://docs.qq.com/sheet/DSEhYR3pic0tvdFBX?tab=BB08J2，
联系人：王老师，联系电话：22866855。

福州大学教务处
2025年1月4日",0,,,,,,
001035013847,https://jwch.fzu.edu.cn/content.jsp?urltype=news.NewsContentUrl&wbtreeid=1035&wbnewsid=13847,关于召开2024-2025学年秋季学期期末本科教育教学工作会议的通知,【综合科】,2025-01-04,"各学院及相关教学单位：
兹定于2025年1月6日（星期一）14:30在旗山校区行政南楼123会议室召开全校期末本科教育教学工作会议。请各学院及相关教学单位分管教学院长、教学办主任、教学干事、校教学督导组负责人届时参加，各单位教学干事负责通知本单位参会人员，并于1月5日17:00前填写【腾讯文档】福州大学2024-2025学年秋季学期期末本科教育教学工作会议参会情况表 https://docs.qq.com/sheet/DSEhYR3pic0tvdFBX?tab=BB08J2，
联系人：王老师，联系电话：22866855。

福州大学教务处
2025年1月4日",0,,,,,,
001038013841,https://jwch.fzu.edu.cn/info/1038/13841.htm,关于核对2024-2025学年第二学期通识教育选修课开课信息的有关通知,【计划科】,2025-01-02,"各学院及单位：
         2024-2025学年第二学期通识教育选修课开课信息已全部录入教务系统，请各学院及单位通知授课教师核对开课信息，并于下学期开学前完成授课计划和教学大纲的录入工作。如有疑问请联系教务处：林老师83700655/22866907。

教务处
2025年1月2日",0,,,,,,
001036013842,https://jwch.fzu.edu.cn/content.jsp?urltype=news.NewsContentUrl&wbtreeid=1036&wbnewsid=13842,福州大学关于印发授予普通全日制学生学士学位工作细则的通知,【教学运行】,2024-12-31,"福大教〔2024〕41号

各学院，机关各部门，各单位：
《福州大学授予普通全日制学生学士学位工作细则》经校学位评定委员会会议（第十四届第十七次）审议通过，现印发给你们，请遵照执行。

                                福  州  大  学

                               2024年12月31日

福州大学授予普通全日制学生学士学位工作细则

第一章  总  则
第一条  为进一步规范学校学士学位授予工作，根据《中华人民共和国学位法》《普通高等学校学生管理规定》《学士学位授权与授予管理办法》，以及国家其他有关规定，结合学校实际，制定本细则。
第二条 经国务院批准，学校学士学位按照理学、工学、经济学、管理学、文学、法学、艺术学、医学等相应学科门类授予。符合条件的建筑学专业本科毕业生授予建筑学学士专业学位。
第三条 本细则适用对象为在学校接受普通全日制高等学历教育的本科及第二学士学位学生（以下简称学生）。
第二章  学士学位授予条件
第四条 学士学位的授予应坚持德、智、体、美、劳综合素质和能力全面考核的原则。学校对符合下列条件的学生可授予学士学位：
（一）拥护中国共产党的领导，拥护社会主义制度，遵守宪法和法律，遵守学术道德和学术规范；
（二）在本学科或者专业领域较好地掌握基础理论、专门知识和基本技能，具有从事学术研究或者承担专业实践工作的初步能力；
（三）在允许的修业年限内，完成本专业培养方案规定的各项要求，通过毕业论文或者毕业设计等毕业环节审查，经审核准予毕业的学生。
第五条  对于在校学习期间或在修业年限内曾受“记过”及以上处分者，在处分未解除期间，学校不授予学士学位。
第六条 对于在校学习期间或在修业年限内因作弊、剽窃、抄袭等违背学术诚信原因而受“记过”及以上处分者，须同时符合以下两个条件才能申请授予学士学位：
（一）在受以上该类处分后有突出表现，且该类处分已解除；
（二）毕业时学习总成绩的平均学分绩点排名在本年级本专业前50％以内。
申请时须由学生本人书面申请并在学院学位评定委员会陈述，经学院学位评定委员会审议及投票推荐，最后经校学位评定委员会审议投票通过，方可授予学士学位。
第七条 凡获准修习辅修专业的学生，在允许修业年限内同时具备以下两个条件者，可授予辅修专业学士学位：
（一）已获得主修专业的学士学位；
（二）完成辅修专业培养方案规定的各项要求，且辅修专业与主修专业归属不同的本科专业大类。
第八条  辅修专业学士学位在主修专业学士学位证书中予以注明，不单独发放学位证书。
第三章  学士学位授予工作程序
第九条 毕业前，各学院学位评定委员会依据本细则相关条款对毕业生的政治表现、学习成绩、毕业鉴定等逐一初审，确定授予和不授予学士学位的建议名单，连同相关材料报教务处；教务处复核并提交校学位评定委员会审议后，对授予学士学位审议通过者颁发普通高等教育相关学科门类的学士学位证书。
第十条  学位获得者在校学习期间或在修业年限内有下列情形之一的，校学位评定委员会可撤销其已获得的学士学位：
（一）学位论文、毕业设计或者实践成果被认定为存在代写、剽窃、伪造等学术不端行为；
（二）盗用、冒用他人身份，顶替他人取得的入学资格，或者以其他非法手段取得入学资格、毕业证书；
（三）存在依法不应当授予学位的其他严重违法行为。
第十一条  学位证书遗失或者损坏，经本人申请，学校核实后出具相应的证明书。证明书与原证书具有同等效力。
第四章  其  他
第十二条 校学位评定委员会以会议方式进行，作出决议。会议须有全体组成人员的三分之二以上出席，决议事项以投票方式表决，由全体组成人员的过半数通过。
第十三条  本细则自2025年1月1日起施行。原《福州大学授予学士学位工作细则》（福大教〔2021〕15号）同时废止。校学位评定委员会授权教务处负责本细则的具体解释工作。",0,,,,,,
001042013840,https://jwch.fzu.edu.cn/content.jsp?urltype=news.NewsContentUrl&wbtreeid=1042&wbnewsid=13840,关于开展2025年拟出版本科教材审核工作的通知,【教材中心】,2024-12-31,"窗体顶端
各学院，相关教学单位：
根据教育部《普通高等学校教材管理办法》《福建省普通高等学校教材管理实施细则》和《福州大学教材管理实施细则》文件要求，为进一步规范学校教材编写管理工作，落实教材“凡编必审”相关要求，提高教材建设质量，现组织各学院及相关教学单位对2025年拟出版本科教材进行审核，具体要求和安排如下：
一、审核范围
由我校在职教师担任第一主编，拟于2025年出版的本科教材（包括纸质教材、数字教材和新形态教材等）。
二、审核内容及要求
（一）教材编写人员审核
1.各学院及相关教学单位党组织应依据《福州大学教材管理实施细则》（以下简称《实施细则》）（附件1）第十一条相关规定，对本单位教师参与教材编写（包含主编、参编）的人员进行重点审核，审核内容包括政治立场、师德师风、思想品德、学术功底、学术不端等；
2.教材主编需具有高级专业技术职务。
（二）教材内容审核
1.各学院及相关教学单位教材工作小组应依据《实施细则》第三、十、十七条相关规定，负责对本单位教师为第一主编，学校经费资助出版的教材内容进行审核。多学院或单位联合编写的教材，由第一主编所在单位组织审核；
2.各学院及相关教学单位教材工作小组组织相关学科专业领域专家、一线教师以及校外专家对拟出版教材的政治方向、价值导向、知识内容等方面进行审核。审核专家应具备高级专业技术职务，人数应不少于3人，其中校外专家不少于1人。审核人员需经所在单位党组织审核同意；
3.教材审核坚持凡编必审并实行盲审制度。
三、审核程序
（一）教材编写人员条件审核
1.参与本校教师为第一主编的教材编写任务。由第一主编填写《福州大学本科教材编写人员汇总表》（附件2）（一式二份），并提供全体教材编写人员所在单位党委政治审查意见（本校编写人员填写附件3、校外编写人员填写附件4）。各学院及相关教学单位党组织按照审核要求对本单位教材编写人员进行审核，并报党委教师工作部复核。复核通过后在学院网站公示，公示无异议后方可进行教材编写任务。
2.参与外单位组织的教材编写任务。参编人员应填写《福州大学本科教材编写人员审核表》，由所在单位党组织按照审核要求进行审核并报党委教师工作部复核，复核通过后在学院网站公示，公示无异议后方可进行教材编写任务。
（二）教材内容审核
1.教材第一主编提出申请
第一主编应于教材书稿交付出版社出版前三个月向所在学院或相关教学单位教材工作小组提出审核申请并提供教材书稿。
2.学院组织教材审核
（1）学院或相关教学单位教材工作小组组织教材审核小组（教材审核人员需满足《实施细则》第十九条相关要求）严格按照《实施细则》具体要求对教材内容进行全面审核，严把政治关、学术关，并形成书面审核意见（附件5），得出审核结论（通过/重新送审/不予通过）。
学院或相关教学单位教材审核工作原则上每季度组织一次，且应于每季度第三个月15日前完成。
（2）教材坚持凡编必审，并实行盲审和编审分离制度，同时应遵循回避原则。教材编写人员不得参与教材审核。
3.学校组织复审并得出审核结论。
四、其他要求
1.教材编写实行主编负责制。主编主持编写工作并负责统稿，对教材总体质量负责，参编人员对所编写内容负责；多个主编编写的教材，由第一主编负全责。专家学者个人编写的教材，由编写者对教材质量负全责；
2.拟出版教材第一主编应提交交付出版社出版前的最终书稿，由所在学院或相关教学单位教材工作小组统一组织专家审核。审核结论为“重新送审”和“不予通过”的教材不得出版；
3.各学院及相关教学单位要高度重视教师编写教材的审核工作，遵守有关纪律和程序；
4.各学院及相关教学单位需做好教材审核材料的存档工作，包括教材编写人员汇总表、编写人员审核表、教材审核表以及教材书稿等。
五、材料报送
请各学院及相关教学单位于每季度第三个月15日前完成本单位2025年拟出版教材的审核工作并进行公示，公示结束后提交《福州大学本科教材编写人员汇总表》《编写人员审核表》及《福州大学教材审核表》一式二份以及书稿一起提交至学校教材委员会本科教材办公室（教务处），另一份留本单位备查。

联系电话：0591-22866893  
地点：行政北楼西210

附件：1.福州大学教材管理实施细则
      2.福州大学本科教材编写人员汇总表
      3.福州大学本科教材编写人员政治审查表
4.福州大学本科教材校外编写人员政治审查表
      5.福州大学本科教材审核表

教务处
2024年12月31日
窗体底端",5,0017449848580015742686,附件4：福州大学本科教材校外编写人员政治审查表.docx,39,https://jwch.fzu.edu.cn/system/_content/download.jsp?urltype=news.DownloadAttachUrl&owner=1744984858&wbfileid=15742686,15742686,1744984858
001042013840,https://jwch.fzu.edu.cn/content.jsp?urltype=news.NewsContentUrl&wbtreeid=1042&wbnewsid=13840,关于开展2025年拟出版本科教材审核工作的通知,【教材中心】,2024-12-31,"窗体顶端
各学院，相关教学单位：
根据教育部《普通高等学校教材管理办法》《福建省普通高等学校教材管理实施细则》和《福州大学教材管理实施细则》文件要求，为进一步规范学校教材编写管理工作，落实教材“凡编必审”相关要求，提高教材建设质量，现组织各学院及相关教学单位对2025年拟出版本科教材进行审核，具体要求和安排如下：
一、审核范围
由我校在职教师担任第一主编，拟于2025年出版的本科教材（包括纸质教材、数字教材和新形态教材等）。
二、审核内容及要求
（一）教材编写人员审核
1.各学院及相关教学单位党组织应依据《福州大学教材管理实施细则》（以下简称《实施细则》）（附件1）第十一条相关规定，对本单位教师参与教材编写（包含主编、参编）的人员进行重点审核，审核内容包括政治立场、师德师风、思想品德、学术功底、学术不端等；
2.教材主编需具有高级专业技术职务。
（二）教材内容审核
1.各学院及相关教学单位教材工作小组应依据《实施细则》第三、十、十七条相关规定，负责对本单位教师为第一主编，学校经费资助出版的教材内容进行审核。多学院或单位联合编写的教材，由第一主编所在单位组织审核；
2.各学院及相关教学单位教材工作小组组织相关学科专业领域专家、一线教师以及校外专家对拟出版教材的政治方向、价值导向、知识内容等方面进行审核。审核专家应具备高级专业技术职务，人数应不少于3人，其中校外专家不少于1人。审核人员需经所在单位党组织审核同意；
3.教材审核坚持凡编必审并实行盲审制度。
三、审核程序
（一）教材编写人员条件审核
1.参与本校教师为第一主编的教材编写任务。由第一主编填写《福州大学本科教材编写人员汇总表》（附件2）（一式二份），并提供全体教材编写人员所在单位党委政治审查意见（本校编写人员填写附件3、校外编写人员填写附件4）。各学院及相关教学单位党组织按照审核要求对本单位教材编写人员进行审核，并报党委教师工作部复核。复核通过后在学院网站公示，公示无异议后方可进行教材编写任务。
2.参与外单位组织的教材编写任务。参编人员应填写《福州大学本科教材编写人员审核表》，由所在单位党组织按照审核要求进行审核并报党委教师工作部复核，复核通过后在学院网站公示，公示无异议后方可进行教材编写任务。
（二）教材内容审核
1.教材第一主编提出申请
第一主编应于教材书稿交付出版社出版前三个月向所在学院或相关教学单位教材工作小组提出审核申请并提供教材书稿。
2.学院组织教材审核
（1）学院或相关教学单位教材工作小组组织教材审核小组（教材审核人员需满足《实施细则》第十九条相关要求）严格按照《实施细则》具体要求对教材内容进行全面审核，严把政治关、学术关，并形成书面审核意见（附件5），得出审核结论（通过/重新送审/不予通过）。
学院或相关教学单位教材审核工作原则上每季度组织一次，且应于每季度第三个月15日前完成。
（2）教材坚持凡编必审，并实行盲审和编审分离制度，同时应遵循回避原则。教材编写人员不得参与教材审核。
3.学校组织复审并得出审核结论。
四、其他要求
1.教材编写实行主编负责制。主编主持编写工作并负责统稿，对教材总体质量负责，参编人员对所编写内容负责；多个主编编写的教材，由第一主编负全责。专家学者个人编写的教材，由编写者对教材质量负全责；
2.拟出版教材第一主编应提交交付出版社出版前的最终书稿，由所在学院或相关教学单位教材工作小组统一组织专家审核。审核结论为“重新送审”和“不予通过”的教材不得出版；
3.各学院及相关教学单位要高度重视教师编写教材的审核工作，遵守有关纪律和程序；
4.各学院及相关教学单位需做好教材审核材料的存档工作，包括教材编写人员汇总表、编写人员审核表、教材审核表以及教材书稿等。
五、材料报送
请各学院及相关教学单位于每季度第三个月15日前完成本单位2025年拟出版教材的审核工作并进行公示，公示结束后提交《福州大学本科教材编写人员汇总表》《编写人员审核表》及《福州大学教材审核表》一式二份以及书稿一起提交至学校教材委员会本科教材办公室（教务处），另一份留本单位备查。

联系电话：0591-22866893  
地点：行政北楼西210

附件：1.福州大学教材管理实施细则
      2.福州大学本科教材编写人员汇总表
      3.福州大学本科教材编写人员政治审查表
4.福州大学本科教材校外编写人员政治审查表
      5.福州大学本科教材审核表

教务处
2024年12月31日
窗体底端",5,0017449848580015742685,附件3：福州大学本科教材编写人员政治审查表.docx,39,https://jwch.fzu.edu.cn/system/_content/download.jsp?urltype=news.DownloadAttachUrl&owner=1744984858&wbfileid=15742685,15742685,1744984858
001042013840,https://jwch.fzu.edu.cn/content.jsp?urltype=news.NewsContentUrl&wbtreeid=1042&wbnewsid=13840,关于开展2025年拟出版本科教材审核工作的通知,【教材中心】,2024-12-31,"窗体顶端
各学院，相关教学单位：
根据教育部《普通高等学校教材管理办法》《福建省普通高等学校教材管理实施细则》和《福州大学教材管理实施细则》文件要求，为进一步规范学校教材编写管理工作，落实教材“凡编必审”相关要求，提高教材建设质量，现组织各学院及相关教学单位对2025年拟出版本科教材进行审核，具体要求和安排如下：
一、审核范围
由我校在职教师担任第一主编，拟于2025年出版的本科教材（包括纸质教材、数字教材和新形态教材等）。
二、审核内容及要求
（一）教材编写人员审核
1.各学院及相关教学单位党组织应依据《福州大学教材管理实施细则》（以下简称《实施细则》）（附件1）第十一条相关规定，对本单位教师参与教材编写（包含主编、参编）的人员进行重点审核，审核内容包括政治立场、师德师风、思想品德、学术功底、学术不端等；
2.教材主编需具有高级专业技术职务。
（二）教材内容审核
1.各学院及相关教学单位教材工作小组应依据《实施细则》第三、十、十七条相关规定，负责对本单位教师为第一主编，学校经费资助出版的教材内容进行审核。多学院或单位联合编写的教材，由第一主编所在单位组织审核；
2.各学院及相关教学单位教材工作小组组织相关学科专业领域专家、一线教师以及校外专家对拟出版教材的政治方向、价值导向、知识内容等方面进行审核。审核专家应具备高级专业技术职务，人数应不少于3人，其中校外专家不少于1人。审核人员需经所在单位党组织审核同意；
3.教材审核坚持凡编必审并实行盲审制度。
三、审核程序
（一）教材编写人员条件审核
1.参与本校教师为第一主编的教材编写任务。由第一主编填写《福州大学本科教材编写人员汇总表》（附件2）（一式二份），并提供全体教材编写人员所在单位党委政治审查意见（本校编写人员填写附件3、校外编写人员填写附件4）。各学院及相关教学单位党组织按照审核要求对本单位教材编写人员进行审核，并报党委教师工作部复核。复核通过后在学院网站公示，公示无异议后方可进行教材编写任务。
2.参与外单位组织的教材编写任务。参编人员应填写《福州大学本科教材编写人员审核表》，由所在单位党组织按照审核要求进行审核并报党委教师工作部复核，复核通过后在学院网站公示，公示无异议后方可进行教材编写任务。
（二）教材内容审核
1.教材第一主编提出申请
第一主编应于教材书稿交付出版社出版前三个月向所在学院或相关教学单位教材工作小组提出审核申请并提供教材书稿。
2.学院组织教材审核
（1）学院或相关教学单位教材工作小组组织教材审核小组（教材审核人员需满足《实施细则》第十九条相关要求）严格按照《实施细则》具体要求对教材内容进行全面审核，严把政治关、学术关，并形成书面审核意见（附件5），得出审核结论（通过/重新送审/不予通过）。
学院或相关教学单位教材审核工作原则上每季度组织一次，且应于每季度第三个月15日前完成。
（2）教材坚持凡编必审，并实行盲审和编审分离制度，同时应遵循回避原则。教材编写人员不得参与教材审核。
3.学校组织复审并得出审核结论。
四、其他要求
1.教材编写实行主编负责制。主编主持编写工作并负责统稿，对教材总体质量负责，参编人员对所编写内容负责；多个主编编写的教材，由第一主编负全责。专家学者个人编写的教材，由编写者对教材质量负全责；
2.拟出版教材第一主编应提交交付出版社出版前的最终书稿，由所在学院或相关教学单位教材工作小组统一组织专家审核。审核结论为“重新送审”和“不予通过”的教材不得出版；
3.各学院及相关教学单位要高度重视教师编写教材的审核工作，遵守有关纪律和程序；
4.各学院及相关教学单位需做好教材审核材料的存档工作，包括教材编写人员汇总表、编写人员审核表、教材审核表以及教材书稿等。
五、材料报送
请各学院及相关教学单位于每季度第三个月15日前完成本单位2025年拟出版教材的审核工作并进行公示，公示结束后提交《福州大学本科教材编写人员汇总表》《编写人员审核表》及《福州大学教材审核表》一式二份以及书稿一起提交至学校教材委员会本科教材办公室（教务处），另一份留本单位备查。

联系电话：0591-22866893  
地点：行政北楼西210

附件：1.福州大学教材管理实施细则
      2.福州大学本科教材编写人员汇总表
      3.福州大学本科教材编写人员政治审查表
4.福州大学本科教材校外编写人员政治审查表
      5.福州大学本科教材审核表

教务处
2024年12月31日
窗体底端",5,0017449848580015742681,附件1：福州大学教材管理实施细则.pdf,39,https://jwch.fzu.edu.cn/system/_content/download.jsp?urltype=news.DownloadAttachUrl&owner=1744984858&wbfileid=15742681,15742681,1744984858
001042013840,https://jwch.fzu.edu.cn/content.jsp?urltype=news.NewsContentUrl&wbtreeid=1042&wbnewsid=13840,关于开展2025年拟出版本科教材审核工作的通知,【教材中心】,2024-12-31,"窗体顶端
各学院，相关教学单位：
根据教育部《普通高等学校教材管理办法》《福建省普通高等学校教材管理实施细则》和《福州大学教材管理实施细则》文件要求，为进一步规范学校教材编写管理工作，落实教材“凡编必审”相关要求，提高教材建设质量，现组织各学院及相关教学单位对2025年拟出版本科教材进行审核，具体要求和安排如下：
一、审核范围
由我校在职教师担任第一主编，拟于2025年出版的本科教材（包括纸质教材、数字教材和新形态教材等）。
二、审核内容及要求
（一）教材编写人员审核
1.各学院及相关教学单位党组织应依据《福州大学教材管理实施细则》（以下简称《实施细则》）（附件1）第十一条相关规定，对本单位教师参与教材编写（包含主编、参编）的人员进行重点审核，审核内容包括政治立场、师德师风、思想品德、学术功底、学术不端等；
2.教材主编需具有高级专业技术职务。
（二）教材内容审核
1.各学院及相关教学单位教材工作小组应依据《实施细则》第三、十、十七条相关规定，负责对本单位教师为第一主编，学校经费资助出版的教材内容进行审核。多学院或单位联合编写的教材，由第一主编所在单位组织审核；
2.各学院及相关教学单位教材工作小组组织相关学科专业领域专家、一线教师以及校外专家对拟出版教材的政治方向、价值导向、知识内容等方面进行审核。审核专家应具备高级专业技术职务，人数应不少于3人，其中校外专家不少于1人。审核人员需经所在单位党组织审核同意；
3.教材审核坚持凡编必审并实行盲审制度。
三、审核程序
（一）教材编写人员条件审核
1.参与本校教师为第一主编的教材编写任务。由第一主编填写《福州大学本科教材编写人员汇总表》（附件2）（一式二份），并提供全体教材编写人员所在单位党委政治审查意见（本校编写人员填写附件3、校外编写人员填写附件4）。各学院及相关教学单位党组织按照审核要求对本单位教材编写人员进行审核，并报党委教师工作部复核。复核通过后在学院网站公示，公示无异议后方可进行教材编写任务。
2.参与外单位组织的教材编写任务。参编人员应填写《福州大学本科教材编写人员审核表》，由所在单位党组织按照审核要求进行审核并报党委教师工作部复核，复核通过后在学院网站公示，公示无异议后方可进行教材编写任务。
（二）教材内容审核
1.教材第一主编提出申请
第一主编应于教材书稿交付出版社出版前三个月向所在学院或相关教学单位教材工作小组提出审核申请并提供教材书稿。
2.学院组织教材审核
（1）学院或相关教学单位教材工作小组组织教材审核小组（教材审核人员需满足《实施细则》第十九条相关要求）严格按照《实施细则》具体要求对教材内容进行全面审核，严把政治关、学术关，并形成书面审核意见（附件5），得出审核结论（通过/重新送审/不予通过）。
学院或相关教学单位教材审核工作原则上每季度组织一次，且应于每季度第三个月15日前完成。
（2）教材坚持凡编必审，并实行盲审和编审分离制度，同时应遵循回避原则。教材编写人员不得参与教材审核。
3.学校组织复审并得出审核结论。
四、其他要求
1.教材编写实行主编负责制。主编主持编写工作并负责统稿，对教材总体质量负责，参编人员对所编写内容负责；多个主编编写的教材，由第一主编负全责。专家学者个人编写的教材，由编写者对教材质量负全责；
2.拟出版教材第一主编应提交交付出版社出版前的最终书稿，由所在学院或相关教学单位教材工作小组统一组织专家审核。审核结论为“重新送审”和“不予通过”的教材不得出版；
3.各学院及相关教学单位要高度重视教师编写教材的审核工作，遵守有关纪律和程序；
4.各学院及相关教学单位需做好教材审核材料的存档工作，包括教材编写人员汇总表、编写人员审核表、教材审核表以及教材书稿等。
五、材料报送
请各学院及相关教学单位于每季度第三个月15日前完成本单位2025年拟出版教材的审核工作并进行公示，公示结束后提交《福州大学本科教材编写人员汇总表》《编写人员审核表》及《福州大学教材审核表》一式二份以及书稿一起提交至学校教材委员会本科教材办公室（教务处），另一份留本单位备查。

联系电话：0591-22866893  
地点：行政北楼西210

附件：1.福州大学教材管理实施细则
      2.福州大学本科教材编写人员汇总表
      3.福州大学本科教材编写人员政治审查表
4.福州大学本科教材校外编写人员政治审查表
      5.福州大学本科教材审核表

教务处
2024年12月31日
窗体底端",5,0017449848580015742682,附件2：福州大学本科教材编写人员汇总表.docx,42,https://jwch.fzu.edu.cn/system/_content/download.jsp?urltype=news.DownloadAttachUrl&owner=1744984858&wbfileid=15742682,15742682,1744984858
001042013840,https://jwch.fzu.edu.cn/content.jsp?urltype=news.NewsContentUrl&wbtreeid=1042&wbnewsid=13840,关于开展2025年拟出版本科教材审核工作的通知,【教材中心】,2024-12-31,"窗体顶端
各学院，相关教学单位：
根据教育部《普通高等学校教材管理办法》《福建省普通高等学校教材管理实施细则》和《福州大学教材管理实施细则》文件要求，为进一步规范学校教材编写管理工作，落实教材“凡编必审”相关要求，提高教材建设质量，现组织各学院及相关教学单位对2025年拟出版本科教材进行审核，具体要求和安排如下：
一、审核范围
由我校在职教师担任第一主编，拟于2025年出版的本科教材（包括纸质教材、数字教材和新形态教材等）。
二、审核内容及要求
（一）教材编写人员审核
1.各学院及相关教学单位党组织应依据《福州大学教材管理实施细则》（以下简称《实施细则》）（附件1）第十一条相关规定，对本单位教师参与教材编写（包含主编、参编）的人员进行重点审核，审核内容包括政治立场、师德师风、思想品德、学术功底、学术不端等；
2.教材主编需具有高级专业技术职务。
（二）教材内容审核
1.各学院及相关教学单位教材工作小组应依据《实施细则》第三、十、十七条相关规定，负责对本单位教师为第一主编，学校经费资助出版的教材内容进行审核。多学院或单位联合编写的教材，由第一主编所在单位组织审核；
2.各学院及相关教学单位教材工作小组组织相关学科专业领域专家、一线教师以及校外专家对拟出版教材的政治方向、价值导向、知识内容等方面进行审核。审核专家应具备高级专业技术职务，人数应不少于3人，其中校外专家不少于1人。审核人员需经所在单位党组织审核同意；
3.教材审核坚持凡编必审并实行盲审制度。
三、审核程序
（一）教材编写人员条件审核
1.参与本校教师为第一主编的教材编写任务。由第一主编填写《福州大学本科教材编写人员汇总表》（附件2）（一式二份），并提供全体教材编写人员所在单位党委政治审查意见（本校编写人员填写附件3、校外编写人员填写附件4）。各学院及相关教学单位党组织按照审核要求对本单位教材编写人员进行审核，并报党委教师工作部复核。复核通过后在学院网站公示，公示无异议后方可进行教材编写任务。
2.参与外单位组织的教材编写任务。参编人员应填写《福州大学本科教材编写人员审核表》，由所在单位党组织按照审核要求进行审核并报党委教师工作部复核，复核通过后在学院网站公示，公示无异议后方可进行教材编写任务。
（二）教材内容审核
1.教材第一主编提出申请
第一主编应于教材书稿交付出版社出版前三个月向所在学院或相关教学单位教材工作小组提出审核申请并提供教材书稿。
2.学院组织教材审核
（1）学院或相关教学单位教材工作小组组织教材审核小组（教材审核人员需满足《实施细则》第十九条相关要求）严格按照《实施细则》具体要求对教材内容进行全面审核，严把政治关、学术关，并形成书面审核意见（附件5），得出审核结论（通过/重新送审/不予通过）。
学院或相关教学单位教材审核工作原则上每季度组织一次，且应于每季度第三个月15日前完成。
（2）教材坚持凡编必审，并实行盲审和编审分离制度，同时应遵循回避原则。教材编写人员不得参与教材审核。
3.学校组织复审并得出审核结论。
四、其他要求
1.教材编写实行主编负责制。主编主持编写工作并负责统稿，对教材总体质量负责，参编人员对所编写内容负责；多个主编编写的教材，由第一主编负全责。专家学者个人编写的教材，由编写者对教材质量负全责；
2.拟出版教材第一主编应提交交付出版社出版前的最终书稿，由所在学院或相关教学单位教材工作小组统一组织专家审核。审核结论为“重新送审”和“不予通过”的教材不得出版；
3.各学院及相关教学单位要高度重视教师编写教材的审核工作，遵守有关纪律和程序；
4.各学院及相关教学单位需做好教材审核材料的存档工作，包括教材编写人员汇总表、编写人员审核表、教材审核表以及教材书稿等。
五、材料报送
请各学院及相关教学单位于每季度第三个月15日前完成本单位2025年拟出版教材的审核工作并进行公示，公示结束后提交《福州大学本科教材编写人员汇总表》《编写人员审核表》及《福州大学教材审核表》一式二份以及书稿一起提交至学校教材委员会本科教材办公室（教务处），另一份留本单位备查。

联系电话：0591-22866893  
地点：行政北楼西210

附件：1.福州大学教材管理实施细则
      2.福州大学本科教材编写人员汇总表
      3.福州大学本科教材编写人员政治审查表
4.福州大学本科教材校外编写人员政治审查表
      5.福州大学本科教材审核表

教务处
2024年12月31日
窗体底端",5,0017449848580015742683,附件5：福州大学本科教材编写审核表.docx,43,https://jwch.fzu.edu.cn/system/_content/download.jsp?urltype=news.DownloadAttachUrl&owner=1744984858&wbfileid=15742683,15742683,1744984858
001039013836,https://jwch.fzu.edu.cn/info/1039/13836.htm,关于对2024年学院教学有关数据进行统计的通知,【实践科】,2024-12-30,"各学院：
为全面了解掌握各学院教学有关状态，现需对2024年学院教学有关数据进行汇总统计，学校将依此核算2024年教学工作业绩分值，并作为对学院各项教学评估、学院办学质效评价和学生创新创业素质拓展学分认定的重要依据，请各学院认真组织填报并审核，确保数据收集完整，不错不漏。并及时上报统计表及相关扫描件电子文档（扫描件电子文档须清晰整洁），有关统计数据在规定的申报时间内逾期未报视为自动放弃，将不予受理补报。
一、2024年需统计上报的数据有：
1.2024年出版的教材（需附教材封面、封底及有出版印次及字数页面的扫描件电子文档）
2.2024年发表的教研论文（需附中国知网上下载的论文电子版，如下载不了，则需附整篇论文扫描件电子文档）
3.2024年教师获教学类奖励及学院主办或承办全国性教学类会议情况表
4.2024年本科生专利（著作权）授权情况（本科生需第一作者）（需附专利证书扫描件电子文档）
5.2024年本科生参加省级以上各类学科竞赛获奖情况（需附获奖证书扫描件电子文档），仅需统计参赛团队（个人）成员排名第一是本科生的所有竞赛获奖项目，填报成员时只需填报该本科生1人的学号、姓名。
6.2024年学院获省级以上学科竞赛优秀组织奖情况
二、报送材料
1.福州大学**学院教材出版统计表
2.福州大学**学院发表教研论文统计表
3.**学院教师获教学类奖励及主办或承办全国性教学类会议情况表
4.福州大学本科生专利（著作权）授权情况一览表
5.福州大学本科生参加学科竞赛获奖情况统计表
6.福州大学本科生参加创新活动、技能竞赛获奖情况统计表
7.福州大学本科生参加文艺、体育竞赛获奖情况统计表
8.福州大学获省级以上学科竞赛优秀组织奖情况统计表
      9.需统计上报的各类数据支撑材料扫描件电子版。
请各学院于2025年1月15日前将表1-3项纸质统计表报送教务处教研教改科（统计表及扫描件电子版发至jyk@fzu.edu.cn）.将附表4-8项纸质统计表报送教务处实践教学科（统计表及描件电子版发至jwcsjk@fzu.edu.cn）。
表格请点击附件下载

                                                                                    福州大学教务处
                                                                                  2024年12月30日",1,0017449848580015742546,2024年学院教学有关数据统计表格.zip,815,https://jwch.fzu.edu.cn/system/_content/download.jsp?urltype=news.DownloadAttachUrl&owner=1744984858&wbfileid=15742546,15742546,1744984858
001039013834,https://jwch.fzu.edu.cn/info/1039/13834.htm,关于举办福州大学第十一届桥梁设计大赛的通知,【实践科】,2024-12-30,"各学院：
为鼓励大学生创新创作热情，展示大学生动手能力，培养创新能力、团队意识和更多创新型、实用型、复合型人才，学校决定举办福州大学第十一届桥梁设计大赛。经过校级比赛后，将推荐获奖学生组队参加“中交公规院杯”世界大学生桥梁设计大赛、全国大学生“茅以升公益桥——小桥工程”设计大赛、“共创杯”智能建造技术创新大赛。现将有关事项通知如下：
一、竞赛目的
桥梁设计大赛旨在培养大学生的创新设计意识、综合设计能力与团队协作精神；加强学生动手能力的培养和工程实践的训练，提高学生针对实际需求，通过创新思维进行桥梁结构、桥梁施工、桥梁智能建造方面的设计；吸引、鼓励广大学生踊跃参加课外科技实践活动，为优秀人才脱颖而出创造条件；发现并培养更多的桥梁工程方向专业人才，为推动桥梁建设进步提供更多人才储备。
二、组织形式
    1. 主办单位：福州大学教务处
    2. 协办单位：福州大学学生工作部（处）、团委
    3. 承办单位：福州大学学生桥梁科创与文创协会
    4. 竞赛组委会：筹备、主持竞赛，负责发动报名、拟定竞赛细则、组成专家组评奖等。
 5. 赞助单位：厦门市市政工程设计院有限公司等
三、大赛内容
（一）桥梁设计类
1. 选择合适的跨越江河湖海等较大水域和深山峡谷等地貌特征突出的桥址。
2. 桥址区地形、地貌、气候、气象、水文、地质、地震、 撞击、温度、荷载等条件及执行的技术标准由参赛者自行确定，与设计参数和设计结果等一并在设计方案、说明中明确。
3. 桥梁规模：最小跨径应在10m以上，桥长应在20～5000m之间，桥宽范围4～50m之间，跨径组合由设计者自定。
4. 参赛桥梁主要桥型和设计内容要求如下：
（1）桥梁种类：公路桥、铁路桥、市政桥、景观桥、人行桥、自行车桥、综合桥等；
（2）桥型方案：悬索、斜拉、拱桥、梁桥及组合、混合、协作以及新概念、未来之桥等；
（3）构件设计：桥塔、拱肋、梁、墩台、索、缆、桥面附属设施的设计及组合等；
（4）材料设计：钢、混凝土、组合与混合、新材料等；
（5）施工方案：先进、创新、适用的施工方案。
5. BIM技术应用：
（1）参赛项目在桥梁设计阶段应用BIM技术。
通过BIM技术对桥梁工程建设信息进行全方位定位而设计出适合施工现场环境和资源的设计方案。方案的后期修改可以运用BIM技术来节约更改时间，同时保障设计准确率的有效提升。
（2）参赛项目在桥梁施工阶段应用BIM技术。
将BIM技术与虚拟技术、数值仿真等技术结合，建立桥梁施工结构树，梳理优化出各个施工节段的业务信息及流程，节约施工成本和合理分配资源，实现桥梁建造过程信息化、精细化、智能化。
（二）智能建造类
1. 围绕桥梁（可扩展到公路、铁路、城市道路及其改扩建工程）智能建造（含数字规划、数字设计、智慧工地、智慧运维等建设全过程）进行创新设计。
2. 桥梁智能建造竞赛主要主题如下：
新型工业化建造与管理
装配式应用
施工自动化
智慧工地建设
智能化绿色施工
基础设施智慧运维
智慧建造信息化管理平台
数字孪生与智慧运维
其他
3. 鼓励参赛作品应用与桥梁智能建造相关的技术，如：BIM 技术、CIM 技术、智能物联网技术、人工智能与大数据、虚拟仿真、传感与机器人技术、建造智能化设备、GIS 技术等信息技术研究桥梁（可扩展到公路、铁路、城市道路及其改扩建工程）工程设计、施工、运营、管理领域问题。在整个工程的全寿命周期内，全面应用智慧建造一体化技术，使互联网公司、施工企业、设计单位、管理单位等企业在各个环节达到互联互通。
针对桥梁项目施工工序繁琐、施工质量要求高，鼓励参赛作品基于BIM信息技术，研发桥梁可视化、动态化施工监控平台。将摄影技术、虚拟现实、GIS技术与BIM技术相融合，构建工程的真实三维场景，提高建模工作效率。
参赛团队应本着诚实守信的态度提交参赛作品，不抄袭，不作弊，无产权争议，对其作品的真实性及产生的一切法律后果负责。组委会对于因弄虚作假而获奖的团队取消其所获奖项并收回证书和奖杯。
四、参赛对象与方式
1. 竞赛对象：全日制本科生。
2. 参赛方式：
1）以团队形式参赛
2）每个参赛队由3-4人组成，如参赛队总人数4人，其中至少1人为非土木工程学院学生。参赛队每队有一名队长，且每队必须有1名指导老师。
五、竞赛事宜
1. 竞赛形式：
1）初赛：参赛队伍提交作品，由专家对作品进行筛选，并评出进入决赛的队伍。
2）决赛：采取现场公开讲解与展示，专家进行评审的形式。
2. 竞赛时间：竞赛分为初赛和决赛两个阶段。
参赛报名开始日与截止日：自发文之日起至2025年1月20日。
初赛阶段（自发文之日起—— 2025年3月23日）：作品提交截止日期为 2025年3月17日，3月18日——3月22日进入评审期，由专家组对选手提交的材料进行筛选，2025年3月23日公布进入决赛名单。
决赛阶段（2025年3月24日—— 2025年4月27日）：作品提交截止日期为 2025年4月24日，2025年4月26日进行决赛，决赛小组以 PPT 或其它多媒体形式进行介绍，现场专家投票，决赛现场即公布获奖名单。
3. 竞赛地点：福州大学旗山校区土木工程学院多功能厅 。
 六、指导方式
本次竞赛由于参赛的选手多，专业面较宽，需要几个学院的教师合作、共同指导学生。
学生也可以自行联系相关的专业老师指导或相关专业技术人士。
本赛事已建QQ群（群号：1007060302 ），热烈欢迎参赛师生加入。
七、评审与奖励
（一）评审
为了提高竞赛的水平，竞赛筹备组将聘请多位知名业内专家组成竞赛专家组，并设一名组长。对参赛作品分别按照下列标准进行综合评审：
1. 桥梁设计类
作品需考虑安全、适用、耐久、创新、美观、环保、节能等理念，同时还应兼顾作品设计主旨、设计理念、设计效果、设计价值等。
2. 智能建造类
作品应面向工程实际应用，综合考虑技术可行性、经济可行性等因素，提供科学合理、高效完整的智能化实施流程，包括主要应用内容、解决方案、应用成效、创新点、推广价值等。
（二）奖励
1. 竞赛将评出一等奖、二等奖、三等奖及优秀奖各若干名（具体名额根据实际参赛情况而定），并颁发证书及奖金。
2. 获得二等奖（含）以上的学生可根据学校有关规定申请学分认定。
八、 报名方式
   1. 报名：填写福州大学第十一届桥梁设计大赛报名表（附件2）并以电子版形式（以便数据处理备份）发邮件到：3337986062@qq.com。
   2. 注意事项：
（1）报名时，应详细填写报名表（附件2） ：参赛人员姓名、学号、年级、专业及班级、QQ 号和联系手机等；
（2）报名费用：无。
  九、重要时间
参赛报名开始日与截止日：自发文之日起至2025年1月20日；
初赛作品提交截止日：2025年3月17号；
初赛选拔结果日：2025年3月23日；
决赛作品提交截止日：2025年4月24日；
决赛作品决赛日：2025年4月26日。
附件：
1.福州大学第十一届桥梁设计大赛竞赛组委会
2.福州大学第十一届桥梁设计大赛报名表
3.福州大学第十一届桥梁设计大赛竞赛细则

                                    福州大学教务处
                                                                                                             2024年12月30日

附件1：
福州大学第十一届桥梁设计大赛竞赛组委会

主任：于岩
委员：黄明、张弘、巫朝辉、郑路、谷音
秘书：赵秋、杨艳",2,0017449848580015742381,附件2：福州大学第十一届桥梁设计大赛报名表.doc,634,https://jwch.fzu.edu.cn/system/_content/download.jsp?urltype=news.DownloadAttachUrl&owner=1744984858&wbfileid=15742381,15742381,1744984858
001039013834,https://jwch.fzu.edu.cn/info/1039/13834.htm,关于举办福州大学第十一届桥梁设计大赛的通知,【实践科】,2024-12-30,"各学院：
为鼓励大学生创新创作热情，展示大学生动手能力，培养创新能力、团队意识和更多创新型、实用型、复合型人才，学校决定举办福州大学第十一届桥梁设计大赛。经过校级比赛后，将推荐获奖学生组队参加“中交公规院杯”世界大学生桥梁设计大赛、全国大学生“茅以升公益桥——小桥工程”设计大赛、“共创杯”智能建造技术创新大赛。现将有关事项通知如下：
一、竞赛目的
桥梁设计大赛旨在培养大学生的创新设计意识、综合设计能力与团队协作精神；加强学生动手能力的培养和工程实践的训练，提高学生针对实际需求，通过创新思维进行桥梁结构、桥梁施工、桥梁智能建造方面的设计；吸引、鼓励广大学生踊跃参加课外科技实践活动，为优秀人才脱颖而出创造条件；发现并培养更多的桥梁工程方向专业人才，为推动桥梁建设进步提供更多人才储备。
二、组织形式
    1. 主办单位：福州大学教务处
    2. 协办单位：福州大学学生工作部（处）、团委
    3. 承办单位：福州大学学生桥梁科创与文创协会
    4. 竞赛组委会：筹备、主持竞赛，负责发动报名、拟定竞赛细则、组成专家组评奖等。
 5. 赞助单位：厦门市市政工程设计院有限公司等
三、大赛内容
（一）桥梁设计类
1. 选择合适的跨越江河湖海等较大水域和深山峡谷等地貌特征突出的桥址。
2. 桥址区地形、地貌、气候、气象、水文、地质、地震、 撞击、温度、荷载等条件及执行的技术标准由参赛者自行确定，与设计参数和设计结果等一并在设计方案、说明中明确。
3. 桥梁规模：最小跨径应在10m以上，桥长应在20～5000m之间，桥宽范围4～50m之间，跨径组合由设计者自定。
4. 参赛桥梁主要桥型和设计内容要求如下：
（1）桥梁种类：公路桥、铁路桥、市政桥、景观桥、人行桥、自行车桥、综合桥等；
（2）桥型方案：悬索、斜拉、拱桥、梁桥及组合、混合、协作以及新概念、未来之桥等；
（3）构件设计：桥塔、拱肋、梁、墩台、索、缆、桥面附属设施的设计及组合等；
（4）材料设计：钢、混凝土、组合与混合、新材料等；
（5）施工方案：先进、创新、适用的施工方案。
5. BIM技术应用：
（1）参赛项目在桥梁设计阶段应用BIM技术。
通过BIM技术对桥梁工程建设信息进行全方位定位而设计出适合施工现场环境和资源的设计方案。方案的后期修改可以运用BIM技术来节约更改时间，同时保障设计准确率的有效提升。
（2）参赛项目在桥梁施工阶段应用BIM技术。
将BIM技术与虚拟技术、数值仿真等技术结合，建立桥梁施工结构树，梳理优化出各个施工节段的业务信息及流程，节约施工成本和合理分配资源，实现桥梁建造过程信息化、精细化、智能化。
（二）智能建造类
1. 围绕桥梁（可扩展到公路、铁路、城市道路及其改扩建工程）智能建造（含数字规划、数字设计、智慧工地、智慧运维等建设全过程）进行创新设计。
2. 桥梁智能建造竞赛主要主题如下：
新型工业化建造与管理
装配式应用
施工自动化
智慧工地建设
智能化绿色施工
基础设施智慧运维
智慧建造信息化管理平台
数字孪生与智慧运维
其他
3. 鼓励参赛作品应用与桥梁智能建造相关的技术，如：BIM 技术、CIM 技术、智能物联网技术、人工智能与大数据、虚拟仿真、传感与机器人技术、建造智能化设备、GIS 技术等信息技术研究桥梁（可扩展到公路、铁路、城市道路及其改扩建工程）工程设计、施工、运营、管理领域问题。在整个工程的全寿命周期内，全面应用智慧建造一体化技术，使互联网公司、施工企业、设计单位、管理单位等企业在各个环节达到互联互通。
针对桥梁项目施工工序繁琐、施工质量要求高，鼓励参赛作品基于BIM信息技术，研发桥梁可视化、动态化施工监控平台。将摄影技术、虚拟现实、GIS技术与BIM技术相融合，构建工程的真实三维场景，提高建模工作效率。
参赛团队应本着诚实守信的态度提交参赛作品，不抄袭，不作弊，无产权争议，对其作品的真实性及产生的一切法律后果负责。组委会对于因弄虚作假而获奖的团队取消其所获奖项并收回证书和奖杯。
四、参赛对象与方式
1. 竞赛对象：全日制本科生。
2. 参赛方式：
1）以团队形式参赛
2）每个参赛队由3-4人组成，如参赛队总人数4人，其中至少1人为非土木工程学院学生。参赛队每队有一名队长，且每队必须有1名指导老师。
五、竞赛事宜
1. 竞赛形式：
1）初赛：参赛队伍提交作品，由专家对作品进行筛选，并评出进入决赛的队伍。
2）决赛：采取现场公开讲解与展示，专家进行评审的形式。
2. 竞赛时间：竞赛分为初赛和决赛两个阶段。
参赛报名开始日与截止日：自发文之日起至2025年1月20日。
初赛阶段（自发文之日起—— 2025年3月23日）：作品提交截止日期为 2025年3月17日，3月18日——3月22日进入评审期，由专家组对选手提交的材料进行筛选，2025年3月23日公布进入决赛名单。
决赛阶段（2025年3月24日—— 2025年4月27日）：作品提交截止日期为 2025年4月24日，2025年4月26日进行决赛，决赛小组以 PPT 或其它多媒体形式进行介绍，现场专家投票，决赛现场即公布获奖名单。
3. 竞赛地点：福州大学旗山校区土木工程学院多功能厅 。
 六、指导方式
本次竞赛由于参赛的选手多，专业面较宽，需要几个学院的教师合作、共同指导学生。
学生也可以自行联系相关的专业老师指导或相关专业技术人士。
本赛事已建QQ群（群号：1007060302 ），热烈欢迎参赛师生加入。
七、评审与奖励
（一）评审
为了提高竞赛的水平，竞赛筹备组将聘请多位知名业内专家组成竞赛专家组，并设一名组长。对参赛作品分别按照下列标准进行综合评审：
1. 桥梁设计类
作品需考虑安全、适用、耐久、创新、美观、环保、节能等理念，同时还应兼顾作品设计主旨、设计理念、设计效果、设计价值等。
2. 智能建造类
作品应面向工程实际应用，综合考虑技术可行性、经济可行性等因素，提供科学合理、高效完整的智能化实施流程，包括主要应用内容、解决方案、应用成效、创新点、推广价值等。
（二）奖励
1. 竞赛将评出一等奖、二等奖、三等奖及优秀奖各若干名（具体名额根据实际参赛情况而定），并颁发证书及奖金。
2. 获得二等奖（含）以上的学生可根据学校有关规定申请学分认定。
八、 报名方式
   1. 报名：填写福州大学第十一届桥梁设计大赛报名表（附件2）并以电子版形式（以便数据处理备份）发邮件到：3337986062@qq.com。
   2. 注意事项：
（1）报名时，应详细填写报名表（附件2） ：参赛人员姓名、学号、年级、专业及班级、QQ 号和联系手机等；
（2）报名费用：无。
  九、重要时间
参赛报名开始日与截止日：自发文之日起至2025年1月20日；
初赛作品提交截止日：2025年3月17号；
初赛选拔结果日：2025年3月23日；
决赛作品提交截止日：2025年4月24日；
决赛作品决赛日：2025年4月26日。
附件：
1.福州大学第十一届桥梁设计大赛竞赛组委会
2.福州大学第十一届桥梁设计大赛报名表
3.福州大学第十一届桥梁设计大赛竞赛细则

                                    福州大学教务处
                                                                                                             2024年12月30日

附件1：
福州大学第十一届桥梁设计大赛竞赛组委会

主任：于岩
委员：黄明、张弘、巫朝辉、郑路、谷音
秘书：赵秋、杨艳",2,0017449848580015742380,附件3：福州大学第十一届桥梁设计大赛-竞赛细则.doc,929,https://jwch.fzu.edu.cn/system/_content/download.jsp?urltype=news.DownloadAttachUrl&owner=1744984858&wbfileid=15742380,15742380,1744984858
001036013833,https://jwch.fzu.edu.cn/info/1036/13833.htm,关于2024-2025学年第一学期《大学物理A（下）》和《大学物理B（下）》课程期末考试安排的通知,【教学运行】,2024-12-29,"各有关学院：
定于2025年1月17日上午进行《大学物理A（下）》和《大学物理B（下）》课程期末考试，请有关协助监考学院按考表（见附件）安排监考老师并录入系统，及时通知监考老师和学生上系统查看考试信息，以免延误考试。
为保证考试的顺利进行，如其他教学安排时间或地点与此次考试冲突，请予以调整。

物信学院
教务处
2024年12月29日",1,0017449848580015742324,2401大学物理A下、B下期末考-1.17上午.xlsx,592,https://jwch.fzu.edu.cn/system/_content/download.jsp?urltype=news.DownloadAttachUrl&owner=1744984858&wbfileid=15742324,15742324,1744984858
001036013831,https://jwch.fzu.edu.cn/info/1036/13831.htm,关于2024-2025学年第一学期《高等数学A（上）》、《高等数学B（上）》、《高等数学C（上）》和《高等数学D》课程期末考试安排的通知,【教学运行】,2024-12-29,"各有关学院：
定于2025年1月16日上、下午进行《高等数学A（上）》、《高等数学B（上）》、《高等数学C（上）》和《高等数学D》课程期末考试，请有关协助监考学院按考表（见附件）安排监考老师并录入系统，及时通知监考老师和学生上系统查看考试信息，以免延误考试。
为保证考试的顺利进行，如其他教学安排时间或地点与此次考试冲突，请予以调整。

数统学院
教务处
2024年12月29日",2,0017449848580015742323,2401高等数学C上、D期末考-1.16下午.xlsx,606,https://jwch.fzu.edu.cn/system/_content/download.jsp?urltype=news.DownloadAttachUrl&owner=1744984858&wbfileid=15742323,15742323,1744984858
001036013831,https://jwch.fzu.edu.cn/info/1036/13831.htm,关于2024-2025学年第一学期《高等数学A（上）》、《高等数学B（上）》、《高等数学C（上）》和《高等数学D》课程期末考试安排的通知,【教学运行】,2024-12-29,"各有关学院：
定于2025年1月16日上、下午进行《高等数学A（上）》、《高等数学B（上）》、《高等数学C（上）》和《高等数学D》课程期末考试，请有关协助监考学院按考表（见附件）安排监考老师并录入系统，及时通知监考老师和学生上系统查看考试信息，以免延误考试。
为保证考试的顺利进行，如其他教学安排时间或地点与此次考试冲突，请予以调整。

数统学院
教务处
2024年12月29日",2,0017449848580015742322,2401高等数学A上、B上期末考-1.16上午.xlsx,838,https://jwch.fzu.edu.cn/system/_content/download.jsp?urltype=news.DownloadAttachUrl&owner=1744984858&wbfileid=15742322,15742322,1744984858
001036013820,https://jwch.fzu.edu.cn/info/1036/13820.htm,关于做好期末复习考试及下学期开学等工作的通知,【教学运行】,2024-12-27,"校教〔2024〕52 号

各学院、各有关单位:
    本学期已近尾声，现将本学期期末教学工作安排及下学期开学初有关工作的注意事项通知如下:
一、期末考试
1.考试安排
本学期教学安排至1月17日，2025年1月18日至2月23日放寒假。2025年1月11日至1月17日为期末停课考试时间。
各年段停课考试时间内至少应安排二门考试课程，1月16日或17日应排一门考试课程。部分公共课程由教务处统一安排，其他课程的考试时间由各学院自行安排。跨学院合班课程的考试(分类统考)由有关学院协调安排考表。各学院期末考表应在1月3日前报送到教务处。
2. 考试时间
停课考试时间，所有考试时间安排如下：
上午:8:30-10:30 ；下午:2:30-4:30 ；晚上:7:00-9:00
非停课考试周的考试时间以具体公布时间为准。
3.考试组织工作及要求
为严肃考风考纪，考试期间学院应进一步加强规范考试管理，考试组织工作应按福大教〔2018〕39号《福州大学课程考试管理实施办法》和校教〔2016〕55号《关于加强考试管理和严肃考试纪律的通知》的要求严格执行。各教学楼多媒体教室（公共教学楼、文科楼）已安装标准化考场巡考摄录系统，提供24小时录像及存储服务，学校将定期组织对监控录像进行抽查。
学院要重视加强对监考教师的考场职责培训，强调监考教师的工作规范，明确考场规章制度，尽职尽责履行考场监考要求。同时对学生进行考前思想动员和教育，重申校教〔2015〕32号《福州大学考场规则》，做好学生的诚信教育。
各考室主监考老师应从本科教学系统中打印相关考场学生名单及考场情况报告单，在开考前认真核对考生信息并要求考生在学生名单上签名（签过名的学生名单与试卷一起留档）。对考试过程中有违纪苗头的学生及时警告纠正，对确有违纪作弊行为的学生，应按学校有关规定及时严肃处理，每场考试监考人员应清楚准确填写《福州大学考场情况报告表》（以下简称报告表）一式两份。若有考试违纪或作弊情况，应于考试结束后一个工作日内将一份报告表及相关违纪作弊材料报送至教务处，另一份随试卷装订；若无考试违纪或作弊情况，两份报告表均随试卷装订。
监考教师要严格执行校教〔2015〕32号《福州大学监考人员职责》，若有失职，学院应予批评教育，并按教学事故条例处理，将处理结果报送教务处质量管理科。
3.成绩录入
学生成绩录入时间为2025年1月4日至2025年1月22日。任课教师必须在这个时间段内完成网上成绩录入之全过程，录入应严格按照系统要求操作，以确保准确性。成绩录入提交后，任课教师应从网上将成绩打印一式二份由本人和系或教研室主任签字确认，一份送交开课学院保存，一份由任课教师保存。
4.成绩查询
学生使用个人账号、密码登录本科教务系统，真实客观地对相关课程的任课教师进行教学评价后，方可查询课程成绩。
二、下学期初补考工作
1.补考时间：2025年2月22日至3月2日。
2.补考安排表中的课程必须是本学期有开设的必修课（不含实践性环节课程），参加补考的对象必须是本学期参加修读课程成绩不及格的和申请期末缓考的学生。
3.教务处负责各公共基础课的补考安排（见附表二），其余课程由各学院自行插空安排，请各学院根据实际补考人数，在系统中安排具体考试时间、地点，并将安排表及时公布通知到学生和相关课程所在的院系（教研室），认真做好补考的准备工作。各考室主监考老师应从网上打印相关考场学生名单及考场情况报告单，在开考前认真核对考生信息并要求考生在学生名单上签名。各学院补考安排表应在1月17日前报送到教务处。
4．2025年2月22日至3月7日为补考成绩录入时间，任课教师应于这个时间段内完成网上补考成绩录入之全过程。
三、下学期开学初工作
1.寒假起止时间为2025年1月18日至2025年2月23日。
2. 2月23日为学生注册时间，2月24日正式上课。
学生本人应持学生证到所在学院履行报到手续，不得代办。各学院对逾期注册、迟到、旷课的学生应认真查明原因，严格按学籍管理条例处理，在开学二周内将情况报送教务处。
四、毕业班工作
1.毕业班电子注册图像采集补拍拟于2025年5月8日进行。
2.毕业班学生的毕业答辩工作应在2025年5月30日前完成，毕业班学生的成绩录入与学籍处理的工作务必在2025年6月3日前全部处理完毕。
3.本届毕业生按计划要求各学院在2025年6月10日前将确定毕业以及授予学士学位的学生名单等各类材料和电子注册数据报送教务处，以便及时进行毕业及学位资格的审定和按时发放证书。
以上各项工作安排均应按时完成，按时报送，认真对待，超过期限将不予受理，延期或上报有误，按教学事故条例进行处理。

附:1.表一：2024年秋季学期部分公共基础课期末考试安排
       2.表二：2024年秋季学期公共基础课补考安排
福州大学教务处
2024年12月23日

附表一
2024-2025学年第一学期部分公共基础课期末考试安排
                具体考场安排和时间会陆续在网上公布

考试时间
考 试 科 目

随堂考
毛泽东思想和中国特色社会主义理论体系概论

随堂考
习近平新时代中国特色社会主义思想概论

随堂考
马克思主义基本原理

随堂考
中国近现代史纲要

随堂考
思想道德与法治

随堂考
形势与政策

随堂考
大学生心理健康教育

随堂考
军事理论

随堂考
大学应用写作

12月1日上午
高等数学A（下）（含独立重修班）

12月8日上午
工程制图E

12月15日下午
概率论与数理统计（含独立重修班）

12月28日上午
计算机语言类课程（C语言、Access数据库程序设计、Python）

12月29日上午
大学英语（四）

1月5日上午
线性代数、线性代数与解析几何

1月10日上午
大学英语（三）

1月10日下午
大学英语（一）

1月11日上、下午
大学英语（二）

1月13日下午
工程制图C（上）、D、F

1月16日上午
高等数学A（上）、B（上）（含独立重修班）

1月16日下午
高等数学C（上）、D（含独立重修班）

1月17日上午
大学物理A（下）、大学物理B（下）

附表二
2024-2025学年第一学期公共基础课补考安排

课程
时间

大学英语（四）
2月22日上午8:00～10:00

大学英语（二）
2月22日上午10:20～12:20

大学英语（三）
2月22日下午14:00～16:00

大学英语（一）
2月22日下午14:00～16:00

中国近现代史纲要
2月22日下午16:30～18:00

大学物理A（下）、B（下）
2月23日上午8:00～10:00

大学物理A（上）、B（上）
2月23日上午10:20～12:20

工程制图C（上）、D、E、F
2月23日下午14:00～16:00

习近平新时代中国特色社会主义思想概论
2月23日下午16:20～18:00

大学生职业生涯规划与管理
2月25日晚上19:00～20:00

思想道德与法治
2月26日晚上19:00～20:40

形势与政策
(旗山）2月27日下午14:00～15:00(铜盘）2月27日下午14:00～15:00

大学应用写作
2月27日下午15:20～17:00

军事理论
2月27日下午15:30～16:30

大学生心理健康教育
2月27日晚上19:00～21:00

高等数学A（中）、B（下）、C（下）
3月1日上午8:00～10:00

计算机语言类课程
3月1日上午10:20～12:20

毛泽东思想和中国特色社会主义理论体系概论
3月1日下午14:00～15:40

马克思主义基本原理
3月1日下午16:20～18:00

高等数学A（上）、B（上）、C（上）、D
3月2日上午8:00～10:00

高等数学A（下）
3月2日上午10:20～12:20

线性代数与解析几何、线性代数
3月2日下午14:00～16:00

概率论与数理统计
3月2日下午16:20～18:20

                      具体考场安排见本科教学管理系统",0,,,,,,
001036013947,https://jwch.fzu.edu.cn/info/1036/13947.htm,关于2024-2025学年第二学期《概率论与数理统计》课程半期考试安排的通知,【教学运行】,2025-03-24,"各有关学院：
定于4月13日下午进行《概率论与数理统计》课程半期考试，请有关协助监考学院按考表（见附件）安排监考老师并录入系统，及时通知监考老师和学生上系统查看考试信息，以免延误考试。
为保证考试的顺利进行，如其他教学安排时间或地点与此次考试冲突，请予以调整。

数统学院
教务处
2025年3月24日",1,0017449848580015767966,2402概率论半期考-4.13下午.xlsx,441,https://jwch.fzu.edu.cn/system/_content/download.jsp?urltype=news.DownloadAttachUrl&owner=1744984858&wbfileid=15767966,15767966,1744984858
001040013945,https://jwch.fzu.edu.cn/info/1040/13945.htm,关于举办第六十五场“教学有道”研讨活动的通知,【质量办】,2025-03-20,"各学院：
为深入贯彻落实党的二十届三中全会和全国教育大会推进教育数字化有关战略部署，推动人工智能与教育教学深度融合，进一步提升教学督导员等教师们的数字素养和智能技术应用水平。经研究，学校决定举办第六十五场“教学有道”专题研讨活动，具体安排通知如下：
一、研讨主题
新一代人工智能技术发展概况及其对教育变革的思考
二、研讨时间
2025年3月24日（星期一）上午9:00
三、主讲人
于元隆 福州大学对外合作与交流处处长、计算机与大数据学院教授
四、研讨方式与地点
研讨会采用线上线下方式开展，
线下研讨地点：公共教学楼中楼505
线上腾讯会议号：840 769 809
五、研讨对象
1.校级本科教学督导组全体成员参加线下会议；
2.院级本科教学督导员可通过线上方式参加；
3.其他感兴趣教师。

教务处、教学质量监控与评估中心
2025年3月20日",0,,,,,,
001039013935,https://jwch.fzu.edu.cn/info/1039/13935.htm,关于举办福州大学第十六届企业经营模拟沙盘对抗赛的通知,【实践科】,2025-03-19,"各学院及有关单位：
为了帮助大学生和创业团队深入认识并全面了解企业的整体运作流程，从而培养他们形成严谨有序的管理理念、开阔的全局视角和深思熟虑的战略眼光，进一步提升团队协作能力和综合素质，同时选拔出一批精英学子参加福建省、全国的企业经营模拟赛事，经研究，决定举办福州大学第十六届企业经营模拟沙盘对抗赛，现将有关事项通知如下：
一、竞赛方式及时间
（一）A组：创建未来EOVS
本赛事以EOVS企业运营仿真平台为竞赛平台，分预赛与决赛两个阶段。预赛时间为2025年5月11日下午13:30-18:00。学生以队伍形式参赛，每支参赛队伍人数上限为4人。
各小组于比赛日指定时间前在线上提交各轮决策，八轮决策后以竞赛平台的经营绩效进行综合评判，每场前6名队伍进入决赛（进入决赛人数视报名组数情况而定），决赛时间由大赛组委会另行通知，决赛将采用线下比赛的方式在旗山校区进行。
（二）B组：“学创杯”创业之星
本赛事以线上电子决策模拟为竞赛平台，分预赛与决赛两个阶段。预赛时间为2025年4月20日，学生以小组方式进行报名，每支参赛队伍人数上限为3人。
各小组于比赛日指定时间前在线上提交各轮决策，四轮决策后以竞赛平台的经营绩效进行综合评判，每一场前15名的队伍进入决赛（进入决赛人数视报名组数情况而定），决赛时间由大赛组委会另行通知，决赛将采用线下比赛的方式在旗山校区进行。
（三）C组：数智化沙盘
本赛事基于互联网的数智化沙盘系统,分预赛与决赛两个阶段。预赛时间为2025年4月26日，学生以小组方式报名，每个参赛队学生人数上限为4人。
各小组于比赛日指定时间前在网络上提交本期决策，七期结束后以竞赛平台的经营绩效进行综合评判，前10名队伍进入决赛（进入决赛人数视报名组数情况而定），决赛时间由大赛组委会另行通知，决赛将采用线下比赛的方式在旗山校区进行。
二、竞赛报名及安排
（一）竞赛报名及提交报名表
  1.报名时间：发文之日起至2025年4月11日前。
  2.报名对象：福州大学在校全日制本科生。
  3.报名方式：此次大赛采用电子报名方式，参赛队伍自行下载填写参赛表格（见附件），A组与C组参赛队每组学生人数为4人，B组参赛队每组学生人数为3人。参赛的队伍必须在报名截止时间前将填好的参赛表格发至指定邮箱1446594640@qq.com，并加入赛事咨询群，同时大赛组委会将对各报名负责人进行报名确认。经过确认报名方可获得参赛资格。注意：要求以小组形式报名，不接受个人报名，鼓励文理科生结合，不受专业与年级限制。A组、B组和C组赛事可多项赛事同时报名，根据时间安排酌情考虑。报名成功的小组，大赛负责人将会邀请小组组长进入相应赛事的qq群，请每个小组负责人注意消息通知。
  4.报名费用：不收取任何费用。
  5.筛选原则：B组赛事最多允许60支队伍报名，C组赛事最多允许40支队伍报名，有参加过沙盘培训或比赛的队伍，有优先获得参赛资格的机会。超过限制的队数将以先报名者取得参赛资格。为鼓励文理结合，若参赛队伍中有2人以上（含2人）为非经管类专业学生，将优先考虑参赛资格。
  6.赛事咨询群：548949287
（二）抽签分组
  大赛组委会将通知各支队伍负责人进行竞赛抽签活动，抽签结果将在各个比赛群内公布。
（三）赛事培训
  各支参赛队伍必须参加由组委会针对本次三种不同赛事所组织的相关讲座及培训活动。具体的时间及地点将在各个赛事相关群内公布，请每组负责人注意相关通知。
（四）大赛竞赛阶段
  1.预赛：
  A组：各小组于比赛日指定时间前在网络上提交本轮决策。八轮决策结束后以竞赛平台的经营绩效进行综合评判前6名进入决赛（进入决赛人数视报名组数情况决定）。
  B组：各小组于比赛日指定时间前在网络上提交本轮决策，四轮决策结束后以竞赛平台的经营绩效进行综合评判前15名进入决赛（进入决赛人数视报名组数情况决定）。
  C组：各小组于比赛日指定时间前在网络上提交本期决策，七期结束后以竞赛平台的经营绩效进行综合评判，前10名的队伍进入决赛（进入决赛人数视报名组数情况决定）。
  2.决赛
  预赛结束后，大赛组委会将通知入围决赛的队伍参加大赛决赛，决赛具体时间安排由大赛组委会通知并在相应赛事群内公布。
三、竞赛奖励
  大赛设一等奖占参赛队伍的5%，二等奖占参赛队伍的15%，三等奖占参赛队伍的20%。获得一、二、三等奖的参赛队伍选手可获得证书，获得一、二等奖的参赛队伍选手可根据学校有关规定申请创新创业实践与素质拓展学分认定。

附件：福州大学第十六届企业经营模拟沙盘对抗赛报名表

福州大学教务处
2025年3月19日",1,0017449848580015766807,附件：福州大学第十六届企业经营模拟沙盘对抗赛报名表.doc,838,https://jwch.fzu.edu.cn/system/_content/download.jsp?urltype=news.DownloadAttachUrl&owner=1744984858&wbfileid=15766807,15766807,1744984858
001036013908,https://jwch.fzu.edu.cn/info/1036/13908.htm,关于做好2025-2026学年第一学期排课准备工作的通知,【教学运行】,2025-03-11,"各学院:      我校2025-2026学年第一学期排课工作即将开始，请各学院做好排课准备工作。请认真核对各年级、各专业的教学计划，落实开课安排，并于3月28日前在本科教学管理系统中开出2025-2026学年第一学期开课通知单，以保证第一阶段公共课课程安排的顺利进行。

注册中心
2025.3.11",0,,,,,,
001038013907,https://jwch.fzu.edu.cn/info/1038/13907.htm,关于2024-2025学年第二学期爱课程平台参加通识教育选修课学习的重要提示,【计划科】,2025-03-11,"各位同学：
   根据《个人信息保护法》的要求，爱课程平台对参加MOOC平台学习的学生个人信息进行脱敏处理，只在MOOC平台参加学习，课程学习结束后将无法导出成绩，教务处系统也将无法获得相应学分！必须要加入该门课程的慕课堂参加学习（系统会自动同步MOOC平台的学习进度和数据），成绩才可以正常显示。
我校在2024-2025学年第二学期选用爱课程平台5门课程作为校内通识教育选修课，请本学期选修这些课程的同学务必尽快使用下表中的二维码加入相应课程的慕课堂参加学习。
具体操作步骤如下：
1、打开中国大学mooc app或者微信扫一扫
2、使用登录中国大学慕课网的账号登录
3、填写完善“学校”“学号”“姓名”等信息
如有疑问，请咨询教务处计划科：
林老师  0591-22866907/83700655。

序号
课程名称
慕课堂二维码

1
爱课程：网络空间安全概论
 

2
爱课程：财务报表编制
 

3
爱课程：市场营销学
 

4
爱课程：陶瓷工艺学
 

5
爱课程：美化嗓音 轻松讲课
 

教务处
2025年3月11日",0,,,,,,
001040013905,https://jwch.fzu.edu.cn/info/1040/13905.htm,关于举办福州大学第六十四场“教学有道”研讨活动的通知,【质量办】,2025-03-11,"各学院、有关单位：
为进一步提升思政课教学的规范性，推动思政课教学成果的总结与申报工作，促进教师在教学实践中更好地贯彻立德树人根本任务，学校决定举办第六十四场“教学有道”专题研讨活动。具体安排如下：
一、研讨主题思政课教学的规范性及成果奖申报
二、研讨时间2025年3月13日（周四）下午2:00-4:00
三、主讲人
1.刘丹：校本科教学督导员、经济与管理学院教授；
2.戴力芬：校本科教学督导员、外国语学院副教授；
3.詹志华：马克思主义学院院长、教授；2022年福建省高等教育教学成果奖一等奖成果“构建新时代‘一主多辅全维’大思政课格局的创新与实践”第一完成人；
4.刘有升：马克思主义学院副院长、教授；2024年福建省高等教育教学成果奖一等奖成果“五轮驱动、一体三化：‘形势与政策’课程教学理论与实践创新改革”第一完成人。
四、研讨地点 马克思主义学院102室
五、承办单位马克思主义学院
六、参会人员
1.马克思主义学院全体教师；
2.全校其他感兴趣的教师和教学管理人员。

教务处
2025年3月11日",0,,,,,,
001036013904,https://jwch.fzu.edu.cn/info/1036/13904.htm,关于做好2025年3月退役复学学生转专业的通知,【教学运行】,2025-03-10,"根据教育部令第41号《普通高等学校学生管理规定》、《福州大学本科生转专业管理实施办法》(福大教〔2024〕16号) 及《福州大学应征入伍学生学籍管理补充规定》（福大教〔2018〕38号）文件精神，现将参军退役后复学学生转专业事宜通知如下:
一、基本条件
1.申请转专业的学生必须是参军时修读大一、大二的学生，且符合《福州大学本科生转专业管理实施办法》(福大教〔2024〕16号)规定的基本条件。
2.本次转专业仅针对2025年3月退役复学学生。
二、时间安排及工作流程
1．3月17日前，申请转专业的学生打印《福州大学参军退伍复学后学生转专业审批表》及个人申请书，送交学生所在学院教学办签字盖章后报教务处注册中心（行政北楼西135）。逾期不再受理。
2．3月18日前，教务处审核学生报名资格后将相关材料转送各接收学院。
3．3月24日前，接收学院考核、拟定接收名单并报教务处。
4．教务处对拟同意转专业学生进行汇总初审，报学校本科生学籍事务管理委员会审核通过后，在学校网站上对拟批准转专业的学生名单进行公示。
5.教务处发文，各学院通知相关学生并做好相应的转专业后续工作。
福州大学教务处
2025/03/10",2,0017449848580015764381,福州大学参军退伍复学后学生转专业审批表.doc,453,https://jwch.fzu.edu.cn/system/_content/download.jsp?urltype=news.DownloadAttachUrl&owner=1744984858&wbfileid=15764381,15764381,1744984858
001036013904,https://jwch.fzu.edu.cn/info/1036/13904.htm,关于做好2025年3月退役复学学生转专业的通知,【教学运行】,2025-03-10,"根据教育部令第41号《普通高等学校学生管理规定》、《福州大学本科生转专业管理实施办法》(福大教〔2024〕16号) 及《福州大学应征入伍学生学籍管理补充规定》（福大教〔2018〕38号）文件精神，现将参军退役后复学学生转专业事宜通知如下:
一、基本条件
1.申请转专业的学生必须是参军时修读大一、大二的学生，且符合《福州大学本科生转专业管理实施办法》(福大教〔2024〕16号)规定的基本条件。
2.本次转专业仅针对2025年3月退役复学学生。
二、时间安排及工作流程
1．3月17日前，申请转专业的学生打印《福州大学参军退伍复学后学生转专业审批表》及个人申请书，送交学生所在学院教学办签字盖章后报教务处注册中心（行政北楼西135）。逾期不再受理。
2．3月18日前，教务处审核学生报名资格后将相关材料转送各接收学院。
3．3月24日前，接收学院考核、拟定接收名单并报教务处。
4．教务处对拟同意转专业学生进行汇总初审，报学校本科生学籍事务管理委员会审核通过后，在学校网站上对拟批准转专业的学生名单进行公示。
5.教务处发文，各学院通知相关学生并做好相应的转专业后续工作。
福州大学教务处
2025/03/10",2,0017449848580015764380,福州大学本科生转专业管理实施办法 .doc,437,https://jwch.fzu.edu.cn/system/_content/download.jsp?urltype=news.DownloadAttachUrl&owner=1744984858&wbfileid=15764380,15764380,1744984858
001036013903,https://jwch.fzu.edu.cn/info/1036/13903.htm,关于2024-2025学年第二学期重新学习选课、缴费的通知,【教学运行】,2025-03-10,"置顶提醒：
1、请按规定时间进行选课、缴费，因逾期或免听理由不充分，造成重新学习选课失效的，相应后果由学生个人承担。
2、有独立开设重新学习班级的课程，原则上应选择独立班学习，特殊情况下需要跟班学习则不接受免听申请。
3、为保证教学质量，教务处将对免听和考勤情况进行抽查。凡发现有免听理由不充分，或无理由不参与课程考勤的，教务系统将按学生手册规定，取消该门课程考试资格。

一、本学期重新学习报名采用网上报名形式，凡要参加重新学习的学生请在3月10日至4月7日24:00前登录教务处系统（http://jwch.fzu.edu.cn），进行网上报名。
所有重新学习课程必须自行登录教务处网站，按所修学分主动缴费，未按时缴费的，选课无效。

二、学生上网报名时，请对照本学期自己正在修读的课表慎重选择重新学习课程，修读理论课程学分（含重新学习）合计不宜超过30学分；若发现选择的课程学分有误，或课程无法显示，请及时向所在学院教学办核实反馈。

三、若重新学习的课程与其他课程的上课时间不可避免地发生冲突，学生可申请重新学习课程的免听，但思政、体育、德育、军事理论、实践类课程，以及毕业环节课程一般不接受免听，具体流程如下：
1、学生申请：在教务处“本科教学系统”中的重新学习选课界面，学生对申请免听的重新学习课程对应的下拉框中选择免听，提出免听申请。
2、教师审核：学生系统提交重新学习免听申请后，应及时与任课老师联系，如实说明免听申请的具体原因，并按照任课老师的要求提供相应材料。任课教师根据课程的具体教学要求对学生的免听申请进行审核。
3、免听缴费：任课老师审核通过后，免听课程计入重新学习学分缴费，学生应及时关注课程的审核状态，按时缴费。

注册中心
2025.3.10",0,,,,,,
001040013901,https://jwch.fzu.edu.cn/info/1040/13901.htm,关于开展2025年春季学期申请类督导听课工作的通知,【质量办】,2025-03-07,"各学院，有关教学单位：
   为全面提高本科课堂教学质量，充分发挥校级教学督导专家的帮扶指导作用，有效提高教师教学水平和教学质量，经研究决定面向全校教师开展申请类督导听课工作，现将有关事项通知如下：
一、申请对象
1.欲进一步提高课堂教学水平、致力于追求教学卓越的教师。
2.申请教师在2025年春季学期有承担本科教学授课任务。
二、工作流程
1.采取教师自愿报名及学院推荐报名相结合原则,学院汇总申请表后上报教学质量监控与评估中心。
2.教学质量监控与评估中心根据申请情况进行遴选，安排校教学督导组成员对申请教师进行课堂教学一对一诊断式帮扶指导，必要时邀请学院教学水平高且教学效果好的相关教师共同指导。
3.校教学督导组根据申请教师的课表于学期内进行多次阶段性随堂听课，与教师进行一对一交流，对教师课堂教学情况提出针对性的改进意见和建议，帮助教师改进教学方法，提升授课质量。
4.被列为听课对象的教师需认真接受校教学督导专家指导，加强与督导专家沟通交流，虚心接受专家意见，根据专家评价意见及时调整教学策略，不断提高课堂教学水平。
三、其他
1.申请类督导听课每学期开展一次，三年内已接受指导的教师不重复申报。
2.教师个人填写《2025年春季学期申请类督导听课汇总表》，由学院汇总后统一于2025年3月12日前提交教学质量监控与评估中心（行北西205），电子版发送至10556425@qq.com.

附件：2025年春季学期申请类督导听课汇总表

教学质量监控与评估中心
2025年3月7日",1,0017449848580015764095,附件：2025年春季学期申请类督导听课汇总表.docx,357,https://jwch.fzu.edu.cn/system/_content/download.jsp?urltype=news.DownloadAttachUrl&owner=1744984858&wbfileid=15764095,15764095,1744984858
001039013900,https://jwch.fzu.edu.cn/info/1039/13900.htm,关于举办福州大学第五届先进成图技术与产品信息建模创新大赛的通知,【实践科】,2025-03-06,"各学院：
为普及先进成图技术，推动图学教育事业的发展，着力培养大学生的动手能力、自主创新能力和工匠精神，选拔优秀学生参加“第十八届全国大学生先进成图技术与产品信息建模创新大赛”，经研究决定，举办第五届福州大学先进成图技术与产品信息建模创新大赛。现将相关事项通知如下：
一、竞赛组织
主办单位：福州大学教务处
承办单位：福州大学机械工程及自动化学院

二、竞赛形式
1.计算机二维绘图：由装配图拆装零件图（时间60分钟）；
2.计算机三维建模：由零件图画装配图（时间150分钟）。

三、时间节点
竞赛报名截止时间：2025年4月5日；
竞赛时间：2025年4月12日（暂定）。

四、报名参赛对象与方式：
1.参赛对象：全日制本科生。学生个人报名参赛，经过竞赛组委会选拔后组队参加省赛和国赛。
2.参赛方式：限定时间现场画图提交作品。
3.报名方式：请各学院负责人（或者个人）务必在校赛报名截止日期2025年4月5日前，将填写完整的《福州大学第五届先进成图技术与产品信息建模创新大赛报名表》（见附件2）发送至：352519975@qq.com，邮件主题请务必加注姓名和联系方式。参加比赛的同学请加入第五届福州大学成图大赛选拔赛群：662809970，届时将发布比赛相关信息。

五、奖励
1.比赛将评出个人一等奖、二等奖及三等奖各若干名（具体名额根据实际参赛情况来定），并颁发证书。
2.获得个人二等奖以上的学生可根据学校有关规定申请学分认定。根据个人意愿，成绩优秀的同学可推荐参加省赛和国赛。

六、其他注意事项
1.厦门卡伦特科技有限公司自主开发的云端CAD智能协同设计软件平台为本次比赛提供技术支持；
2.计算机二维、三维建模请自带电脑现场作图，计算机三维建模软件不限，参赛学生必须在规定时间内完成设计，准时上交作品，未按规定提交作品视为自动弃权处理；
3.本次比赛不收取任何报名费、参赛费。

附件：1.第五届福州大学先进成图技术与产品信息建模创新大赛组委会成员名单
2.第五届福州大学先进成图技术与产品信息建模创新大赛报名表

福州大学教务处
                                                                 2025年3月6日

附件1：

第五届福州大学先进成图技术与产品信息建模创新大赛组委会成员名单

主任：于岩
委员：张弘、任志英、杜恒、张俊、陈剑雄、刘晓敏
秘书：高建军",1,0017449848580015763874,附件2：第五届福州大学先进成图技术与产品信息建模创新大赛报名表.xls,562,https://jwch.fzu.edu.cn/system/_content/download.jsp?urltype=news.DownloadAttachUrl&owner=1744984858&wbfileid=15763874,15763874,1744984858
001039013898,https://jwch.fzu.edu.cn/info/1039/13898.htm,关于举办福州大学第十四届大学生软件设计与服务外包创新创业竞赛的通知,【实践科】,2025-03-06,"各学院：
为了引导大学生关注新兴信息产业与现代服务产业，搭建一个大学生软件设计与服务外包创新创业能力的展示平台，进一步加强人才培养和新兴信息产业、服务外包产业需求的有效衔接，经研究决定，举办第十四届大学生软件设计与服务外包创新创业竞赛。现将有关事项通知如下：
一、竞赛宗旨
通过搭建富有自由、开放、创新精神的软件设计与服务外包创新创业平台，为新兴信息产业与服务外包产业的发展提供强有力的人才支撑；同时选拔竞赛成绩优异的队员加入福州大学服务外包与软件设计实验室，为参加“中国‘软件杯’大学生软件设计大赛”、“中国大学生服务外包创新创业大赛”和“中国高校计算机大赛”等国家级竞赛做准备。

二、竞赛形式
公开选拔和现场答辩与演示相结合。

三、报名相关事宜
1.报名时间：2025年3月9日至2025年4月9日。
2.报名条件：各学院全日制本一批学生均可参加。
3.报名方式：登陆后在本网站（http://sosd.fzu.edu.cn/）进行网上报名，以团队为单位报名，每个参赛队由1-3人组成，鼓励不同学院、不同专业的同学搭档组队。
4.报名费用：无。

四、竞赛选题（说明：重复提交前两届作品或者非本人原创作品均视为无效）
竞赛选题分为A类指定命题类、B类自由命题类、C类用户体验类三个类别。

A类指定命题类（详见报名网站）：
A1 演出看了啥
A2 智能论文阅读助手
A3 寝室管家——公平管理与协作平台
A4 智能学习资源管理平台
A5 智慧校园全场景智能中枢系统
A6 AI校园心理医生

B类自由命题类：
参赛团队自选项目参赛，但所选项目应当紧扣“信息技术”和“服务”主题。大赛鼓励参赛项目面向社会公众福祉，着重于创意创新的设计表达和技术实现，突出创新精神与公益情怀，重点扶持具有社会服务、公益环保等具有公益性的项目。

C类用户体验类：
参赛团队自选项目参赛，但所选项目应当紧扣“用户体验”、“服务”主题。大赛鼓励参赛团队秉持以用户为中心的设计理念，着重于设计表达和原型实现，突出创意精神，特别鼓励聚焦于智慧生活、绿色健康、数字娱乐等项目设计。

五、竞赛安排
竞赛分为初赛和决赛两个阶段。初赛阶段主要通过网络进行，参赛团队提交作品供评审，决赛阶段晋级团队将集中进行现场答辩与演示。
初赛：请于2025年6月7日24点前，提交参赛作品、文字说明、演示ppt(包括作品简介、涉及的主要技术、具体的实现方案以及创新点等)等材料。
A类和B类参赛作品需提交项目源代码、数据、系统设计概要说明书、系统详细说明书等；
C类参赛作品需提交需求分析报告、详细设计报告、可交互原型图/效果图、作品演示视频等材料。
决赛：现场答辩与演示。决赛时间拟定为2025年6月15日，答辩地点与具体时间待定。

六、竞赛奖励
1.比赛将评出一等奖、二等奖、三等奖各若干项，奖项名额由竞赛组委会根据参赛的作品数来确定，并颁发证书和奖金。
2.获得二等奖以上的学生可根据学校有关规定申请学分认定。同时根据个人意愿，成绩优秀的同学可加入福州大学服务外包与软件设计实验室，学校将对其进行提高训练，为参加全国赛做准备。

七、其它注意事项
1.初赛作品提交：登录后在网站（http://sosd.fzu.edu.cn/）进行初赛作品提交。
2.有关比赛的进一步通知将在网站（http://sosd.fzu.edu.cn/）及时公布。
3.赛事答疑群：925 646 867

八、举办单位
主办单位：福州大学教务处
协办单位：福州大学学生部（处），共青团福州大学委员会
承办单位：计算机与大数据学院，福州大学服务外包与软件设计实验室

附件: 福州大学第十四届大学生软件设计与服务外包创新创业竞赛组委会名单

                                                      福州大学教务处
                                                       2025年3月6日

附件：
福州大学第十四届大学生软件设计与服务外包创新创业竞赛组委会名单

主 任：于岩
委 员：张弘、柯江锋、曹乐平、刘耿耿
秘 书：李录杰",0,,,,,,
001039013893,https://jwch.fzu.edu.cn/info/1039/13893.htm,关于做好创新创业实践与素质拓展学分认定工作的通知,【实践科】,2025-03-04,"各学院：
为进一步规范创新创业实践与素质拓展学分认定工作，根据《福州大学本科生创新创业实践与素质拓展学分认定管理实施办法》(校教〔2024〕7号)文件要求，现将有关事项通知如下：
一、学分认定流程
 1.学生本人申报。学生填写《本科生创新创业实践与素质拓展学分认定申请表》（2025年版），并提交相关证明材料。
2.指导教师审核。指导教师对学生所申请的项目真实性进行审核并签字。
3.学院审核。学院成立创新创业实践与素质拓展学分审核领导小组，按照管理实施办法相关规定，对学生提交的证明材料和申报的创新创业实践与素质拓展项目及原始分值进行审核，审核结果应及时在学院网站或公告栏进行公示。
4.成绩登记与录入。经学院分管教学领导审批后，学院教学办及时将学分记入学生成绩档案。创新创业实践与素质拓展项目记入学生学籍成绩档案的课程名称为《创新创业实践与素质拓展课程》（2学分），成绩记为优秀、良好、中等、合格，纳入课程绩点计算。
二、学分认定时间
创新创业实践与素质拓展学分认定工作原则上每学年受理一次。学院可根据实际情况定期开展认定工作。学生在校期间只可以申请记载成绩一次，且成绩一经审核通过并记入成绩档案后，学生不得申请撤消或更改。学校实行创新创业实践与素质拓展学分检查制度，定期对记载的创新创业实践与素质拓展项目原始分进行检查。凡经查实弄虚作假者，取消该项目所得分值并按作弊处理。
三、学分认定范围
1.校级及以上各类竞赛活动；
2.大学生科研训练、创新创业训练计划项目；
3.公开发表的作品和成果（论文、知识产权、科技成果）；
4.大学生个性素质拓展（思想政治与道德素养、社会实践与志愿服务、文体艺术与身心发展、社团活动与社会工作、专业技术培训等）。
创新创业实践与素质拓展学分的实施，对促进教育教学改革有重要作用。各学院要积极组织指导教师和学生认真学习《福州大学本科生创新创业实践与素质拓展学分认定管理实施办法》，并制定本学院创新创业实践与素质拓展学分认定具体实施细则，确保学分认定工作有序开展。

                                 福州大学教务处
                                 2025年3月4日",2,0017449848580015763390,附件1：本科生创新创业实践与素质拓展学分认定汇总表（2025年版）.docx,3337,https://jwch.fzu.edu.cn/system/_content/download.jsp?urltype=news.DownloadAttachUrl&owner=1744984858&wbfileid=15763390,15763390,1744984858
001039013893,https://jwch.fzu.edu.cn/info/1039/13893.htm,关于做好创新创业实践与素质拓展学分认定工作的通知,【实践科】,2025-03-04,"各学院：
为进一步规范创新创业实践与素质拓展学分认定工作，根据《福州大学本科生创新创业实践与素质拓展学分认定管理实施办法》(校教〔2024〕7号)文件要求，现将有关事项通知如下：
一、学分认定流程
 1.学生本人申报。学生填写《本科生创新创业实践与素质拓展学分认定申请表》（2025年版），并提交相关证明材料。
2.指导教师审核。指导教师对学生所申请的项目真实性进行审核并签字。
3.学院审核。学院成立创新创业实践与素质拓展学分审核领导小组，按照管理实施办法相关规定，对学生提交的证明材料和申报的创新创业实践与素质拓展项目及原始分值进行审核，审核结果应及时在学院网站或公告栏进行公示。
4.成绩登记与录入。经学院分管教学领导审批后，学院教学办及时将学分记入学生成绩档案。创新创业实践与素质拓展项目记入学生学籍成绩档案的课程名称为《创新创业实践与素质拓展课程》（2学分），成绩记为优秀、良好、中等、合格，纳入课程绩点计算。
二、学分认定时间
创新创业实践与素质拓展学分认定工作原则上每学年受理一次。学院可根据实际情况定期开展认定工作。学生在校期间只可以申请记载成绩一次，且成绩一经审核通过并记入成绩档案后，学生不得申请撤消或更改。学校实行创新创业实践与素质拓展学分检查制度，定期对记载的创新创业实践与素质拓展项目原始分进行检查。凡经查实弄虚作假者，取消该项目所得分值并按作弊处理。
三、学分认定范围
1.校级及以上各类竞赛活动；
2.大学生科研训练、创新创业训练计划项目；
3.公开发表的作品和成果（论文、知识产权、科技成果）；
4.大学生个性素质拓展（思想政治与道德素养、社会实践与志愿服务、文体艺术与身心发展、社团活动与社会工作、专业技术培训等）。
创新创业实践与素质拓展学分的实施，对促进教育教学改革有重要作用。各学院要积极组织指导教师和学生认真学习《福州大学本科生创新创业实践与素质拓展学分认定管理实施办法》，并制定本学院创新创业实践与素质拓展学分认定具体实施细则，确保学分认定工作有序开展。

                                 福州大学教务处
                                 2025年3月4日",2,0017449848580015763405,附件2：本科生创新创业实践与素质拓展学分认定申请表（2025年版）.docx,2726,https://jwch.fzu.edu.cn/system/_content/download.jsp?urltype=news.DownloadAttachUrl&owner=1744984858&wbfileid=15763405,15763405,1744984858
001038013890,https://jwch.fzu.edu.cn/info/1038/13890.htm,关于公布2024-2025学年第二学期通选课取消开课名单的通知,【计划科】,2025-03-03,"本学期通选课第二轮选课已结束，以下课程因未达到开班要求，将取消开课。请已选中这些课程的同学于第三轮选课时间（3月4日）及时改选其他课程。

序号
课程名称

1
我们需要化学

2
美国社会文化批评

3
先进成图技术

4
黑白木刻版画

5
创新创业大赛

6
爱课程：文化创意产业：理论与实务

7
装饰材料选用技巧（旗山校区）

8
桥牌高级班

9
论语英译赏析（旗山校区）

10
智造未来—体验先进制造技术

11
运动美学

12
中国传统文化在日本的旅行

13
智能材料与生活

14
3D打印与我们的生活（旗山校区）

15
小纤维，大世界

16
信息时代的知识产权案例解析

17
造物百科

18
西方哲学导论

19
文物与化学

20
探索基因的奥秘

 
福州大学教务处
2025年3月3日",0,,,,,,
001035013884,https://jwch.fzu.edu.cn/info/1035/13884.htm,关于2024-2025学年第二学期本科生学生证补办和火车票优惠区间更改的通知,【综合科】,2025-02-24,"各学院：
根据《福州大学学生证管理办法》（福大政【2019】25号），针对部分学生丢失学生证的情况，特安排本学期的学生证补办和火车票优惠区间更改等工作，具体工作安排如下：
一、补办学生证
1、补办范围
学生在校学习期间，学生证原则上只补办一次。本次补办仅限具有福州大学全日制学籍、首次丢失学生证学生。
2、申请时间
2025年2月26日-2025年3月5日
3、补办程序
（1）在福州大学教务处网站首页登陆“本科教学管理系统”，完成学生证补办申请。
（2）学院和教务处分别对学生的申请进行初核和复核，其中申请信息经审核发现不属实者不予受理。
（3）学生接到通知短信后，到学校行政北楼西208室领取补办的学生证。
二、更改火车票优惠区间
1、时间
2025年3月26日-2025年4月1日
2、程序
（1）在福州大学教务处网站首页登陆“本科教学管理系统”，完成火车票优惠区间修改申请。
（2）学院和教务处分别对学生的申请进行初核和复核，其中申请信息经审核发现不属实者不予受理。
（3）学生接到通知短信后，到学校行政北楼西208室办理。
3、因家庭住址变更或父母工作地点发生变化而须改乘车区间的，必须交验家长工作单位或户籍管理部门提供的书面证明，方可办理变更手续；因火车站点变更等原因造成乘车区间改变的，无须提供证明，可直接办理变更手续。
三、请各学院认真做好学生证和火车票优惠区间的初核工作。各学院在审核学生补办申请时，要加强对学生的思想教育，教育学生重视、爱惜学生证。学生要树立良好的诚信意识，不得擅自涂改学生证和火车票优惠区间内容，不得转借或抵押他人，不得在申领的过程中弄虚作假。如有违反者，一经查出，学校将收回违规学生证，取消其补办资格，并追究学生本人责任。
四、因学生证丢失而补办新证后又找回原证的，须将原证交至教务处注销。
五、注意事项：补办学生证不再张贴“火车票学生优惠卡”，有需要购买优惠火车票的同学应在线完成学生优惠资质核验。其他注意事项及学生资质核验流程详见通知：关于购买优惠火车票相关事宜的通知
教务处
2025年2月24日",0,,,,,,
001040013883,https://jwch.fzu.edu.cn/info/1040/13883.htm,关于推荐遴选校级本科教学督导员的通知,【质量办】,2025-02-24,"各学院，相关教学单位：
   为进一步完善本科教学质量保障体系，加强督导人员队伍建设，提高人才培养质量，现面向全校选聘优秀教师（在职或退休）充实校本科教学督导队伍，有关事项通知如下：
一、遴选条件
1.坚持正确政治方向，忠诚党的教育事业，贯彻党的教育方针和政策，熟悉高等教育规律和学校教学管理规章制度，具有良好的思想政治素质和较高的政治理论水平。
2.关心学校发展，热心教学督导工作，工作认真负责，处事公道正派，在师生中享有较高威望。
3.具有丰富的教学经验或教学管理经验，且具有较好的教学研究改革和教学指导能力。
4.身心健康，具有副高级及以上专业技术职务，年龄不超过70周岁。
    5.教学名师、教学竞赛优胜者、能够充分掌握人工智能等现代信息技术应用能力者等优先考虑。
二、工作职责
本科教学督导员受学校及教学质量监控与评估中心委托开展本科教学督导工作，以日常听课巡课、专项督查与评估、教学指导与引导相结合方式开展工作，推动学校教育教学质量稳步提升。
具体工作职责详见《福州大学本科教学督导工作管理实施办法》（福大教评〔2024〕3号）。
三、工作安排
1.请各学院广泛动员、积极推荐符合条件、热心教学工作的教师报名，填写《福州大学本科教学督导员推荐表》（附件），2月28日前以学院为单位报送教学质量监控与评估中心（行北西205），电子版发送至10556425@qq.com。
2.教学质量监控与评估中心对申报人员进行资格审查，并结合学科专业背景，研究确定人选，报分管校领导审议后聘任。
联系人：蒋麓；办公电话：0591-22860935。

附件：《福州大学本科教学督导员推荐表》

  教学质量监控与评估中心
2025年2月24日",1,0017449848580015761796,附件：福州大学本科教学督导员推荐表.docx,415,https://jwch.fzu.edu.cn/system/_content/download.jsp?urltype=news.DownloadAttachUrl&owner=1744984858&wbfileid=15761796,15761796,1744984858
001040013882,https://jwch.fzu.edu.cn/info/1040/13882.htm,关于开学第一周集中听课的通知,【质量办】,2025-02-23,"各学院、各有关单位：
根据《福州大学党政领导听课管理实施办法》（福大教〔2022〕27号）文件精神，开学第一周为党政领导集中听课周，请各级党政领导按文件要求深入本科生课堂听课，了解教师教学和学生学习情况，发现问题、分析问题、解决问题，并认真填写《福州大学课堂教学质量评估表》，其中思政课教学指导组（校党委书记、校长牵头，分管教学、科研、思政课工作校领导，马克思主义学院领导班子，教学督导员等共同组成）听思政课请填写《福州大学课堂教学质量评估表(思政课）》。
特此通知。

附件：
1.《福州大学课堂教学质量评估表》
2.《福州大学课堂教学质量评估表(思政课）》
3．2024—2025学年第二学期第一周课表
4.《福州大学党政领导听课管理实施办法》（福大教〔2022〕27号）

教学质量监控与评估中心
2025年2月23日",4,0017449848580015761249,附件1：福州大学课堂教学质量评估表.doc,416,https://jwch.fzu.edu.cn/system/_content/download.jsp?urltype=news.DownloadAttachUrl&owner=1744984858&wbfileid=15761249,15761249,1744984858
001040013882,https://jwch.fzu.edu.cn/info/1040/13882.htm,关于开学第一周集中听课的通知,【质量办】,2025-02-23,"各学院、各有关单位：
根据《福州大学党政领导听课管理实施办法》（福大教〔2022〕27号）文件精神，开学第一周为党政领导集中听课周，请各级党政领导按文件要求深入本科生课堂听课，了解教师教学和学生学习情况，发现问题、分析问题、解决问题，并认真填写《福州大学课堂教学质量评估表》，其中思政课教学指导组（校党委书记、校长牵头，分管教学、科研、思政课工作校领导，马克思主义学院领导班子，教学督导员等共同组成）听思政课请填写《福州大学课堂教学质量评估表(思政课）》。
特此通知。

附件：
1.《福州大学课堂教学质量评估表》
2.《福州大学课堂教学质量评估表(思政课）》
3．2024—2025学年第二学期第一周课表
4.《福州大学党政领导听课管理实施办法》（福大教〔2022〕27号）

教学质量监控与评估中心
2025年2月23日",4,0017449848580015761250,附件2：福州大学课堂教学质量评估表（思政课）.docx,368,https://jwch.fzu.edu.cn/system/_content/download.jsp?urltype=news.DownloadAttachUrl&owner=1744984858&wbfileid=15761250,15761250,1744984858
001040013882,https://jwch.fzu.edu.cn/info/1040/13882.htm,关于开学第一周集中听课的通知,【质量办】,2025-02-23,"各学院、各有关单位：
根据《福州大学党政领导听课管理实施办法》（福大教〔2022〕27号）文件精神，开学第一周为党政领导集中听课周，请各级党政领导按文件要求深入本科生课堂听课，了解教师教学和学生学习情况，发现问题、分析问题、解决问题，并认真填写《福州大学课堂教学质量评估表》，其中思政课教学指导组（校党委书记、校长牵头，分管教学、科研、思政课工作校领导，马克思主义学院领导班子，教学督导员等共同组成）听思政课请填写《福州大学课堂教学质量评估表(思政课）》。
特此通知。

附件：
1.《福州大学课堂教学质量评估表》
2.《福州大学课堂教学质量评估表(思政课）》
3．2024—2025学年第二学期第一周课表
4.《福州大学党政领导听课管理实施办法》（福大教〔2022〕27号）

教学质量监控与评估中心
2025年2月23日",4,0017449848580015761251,附件3：2024-2025学年第二学期第一周课表.xlsx,540,https://jwch.fzu.edu.cn/system/_content/download.jsp?urltype=news.DownloadAttachUrl&owner=1744984858&wbfileid=15761251,15761251,1744984858
001040013882,https://jwch.fzu.edu.cn/info/1040/13882.htm,关于开学第一周集中听课的通知,【质量办】,2025-02-23,"各学院、各有关单位：
根据《福州大学党政领导听课管理实施办法》（福大教〔2022〕27号）文件精神，开学第一周为党政领导集中听课周，请各级党政领导按文件要求深入本科生课堂听课，了解教师教学和学生学习情况，发现问题、分析问题、解决问题，并认真填写《福州大学课堂教学质量评估表》，其中思政课教学指导组（校党委书记、校长牵头，分管教学、科研、思政课工作校领导，马克思主义学院领导班子，教学督导员等共同组成）听思政课请填写《福州大学课堂教学质量评估表(思政课）》。
特此通知。

附件：
1.《福州大学课堂教学质量评估表》
2.《福州大学课堂教学质量评估表(思政课）》
3．2024—2025学年第二学期第一周课表
4.《福州大学党政领导听课管理实施办法》（福大教〔2022〕27号）

教学质量监控与评估中心
2025年2月23日",4,0017449848580015761252,附件4：福州大学党政领导听课管理实施办法（福大教〔2022〕27号）.doc,394,https://jwch.fzu.edu.cn/system/_content/download.jsp?urltype=news.DownloadAttachUrl&owner=1744984858&wbfileid=15761252,15761252,1744984858
001036013881,https://jwch.fzu.edu.cn/info/1036/13881.htm,关于2024-2025第二学期学期选课、辅修选课补退选和缴费的通知,【教学运行】,2025-02-23,"各学院：

一、本学期学期选课、辅修选课的补退选时间定于2月23日至2月28日16：00，请有需要补选、退选、改选课程的同学自行登录“本科教学系统”进行操作。

二、补退选课程后，需进入“我的选课”界面进行确认，以“我的选课”显示的结果为最终选课结果（及时打印课表以备上课使用）。

三、辅修课程缴费时间为2月24日至2月28日16：00。

四、补退选和缴费流程必须在以上规定时间内完成。

注册中心
2025年2月23日",0,,,,,,
001038013880,https://jwch.fzu.edu.cn/info/1038/13880.htm,关于2024-2025学年第二学期港澳台侨学生思政课和军事课程退选替代的通知,【计划科】,2025-02-22,"各学院：
根据《校教〔2019〕56号关于印发港澳台侨学生思政课和军事课程学分替代方案的通知》的要求，我校2019级起新入学港澳台侨学生开始实行相关国情类课程替代方案：现行培养方案中的《马克思主义基本原理》《毛泽东思想和中国特色社会主义理论体系概论》《中国近现代史纲要》《思想道德与法治》《习近平新时代中国特色社会主义思想概论》《形势与政策》《思想政治实践课》《军事理论》《军事技能》等课程可以直接修习或以国情类课程替代。
现就港澳台侨学生国情类课程替代事项通知如下：
一、根据教务处选课通知，完成学期选课。
1.在规定时间内登录本科教学管理系统（以下简称“系统”）完成本学期学期选课（含思政课和军事课程）。
2.需用国情类课程学分替代思政课和军事课程学分的学生，应于本学期初全校性通识选修课（以下简称“通选课”）选课期间登录系统，退选思政课和军事课程，同时选修国情类课程。
二、课程退选替代以学期为单位进行，未在规定时间内办理或者选择不退选课程的，需按照培养计划要求参加这些课程的学习和考试。
三、根据“形势与政策”课程每学期都必须修读且全部通过考核后方能获得学分的要求，需要替代该课程的学生每个学期都必须进行一次退选操作。
四、修业年限内学生累计选修的国情类课程总学分不得低于其所退选的思政课和军事课程总学分。若所修国情类课程总学分超过退选的思政课和军事课程总学分，不可认定为其它课程类型学分。
五、学生每学期选修的国情类课程不得超过8学分。
六、学生可选择参加国家教育行政学院国情教育网络培训用以替代思政课和军事课程学分，具体实施方案以相关通知为准。
七、国情类课程不安排补考或重修，考核不及格需选修其它国情类课程。
 
附：2024-2025学年第二学期国情课列表
    
 
教务处
2025年2月22日",1,0017449848580015761212,2024-2025学年第二学期国情课列表.docx,923,https://jwch.fzu.edu.cn/system/_content/download.jsp?urltype=news.DownloadAttachUrl&owner=1744984858&wbfileid=15761212,15761212,1744984858
001038013879,https://jwch.fzu.edu.cn/info/1038/13879.htm,关于通识教育选修课《国际化拔尖创新人才科研训练2025春》宣讲会及选课的通知,【计划科】,2025-02-22,"各学院：

为培养具有国际视野和国际高水平科研跨学科创新人才，我校联合中国教育国际交流协会开展“国际化拔尖创新人才培养项目”。该项目邀请哈佛大学、麻省理工学院、加州大学伯克利分校、斯坦福大学、 剑桥大学、卡耐基梅隆大学等高校教授直播授课，并选拔优秀学生参加暑期线下科研实践，共同完成相关领域研究课题。此项目在我校以全校性通识教育选修课形式供同学们报名参与，有意向的同学可于2月27日周四19：30-20:30通过腾讯会议参加项目宣讲会（会议号附后），并在2025年3月1日-3月4日（通选课第二轮和第三轮选课期间）登录教务系统报名修读《国际化拔尖创新人才科研训练2025春》，详细介绍如下：
 
一、通选课课程名称
国际化拔尖创新人才科研训练2025春。
二、所属课程类别
该类课程归属全校性通识教育选修课，在校内报名时课程名称统一体现为《国际化拔尖创新人才科研训练2025春》，具体上课课程有76门不同课程，分别对应学校通选课的四个类别（自然科学与工程技术类、人文社会科学类、创新创业类、文学与艺术类）。学生在选课前须仔细阅读附件1《2025年春季国际化拔尖创新人才科研训练具体课程清单》，明确自已所要修读的课程归为通选课的哪一个类别。
三、项目课程内容
该项目的每一门课程均由科研基础训练课程和科研实践课程两个阶段组成。
第一阶段：科研基础训练课程
包括专业知识拓展课程，科研策略与论文写作课程两部分。
1.专业知识拓展课程：共有76门课程，以热门交叉学科和前沿学科为主，由教授负责课纲与教学设计，全程采用英文直播授课，并配备助教课程进行深度讲解和答疑，本阶段主要为学生讲授相关理论知识和应用，并在结课时辅导学生产出一篇围绕科研实践的结课报告。每位学生可任选一门课程进行学习。课程难度从3级到5级不等，难度最高5级（建议4级以上慎选）。详见附件1：《2025年春季国际化拔尖创新人才科研训练具体课程清单》。
课时数:外籍教授授课32课时（必选）+助教辅导22课时（可选课），全程在线直播，安排在周末上课，助教课不计入考勤。
授课时间：2025年3月8日-2025年5月25日
课程介绍：详情点击https://itstp.neoscholar.com/进入中国教育国际交流研修学院拔尖创新⼈才培养计划的课程介绍页面，查看全部课程介绍、教授介绍、课程大纲、先修要求等。
2.科研策略与论文写作课程：与专业知识拓展课程同步进行，学生可选择性参与，不做考核。
课时数：16课时（可选课）
授课时间：2025年3月8日-2025年5月25日
第二阶段：科研实践课程
适合学生：凡参与第一阶段的优秀学生，均可申请第二阶段课程。
课程模式：线下/线上小班制研讨课，教授全程指导开题、开题、设计、评审、验证、答辩过程。
课程时间：预计2025年6月-8月（具体以项目为准）
四、校内选课时间
2025年3月1日-3月4日（通选课第二轮和第三轮选课期间），登录本科教学管理系统，依次点击[各类选课]-[校选课]-[开始选课]。
五、上课时间及学习方式
1．在教务系统确认已中选的同学，从3月6日-3月7日可登录NeoSchool教学系统完成注册、关联学号以获得上课权限（平台链接待群内通知）
2．2025年3月8日-2025年5月25日共12周。每周一次课，多数课程安排在周六或周日上课。本课程以在线直播方式教学，均在授课平台授课和学习，可在线互动，在线作业和考试，在线辅导。平台开通双语字幕翻译功能，并支持视频回放。
课程介绍详情：https://itstp.neoscholar.com/
六、成绩考核与记载
第一阶段考核形式为考勤、作业、期中考试，以及围绕科研实践的结课报告产出的评分。学生完整参与第一阶段课程并成绩合格，由中国教育国际交流研修学院颁发双语结业证书并出具成绩单，学校将依相关规定予以记载，具体成绩记载为《国际化拔尖创新人才科研训练2025春》，**成绩，32学时，2学分。
第一阶段的助教授课、论文写作，以及第二阶段科研实践部分不计入考核。
学生在平台学习成绩不合格或缺考，本校该课程成绩也将如实记录。
七、限选人数
全校限600人修读。
八、选课要求
学生最低英语要求听说读写无障碍，口语流利（建议：英语四级450分、六级通过、托福80分或雅思5.5分）。未进行英语能力测试的同学可咨询项目方联系老师。
九、项目费用
第一阶段：科研基础训练课程
课程免费。
第二阶段：科研实践课程
第二阶段课程内容不属于本门通选课考核范围，属于学生自愿自费选择参加部分。对于通过选拔且有意向参加第二阶段的同学，将由中国教育国际交流协会相关部门另行通知具体费用及相关安排。
十、科研实践的选拔介绍
在本课程学习过程中，表现特别优异的学生将获得教授录用函，与国际知名教授共同完成特定课程的论文研讨与写作。由教授亲自指导科研训练。参加第二阶段科研的录取与注册将在本课程期中期末考试结束后，结合考试成绩和教授评价以及本人意愿决定参加第二阶段科研实践录取名单。
十一、项目宣讲
宣讲时间：2025年2月27日周五19：30-20:30（腾讯会议扫码入会）
宣讲议程：国际化拔尖创新人才培养计划介绍、世界顶级名校教授公共选修课介绍、现场答疑与互动环节
 
腾讯会议号：295-120-275
十二、项目咨询
1.学校项目联系人：林老师，电话：83700655/22866907，邮箱：3818093@qq.com。
2.国际化拔尖创新人才培养项目负责老师：洪老师，电话：13003939052，微信同号。
3.已选课同学请加入下方课程qq群，具体课程安排通知将在群内发布，群号：554618480
 
 
福州大学教务处
2025年2月22日",1,0017449848580015761347,2025年春季国际化拔尖创新人才科研训练具体课程清单.xlsx,1685,https://jwch.fzu.edu.cn/system/_content/download.jsp?urltype=news.DownloadAttachUrl&owner=1744984858&wbfileid=15761347,15761347,1744984858
001038013878,https://jwch.fzu.edu.cn/info/1038/13878.htm,关于2024级学生参加2024-2025学年第二学期《大学生国家安全教育》课程学习的通知,【计划科】,2025-02-22,"各学院：
根据《教育部办公厅关于在高等学校开设国家安全教育公共基础课的通知》（教思政厅函〔2024〕14号）和《关于公布《大学生国家安全教育》课程实施方案的通知》（校教〔2024〕39号）文件精神，现将2024-2025学年第二学期2024级学生参加《大学生国家安全教育》课程学习相关事项通知如下：
一、参加学习对象：所有2024级至今未获得该课程学分的学生。
二、课程选课：课程由教务处统一选课。所有选课学生须于2025年3月10日至5月4日登录超星尔雅平台完成规定的线上课时及相关教学要求，并于5月5日-5月11日参加线上考试。
三：课程学习：该课程依托超星尔雅慕课平台的《当代大学生国家安全教育》慕课(授课教师为中国人民警察大学，牛继承等)，实施全程线上教学。首次参加超星尔雅平台学习的同学，需要注册并绑定单位（单位UC码1799）及学号才能查看并学习课程，注册及使用方式详见附件使用手册。
超星尔雅网址：http://fzdx.fanya.chaoxing.com/portal，手机端可下载“学习通”。
附：超星尔雅使用手册（学生版）
四、学生在超星尔雅平台上获得的该门课程总成绩即为课程最终成绩，学期末教务处统一将学生成绩记入学生成绩档案。本课程不安排缓考和补考。若学生课程总成绩不及格可于后续学期继续选择重新修读该门课程，直至通过（此门课学生无需缴交重修费）。
五、按教育部要求，统一使用教育部马工程教材《国家安全教育大学生读本》。
 
福州大学教务处
2025年2月22日",1,0017449848580015761200,超星尔雅使用手册（学生版）.pdf,934,https://jwch.fzu.edu.cn/system/_content/download.jsp?urltype=news.DownloadAttachUrl&owner=1744984858&wbfileid=15761200,15761200,1744984858
001040014188,https://jwch.fzu.edu.cn/info/1040/14188.htm,关于开展2025年工程教育专业认证申请工作的通知,【质量办】,2025-09-06,"各学院：
根据《中国工程教育专业认证协会关于开展2025年工程教育认证申请工作的通告》（工程教育认证通告〔2025〕第 1 号）文件精神，为进一步推动我校学科专业发展，提高办学质量，现开展2025年工程教育认证申请工作，具体安排如下：
一、申请参加认证的专业需满足《工程教育认证工作规范》（T/CEEAA 002—2022）有关要求，按照教育部规定设立，已有三届毕业生，授予工学学士学位的普通高等学校全日制普通四年制本科专业。
二、2025年接受认证申请的专业范围包括：前期已开展认证的20个专业领域相关专业，也包括《普通高等学校本科专业目录（2025版）》中工学门类其他相关专业，还包括其他学科门类中授予工学学士学位的相关专业。接受认证申请的具体专业范围见附件1）。符合申报条件、认证期已满需要复评的专业均要求申报。
三、申请认证专业须按照要求撰写《工程教育认证申请书（2025版）》（格式见附件2）。
四、申请账户注册、登录及申请材料提交的具体方式请登录认证协会网站查询，网址：https://www.ceeaa.org.cn/。
五、申请材料提交系统开放时间拟定在2025年9月5日—2025年9月30日，所有申请材料需于2025年9月30日24：00点前通过“工程教育专业认证管理信息系统”（https://eqem.eqea.edu.cn/engineeringLogin） 提交。
六、申请专业需提前准备好申请材料，于2025年9月19日前将加盖学院公章的纸质版及电子版申请材料交至教学质量监控与评估中心（行政北楼西205），电子版发至10556425@qq.com。
联系人：蒋麓，0591-22860935。

附件：1.2025年接受认证申请的专业领域及专业一览表.pdf
　　   2.工程教育认证申请书（2025版）.docx
　　   3.工程教育认证申请书（2025版）修订说明.pdf

教学质量监控与评估中心
2025年9月6日",3,0017449848580016714969,附件3 工程教育认证申请书（2025版）修订说明.pdf,484,https://jwch.fzu.edu.cn/system/_content/download.jsp?urltype=news.DownloadAttachUrl&owner=1744984858&wbfileid=16714969,16714969,1744984858
001040014188,https://jwch.fzu.edu.cn/info/1040/14188.htm,关于开展2025年工程教育专业认证申请工作的通知,【质量办】,2025-09-06,"各学院：
根据《中国工程教育专业认证协会关于开展2025年工程教育认证申请工作的通告》（工程教育认证通告〔2025〕第 1 号）文件精神，为进一步推动我校学科专业发展，提高办学质量，现开展2025年工程教育认证申请工作，具体安排如下：
一、申请参加认证的专业需满足《工程教育认证工作规范》（T/CEEAA 002—2022）有关要求，按照教育部规定设立，已有三届毕业生，授予工学学士学位的普通高等学校全日制普通四年制本科专业。
二、2025年接受认证申请的专业范围包括：前期已开展认证的20个专业领域相关专业，也包括《普通高等学校本科专业目录（2025版）》中工学门类其他相关专业，还包括其他学科门类中授予工学学士学位的相关专业。接受认证申请的具体专业范围见附件1）。符合申报条件、认证期已满需要复评的专业均要求申报。
三、申请认证专业须按照要求撰写《工程教育认证申请书（2025版）》（格式见附件2）。
四、申请账户注册、登录及申请材料提交的具体方式请登录认证协会网站查询，网址：https://www.ceeaa.org.cn/。
五、申请材料提交系统开放时间拟定在2025年9月5日—2025年9月30日，所有申请材料需于2025年9月30日24：00点前通过“工程教育专业认证管理信息系统”（https://eqem.eqea.edu.cn/engineeringLogin） 提交。
六、申请专业需提前准备好申请材料，于2025年9月19日前将加盖学院公章的纸质版及电子版申请材料交至教学质量监控与评估中心（行政北楼西205），电子版发至10556425@qq.com。
联系人：蒋麓，0591-22860935。

附件：1.2025年接受认证申请的专业领域及专业一览表.pdf
　　   2.工程教育认证申请书（2025版）.docx
　　   3.工程教育认证申请书（2025版）修订说明.pdf

教学质量监控与评估中心
2025年9月6日",3,0017449848580016714970,附件2 工程教育认证申请书（2025版）.docx,156,https://jwch.fzu.edu.cn/system/_content/download.jsp?urltype=news.DownloadAttachUrl&owner=1744984858&wbfileid=16714970,16714970,1744984858
001040014188,https://jwch.fzu.edu.cn/info/1040/14188.htm,关于开展2025年工程教育专业认证申请工作的通知,【质量办】,2025-09-06,"各学院：
根据《中国工程教育专业认证协会关于开展2025年工程教育认证申请工作的通告》（工程教育认证通告〔2025〕第 1 号）文件精神，为进一步推动我校学科专业发展，提高办学质量，现开展2025年工程教育认证申请工作，具体安排如下：
一、申请参加认证的专业需满足《工程教育认证工作规范》（T/CEEAA 002—2022）有关要求，按照教育部规定设立，已有三届毕业生，授予工学学士学位的普通高等学校全日制普通四年制本科专业。
二、2025年接受认证申请的专业范围包括：前期已开展认证的20个专业领域相关专业，也包括《普通高等学校本科专业目录（2025版）》中工学门类其他相关专业，还包括其他学科门类中授予工学学士学位的相关专业。接受认证申请的具体专业范围见附件1）。符合申报条件、认证期已满需要复评的专业均要求申报。
三、申请认证专业须按照要求撰写《工程教育认证申请书（2025版）》（格式见附件2）。
四、申请账户注册、登录及申请材料提交的具体方式请登录认证协会网站查询，网址：https://www.ceeaa.org.cn/。
五、申请材料提交系统开放时间拟定在2025年9月5日—2025年9月30日，所有申请材料需于2025年9月30日24：00点前通过“工程教育专业认证管理信息系统”（https://eqem.eqea.edu.cn/engineeringLogin） 提交。
六、申请专业需提前准备好申请材料，于2025年9月19日前将加盖学院公章的纸质版及电子版申请材料交至教学质量监控与评估中心（行政北楼西205），电子版发至10556425@qq.com。
联系人：蒋麓，0591-22860935。

附件：1.2025年接受认证申请的专业领域及专业一览表.pdf
　　   2.工程教育认证申请书（2025版）.docx
　　   3.工程教育认证申请书（2025版）修订说明.pdf

教学质量监控与评估中心
2025年9月6日",3,0017449848580016714971,附件1 2025年接受认证申请的专业领域及专业一览表.pdf,500,https://jwch.fzu.edu.cn/system/_content/download.jsp?urltype=news.DownloadAttachUrl&owner=1744984858&wbfileid=16714971,16714971,1744984858
001040014189,https://jwch.fzu.edu.cn/info/1040/14189.htm,关于开学第一周集中听课的通知,【质量办】,2025-09-06,"各学院、各有关单位：
根据《福州大学党政领导听课管理实施办法》（福大教〔2022〕27号）文件精神，开学第一周为党政领导集中听课周，请各级党政领导按文件要求深入本科生课堂听课，了解教师教学和学生学习情况，发现问题、分析问题、解决问题，并认真填写《福州大学课堂教学质量评估表》，其中思政课教学指导组（校党委书记、校长牵头，分管教学、科研、思政课工作校领导，马克思主义学院领导班子，教学督导员等共同组成）听思政课请填写《福州大学课堂教学质量评估表(思政课）》。
特此通知。

附件：
1.《福州大学课堂教学质量评估表》
2.《福州大学课堂教学质量评估表(思政课）》
3．2025—2026学年第一学期第一周课表
4.《福州大学党政领导听课管理实施办法》（福大教〔2022〕27号）

教学质量监控与评估中心
2025年9月6日",4,0017449848580016714972,附件1：福州大学课堂教学质量评估表.doc,137,https://jwch.fzu.edu.cn/system/_content/download.jsp?urltype=news.DownloadAttachUrl&owner=1744984858&wbfileid=16714972,16714972,1744984858
001040014189,https://jwch.fzu.edu.cn/info/1040/14189.htm,关于开学第一周集中听课的通知,【质量办】,2025-09-06,"各学院、各有关单位：
根据《福州大学党政领导听课管理实施办法》（福大教〔2022〕27号）文件精神，开学第一周为党政领导集中听课周，请各级党政领导按文件要求深入本科生课堂听课，了解教师教学和学生学习情况，发现问题、分析问题、解决问题，并认真填写《福州大学课堂教学质量评估表》，其中思政课教学指导组（校党委书记、校长牵头，分管教学、科研、思政课工作校领导，马克思主义学院领导班子，教学督导员等共同组成）听思政课请填写《福州大学课堂教学质量评估表(思政课）》。
特此通知。

附件：
1.《福州大学课堂教学质量评估表》
2.《福州大学课堂教学质量评估表(思政课）》
3．2025—2026学年第一学期第一周课表
4.《福州大学党政领导听课管理实施办法》（福大教〔2022〕27号）

教学质量监控与评估中心
2025年9月6日",4,0017449848580016714973,附件2：福州大学课堂教学质量评估表（思政课）.docx,128,https://jwch.fzu.edu.cn/system/_content/download.jsp?urltype=news.DownloadAttachUrl&owner=1744984858&wbfileid=16714973,16714973,1744984858
001040014189,https://jwch.fzu.edu.cn/info/1040/14189.htm,关于开学第一周集中听课的通知,【质量办】,2025-09-06,"各学院、各有关单位：
根据《福州大学党政领导听课管理实施办法》（福大教〔2022〕27号）文件精神，开学第一周为党政领导集中听课周，请各级党政领导按文件要求深入本科生课堂听课，了解教师教学和学生学习情况，发现问题、分析问题、解决问题，并认真填写《福州大学课堂教学质量评估表》，其中思政课教学指导组（校党委书记、校长牵头，分管教学、科研、思政课工作校领导，马克思主义学院领导班子，教学督导员等共同组成）听思政课请填写《福州大学课堂教学质量评估表(思政课）》。
特此通知。

附件：
1.《福州大学课堂教学质量评估表》
2.《福州大学课堂教学质量评估表(思政课）》
3．2025—2026学年第一学期第一周课表
4.《福州大学党政领导听课管理实施办法》（福大教〔2022〕27号）

教学质量监控与评估中心
2025年9月6日",4,0017449848580016714974,附件3：202501第一周课表.xlsx,210,https://jwch.fzu.edu.cn/system/_content/download.jsp?urltype=news.DownloadAttachUrl&owner=1744984858&wbfileid=16714974,16714974,1744984858
001040014189,https://jwch.fzu.edu.cn/info/1040/14189.htm,关于开学第一周集中听课的通知,【质量办】,2025-09-06,"各学院、各有关单位：
根据《福州大学党政领导听课管理实施办法》（福大教〔2022〕27号）文件精神，开学第一周为党政领导集中听课周，请各级党政领导按文件要求深入本科生课堂听课，了解教师教学和学生学习情况，发现问题、分析问题、解决问题，并认真填写《福州大学课堂教学质量评估表》，其中思政课教学指导组（校党委书记、校长牵头，分管教学、科研、思政课工作校领导，马克思主义学院领导班子，教学督导员等共同组成）听思政课请填写《福州大学课堂教学质量评估表(思政课）》。
特此通知。

附件：
1.《福州大学课堂教学质量评估表》
2.《福州大学课堂教学质量评估表(思政课）》
3．2025—2026学年第一学期第一周课表
4.《福州大学党政领导听课管理实施办法》（福大教〔2022〕27号）

教学质量监控与评估中心
2025年9月6日",4,0017449848580016714975,附件4：福州大学党政领导听课管理实施办法（福大教〔2022〕27号）.doc,85,https://jwch.fzu.edu.cn/system/_content/download.jsp?urltype=news.DownloadAttachUrl&owner=1744984858&wbfileid=16714975,16714975,1744984858
001038014185,https://jwch.fzu.edu.cn/info/1038/14185.htm,关于2025-2026学年第一学期港澳台侨学生思政课和军事课程退选替代的通知,【计划科】,2025-09-06,"各学院：
根据《校教〔2019〕56号关于印发港澳台侨学生思政课和军事课程学分替代方案的通知》的要求，我校2019级起新入学港澳台侨学生开始实行相关国情类课程替代方案：现行培养方案中的《马克思主义基本原理》《毛泽东思想和中国特色社会主义理论体系概论》《中国近现代史纲要》《思想道德与法治》《习近平新时代中国特色社会主义思想概论》《形势与政策》《思想政治实践课》《军事理论》《军事技能》等课程可以直接修习或以国情类课程替代。
现就港澳台侨学生国情类课程替代事项通知如下：
一、根据教务处选课通知，完成学期选课。
1.在规定时间内登录本科教学管理系统（以下简称“系统”）完成本学期学期选课（含思政课和军事课程）。
2.需用国情类课程学分替代思政课和军事课程学分的学生，应于本学期初全校性通识选修课（以下简称“通选课”）选课期间登录系统，退选思政课和军事课程，同时选修国情类课程。
3. 2025级港澳台侨学生第一学期仅安排课程退选，不安排国情类课程的选课。2025级港澳台侨新生需于10月17日（含）前填写“港澳台侨学生思政课和军事课程退选申请表”交所在学院教学办办理退选事宜（尤其注意是否退选“形势与政策”），未在规定时间内办理或者选择不退选课程的，需按照培养计划要求参加这些课程的学习和考试。
二、课程退选替代以学期为单位进行，未在规定时间内办理或者选择不退选课程的，需按照培养计划要求参加这些课程的学习和考试。
三、根据“形势与政策”课程每学期都必须修读且全部通过考核后方能获得学分的要求，需要替代该课程的学生每个学期都必须进行一次退选操作。
四、修业年限内学生累计选修的国情类课程总学分不得低于其所退选的思政课和军事课程总学分。若所修国情类课程总学分超过退选的思政课和军事课程总学分，不可认定为其它课程类型学分。
五、学生每学期选修的国情类课程不得超过8学分。
六、学生可选择参加国家教育行政学院国情教育网络培训用以替代思政课和军事课程学分，具体实施方案以相关部门通知为准。
七、国情类课程不安排补考或重修，考核不及格需选修其它国情类课程。
 
附：2025-2026学年第一学期国情课列表
    港澳台侨学生思政课和军事课程退选申请表
 
教务处
2025年9月6日",2,0017449848580016714904,2025-2026学年第一学期国情课列表.docx,638,https://jwch.fzu.edu.cn/system/_content/download.jsp?urltype=news.DownloadAttachUrl&owner=1744984858&wbfileid=16714904,16714904,1744984858
001038014185,https://jwch.fzu.edu.cn/info/1038/14185.htm,关于2025-2026学年第一学期港澳台侨学生思政课和军事课程退选替代的通知,【计划科】,2025-09-06,"各学院：
根据《校教〔2019〕56号关于印发港澳台侨学生思政课和军事课程学分替代方案的通知》的要求，我校2019级起新入学港澳台侨学生开始实行相关国情类课程替代方案：现行培养方案中的《马克思主义基本原理》《毛泽东思想和中国特色社会主义理论体系概论》《中国近现代史纲要》《思想道德与法治》《习近平新时代中国特色社会主义思想概论》《形势与政策》《思想政治实践课》《军事理论》《军事技能》等课程可以直接修习或以国情类课程替代。
现就港澳台侨学生国情类课程替代事项通知如下：
一、根据教务处选课通知，完成学期选课。
1.在规定时间内登录本科教学管理系统（以下简称“系统”）完成本学期学期选课（含思政课和军事课程）。
2.需用国情类课程学分替代思政课和军事课程学分的学生，应于本学期初全校性通识选修课（以下简称“通选课”）选课期间登录系统，退选思政课和军事课程，同时选修国情类课程。
3. 2025级港澳台侨学生第一学期仅安排课程退选，不安排国情类课程的选课。2025级港澳台侨新生需于10月17日（含）前填写“港澳台侨学生思政课和军事课程退选申请表”交所在学院教学办办理退选事宜（尤其注意是否退选“形势与政策”），未在规定时间内办理或者选择不退选课程的，需按照培养计划要求参加这些课程的学习和考试。
二、课程退选替代以学期为单位进行，未在规定时间内办理或者选择不退选课程的，需按照培养计划要求参加这些课程的学习和考试。
三、根据“形势与政策”课程每学期都必须修读且全部通过考核后方能获得学分的要求，需要替代该课程的学生每个学期都必须进行一次退选操作。
四、修业年限内学生累计选修的国情类课程总学分不得低于其所退选的思政课和军事课程总学分。若所修国情类课程总学分超过退选的思政课和军事课程总学分，不可认定为其它课程类型学分。
五、学生每学期选修的国情类课程不得超过8学分。
六、学生可选择参加国家教育行政学院国情教育网络培训用以替代思政课和军事课程学分，具体实施方案以相关部门通知为准。
七、国情类课程不安排补考或重修，考核不及格需选修其它国情类课程。
 
附：2025-2026学年第一学期国情课列表
    港澳台侨学生思政课和军事课程退选申请表
 
教务处
2025年9月6日",2,0017449848580016714905,港澳台侨学生思政课和军事课程退选申请表.docx,659,https://jwch.fzu.edu.cn/system/_content/download.jsp?urltype=news.DownloadAttachUrl&owner=1744984858&wbfileid=16714905,16714905,1744984858
001038014184,https://jwch.fzu.edu.cn/info/1038/14184.htm,关于2025-2026学年第一学期通识教育选修课选课的通知,【计划科】,2025-09-06,"通识教育选修课(以下简称通选课，原称全校性公共选修课)是为扩大学生知识面、开拓视野、推进文理渗透、理工结合、提高各方面素质而开设的跨院系全校性选修课，各专业学生应根据专业需要确定修读类别并修满相应学分。请同学们登陆教务处主页的本科教学系统进行选课。
 
一、选课时间：
第一轮：9月8日—9月11日，
第二轮：9月13日—9月14日，
第三轮：9月16日。
 
二、投分原则及积分计算方法：
1、选课采用投积分、分轮次进行的方式，先预选后由系统统一处理选课结果。每轮选课初始，系统给予每位同学100个积分，同学根据自己的选课计划自由划分这些积分。每轮选课结束后系统根据最终积分（详见积分计算方法）大小按从高到低排序以确定中选名单，对于积分相同但超过限选人数的同学将采取随机抽取的办法。已选中的课程在选课时间内均可自由退选。
 
2、每门课最终积分=所投积分╳年级基数
所投积分：必须为大于0且小等于100的整数；
年级基数：毕业班为100%、三年级和五年制专业四年级为85%、其它年级为70%。
 
三、选课规则
1、每轮选课结束后，对于未达到限选人数的课程将形成人数差额，供下一轮继续选课。第二轮选课结果后，选课人数未达到20人的课程将取消开课，已选中这些课程的同学请于第三轮选课开放后选择其他课程。
 
2、已取得及格以上成绩的校选课，不得再次重选；若已修过与校选课相同的课程（即使学时或学分不同），也不应再次选修，否则不予认可学分。另其他任意两门课程冲突，或与校选课时间冲突的，都会导致不中选。若在本系或跨系中已修过的相同的课程学分可抵校选课学分，但不再计入本院、系其它课程模块学分。
特别注意：以上限制与排除条件均为投分后系统方可判断处理，因此请同学们先行判断自身情况再针对性投分，以免浪费选课机会。
 
3、第二轮选课开始将增加智慧树、超星尔雅、学银在线及爱课程等平台开设的在线开放共享课程供同学选课，课程名称前缀分别标注为“智慧树”、“超星尔雅”、“学银在线”、“爱课程”，请同学们注意识别。在线开放课程由学生自愿选择，非毕业年级学生每学期限选一门，选课方法与第一轮相同。选中课程的同学需在9月22日至9月28日登陆相应平台进行注册报到方可参加在线学习。成绩合格者，课程学分期末计入校选课相应类别学分,未在教务处选课系统选课而自行报名在线学习者不予认定学分。智慧树和超星尔雅平台学习时间为9月22日-12月7日，考试时间12月8日-12月14日，不补考。
 
常用授课平台网址为：
 
智慧树：https://portals.zhihuishu.com/fzu；（手机端用户打开知到APP，选择学号登录，输入福州大学、学号及初始密码：Zhihuishu@学号后六位。请注意：打开APP后，点击【学习】查看已选择的课程，课程角标必须为“共享课”，若角标显示为“兴趣课”或“公开课”，则说明认证不正确，这个课看完是没有学分的！）
附：智慧树学生手册
 
超星尔雅：http://fzdx.fanya.chaoxing.com/portal，(首次使用学习通的同学，需要注册并绑定单位（单位UC码1799）及学号才能查看并学习课程，注册及使用方式详见附件使用手册)；
附：超星尔雅使用手册（学生版）
 
学银在线：http://www.xueyinonline.com/；
 
中国大学MOOC：https://www.icourse163.org/；
 
爱课程：http://www.icourses.cn/school/FZU。(爱课程网站需注意：（1）使用邮箱注册成功后，需将用户昵称命名为：FZU+学号+姓名，如张三，注册用户名为：FZU学号张三；（2）注册成功后，必须加入相应课程的慕课堂参加学习，才能最终获取成绩)   
附：慕课堂学生操作手册
 
四、注意事项
1、请仔细阅读各网课平台的操作手册，按要求完成注册认证后再参加课程学习。
 
福州大学教务处
2025年9月6日",3,0017449848580016714902,超星尔雅使用手册（学生版）.pdf,1204,https://jwch.fzu.edu.cn/system/_content/download.jsp?urltype=news.DownloadAttachUrl&owner=1744984858&wbfileid=16714902,16714902,1744984858
001038014184,https://jwch.fzu.edu.cn/info/1038/14184.htm,关于2025-2026学年第一学期通识教育选修课选课的通知,【计划科】,2025-09-06,"通识教育选修课(以下简称通选课，原称全校性公共选修课)是为扩大学生知识面、开拓视野、推进文理渗透、理工结合、提高各方面素质而开设的跨院系全校性选修课，各专业学生应根据专业需要确定修读类别并修满相应学分。请同学们登陆教务处主页的本科教学系统进行选课。
 
一、选课时间：
第一轮：9月8日—9月11日，
第二轮：9月13日—9月14日，
第三轮：9月16日。
 
二、投分原则及积分计算方法：
1、选课采用投积分、分轮次进行的方式，先预选后由系统统一处理选课结果。每轮选课初始，系统给予每位同学100个积分，同学根据自己的选课计划自由划分这些积分。每轮选课结束后系统根据最终积分（详见积分计算方法）大小按从高到低排序以确定中选名单，对于积分相同但超过限选人数的同学将采取随机抽取的办法。已选中的课程在选课时间内均可自由退选。
 
2、每门课最终积分=所投积分╳年级基数
所投积分：必须为大于0且小等于100的整数；
年级基数：毕业班为100%、三年级和五年制专业四年级为85%、其它年级为70%。
 
三、选课规则
1、每轮选课结束后，对于未达到限选人数的课程将形成人数差额，供下一轮继续选课。第二轮选课结果后，选课人数未达到20人的课程将取消开课，已选中这些课程的同学请于第三轮选课开放后选择其他课程。
 
2、已取得及格以上成绩的校选课，不得再次重选；若已修过与校选课相同的课程（即使学时或学分不同），也不应再次选修，否则不予认可学分。另其他任意两门课程冲突，或与校选课时间冲突的，都会导致不中选。若在本系或跨系中已修过的相同的课程学分可抵校选课学分，但不再计入本院、系其它课程模块学分。
特别注意：以上限制与排除条件均为投分后系统方可判断处理，因此请同学们先行判断自身情况再针对性投分，以免浪费选课机会。
 
3、第二轮选课开始将增加智慧树、超星尔雅、学银在线及爱课程等平台开设的在线开放共享课程供同学选课，课程名称前缀分别标注为“智慧树”、“超星尔雅”、“学银在线”、“爱课程”，请同学们注意识别。在线开放课程由学生自愿选择，非毕业年级学生每学期限选一门，选课方法与第一轮相同。选中课程的同学需在9月22日至9月28日登陆相应平台进行注册报到方可参加在线学习。成绩合格者，课程学分期末计入校选课相应类别学分,未在教务处选课系统选课而自行报名在线学习者不予认定学分。智慧树和超星尔雅平台学习时间为9月22日-12月7日，考试时间12月8日-12月14日，不补考。
 
常用授课平台网址为：
 
智慧树：https://portals.zhihuishu.com/fzu；（手机端用户打开知到APP，选择学号登录，输入福州大学、学号及初始密码：Zhihuishu@学号后六位。请注意：打开APP后，点击【学习】查看已选择的课程，课程角标必须为“共享课”，若角标显示为“兴趣课”或“公开课”，则说明认证不正确，这个课看完是没有学分的！）
附：智慧树学生手册
 
超星尔雅：http://fzdx.fanya.chaoxing.com/portal，(首次使用学习通的同学，需要注册并绑定单位（单位UC码1799）及学号才能查看并学习课程，注册及使用方式详见附件使用手册)；
附：超星尔雅使用手册（学生版）
 
学银在线：http://www.xueyinonline.com/；
 
中国大学MOOC：https://www.icourse163.org/；
 
爱课程：http://www.icourses.cn/school/FZU。(爱课程网站需注意：（1）使用邮箱注册成功后，需将用户昵称命名为：FZU+学号+姓名，如张三，注册用户名为：FZU学号张三；（2）注册成功后，必须加入相应课程的慕课堂参加学习，才能最终获取成绩)   
附：慕课堂学生操作手册
 
四、注意事项
1、请仔细阅读各网课平台的操作手册，按要求完成注册认证后再参加课程学习。
 
福州大学教务处
2025年9月6日",3,0017449848580016714903,慕课堂学生操作手册.pdf,823,https://jwch.fzu.edu.cn/system/_content/download.jsp?urltype=news.DownloadAttachUrl&owner=1744984858&wbfileid=16714903,16714903,1744984858
001038014184,https://jwch.fzu.edu.cn/info/1038/14184.htm,关于2025-2026学年第一学期通识教育选修课选课的通知,【计划科】,2025-09-06,"通识教育选修课(以下简称通选课，原称全校性公共选修课)是为扩大学生知识面、开拓视野、推进文理渗透、理工结合、提高各方面素质而开设的跨院系全校性选修课，各专业学生应根据专业需要确定修读类别并修满相应学分。请同学们登陆教务处主页的本科教学系统进行选课。
 
一、选课时间：
第一轮：9月8日—9月11日，
第二轮：9月13日—9月14日，
第三轮：9月16日。
 
二、投分原则及积分计算方法：
1、选课采用投积分、分轮次进行的方式，先预选后由系统统一处理选课结果。每轮选课初始，系统给予每位同学100个积分，同学根据自己的选课计划自由划分这些积分。每轮选课结束后系统根据最终积分（详见积分计算方法）大小按从高到低排序以确定中选名单，对于积分相同但超过限选人数的同学将采取随机抽取的办法。已选中的课程在选课时间内均可自由退选。
 
2、每门课最终积分=所投积分╳年级基数
所投积分：必须为大于0且小等于100的整数；
年级基数：毕业班为100%、三年级和五年制专业四年级为85%、其它年级为70%。
 
三、选课规则
1、每轮选课结束后，对于未达到限选人数的课程将形成人数差额，供下一轮继续选课。第二轮选课结果后，选课人数未达到20人的课程将取消开课，已选中这些课程的同学请于第三轮选课开放后选择其他课程。
 
2、已取得及格以上成绩的校选课，不得再次重选；若已修过与校选课相同的课程（即使学时或学分不同），也不应再次选修，否则不予认可学分。另其他任意两门课程冲突，或与校选课时间冲突的，都会导致不中选。若在本系或跨系中已修过的相同的课程学分可抵校选课学分，但不再计入本院、系其它课程模块学分。
特别注意：以上限制与排除条件均为投分后系统方可判断处理，因此请同学们先行判断自身情况再针对性投分，以免浪费选课机会。
 
3、第二轮选课开始将增加智慧树、超星尔雅、学银在线及爱课程等平台开设的在线开放共享课程供同学选课，课程名称前缀分别标注为“智慧树”、“超星尔雅”、“学银在线”、“爱课程”，请同学们注意识别。在线开放课程由学生自愿选择，非毕业年级学生每学期限选一门，选课方法与第一轮相同。选中课程的同学需在9月22日至9月28日登陆相应平台进行注册报到方可参加在线学习。成绩合格者，课程学分期末计入校选课相应类别学分,未在教务处选课系统选课而自行报名在线学习者不予认定学分。智慧树和超星尔雅平台学习时间为9月22日-12月7日，考试时间12月8日-12月14日，不补考。
 
常用授课平台网址为：
 
智慧树：https://portals.zhihuishu.com/fzu；（手机端用户打开知到APP，选择学号登录，输入福州大学、学号及初始密码：Zhihuishu@学号后六位。请注意：打开APP后，点击【学习】查看已选择的课程，课程角标必须为“共享课”，若角标显示为“兴趣课”或“公开课”，则说明认证不正确，这个课看完是没有学分的！）
附：智慧树学生手册
 
超星尔雅：http://fzdx.fanya.chaoxing.com/portal，(首次使用学习通的同学，需要注册并绑定单位（单位UC码1799）及学号才能查看并学习课程，注册及使用方式详见附件使用手册)；
附：超星尔雅使用手册（学生版）
 
学银在线：http://www.xueyinonline.com/；
 
中国大学MOOC：https://www.icourse163.org/；
 
爱课程：http://www.icourses.cn/school/FZU。(爱课程网站需注意：（1）使用邮箱注册成功后，需将用户昵称命名为：FZU+学号+姓名，如张三，注册用户名为：FZU学号张三；（2）注册成功后，必须加入相应课程的慕课堂参加学习，才能最终获取成绩)   
附：慕课堂学生操作手册
 
四、注意事项
1、请仔细阅读各网课平台的操作手册，按要求完成注册认证后再参加课程学习。
 
福州大学教务处
2025年9月6日",3,0017449848580016714901,智慧树学生手册2025.pptx,1171,https://jwch.fzu.edu.cn/system/_content/download.jsp?urltype=news.DownloadAttachUrl&owner=1744984858&wbfileid=16714901,16714901,1744984858
001042014182,https://jwch.fzu.edu.cn/content.jsp?urltype=news.NewsContentUrl&wbtreeid=1042&wbnewsid=14182,关于2025-2026学年第一学期教材发放的通知,【教材中心】,2025-09-05,"各学院：
为规范旗山校区、铜盘校区、厦门校区、晋江校区四个校区本科课程教材发放，保证师生正常教学活动的开展，现将2025年秋季学期新老生本科课程教材发放相关事宜通知如下：
一、教材发放时间和地点

序号
学院名称
年级
发放日期
发放时间段
发放校区
地点
教材供应商信息
备注

单位名称
联系人
联系电话

1
电气学院
2025
9月13日
9:00-9:30
铜盘校区
教学楼B楼一楼
新华
陈少彬
13799991282
按专业领取教材

电气学院
2022-2024
9月7日
9:00-9:30
旗山校区
教学区中楼空地
新华
陈少彬
13799991282
按专业领取教材

2
机械学院
2025
9月13日
10:30-11:00
铜盘校区
教学楼B楼一楼
新华
陈少彬
13799991282
按专业领取教材

机械学院
2022-2024
9月7日
10:00-10:30
旗山校区
教学区中楼空地
新华
陈少彬
13799991282
按专业领取教材

3
数统学院
2025
9月13日
9:30-10:00
铜盘校区
教学楼B楼一楼
新华
陈少彬
13799991282
按专业领取教材

数统学院
2022-2024
9月7日
10:30-11:00
旗山校区
教学区中楼空地
新华
陈少彬
13799991282
按专业领取教材

4
化工学院
2025
9月13日
10:00-10:30
铜盘校区
教学楼A楼走廊
百万庄
吴燕芳
18059191960
按专业领取教材

化工学院
2022-2024
9月7日
10:00-10:15
旗山校区
教学楼中107外大厅
百万庄
吴燕芳
18059191960
按专业领取教材

5
土木学院
2025
9月13日
13:30-14:00
铜盘校区
教学楼B楼一楼
厦大
周和本
13305000046
按专业领取教材

土木学院
2022-2024
9月7日
13:30-14:00
旗山校区
教学区中楼空地
厦大
周和本
13305000046
按专业领取教材

6
环安学院
2025
9月13日
10:30-11:00
铜盘校区
教学楼A楼走廊
百万庄
吴燕芳
18059191960
按专业领取教材

环安学院
2022-2024
9月7日
10:30-10:45
旗山校区
教学楼中107外大厅
百万庄
吴燕芳
18059191960
按专业领取教材

7
经管学院
2025
9月13日
13:30-14:00
铜盘校区
教学楼B楼一楼
厦大
周和本
13305000046
按专业领取教材

经管学院
2022-2024
9月7日
13:30-14:00
旗山校区
教学区中楼空地
厦大
周和本
13305000046
按专业领取教材

8
生工学院
2025
9月13日
11:00-11:30
铜盘校区
教学楼A楼走廊
百万庄
吴燕芳
18059191960
按专业领取教材

生工学院
2022-2024
9月7日
11:00-11:15
旗山校区
教学楼中107外大厅
百万庄
吴燕芳
18059191960
按专业领取教材

9
外语学院
2025
9月13日
11:30-12:00
铜盘校区
教学楼A楼走廊
百万庄
吴燕芳
18059191960
按专业领取教材

外语学院
2022-2024
9月7日
11:15-11:30
旗山校区
教学楼中107外大厅
百万庄
吴燕芳
18059191960
按专业领取教材

10
计数学院（含软件）
2025
9月13日
10:00-10:30
铜盘校区
教学楼B楼一楼
新华
陈少彬
13799991282
按专业领取教材

计数学院（含软件）
2022-2024
9月7日
11:00-11:30
旗山校区
教学区中楼空地
新华
陈少彬
13799991282
按专业领取教材

11
物信学院
2025
9月13日
15:00-15:30
铜盘校区
教学楼B楼一楼
厦大
周和本
13305000046
按专业领取教材

物信学院
2022-2024
9月7日
15:00-15:30
旗山校区
教学区中楼空地
厦大
周和本
13305000046
按专业领取教材

12
化学学院
2025
9月13日
12:30-13:00
铜盘校区
教学楼A楼走廊
百万庄
吴燕芳
18059191960
按专业领取教材

化学学院
2022-2024
9月7日
10:45-11:00
旗山校区
教学楼中107外大厅
百万庄
吴燕芳
18059191960
按专业领取教材

13
建筑学院
2025
9月13日
15:30-16:00
铜盘校区
教学楼B楼一楼
厦大
周和本
13305000046
按专业领取教材

建筑学院
2022-2024
9月7日
15:30-16:00
旗山校区
教学区中楼空地
厦大
周和本
13305000046
按专业领取教材

14
地矿学院
2025
9月13日
16:00-16:30
铜盘校区
教学楼B楼一楼
厦大
周和本
13305000046
按专业领取教材

地矿学院
2022-2024
9月7日
16:00-16:30
旗山校区
教学区中楼空地
厦大
周和本
13305000046
按专业领取教材

15
工艺美院
2025
9月13日
15:00-16:30
厦门校区
3号宿舍楼大厅
百万庄
吴燕芳
18059191960
按专业领取教材

工艺美院
2022-2024
9月7日
15:00-16:30
厦门校区
3号宿舍楼大厅
百万庄
吴燕芳
18059191960
按专业领取教材

16
材料学院
2025
9月13日
13:00-13:30
铜盘校区
教学楼A楼走廊
百万庄
吴燕芳
18059191960
按专业领取教材

材料学院
2022-2024
9月7日
10:15-10:30
旗山校区
教学楼中107外大厅
百万庄
吴燕芳
18059191960
按专业领取教材

17
法学院
2025
9月13日
9:30-10:00
铜盘校区
教学楼B楼一楼
新华
陈少彬
13799991282
按专业领取教材

法学院
2022-2024
9月7日
9:30-10:00
旗山校区
教学区中楼空地
新华
陈少彬
13799991282
按专业领取教材

18
人文学院（其他专业）
2025
9月13日
9:30-10:00
铜盘校区
教学楼B楼一楼
新华
陈少彬
13799991282
按专业领取教材

人文学院（音乐学）
2025
9月13日
9:00-9:30
旗山校区
教学区中楼空地
新华
陈少彬
13799991282
按专业领取教材

人文学院
2022-2024
9月7日
10:30-11:00
旗山校区
教学区中楼空地
新华
陈少彬
13799991282
按专业领取教材

19
先造学院
2025
9月13日
10:00-11:00
晋江校区
食堂背后16号店面
百万庄
吴燕芳
18059191960
按专业领取教材

先造学院
2022-2024
9月6日
13:00-16:30
晋江校区
食堂背后16号店面
百万庄
吴燕芳
18059191960
按专业领取教材

20
梅努斯学院
2025
9月13日
9:00-9:30
旗山校区
教学区中楼空地
新华
陈少彬
13799991282
按专业领取教材

梅努斯学院
2022-2024
9月7日
9:30-10:00
旗山校区
教学区中楼空地
新华
陈少彬
13799991282
按专业领取教材

21
医学院
2025
9月13日
9:00-9:30
旗山校区
教学区中楼空地
新华
陈少彬
13799991282
按专业领取教材

二、领取教材注意事项
1.各学院各专业指定一名学生负责所在班级的教材发放相关事宜，主要任务是根据要求做好本专业的教材领取、发放、教材实际费用的收取、与教材供应商进行教材费用结算等工作；
2.为按时有序地发放教材，请各专业学生负责人按照学院教材领取时间段前来领书，原则上每个时间段只接受安排在该时间段的学院领书。若有专业因特殊情况确实无法在该时间段前来领书，请提前联系学院对应的教材供应商联系人。请领书同学注意前后间隔一定距离，领完后不滞留，尽快离开；
3.教材发放时请各专业学生负责人当场核对清楚所领教材名称、数量、价格与教材发放清单是否一致，避免错漏，有问题当场联系教材发放工作人员；签字领走后以教材清单为收费依据，请务必核对清楚再携本专业教材离场。教材费用收取以教材供应商后续通知为准；
4.各专业学生负责人领回全班教材发给班级同学时，请务必做好每位同学的领书签字登记工作以免领错教材，也方便后面与每位同学教材款的结算；
5.如需退换教材，请于一周内联系学院对应的教材供应商进行退换，退换前应保证教材无任何涂画痕迹。
6.如教材供应有其他问题可联系学院教学办或教务处联系人。
教务处联系人： 苏老师；   联系电话：22866893

福州大学教务处
2025年9月5日",0,,,,,,
001037014181,https://jwch.fzu.edu.cn/info/1037/14181.htm,福州大学关于开展2025级“数理综合班”招生工作的通知,【教研教改】,2025-09-05,"校教〔2025〕34号

各学院：
   举办“数理综合班”是我校培养拔尖创新人才的重要举措之一。为继续推动这项特色鲜明的英才培养模式改革，经研究，决定从2025级高考理科(或选考物理)新生中选拔部分优异生组建第二十二届“数理综合班”。请各学院相关负责人组织做好宣传报名等招生工作，积极鼓励有创新潜质、综合素质优秀的学生报名参加，有关事项见附件。  
   特此通知。

附件1：福州大学2025级“数理综合班”招生简章
附件2：承诺书

                                  福州大学教务处
2025年9月5日",2,0017449848580016714578,附件1：福州大学2025级“数理综合班”招生简章.doc,1771,https://jwch.fzu.edu.cn/system/_content/download.jsp?urltype=news.DownloadAttachUrl&owner=1744984858&wbfileid=16714578,16714578,1744984858
001037014181,https://jwch.fzu.edu.cn/info/1037/14181.htm,福州大学关于开展2025级“数理综合班”招生工作的通知,【教研教改】,2025-09-05,"校教〔2025〕34号

各学院：
   举办“数理综合班”是我校培养拔尖创新人才的重要举措之一。为继续推动这项特色鲜明的英才培养模式改革，经研究，决定从2025级高考理科(或选考物理)新生中选拔部分优异生组建第二十二届“数理综合班”。请各学院相关负责人组织做好宣传报名等招生工作，积极鼓励有创新潜质、综合素质优秀的学生报名参加，有关事项见附件。  
   特此通知。

附件1：福州大学2025级“数理综合班”招生简章
附件2：承诺书

                                  福州大学教务处
2025年9月5日",2,0017449848580016714579,附件2：承诺书.doc,473,https://jwch.fzu.edu.cn/system/_content/download.jsp?urltype=news.DownloadAttachUrl&owner=1744984858&wbfileid=16714579,16714579,1744984858
001037014179,https://jwch.fzu.edu.cn/info/1037/14179.htm,福州大学关于开展2025级“数智实验班” 招生工作的通知,【教研教改】,2025-09-05,"校教〔2025〕35号

各学院：
    举办“数智实验班”是我校培养拔尖创新人才的重要举措之一。为推动这项特色鲜明的英才培养模式改革，经研究，决定从2025级高考理科(或选考物理)新生中选拔部分优异生组建2025级“数智实验班”。请各学院相关负责人组织做好宣传报名等招生工作，积极鼓励有创新潜质、综合素质优秀的学生报名参加，有关事项见附件。
    特此通知。

附件1：福州大学2025级“数智实验班”招生简章
附件2：福州大学2025级“数智实验班”选拔方案
附件3：承诺书

福州大学教务处
2025年9月5日",3,0017449848580016714573,附件2：福州大学2025级“数智实验班”选拔方案.docx,1594,https://jwch.fzu.edu.cn/system/_content/download.jsp?urltype=news.DownloadAttachUrl&owner=1744984858&wbfileid=16714573,16714573,1744984858
001037014179,https://jwch.fzu.edu.cn/info/1037/14179.htm,福州大学关于开展2025级“数智实验班” 招生工作的通知,【教研教改】,2025-09-05,"校教〔2025〕35号

各学院：
    举办“数智实验班”是我校培养拔尖创新人才的重要举措之一。为推动这项特色鲜明的英才培养模式改革，经研究，决定从2025级高考理科(或选考物理)新生中选拔部分优异生组建2025级“数智实验班”。请各学院相关负责人组织做好宣传报名等招生工作，积极鼓励有创新潜质、综合素质优秀的学生报名参加，有关事项见附件。
    特此通知。

附件1：福州大学2025级“数智实验班”招生简章
附件2：福州大学2025级“数智实验班”选拔方案
附件3：承诺书

福州大学教务处
2025年9月5日",3,0017449848580016714572,附件1：福州大学2025级“数智实验班”招生简章.docx,1640,https://jwch.fzu.edu.cn/system/_content/download.jsp?urltype=news.DownloadAttachUrl&owner=1744984858&wbfileid=16714572,16714572,1744984858
001037014179,https://jwch.fzu.edu.cn/info/1037/14179.htm,福州大学关于开展2025级“数智实验班” 招生工作的通知,【教研教改】,2025-09-05,"校教〔2025〕35号

各学院：
    举办“数智实验班”是我校培养拔尖创新人才的重要举措之一。为推动这项特色鲜明的英才培养模式改革，经研究，决定从2025级高考理科(或选考物理)新生中选拔部分优异生组建2025级“数智实验班”。请各学院相关负责人组织做好宣传报名等招生工作，积极鼓励有创新潜质、综合素质优秀的学生报名参加，有关事项见附件。
    特此通知。

附件1：福州大学2025级“数智实验班”招生简章
附件2：福州大学2025级“数智实验班”选拔方案
附件3：承诺书

福州大学教务处
2025年9月5日",3,0017449848580016714574,附件3：承诺书.docx,366,https://jwch.fzu.edu.cn/system/_content/download.jsp?urltype=news.DownloadAttachUrl&owner=1744984858&wbfileid=16714574,16714574,1744984858
001037014177,https://jwch.fzu.edu.cn/info/1037/14177.htm,福州大学关于开展2025级“嘉锡化学拔尖班”招生工作的通知,【教研教改】,2025-09-04,"校教〔2025〕33号

各学院：
2020年我校化学专业入选教育部基础学科拔尖学生培养计划2.0的化学拔尖学生培养基地。举办“嘉锡化学拔尖班”是培养化学拔尖学生的重要举措之一。为深入实施这项特色鲜明的人才培养模式，经研究，决定从2025级高考理科（或选考物理化学）新生中选拔部分优异生继续组建“嘉锡化学拔尖班”。请各学院相关负责人组织做好宣传报名工作，积极鼓励有创新潜质、综合素质优秀的学生参加报名，有关事项见附件。
特此通知。

附件1：福州大学2025级“嘉锡化学拔尖班”招生简章
附件2：福州大学2025级“嘉锡化学拔尖班”选拔方案

福州大学教务处
2025年9月5日",2,0017449848580016714466,附件1：福州大学2025级“嘉锡化学拔尖班”招生简章.doc,721,https://jwch.fzu.edu.cn/system/_content/download.jsp?urltype=news.DownloadAttachUrl&owner=1744984858&wbfileid=16714466,16714466,1744984858
001037014177,https://jwch.fzu.edu.cn/info/1037/14177.htm,福州大学关于开展2025级“嘉锡化学拔尖班”招生工作的通知,【教研教改】,2025-09-04,"校教〔2025〕33号

各学院：
2020年我校化学专业入选教育部基础学科拔尖学生培养计划2.0的化学拔尖学生培养基地。举办“嘉锡化学拔尖班”是培养化学拔尖学生的重要举措之一。为深入实施这项特色鲜明的人才培养模式，经研究，决定从2025级高考理科（或选考物理化学）新生中选拔部分优异生继续组建“嘉锡化学拔尖班”。请各学院相关负责人组织做好宣传报名工作，积极鼓励有创新潜质、综合素质优秀的学生参加报名，有关事项见附件。
特此通知。

附件1：福州大学2025级“嘉锡化学拔尖班”招生简章
附件2：福州大学2025级“嘉锡化学拔尖班”选拔方案

福州大学教务处
2025年9月5日",2,0017449848580016714465,附件2：福州大学2025级“嘉锡化学拔尖班”选拔方案.doc,500,https://jwch.fzu.edu.cn/system/_content/download.jsp?urltype=news.DownloadAttachUrl&owner=1744984858&wbfileid=16714465,16714465,1744984858
001037014176,https://jwch.fzu.edu.cn/info/1037/14176.htm,福州大学关于开展2025级“数理金融实验班”招生工作的通知,【教研教改】,2025-09-02,"校教〔2025〕32号
  

 

各学院：  

    举办“数理金融实验班”是我校培养拔尖创新人才的重要举措之一。为推动这项特色鲜明的英才培养模式改革，经研究，决定从2025级高考新生中选拔部分优异生组建第十二届“数理金融实验班”。请各学院相关负责人组织做好宣传报名等招生工作，积极鼓励有创新潜质、综合素质优秀的学生报名参加，有关事项见附件。  

    特此通知。  

 

 

附件1：福州大学2025级“数理金融实验班”招生简章  

附件2：福州大学2025级“数理金融实验班”选拔方案  

附件3：2025级数理金融实验班申请表  

附件4：承诺书  

 

 

 

 

 

 

福州大学教务处  

             2025年9月5日",4,0017449848580016714218,附件2：福州大学2025级“数理金融实验班”选拔方案.doc,769,https://jwch.fzu.edu.cn/system/_content/download.jsp?urltype=news.DownloadAttachUrl&owner=1744984858&wbfileid=16714218,16714218,1744984858
001037014176,https://jwch.fzu.edu.cn/info/1037/14176.htm,福州大学关于开展2025级“数理金融实验班”招生工作的通知,【教研教改】,2025-09-02,"校教〔2025〕32号
  

 

各学院：  

    举办“数理金融实验班”是我校培养拔尖创新人才的重要举措之一。为推动这项特色鲜明的英才培养模式改革，经研究，决定从2025级高考新生中选拔部分优异生组建第十二届“数理金融实验班”。请各学院相关负责人组织做好宣传报名等招生工作，积极鼓励有创新潜质、综合素质优秀的学生报名参加，有关事项见附件。  

    特此通知。  

 

 

附件1：福州大学2025级“数理金融实验班”招生简章  

附件2：福州大学2025级“数理金融实验班”选拔方案  

附件3：2025级数理金融实验班申请表  

附件4：承诺书  

 

 

 

 

 

 

福州大学教务处  

             2025年9月5日",4,0017449848580016714580,附件1：福州大学2025级“数理金融实验班”招生简章.doc,965,https://jwch.fzu.edu.cn/system/_content/download.jsp?urltype=news.DownloadAttachUrl&owner=1744984858&wbfileid=16714580,16714580,1744984858
001037014176,https://jwch.fzu.edu.cn/info/1037/14176.htm,福州大学关于开展2025级“数理金融实验班”招生工作的通知,【教研教改】,2025-09-02,"校教〔2025〕32号
  

 

各学院：  

    举办“数理金融实验班”是我校培养拔尖创新人才的重要举措之一。为推动这项特色鲜明的英才培养模式改革，经研究，决定从2025级高考新生中选拔部分优异生组建第十二届“数理金融实验班”。请各学院相关负责人组织做好宣传报名等招生工作，积极鼓励有创新潜质、综合素质优秀的学生报名参加，有关事项见附件。  

    特此通知。  

 

 

附件1：福州大学2025级“数理金融实验班”招生简章  

附件2：福州大学2025级“数理金融实验班”选拔方案  

附件3：2025级数理金融实验班申请表  

附件4：承诺书  

 

 

 

 

 

 

福州大学教务处  

             2025年9月5日",4,0017449848580016714220,附件3：2025级数理金融实验班申请表.doc,363,https://jwch.fzu.edu.cn/system/_content/download.jsp?urltype=news.DownloadAttachUrl&owner=1744984858&wbfileid=16714220,16714220,1744984858
001037014176,https://jwch.fzu.edu.cn/info/1037/14176.htm,福州大学关于开展2025级“数理金融实验班”招生工作的通知,【教研教改】,2025-09-02,"校教〔2025〕32号
  

 

各学院：  

    举办“数理金融实验班”是我校培养拔尖创新人才的重要举措之一。为推动这项特色鲜明的英才培养模式改革，经研究，决定从2025级高考新生中选拔部分优异生组建第十二届“数理金融实验班”。请各学院相关负责人组织做好宣传报名等招生工作，积极鼓励有创新潜质、综合素质优秀的学生报名参加，有关事项见附件。  

    特此通知。  

 

 

附件1：福州大学2025级“数理金融实验班”招生简章  

附件2：福州大学2025级“数理金融实验班”选拔方案  

附件3：2025级数理金融实验班申请表  

附件4：承诺书  

 

 

 

 

 

 

福州大学教务处  

             2025年9月5日",4,0017449848580016714221,附件4：承诺书.doc,249,https://jwch.fzu.edu.cn/system/_content/download.jsp?urltype=news.DownloadAttachUrl&owner=1744984858&wbfileid=16714221,16714221,1744984858
001041014172,https://jwch.fzu.edu.cn/info/1041/14172.htm,关于开展二期智慧教室、智慧实验室使用培训工作的通知,【电教中心】,2025-08-29,"各学院、教学单位：
为深入贯彻教育部《教育数字化转型战略行动》战略部署，根据《福州大学教育教学数字化实施方案》建设要求，我校以人工智能技术为核心驱动力，持续推动智慧教学环境重构，为教学模式创新、教师智能发展以及教育教学治理能力的提升全面赋能。今年暑期，教务处全面启动智慧教室、智慧实验室二期建设工作，顺利实现旗山校区晋江楼19间教室，公共教学楼文科楼教室205间教室、铜盘校区科报厅等3个教室、以及部分学院共计41个实验室的智慧化改造与升级。
为帮助师生尽快熟练掌握智慧教室、智慧实验室二期建设教学设备，深度运用智慧教学课程平台与AI智慧教学工具，提高教育教学水平，教务处于2025年秋季学期，继续以“AI辅助教学、助力课堂创新”为主题，持续开展智慧教室、智慧实验室使用系列培训，现将第一期培训工作安排如下：
一、培训时间、课程内容与培训地点：

时间
课程内容
培训地点

9月1日（周一）09:30-10:30
研讨型智慧教室设备使用1、上下课设备开/关2、分组研讨功能（可触控）3、交互屏使用4、常态化录播使用5、学生如何投屏（移动端/PC端）6、实际操作与指导
旗山校区晋江楼三层北-310

9月1日（周一）15:00-16:00
简易互动型智慧教室设备使用1、上下课设备开/关2、交互屏使用（可触控）3、无线麦使用4、常态化录播使用5、实际操作与指导
旗山校区晋江楼三层北-310

9月2日（周二）09:30-10:30
研讨型智慧教室设备使用1、上下课设备开/关2、分组研讨功能（可触控）3、交互屏使用4、常态化录播使用5、学生如何投屏（移动端/PC端）6、实际操作与指导
旗山校区晋江楼三层北-310

9月2日（周二）15:00-16:00
简易互动型智慧教室设备使用1、上下课设备开/关2、交互屏使用（可触控）3、无线麦使用4、常态化录播使用5、实际操作与指导
旗山校区晋江楼三层北-310

9月3日（周三）09:30-10:30
研讨型智慧教室设备使用1、上下课设备开/关2、分组研讨功能（可触控）3、交互屏使用4、常态化录播使用5、学生如何投屏（移动端/PC端）6、实际操作与指导
旗山校区晋江楼三层北-310

9月3日（周三）15:00-16:00
简易互动型智慧教室设备使用1、上下课设备开/关2、交互屏使用（可触控）3、无线麦使用4、常态化录播使用5、实际操作与指导
旗山校区晋江楼三层北-310

9月4日（周四）09:30-10:30
研讨型智慧教室设备使用1、上下课设备开/关2、分组研讨功能（可触控）3、交互屏使用4、常态化录播使用5、学生如何投屏（移动端/PC端）6、实际操作与指导
旗山校区晋江楼三层北-310

9月4日（周四）15:00-16:00
简易互动型智慧教室设备使用1、上下课设备开/关2、交互屏使用（可触控）3、无线麦使用4、常态化录播使用5、实际操作与指导
旗山校区晋江楼三层北-310

9月5日（周五）09:30-10:30
智慧实验室设备使用1、录播推车使用（1）录播推车如何推送至学生显示屏；（2）实训教室无线麦使用2、实训教室双屏系统使用3、实际操作与指导
旗山校区公共教学楼中楼中-101

9月5日（周五）15:00-16:00
智慧实验室设备使用1、录播推车使用（1）录播推车如何推送至学生显示屏；（2）实训教室无线麦使用2、实训教室双屏系统使用3、实际操作与指导
旗山校区公共教学楼中楼中-101

*备注：培训安排以最终日程为准

二、培训要求及报名
1．请各学院负责将本培训通知传达到学院所有任课教师，并邀请老师加入“现代教育技术中心智慧教室培训QQ群”（群号837451657），届时群内将推送教室使用手册与操作视频。
2．请各学院务必通知开学第一、二周在公共教学楼、文科楼上课的教师并要求务必参加培训。
3．有意向参加培训老师请于8月31 日22：00前扫描下方二维码或点击链接进行报名填写。

培训报名链接：【腾讯文档】福州大学智慧教室使用培训表https://docs.qq.com/form/page/DSUZqVk5DZWVGaXRT

三、培训联系人：阮老师，联系电话：13067351020。

教务处
2025年8月29日",0,,,,,,
001035014171,https://jwch.fzu.edu.cn/info/1035/14171.htm,关于填报2024年度非学历教育发展数据的通知,【综合科】,2025-08-20,"各学院及相关单位：
    根据教育部《教职成司函〔2025〕9号关于做好2024年度高等继续教育发展报告编制工作的通知》要求，为统筹完成我校2024年度非学历教育发展数据填报，请2024年开设非学历教育相关业务的学院及相关单位根据本单位实际情况填报2024年度福州大学非学历教育年度发展数据采集表和明细表（详见附件），具体要求如下：
    1. 非学历教育数据需按“2024年内完成结业”原则统计，所有数据均需确保真实、准确；
    2. 采集表数据需与明细表一致。
    请各学院于2025年8月27日前，将所有填报材料纸质版经学院负责人签字并盖章，报送至学校教务处行政北楼西210，电子版发送至275223258@qq.com。联系人：王老师，联系电话：15280102151。

教务处
2025年8月20日",1,0017449848580016712478,附件：2024年度福州大学非学历教育数据采集表-模板.xlsx,170,https://jwch.fzu.edu.cn/system/_content/download.jsp?urltype=news.DownloadAttachUrl&owner=1744984858&wbfileid=16712478,16712478,1744984858
001039014152,https://jwch.fzu.edu.cn/content.jsp?urltype=news.NewsContentUrl&wbtreeid=1039&wbnewsid=14152,福州大学关于公布本科生开放探索性实验项目（课程）立项名单的通知,【实践科】,2025-07-08,"校教〔2025〕29号

各学院、各有关单位：
根据2025年“本科生开放探索性实验项目（课程）”立项工作安排，现将获批立项的“本科生开放探索性实验项目（课程）”名单予以公布。（详见附件）

                福州大学教务处
                  2025年7月8日

附件：
福州大学本科生开放探索性实验项目（课程）立项名单

序号
学院
实验项目（课程）名称
负责人
实验学时
是否独立设置实验课

1
机械工程及自动化学院
大学生先进成图技术能力培养与提升
高建军
36
是

2
计算机与大数据学院
三维视觉实验
庄一新
48
是

3
化学学院
分子模拟驱动的聚合物药物递送实验
万东华
48
是

4
经济与管理学院
AI大模型融合物流大数据分析
吴海东
24
是

5
经济与管理学院
创业模拟综合实验
陈梦曦
48
是

6
物理与信息工程学院
基于RISC-V的SoC芯片版图设计与物理验证
王仁平
24
是

7
电气工程与自动化学院
窥探无形：近红外光谱传感器的奥秘与应用
柴琴琴
24
否

8
电气工程与自动化学院
感应电机数字孪生建模与状态检测方法实践
关向雨
16
否

9
电气工程与自动化学院
基于数字芯片的智能竞争冒险电路设计
宋福根
24
否

10
机械工程及自动化学院
应变式传感器设计及其特性测试—《机械工程测试技术》课程实验
梁伟
8
否

11
机械工程及自动化学院
智能制造执行系统课程创新实验
赖福强
4
否

12
机械工程及自动化学院
激光干涉测距仪原理研究与自主搭建
林杰文
13
否

13
计算机与大数据学院
基于昇腾Atlas 200I DK A2的国产多模态AI实践
刘莞玲
12
否

14
计算机与大数据学院
集成电路安全设计探索性实验
董晨
8
否

15
化学学院
单晶共价有机框架色谱固定相的制备及其应用
林佳丽
24
否

16
化学学院
外消旋联-2-萘酚的合成及手性拆分
吴韶华
12
否

17
土木工程学院
基于机器学习的混凝土智能配合比设计
范冰辉
4
否

18
土木工程学院
基于小型振动台的抗震试验与仿真
王渠
8
否

19
环境与安全工程学院
建筑电气火灾燃烧与蔓延行为关键参数监测综合实验
葛樊亮
16
否

20
环境与安全工程学院
资源回收综合实验
王永净
24
否

21
环境与安全工程学院
光催化技术处理印染废水
毕进红
12
否

22
环境与安全工程学院
土壤中重金属的形态分析及其钝化修复技术
夏亚飞
16
否

23
经济与管理学院
工业机器人智能交互与协作实验
黄晗静
10
否

24
经济与管理学院
面向绿色低碳的人机协作智能拣选优化实验
黄锥良
12
否

25
生物科学与工程学院
氨基酸氧化酶异源表达菌株的构建及生物催化应用
许鑫琦
16
否

26
物理与信息工程学院
模拟集成电路版图设计探索性实验
江浩
16
否

27
材料科学与工程学院
陶瓷 3D 打印及微波速烧
陈奇俤
4
否

28
机电工程实践中心
智能制造生产线中机器人工作站的虚拟仿真与实践
魏晋欣
16
否",0,,,,,,
001035014151,https://jwch.fzu.edu.cn/content.jsp?urltype=news.NewsContentUrl&wbtreeid=1035&wbnewsid=14151,教务处关于2025年暑假工作安排的通知,【综合科】,2025-07-05,"各学院，机关各部处、各单位：
根据学校暑假工作安排，暑假期间（7月6日至9月6日），为方便广大师生办理有关事宜，现将值班安排情况予以公布（详见附件）。确需紧急用印的，请事先电话联系值班人员。

教务处
2025年7月5日",1,0017449848580016681320,教务处2025年暑假值班表.xlsx,368,https://jwch.fzu.edu.cn/system/_content/download.jsp?urltype=news.DownloadAttachUrl&owner=1744984858&wbfileid=16681320,16681320,1744984858
001039014149,https://jwch.fzu.edu.cn/content.jsp?urltype=news.NewsContentUrl&wbtreeid=1039&wbnewsid=14149,关于公布2023年、2024年本科生科研训练计划项目结题成绩的通知,【实践科】,2025-07-04,"校教〔2025〕28号

各学院：
根据《关于做好2023年、2024年本科生科研训练计划项目结题工作的通知》要求，经专家评审和学校审核，现将2023年、2024年国家级、省级、校级项目结题成绩予以公布。（详见附件）
附件：1.福州大学2023年国家级、省级、校级本科生科研训练计划项目结题成绩汇总表
      2.福州大学2024年国家级、省级、校级本科生科研训练计划项目结题成绩汇总表

                  福州大学教务处
                                                          2025年7月4日",2,0017449848580016681324,附件1：福州大学2023年国家级、省级、校级本科生科研训练计划项目结题成绩汇总表.docx,497,https://jwch.fzu.edu.cn/system/_content/download.jsp?urltype=news.DownloadAttachUrl&owner=1744984858&wbfileid=16681324,16681324,1744984858
001039014149,https://jwch.fzu.edu.cn/content.jsp?urltype=news.NewsContentUrl&wbtreeid=1039&wbnewsid=14149,关于公布2023年、2024年本科生科研训练计划项目结题成绩的通知,【实践科】,2025-07-04,"校教〔2025〕28号

各学院：
根据《关于做好2023年、2024年本科生科研训练计划项目结题工作的通知》要求，经专家评审和学校审核，现将2023年、2024年国家级、省级、校级项目结题成绩予以公布。（详见附件）
附件：1.福州大学2023年国家级、省级、校级本科生科研训练计划项目结题成绩汇总表
      2.福州大学2024年国家级、省级、校级本科生科研训练计划项目结题成绩汇总表

                  福州大学教务处
                                                          2025年7月4日",2,0017449848580016490726,附件2：福州大学2024年国家级、省级、校级本科生科研训练计划项目结题成绩汇总表.docx,994,https://jwch.fzu.edu.cn/system/_content/download.jsp?urltype=news.DownloadAttachUrl&owner=1744984858&wbfileid=16490726,16490726,1744984858
001039014147,https://jwch.fzu.edu.cn/content.jsp?urltype=news.NewsContentUrl&wbtreeid=1039&wbnewsid=14147,关于公布2025年第二十五届数学竞赛获奖名单的通知,【实践科】,2025-07-02,"校教〔2025〕27号
各学院：
福州大学第二十五届数学竞赛于2025年6月22日在旗山校区、铜盘校区与晋江校区同步举行，现已圆满结束。本届竞赛分数学专业组、非数学专业A组和非数学专业B组三个组别，来自全校各学院不同专业的1531名学生（数学专业组68名，非数学专业A组1159名，非数学专业B组304名）参加竞赛。经评审，共计208名学生分别获得一、二、三等奖，其中数学专业组一等奖3名、二等奖4名、三等奖7名；非数学专业A组一等奖35名、二等奖56名、三等奖69名；非数学专业B组一等奖7名、二等奖10名、三等奖17名。获奖的同学将直接获得第十七届全国大学生数学竞赛初赛的参赛资格，现将获奖名单公布如下：

一、数学专业组获奖名单

序号
学院
学号
姓名
获奖等级

1
数学与统计学院
022301319
陈华凯
一等奖

2
数学与统计学院
032301318
张荣集
一等奖

3
物理与信息工程学院
112401509
李佳鸿
一等奖

4
数学与统计学院
032401121
朱景辉
二等奖

5
数学与统计学院
032401236
魏铭显
二等奖

6
数学与统计学院
032401332
余晗悦
二等奖

7
数学与统计学院
032401233
毛锦灿
二等奖

8
数学与统计学院
032401318
刘宇晨
三等奖

9
物理与信息工程学院
112401327
林灵翼
三等奖

10
数学与统计学院
032401126
林学晖
三等奖

11
数学与统计学院
032401134
张诗晴
三等奖

12
数学与统计学院
032401314
刘子谦
三等奖

13
数学与统计学院
032401329
陈栩蕴
三等奖

14
数学与统计学院
032401337
李荣堃
三等奖

二、非专业A组获奖名单

序号
学院
学号
姓名
获奖等级

1
计算机与大数据学院
102401430
潘颖昌
一等奖

2
机械工程及自动化学院
052301349
陈俊雄
一等奖

3
机械工程及自动化学院
022402220
潘国扬
一等奖

4
计算机与大数据学院
102401409
陈宝荣
一等奖

5
梅努斯国际工程学院
832401110
房嘉炜
一等奖

6
化学学院
132401205
方云溪
一等奖

7
环境与安全工程学院
062300143
吴艺涵
一等奖

8
电气工程与自动化学院
012401628
潘锦浩
一等奖

9
计算机与大数据学院
102400113
曾凯
一等奖

10
计算机与大数据学院
102404229
许益煊
一等奖

11
物理与信息工程学院
052101123
陈兆原
一等奖

12
计算机与大数据学院
102401533
丁晓炜
一等奖

13
化学学院
132401126
陈彦含
一等奖

14
紫金地质与矿业学院
162403116
叶景辉
一等奖

15
机械工程及自动化学院
022402216
林宸宇
一等奖

16
物理与信息工程学院
112200310
黄旭尧
一等奖

17
电气工程与自动化学院
012403135
曾楠
一等奖

18
计算机与大数据学院
102204109
杨煌辉
一等奖

19
电气工程与自动化学院
012402230
肖木森
一等奖

20
物理与信息工程学院
112401115
林承锴
一等奖

21
物理与信息工程学院
052205120
张梁锋
一等奖

22
计算机与大数据学院
102204101
王宇宏
一等奖

23
物理与信息工程学院
112400917
李凯旋
一等奖

24
土木工程学院
052402227
肖涵霖
一等奖

25
物理与信息工程学院
112300814
李烜
一等奖

26
计算机与大数据学院
102400434
周世朴
一等奖

27
先进制造学院
852403123
黄嘉禾
一等奖

28
先进制造学院
852403435
王善博
一等奖

29
化工学院
042401427
洪佳富
一等奖

30
经济与管理学院
072403210
亢鹏飞
一等奖

31
计算机与大数据学院
102400420
林晨
一等奖

32
电气工程与自动化学院
012201537
张昊东
一等奖

33
电气工程与自动化学院
012401535
杨佳澄
一等奖

34
机械工程及自动化学院
022401442
俞智海
一等奖

35
计算机与大数据学院
102301513
张仁杰
一等奖

36
土木工程学院
052401118
禹智纯
二等奖

37
生物科学与工程学院
082403243
张浩
二等奖

38
物理与信息工程学院
112300402
方振域
二等奖

39
材料科学与工程学院
182400528
谢智渊
二等奖

40
物理与信息工程学院
032401202
肖立伟
二等奖

41
化工学院
042401519
陈江涛
二等奖

42
计算机与大数据学院
102401108
李铭媛
二等奖

43
计算机与大数据学院
112401430
王龙滨
二等奖

44
计算机与大数据学院
082402202
程杰
二等奖

45
电气工程与自动化学院
012201321
林景灿
二等奖

46
机械工程及自动化学院
022401225
汤浩
二等奖

47
机械工程及自动化学院
022404103
陈剑涛
二等奖

48
化工学院
042401407
余婷婷
二等奖

49
生物科学与工程学院
082403133
滕子健
二等奖

50
化学学院
132401113
汪辉彬
二等奖

51
紫金地质与矿业学院
162401221
危晨维
二等奖

52
机械工程及自动化学院
052401426
吴文晋
二等奖

53
电气工程与自动化学院
012401517
林嘉豪
二等奖

54
物理与信息工程学院
022202127
涂耀升
二等奖

55
化工学院
042402223
柯祥琳
二等奖

56
土木工程学院
052401427
杨禹德
二等奖

57
物理与信息工程学院
112200233
张煜梁
二等奖

58
软件学院
222200103
王智键
二等奖

59
先进制造学院
852203433
余航宇
二等奖

60
先进制造学院
852403624
崔旭涵
二等奖

61
电气工程与自动化学院
012401235
叶元昊
二等奖

62
机械工程及自动化学院
022401440
叶书航
二等奖

63
化工学院
042401419
林博
二等奖

64
计算机与大数据学院
102204204
叶瑞舟
二等奖

65
物理与信息工程学院
112400405
陈训毅
二等奖

66
先进制造学院
852403235
张世杰
二等奖

67
电气工程与自动化学院
012401514
李程畅
二等奖

68
机械工程及自动化学院
022402208
胡伟
二等奖

69
电气工程与自动化学院
032401221
陈俊辉
二等奖

70
化工学院
042401306
江亮
二等奖

71
物理与信息工程学院
042401502
尹雅馨
二等奖

72
计算机与大数据学院
052201239
刘钰达
二等奖

73
计算机与大数据学院
102301116
俞烨
二等奖

74
材料科学与工程学院
182400534
郑新辉
二等奖

75
计算机与大数据学院
052207116
吴喜炜
二等奖

76
生物科学与工程学院
082403108
陈文薇
二等奖

77
生物科学与工程学院
082403140
谢佳君
二等奖

78
计算机与大数据学院
102401421
丁政伟
二等奖

79
物理与信息工程学院
112201102
陈杰
二等奖

80
物理与信息工程学院
112400514
姜海鹏程
二等奖

81
物理与信息工程学院
152301207
黄子阳
二等奖

82
机械工程及自动化学院
022401203
陈志翔
二等奖

83
土木工程学院
052206113
池跃辉
二等奖

84
环境与安全工程学院
062404121
庄堉婷
二等奖

85
计算机与大数据学院
102404213
黄志翔
二等奖

86
物理与信息工程学院
112400734
张恒杰
二等奖

87
先进制造学院
852403633
赖智媛
二等奖

88
电气工程与自动化学院
012401611
郭芷妍
二等奖

89
土木工程学院
052202112
肖权
二等奖

90
经济与管理学院
072403306
丁明炜
二等奖

91
先进制造学院
852403518
潘伟斌
二等奖

92
电气工程与自动化学院
012201515
林世伟
三等奖

93
电气工程与自动化学院
012202122
王向阳
三等奖

94
电气工程与自动化学院
012401617
兰宇翔
三等奖

95
电气工程与自动化学院
022103112
杨十六
三等奖

96
化工学院
042401229
章婧雯
三等奖

97
化工学院
042401410
张晔
三等奖

98
物理与信息工程学院
112200312
揭杨涛
三等奖

99
物理与信息工程学院
112201113
程文凯
三等奖

100
材料科学与工程学院
182400429
肖畅
三等奖

101
梅努斯国际工程学院
832201313
邱宇哲
三等奖

102
梅努斯国际工程学院
832203226
黄泽圣
三等奖

103
先进制造学院
852403637
肖钦
三等奖

104
化工学院
042203131
杨皓
三等奖

105
化工学院
042401429
黄熙原
三等奖

106
土木工程学院
052401331
郭舜
三等奖

107
土木工程学院
052406101
宋儒红
三等奖

108
环境与安全工程学院
062404124
李宏伟
三等奖

109
经济与管理学院
072303119
冯芯琪
三等奖

110
电气工程与自动化学院
012202108
何天宇
三等奖

111
电气工程与自动化学院
012202231
尤晓蕊
三等奖

112
化工学院
042401516
张钰轩
三等奖

113
计算机与大数据学院
102404217
林锦瀚
三等奖

114
物理与信息工程学院
112400812
林杰铭
三等奖

115
机械工程及自动化学院
022202123
周凌峰
三等奖

116
土木工程学院
052403127
袁建豪
三等奖

117
生物科学与工程学院
082401109
龚靖宇
三等奖

118
计算机与大数据学院
102401315
严文鑫
三等奖

119
计算机与大数据学院
102402137
翁齐文
三等奖

120
化学学院
132401238
林伟冰
三等奖

121
材料科学与工程学院
182400127
刘钦毅
三等奖

122
先进制造学院
852403401
蔡伟华
三等奖

123
机械工程及自动化学院
022404114
刘亚枫
三等奖

124
计算机与大数据学院
102401530
丁钰洋
三等奖

125
计算机与大数据学院
102404111
包郅杰
三等奖

126
物理与信息工程学院
112301245
郭昱彤
三等奖

127
物理与信息工程学院
112301349
程志瑶
三等奖

128
物理与信息工程学院
112401028
王子硕
三等奖

129
电气工程与自动化学院
012401607
陈玥莹
三等奖

130
电气工程与自动化学院
012401438
张翔文
三等奖

131
电气工程与自动化学院
012401642
庄云哲
三等奖

132
电气工程与自动化学院
012402217
林鸿林
三等奖

133
化工学院
042401129
柯彬琪
三等奖

134
化工学院
042403121
林炜烨
三等奖

135
电气工程与自动化学院
052401446
张国鑫
三等奖

136
计算机与大数据学院
072203218
庄邵锟
三等奖

137
生物科学与工程学院
082401213
林佳宜
三等奖

138
计算机与大数据学院
102404219
楼鑫宇
三等奖

139
材料科学与工程学院
182400323
台佳依
三等奖

140
电气工程与自动化学院
292300344
姚毅豪
三等奖

141
先进制造学院
852402116
谢哲明
三等奖

142
先进制造学院
852402120
倪君窈
三等奖

143
先进制造学院
852403103
谢荣融
三等奖

144
电气工程与自动化学院
012201525
王呈
三等奖

145
电气工程与自动化学院
012401119
林睿晗
三等奖

146
电气工程与自动化学院
012401510
高孝炫
三等奖

147
电气工程与自动化学院
012401512
蒋杰斌
三等奖

148
电气工程与自动化学院
012402206
陈子灏
三等奖

149
电气工程与自动化学院
012402231
肖莹
三等奖

150
电气工程与自动化学院
012403104
崔璨
三等奖

151
机械工程及自动化学院
022402227
许余沛
三等奖

152
机械工程及自动化学院
022404109
简家豪
三等奖

153
机械工程及自动化学院
022404231
郑钰斌
三等奖

154
土木工程学院
052205123
唐宇煌
三等奖

155
土木工程学院
052401126
黄涛
三等奖

156
土木工程学院
052401322
贺浩轩
三等奖

157
环境与安全工程学院
062401141
龚悦清
三等奖

158
物理与信息工程学院
072408117
林少翔
三等奖

159
计算机与大数据学院
102201413
吴舒婷
三等奖

160
物理与信息工程学院
112400816
林宇翔
三等奖

三、非数学专业B组获奖名单

序号
学院
学号
姓名
获奖等级

1
经济与管理学院
072405109
甘芊芊
一等奖

2
数学与统计学院
032202134
曾正
一等奖

3
先进制造学院
852401104
陈炫均
一等奖

4
数学与统计学院
032402108
吴以凡
一等奖

5
数学与统计学院
032402127
郭嘉祺
一等奖

6
先进制造学院
852401218
谢溢馨
一等奖

7
数学与统计学院
032202119
陈佳璐
一等奖

8
经济与管理学院
072405108
戴艾
二等奖

9
经济与管理学院
072405218
刘媛媛
二等奖

10
先进制造学院
852401105
林文杰
二等奖

11
经济与管理学院
092200310
李梦涛
二等奖

12
经济与管理学院
072405216
林艺轩
二等奖

13
经济与管理学院
072405216
林艺轩
二等奖

14
经济与管理学院
072408227
杨景艺
二等奖

15
数学与统计学院
032202124
赵儒政
二等奖

16
经济与管理学院
042101509
李元凯
二等奖

17
人文社会科学学院
292400323
林嘉欣
二等奖

18
经济与管理学院
072402134
吴钰萍
三等奖

19
经济与管理学院
072405115
黄琪然
三等奖

20
经济与管理学院
072406226
潘艺海
三等奖

21
经济与管理学院
072402128
潘宸玥
三等奖

22
经济与管理学院
072405304
邓敏
三等奖

23
经济与管理学院
072406119
戴诗淼
三等奖

24
先进制造学院
852401520
何一帆
三等奖

25
经济与管理学院
072401116
林宸
三等奖

26
经济与管理学院
072405301
陈菲煊
三等奖

27
经济与管理学院
072401103
陈舒瑶
三等奖

28
数学与统计学院
032202137
蔡雅玲
三等奖

29
经济与管理学院
052401325
杨佳程
三等奖

30
先进制造学院
852401313
刘子怡
三等奖

31
数学与统计学院
032402119
黄健新
三等奖

32
经济与管理学院
072405337
朱淑娟
三等奖

33
人文社会科学学院
292400138
许佳敏
三等奖

34
先进制造学院
852401501
庞丁福
三等奖

                           福州大学教务处
 2025年7月2日",0,,,,,,
001039014143,https://jwch.fzu.edu.cn/content.jsp?urltype=news.NewsContentUrl&wbtreeid=1039&wbnewsid=14143,关于公布第十六届企业经营模拟沙盘对抗赛获奖名单的通知,【实践科】,2025-06-30,"校教〔2025〕26号
各学院:
由我校经济与管理学院承办的福州大学第十六届企业经营模拟沙盘对抗赛于2025年5月29日圆满结束。本次竞赛共有来自计算机与大数据学院、物理与信息工程学院、经济与管理学院、电气工程与自动化学院、先进制造学院与海洋学院等学院的147支队伍共计520名本科生报名参赛。经过初赛和决赛，最终评出一等奖7项(A组3队，B组2队,C组2队)，二等奖20项(A组8队，B组5队，C组7队)，三等奖25项(A组9队，B组7队，C组9队)。现将获奖名单公布如下:

获奖等级
组 别
姓 名
学 号
学 院

一等奖
A组
朱建榕
072201106
经济与管理学院

李思嘉
292200319
人文社会科学学院

陈恺妮
072201123
经济与管理学院

李承熹
072201111
经济与管理学院

一等奖
A组
蔡佳沂
072203136
经济与管理学院

阙旖萱
072203135
经济与管理学院

一等奖
A组
毛澜祁
072301108
经济与管理学院

张宇涵
072301111
经济与管理学院

吴冰棋
072301112
经济与管理学院

吴倩倩
022201422
经济与管理学院

一等奖
B组
樊林鑫
240727092
经济与管理学院

甘健鸿
240727086
经济与管理学院

蔡佳
242720022
马克思主义学院

一等奖
B组
郑隆彬
072308203
经济与管理学院

郑怡婷
072308221
经济与管理学院

陈茜涟
072308225
经济与管理学院

一等奖
C组
甘健鸿
240727086
经济与管理学院

樊林鑫
240727092
经济与管理学院

蔡佳
242720022
马克思主义学院

王涵
852301408
先进制造学院

一等奖
C组
金杨皓
072408110
经济与管理学院

赖辉宏
072408111
经济与管理学院

林雨辰
072408118
经济与管理学院

邱灵容
072408126
经济与管理学院

二等奖
A组
刘颖
072407223
经济与管理学院

陈可嘉
082402103
数学与统计学院

林雅妮
072403414
经济与管理学院

汤钰茜
152103114
建筑与城乡规划学院

二等奖
A组
戴诗淼
072406119
经济与管理学院

陈馨怡
072406113
经济与管理学院

胡小茜
072406128
经济与管理学院

蔡鸿辉
012404101
电气工程与自动化学院

二等奖
A组
李志东
852301626
先进制造学院与海洋学院

刘晓冰
852301615
先进制造学院与海洋学院

沈令洋
852301619
先进制造学院与海洋学院

张学承
852301629
先进制造学院与海洋学院

二等奖
A组
阮根昊
102401410
计算机与大数据学院

吴政迅
102402138
计算机与大数据学院

张嘉平
102401424
计算机与大数据学院

陈博淇
102401411
计算机与大数据学院

二等奖
A组
欧杨升鸿
852401329
先进制造学院与海洋学院

谢金滔
852401316
先进制造学院与海洋学院

王文杰
852401340
先进制造学院与海洋学院

杨丙豪
852401327
先进制造学院与海洋学院

二等奖
A组
郑锦涛
852301431
先进制造学院与海洋学院

王雯欣
852401320
先进制造学院与海洋学院

吴子进
852402109
先进制造学院与海洋学院

郑婉婷
852301432
先进制造学院与海洋学院

二等奖
A组
韦郑钰
072407123
经济与管理学院

潘洁恩
072407118
经济与管理学院

王玺铭
012404121
电气工程与自动化学院

吴敏儒
062401132
环境与安全工程学院

二等奖
A组
强施榆
852301104
先进制造学院与海洋学院

陈泽文
852301429
先进制造学院与海洋学院

龙小树
852303311
先进制造学院与海洋学院

池彬
852303303
先进制造学院与海洋学院

二等奖
B组
阮根昊
102401410
计算机与大数据学院

二等奖
B组
吴倩倩
022201422
经济与管理学院

毛澜祁
072301108
经济与管理学院

施陈航
072208124
经济与管理学院

二等奖
B组
伍昭翰
832404222
梅努斯国际工程学院

魏佳林
832404220
梅努斯国际工程学院

庄佳琰
072405239
经济与管理学院

二等奖
B组
曾博文
052402141
土木工程学院

陈欣雨
152403118
数学与统计学院

王靖哲
852401530
先进制造学院与海洋学院

二等奖
B组
翁静怡
072301103
经济与管理学院

林诗琪
072301121
经济与管理学院

黄一涵
072301119
经济与管理学院

二等奖
C组
周怡
240727114
经济与管理学院

廖美慧
240727022
经济与管理学院

郑心怡
240727133
经济与管理学院

张静茹
240727015
经济与管理学院

二等奖
C组
王嘉凤
072305339
经济与管理学院

李卓明
022301308
经济与管理学院

蒋海玲
152302122
经济与管理学院

陈欣婷
112300229
物理与信息工程学院

二等奖
C组
阙晓雅
852301404
先进制造学院与海洋学院

魏慧敏
852301403
先进制造学院与海洋学院

郑锦涛
852301431
先进制造学院与海洋学院

二等奖
C组
肖航
072308224
经济与管理学院

刘哲宇
072308210
经济与管理学院

林晓文
072205328
经济与管理学院

刘馨彤
072205312
经济与管理学院

二等奖
C组
陈麦琪
072306321
经济与管理学院

刘欣雨
072306318
经济与管理学院

冉欣燃
072303415
经济与管理学院

刘晨婕
042301406
经济与管理学院

二等奖
C组
魏琳娜
092300225
经济与管理学院

叶薇
062300325
经济与管理学院

许杭玲
092300227
外国语学院

卢燕彬
092300222
外国语学院

二等奖
C组
陈国桑
092300201
外国语学院

黄芳玲
092300208
外国语学院

黄璐
092300209
外国语学院

李雨婷
092300216
外国语学院

三等奖
A组
阙晓雅
852301404
先进制造学院与海洋学院

魏慧敏
852301403
先进制造学院与海洋学院

郑锦涛
852301431
先进制造学院与海洋学院

三等奖
A组
吴锦铃
072301117
经济与管理学院

刘睿绮
072408205
经济与管理学院

贺湘婷
072408206
经济与管理学院

林婷
072408216
经济与管理学院

三等奖
A组
郑佳妮
072405335
经济与管理学院

江俊翔
052401130
土木工程学院

刘欣悦
102401508
计算机与大数据学院

潘昱彤
192400339
法学院

三等奖
A组
邱晨希
072303105
经济与管理学院

叶曜樽
072303131
经济与管理学院

王钰莹
072303125
经济与管理学院

陈序
072303108
经济与管理学院

三等奖
A组
陈思瑜
072407103
经济与管理学院

金杨皓
072408110
经济与管理学院

杨卓霖
052403126
经济与管理学院

三等奖
A组
胡峻溢
852401401
先进制造学院与海洋学院

钱恺宁
852401439
先进制造学院与海洋学院

杨睿平
852401402
先进制造学院与海洋学院

陈妤
852403318
先进制造学院与海洋学院

三等奖
A组
刘欣雨
072306318
经济与管理学院

陈麦琪
072306321
经济与管理学院

刘晨婕
042301406
经济与管理学院

三等奖
A组
郭沛璇
072401107
经济与管理学院

林锶荧
072401118
经济与管理学院

吴颖珊
072401128
经济与管理学院

张偌菲
072401132
经济与管理学院

三等奖
A组
杨颖佳
072406316
经济与管理学院

李锡莹
072406303
经济与管理学院

饶婷
072407229
经济与管理学院

张子欣
072405234
经济与管理学院

三等奖
B组
林淑芬
240727134
经济与管理学院

黄海波
072401109
经济与管理学院

王婧滢
240727074
经济与管理学院

三等奖
B组
彭紫霞
072205233
经济与管理学院

洪榕
072205229
经济与管理学院

三等奖
B组
陈钰晴
072305142
经济与管理学院

陈婧
072305141
经济与管理学院

吴欣妍
072305329
经济与管理学院

三等奖
B组
陈梦燕
072408103
经济与管理学院

黄春飞
072408106
经济与管理学院

陈逸婕
072408104
经济与管理学院

三等奖
B组
黄永勋
072301118
经济与管理学院

连丽妍
042301208
化工学院

颜培祥
042301230
化工学院

三等奖
B组
张书菡
072405231
经济与管理学院

林艺轩
072405216
经济与管理学院

季婕
152401121
建筑与城乡规划学院

三等奖
B组
王昱雯
852401213
先进制造学院与海洋学院

王棋瑶
852401217
先进制造学院与海洋学院

李志东
852301626
先进制造学院与海洋学院

三等奖
C组
吴瑶
072303310
经济与管理学院

温小怡
192300339
法学院

曾雨欣
192300338
法学院

谢敏
072306139
材料科学与工程学院

三等奖
C组
周文烨
852301131
先进制造学院与海洋学院

杨慧文
852301130
先进制造学院与海洋学院

黄思远
852302104
先进制造学院与海洋学院

三等奖
C组
陈静仪
072303414
经济与管理学院

陈伟林
072103105
经济与管理学院

林昱彤
042301217
化工学院

宋蕊
072303313
经济与管理学院

三等奖
C组
郭昕玥
062300111
环境与安全工程学院

贺莉
062300113
环境与安全工程学院

三等奖
C组
何佳欢
072305213
经济与管理学院

沈嘉钦
072303405
经济与管理学院

易寿英
072303410
经济与管理学院

陈灿鑫
072303320
经济与管理学院

三等奖
C组
元可婷
072406321
经济与管理学院

张巍瀚
072406329
经济与管理学院

郑冰宏
072406334
经济与管理学院

原欣瑶
072406322
经济与管理学院

三等奖
C组
郑羽乔
292100448
人文社会科学学院

吴宇函
072203413
经济与管理学院

叶兴楷
072108232
经济与管理学院

三等奖
C组
施乐山
102300324
计算机与大数据学院

徐静怡
832404225
梅努斯国际工程学院

蒋思毅
092300210
外国语学院

李煜涛
102401321
计算机与大数据学院

三等奖
C组
连羽柔
082300228
经济与管理学院

王梦涵
072402222
经济与管理学院

韦邱杭
072402223
经济与管理学院

徐雨如
072402225
经济与管理学院

                                                     福州大学教务处
                                                     2025年6月30日",0,,,,,,
001039014142,https://jwch.fzu.edu.cn/content.jsp?urltype=news.NewsContentUrl&wbtreeid=1039&wbnewsid=14142,关于公布2025年大学生电子设计竞赛暨全国大学生电子设计竞赛选拔赛获奖名单的通知,【实践科】,2025-06-30,"校教〔2025〕25号
各学院:
由我校物理与信息工程学院、电气工程与自动化学院、先进制造学院与海洋学院承办的2025年福州大学大学生电子设计竞赛暨全国大学生电子设计竞赛选拔赛已于2025年6月8日至6月9日顺利举行，共有196支队伍585人报名参加比赛。经专家评审，共评选出一等奖20项、二等奖20项、三等奖28项。现将获奖名单予以公布（见附件）。
附件：2025年福州大学大学生电子设计竞赛暨全国大学生电子设计竞赛选拔赛获奖名单

       福州大学教务处
   2025年6月30日",1,0017449848580016489152,附件：2025年福州大学大学生电子设计竞赛暨全国大学生电子设计竞赛选拔赛获奖名单.docx,364,https://jwch.fzu.edu.cn/system/_content/download.jsp?urltype=news.DownloadAttachUrl&owner=1744984858&wbfileid=16489152,16489152,1744984858
001036014141,https://jwch.fzu.edu.cn/info/1036/14141.htm,关于2025-2026学年第一学期辅修专业选课的通知,【教学运行】,2025-06-30,"各学院：
为做好2025-2026学年第一学期的辅修专业选课工作，现将有关事项通知如下：
一、时间安排
辅修专业选课时间为7月1- 3日24：00，补退选和缴费时间为下学期初，请关注后续通知。
二、选课方式
登录福州大学教务处网站“本科教学系统”，点击【各类选课】下的【辅修选课】菜单进行选课，辅修专业选课采用即选即中方式。
三、免听申请
1.如遇课程冲突，必须办理免听申请手续，经任课教师审核通过后方可缴费。
2.登录“本科教学系统”，点击【辅修选课】菜单预选需要申请免听的课程（在课程前面的下拉框中选择“免听”）。
3.预选结束后应主动与任课教师联系，并根据任课教师要求提交相关申请材料（期末选课期间即可与任课教师联系，务必请任课教师在规定时间内进行审核，未通过审核者选课无效）。
注册中心
2025年6月30日",0,,,,,,
001039014139,https://jwch.fzu.edu.cn/content.jsp?urltype=news.NewsContentUrl&wbtreeid=1039&wbnewsid=14139,关于公布第十四届大学生软件设计与服务外包创新创业竞赛获奖名单的通知,【实践科】,2025-06-27,"校教〔2025〕24号

各学院：
由我校计算机与大数据学院承办的福州大学第十四届大学生软件设计与服务外包创新创业竞赛已于2025年6月17日顺利结束。本次大赛共有来自计算机与大数据学院、梅努斯国际工程学院、经济与管理学院、物理与信息工程学院等61支队伍报名参赛。经初赛和线下答辩决赛，最终评出一等奖5项、二等奖6项、三等奖8项。现将获奖名单公布如下：

学院
学号
姓名
获奖等级

计算机与大数据学院
102302131
陈宇新
一等奖

梅努斯国际工程学院
832404105
陈莹莹

计算机与大数据学院
102300230
应国浩

计算机与大数据学院
102301112
郑隆熙
一等奖

计算机与大数据学院
102301121
吴君凯

计算机与大数据学院
022304111
刘华胜

计算机与大数据学院
102301543
鲍晓鹏
一等奖

梅努斯国际工程学院
832303220
郑家屹

计算机与大数据学院
152401221
周蔚琳

梅努斯国际工程学院
832304228
雷茜媛
一等奖

计算机与大数据学院
102300433
袁昊

梅努斯国际工程学院
832304126
汪弈羽

计算机与大数据学院
032201218
陈彦哲
一等奖

物理与信息工程学院
112200205
官瑜

梅努斯国际工程学院
832304130
陈双婧

计算机与大数据学院
102300207
郑晗希
二等奖

计算机与大数据学院
102301636
董德晟

经济与管理学院
072406308
吴忻娈

梅努斯国际工程学院
832304210
周哲茹
二等奖

梅努斯国际工程学院
832304209
孔翎祯

计算机与大数据学院
102300425
郭育铭

梅努斯国际工程学院
832303323
谢灿
二等奖

梅努斯国际工程学院
832303218
周一

梅努斯国际工程学院
832304224
傅思羽

计算机与大数据学院
102304228
盛跃飞
二等奖

计算机与大数据学院
102304226
林昱辰

计算机与大数据学院
102304229
章勋

计算机与大数据学院
222200127
徐煜晖
二等奖

计算机与大数据学院
222200314
吴荣榜

计算机与大数据学院
222200307
叶宇滟

梅努斯国际工程学院
832304219
徐静雯
二等奖

梅努斯国际工程学院
832304224
傅思羽

梅努斯国际工程学院
832404112
华宇星
三等奖

梅努斯国际工程学院
832404108
方雨欣

梅努斯国际工程学院
832404110
何羿辰

梅努斯国际工程学院
832403222
任河东
三等奖

梅努斯国际工程学院
832403211
蓝城伟

梅努斯国际工程学院
832403120
王渝涵

计算机与大数据学院
102400224
倪群策
三等奖

梅努斯国际工程学院
832304110
龙彦彤
三等奖

计算机与大数据学院
102300431
张宝仁

梅努斯国际工程学院
832402119
王婧菱

梅努斯国际工程学院
832403213
李持恒
三等奖

梅努斯国际工程学院
832403221
罗景康

梅努斯国际工程学院
832403312
林萍婷

先进制造学院与海洋学院
852301139
高宝林
三等奖

先进制造学院与海洋学院
852201514
杨传军

数学与统计学院
032301330
龚月

梅努斯国际工程学院
832404113
黄轩宁
三等奖

梅努斯国际工程学院
832403215
李延晟

计算机与大数据学院
102303116
范馨芸

梅努斯国际工程学院
832304108
王慧婉
三等奖

梅努斯国际工程学院
832302122
李炳言

梅努斯国际工程学院
832304128
张可易

                                       福州大学教务处
2025年6年27日",0,,,,,,
001039014134,https://jwch.fzu.edu.cn/content.jsp?urltype=news.NewsContentUrl&wbtreeid=1039&wbnewsid=14134,福州大学关于公布2025届本科生优秀毕业设计（论文）名单的通知,【实践科】,2025-06-24,"校教〔2025〕22号

各学院：
根据《关于评选福州大学2025届本科生优秀毕业设计（论文）的通知》文件精神，经既定程序后，确定《基于桥接式阻容均压的双断口真空灭弧室雷电冲击击穿仿真研究》等186篇毕业设计（论文）为“福州大学2025届本科生优秀毕业设计（论文）”。现将名单予以公布。（详见附件）

附件：福州大学2025届本科生优秀毕业设计（论文）名单

                  福州大学教务处
                   2025年6月24日",1,0017449848580016487801,附件：福州大学2025届本科生优秀毕业设计（论文）名单.docx,1460,https://jwch.fzu.edu.cn/system/_content/download.jsp?urltype=news.DownloadAttachUrl&owner=1744984858&wbfileid=16487801,16487801,1744984858
001042013819,https://jwch.fzu.edu.cn/content.jsp?urltype=news.NewsContentUrl&wbtreeid=1042&wbnewsid=13819,关于开展本科教材工作自查的通知,【教材中心】,2024-12-25,"各学院，相关教学单位：
为进一步加强我校教材建设与管理，确保教材工作的规范性和科学性，根据《普通高等学校教材管理办法》（教材〔2019〕3号）《福建省普通高等学校教材管理实施细则》（闽教思〔2021〕7号）以及《福州大学教材管理实施细则》（福大政〔2024〕44号）的相关要求，学校决定在全校范围内开展本科教材工作自查。现将有关事项通知如下：
一、自查目的
通过自查，全面了解各学院及相关教学单位教材工作的实施情况，及时发现并解决存在的问题，确保本科教材工作的各个环节符合国家和学校的相关规定，提升教材管理水平。
二、自查内容
本次自查主要围绕教材工作小组责任落实情况、教材编写、教材审核、教材选用以及教材稿酬分配等关键环节进行，具体自查内容详见《福州大学本科教材工作自查表》（附件1）。
三、自查程序
1.组织学习。各学院及相关教学单位应组织本院教师认真学习《普通高等学校教材管理办法》《福建省普通高等学校教材管理实施细则》以及《福州大学教材管理实施细则》（附件5）等文件，明确自查要求。
2.开展自查。各学院及相关教学单位教材工作小组应按照《福州大学本科教材工作自查表》中的项目内容和相关要求，逐一进行自查，并如实填写自查情况及《福州大学本校教师自编教材情况汇总表》（附件2）。
3.进行整改。针对自查中发现的问题，各学院及相关教学单位应制定整改措施，明确整改责任人和整改时限，确保问题得到及时有效解决。
4.提交报告。自查结束后，各学院及相关教学单位需将《福州大学本科教材工作自查表》《福州大学本校教师自编教材情况汇总表》及自查报告（包括自查情况、存在问题、整改措施及整改落实情况）一并提交至学校教务处。教材出版合同及教材稿酬分配方案等材料放在学院及相关教学单位留底备查。
备注：2020年以后出版且未经过审核的教材须重新审核，并补交《福州大学本科教材编写人员审核表》（附件3）《福州大学本科教材编写审核表》（附件4）。
5.学校抽查。学校将于本学期期末组织专家至学院及相关教学单位进行本科教材工作专项核查。具体工作安排另行通知。
四、报送材料
请各学院及相关教学单位于2025年1月7日前完成自查工作，并将相关材料（需教材工作小组组长签字并加盖学院章）提交至教务处教材建设与行政科（行政北楼西210），电子版材料请发至：jwchjck@fzu.edu.cn。联系电话：22866893。
五、其他事项
各学院及相关教学单位应高度重视本次自查工作，确保自查工作的全面性和准确性。自查过程中，如遇到不明确或难以解决的问题，请及时与教务处联系。

附件1：福州大学本科教材工作自查表
附件2：福州大学本校教师自编教材情况汇总表
附件3：福州大学本科教材编写人员审核表
附件4：福州大学本科教材编写审核表
附件5：《普通高等学校教材管理办法》等文件

                                            福州大学教务处
                                            2024年12月25日",5,0017449848580015647312,附件1：福州大学本科教材工作自查表.docx,190,https://jwch.fzu.edu.cn/system/_content/download.jsp?urltype=news.DownloadAttachUrl&owner=1744984858&wbfileid=15647312,15647312,1744984858
001042013819,https://jwch.fzu.edu.cn/content.jsp?urltype=news.NewsContentUrl&wbtreeid=1042&wbnewsid=13819,关于开展本科教材工作自查的通知,【教材中心】,2024-12-25,"各学院，相关教学单位：
为进一步加强我校教材建设与管理，确保教材工作的规范性和科学性，根据《普通高等学校教材管理办法》（教材〔2019〕3号）《福建省普通高等学校教材管理实施细则》（闽教思〔2021〕7号）以及《福州大学教材管理实施细则》（福大政〔2024〕44号）的相关要求，学校决定在全校范围内开展本科教材工作自查。现将有关事项通知如下：
一、自查目的
通过自查，全面了解各学院及相关教学单位教材工作的实施情况，及时发现并解决存在的问题，确保本科教材工作的各个环节符合国家和学校的相关规定，提升教材管理水平。
二、自查内容
本次自查主要围绕教材工作小组责任落实情况、教材编写、教材审核、教材选用以及教材稿酬分配等关键环节进行，具体自查内容详见《福州大学本科教材工作自查表》（附件1）。
三、自查程序
1.组织学习。各学院及相关教学单位应组织本院教师认真学习《普通高等学校教材管理办法》《福建省普通高等学校教材管理实施细则》以及《福州大学教材管理实施细则》（附件5）等文件，明确自查要求。
2.开展自查。各学院及相关教学单位教材工作小组应按照《福州大学本科教材工作自查表》中的项目内容和相关要求，逐一进行自查，并如实填写自查情况及《福州大学本校教师自编教材情况汇总表》（附件2）。
3.进行整改。针对自查中发现的问题，各学院及相关教学单位应制定整改措施，明确整改责任人和整改时限，确保问题得到及时有效解决。
4.提交报告。自查结束后，各学院及相关教学单位需将《福州大学本科教材工作自查表》《福州大学本校教师自编教材情况汇总表》及自查报告（包括自查情况、存在问题、整改措施及整改落实情况）一并提交至学校教务处。教材出版合同及教材稿酬分配方案等材料放在学院及相关教学单位留底备查。
备注：2020年以后出版且未经过审核的教材须重新审核，并补交《福州大学本科教材编写人员审核表》（附件3）《福州大学本科教材编写审核表》（附件4）。
5.学校抽查。学校将于本学期期末组织专家至学院及相关教学单位进行本科教材工作专项核查。具体工作安排另行通知。
四、报送材料
请各学院及相关教学单位于2025年1月7日前完成自查工作，并将相关材料（需教材工作小组组长签字并加盖学院章）提交至教务处教材建设与行政科（行政北楼西210），电子版材料请发至：jwchjck@fzu.edu.cn。联系电话：22866893。
五、其他事项
各学院及相关教学单位应高度重视本次自查工作，确保自查工作的全面性和准确性。自查过程中，如遇到不明确或难以解决的问题，请及时与教务处联系。

附件1：福州大学本科教材工作自查表
附件2：福州大学本校教师自编教材情况汇总表
附件3：福州大学本科教材编写人员审核表
附件4：福州大学本科教材编写审核表
附件5：《普通高等学校教材管理办法》等文件

                                            福州大学教务处
                                            2024年12月25日",5,0017449848580015647375,附件2：福州大学本校教师自编教材情况汇总表.xlsx,108,https://jwch.fzu.edu.cn/system/_content/download.jsp?urltype=news.DownloadAttachUrl&owner=1744984858&wbfileid=15647375,15647375,1744984858
001042013819,https://jwch.fzu.edu.cn/content.jsp?urltype=news.NewsContentUrl&wbtreeid=1042&wbnewsid=13819,关于开展本科教材工作自查的通知,【教材中心】,2024-12-25,"各学院，相关教学单位：
为进一步加强我校教材建设与管理，确保教材工作的规范性和科学性，根据《普通高等学校教材管理办法》（教材〔2019〕3号）《福建省普通高等学校教材管理实施细则》（闽教思〔2021〕7号）以及《福州大学教材管理实施细则》（福大政〔2024〕44号）的相关要求，学校决定在全校范围内开展本科教材工作自查。现将有关事项通知如下：
一、自查目的
通过自查，全面了解各学院及相关教学单位教材工作的实施情况，及时发现并解决存在的问题，确保本科教材工作的各个环节符合国家和学校的相关规定，提升教材管理水平。
二、自查内容
本次自查主要围绕教材工作小组责任落实情况、教材编写、教材审核、教材选用以及教材稿酬分配等关键环节进行，具体自查内容详见《福州大学本科教材工作自查表》（附件1）。
三、自查程序
1.组织学习。各学院及相关教学单位应组织本院教师认真学习《普通高等学校教材管理办法》《福建省普通高等学校教材管理实施细则》以及《福州大学教材管理实施细则》（附件5）等文件，明确自查要求。
2.开展自查。各学院及相关教学单位教材工作小组应按照《福州大学本科教材工作自查表》中的项目内容和相关要求，逐一进行自查，并如实填写自查情况及《福州大学本校教师自编教材情况汇总表》（附件2）。
3.进行整改。针对自查中发现的问题，各学院及相关教学单位应制定整改措施，明确整改责任人和整改时限，确保问题得到及时有效解决。
4.提交报告。自查结束后，各学院及相关教学单位需将《福州大学本科教材工作自查表》《福州大学本校教师自编教材情况汇总表》及自查报告（包括自查情况、存在问题、整改措施及整改落实情况）一并提交至学校教务处。教材出版合同及教材稿酬分配方案等材料放在学院及相关教学单位留底备查。
备注：2020年以后出版且未经过审核的教材须重新审核，并补交《福州大学本科教材编写人员审核表》（附件3）《福州大学本科教材编写审核表》（附件4）。
5.学校抽查。学校将于本学期期末组织专家至学院及相关教学单位进行本科教材工作专项核查。具体工作安排另行通知。
四、报送材料
请各学院及相关教学单位于2025年1月7日前完成自查工作，并将相关材料（需教材工作小组组长签字并加盖学院章）提交至教务处教材建设与行政科（行政北楼西210），电子版材料请发至：jwchjck@fzu.edu.cn。联系电话：22866893。
五、其他事项
各学院及相关教学单位应高度重视本次自查工作，确保自查工作的全面性和准确性。自查过程中，如遇到不明确或难以解决的问题，请及时与教务处联系。

附件1：福州大学本科教材工作自查表
附件2：福州大学本校教师自编教材情况汇总表
附件3：福州大学本科教材编写人员审核表
附件4：福州大学本科教材编写审核表
附件5：《普通高等学校教材管理办法》等文件

                                            福州大学教务处
                                            2024年12月25日",5,0017449848580015647311,附件3：福州大学本科教材编写人员审核表.docx,135,https://jwch.fzu.edu.cn/system/_content/download.jsp?urltype=news.DownloadAttachUrl&owner=1744984858&wbfileid=15647311,15647311,1744984858
001042013819,https://jwch.fzu.edu.cn/content.jsp?urltype=news.NewsContentUrl&wbtreeid=1042&wbnewsid=13819,关于开展本科教材工作自查的通知,【教材中心】,2024-12-25,"各学院，相关教学单位：
为进一步加强我校教材建设与管理，确保教材工作的规范性和科学性，根据《普通高等学校教材管理办法》（教材〔2019〕3号）《福建省普通高等学校教材管理实施细则》（闽教思〔2021〕7号）以及《福州大学教材管理实施细则》（福大政〔2024〕44号）的相关要求，学校决定在全校范围内开展本科教材工作自查。现将有关事项通知如下：
一、自查目的
通过自查，全面了解各学院及相关教学单位教材工作的实施情况，及时发现并解决存在的问题，确保本科教材工作的各个环节符合国家和学校的相关规定，提升教材管理水平。
二、自查内容
本次自查主要围绕教材工作小组责任落实情况、教材编写、教材审核、教材选用以及教材稿酬分配等关键环节进行，具体自查内容详见《福州大学本科教材工作自查表》（附件1）。
三、自查程序
1.组织学习。各学院及相关教学单位应组织本院教师认真学习《普通高等学校教材管理办法》《福建省普通高等学校教材管理实施细则》以及《福州大学教材管理实施细则》（附件5）等文件，明确自查要求。
2.开展自查。各学院及相关教学单位教材工作小组应按照《福州大学本科教材工作自查表》中的项目内容和相关要求，逐一进行自查，并如实填写自查情况及《福州大学本校教师自编教材情况汇总表》（附件2）。
3.进行整改。针对自查中发现的问题，各学院及相关教学单位应制定整改措施，明确整改责任人和整改时限，确保问题得到及时有效解决。
4.提交报告。自查结束后，各学院及相关教学单位需将《福州大学本科教材工作自查表》《福州大学本校教师自编教材情况汇总表》及自查报告（包括自查情况、存在问题、整改措施及整改落实情况）一并提交至学校教务处。教材出版合同及教材稿酬分配方案等材料放在学院及相关教学单位留底备查。
备注：2020年以后出版且未经过审核的教材须重新审核，并补交《福州大学本科教材编写人员审核表》（附件3）《福州大学本科教材编写审核表》（附件4）。
5.学校抽查。学校将于本学期期末组织专家至学院及相关教学单位进行本科教材工作专项核查。具体工作安排另行通知。
四、报送材料
请各学院及相关教学单位于2025年1月7日前完成自查工作，并将相关材料（需教材工作小组组长签字并加盖学院章）提交至教务处教材建设与行政科（行政北楼西210），电子版材料请发至：jwchjck@fzu.edu.cn。联系电话：22866893。
五、其他事项
各学院及相关教学单位应高度重视本次自查工作，确保自查工作的全面性和准确性。自查过程中，如遇到不明确或难以解决的问题，请及时与教务处联系。

附件1：福州大学本科教材工作自查表
附件2：福州大学本校教师自编教材情况汇总表
附件3：福州大学本科教材编写人员审核表
附件4：福州大学本科教材编写审核表
附件5：《普通高等学校教材管理办法》等文件

                                            福州大学教务处
                                            2024年12月25日",5,0017449848580015647314,附件4：福州大学本科教材编写审核表.docx,136,https://jwch.fzu.edu.cn/system/_content/download.jsp?urltype=news.DownloadAttachUrl&owner=1744984858&wbfileid=15647314,15647314,1744984858
001042013819,https://jwch.fzu.edu.cn/content.jsp?urltype=news.NewsContentUrl&wbtreeid=1042&wbnewsid=13819,关于开展本科教材工作自查的通知,【教材中心】,2024-12-25,"各学院，相关教学单位：
为进一步加强我校教材建设与管理，确保教材工作的规范性和科学性，根据《普通高等学校教材管理办法》（教材〔2019〕3号）《福建省普通高等学校教材管理实施细则》（闽教思〔2021〕7号）以及《福州大学教材管理实施细则》（福大政〔2024〕44号）的相关要求，学校决定在全校范围内开展本科教材工作自查。现将有关事项通知如下：
一、自查目的
通过自查，全面了解各学院及相关教学单位教材工作的实施情况，及时发现并解决存在的问题，确保本科教材工作的各个环节符合国家和学校的相关规定，提升教材管理水平。
二、自查内容
本次自查主要围绕教材工作小组责任落实情况、教材编写、教材审核、教材选用以及教材稿酬分配等关键环节进行，具体自查内容详见《福州大学本科教材工作自查表》（附件1）。
三、自查程序
1.组织学习。各学院及相关教学单位应组织本院教师认真学习《普通高等学校教材管理办法》《福建省普通高等学校教材管理实施细则》以及《福州大学教材管理实施细则》（附件5）等文件，明确自查要求。
2.开展自查。各学院及相关教学单位教材工作小组应按照《福州大学本科教材工作自查表》中的项目内容和相关要求，逐一进行自查，并如实填写自查情况及《福州大学本校教师自编教材情况汇总表》（附件2）。
3.进行整改。针对自查中发现的问题，各学院及相关教学单位应制定整改措施，明确整改责任人和整改时限，确保问题得到及时有效解决。
4.提交报告。自查结束后，各学院及相关教学单位需将《福州大学本科教材工作自查表》《福州大学本校教师自编教材情况汇总表》及自查报告（包括自查情况、存在问题、整改措施及整改落实情况）一并提交至学校教务处。教材出版合同及教材稿酬分配方案等材料放在学院及相关教学单位留底备查。
备注：2020年以后出版且未经过审核的教材须重新审核，并补交《福州大学本科教材编写人员审核表》（附件3）《福州大学本科教材编写审核表》（附件4）。
5.学校抽查。学校将于本学期期末组织专家至学院及相关教学单位进行本科教材工作专项核查。具体工作安排另行通知。
四、报送材料
请各学院及相关教学单位于2025年1月7日前完成自查工作，并将相关材料（需教材工作小组组长签字并加盖学院章）提交至教务处教材建设与行政科（行政北楼西210），电子版材料请发至：jwchjck@fzu.edu.cn。联系电话：22866893。
五、其他事项
各学院及相关教学单位应高度重视本次自查工作，确保自查工作的全面性和准确性。自查过程中，如遇到不明确或难以解决的问题，请及时与教务处联系。

附件1：福州大学本科教材工作自查表
附件2：福州大学本校教师自编教材情况汇总表
附件3：福州大学本科教材编写人员审核表
附件4：福州大学本科教材编写审核表
附件5：《普通高等学校教材管理办法》等文件

                                            福州大学教务处
                                            2024年12月25日",5,0017449848580015647315,附件5：《普通高等学校教材管理办法》等文件.rar,86,https://jwch.fzu.edu.cn/system/_content/download.jsp?urltype=news.DownloadAttachUrl&owner=1744984858&wbfileid=15647315,15647315,1744984858
001036013815,https://jwch.fzu.edu.cn/info/1036/13815.htm,关于2024-2025学年第一学期《工程制图C（上）》、《工程制图D》和《工程制图F》课程期末考试安排的通知,【教学运行】,2024-12-25,"各有关学院：
定于2025年1月13日下午进行《工程制图C（上）》、《工程制图D》和《工程制图F》课程期末考试，请有关协助监考学院按考表（见附件）安排监考老师并录入系统，及时通知监考老师和学生上系统查看考试信息，以免延误考试。
为保证考试的顺利进行，如其他教学安排时间或地点与此次考试冲突，请予以调整。

机械学院
教务处
2024年12月25日",1,0017449848580015647296,2401制图C（上）、D、F期末考-1.13下午.xlsx,694,https://jwch.fzu.edu.cn/system/_content/download.jsp?urltype=news.DownloadAttachUrl&owner=1744984858&wbfileid=15647296,15647296,1744984858
001036013814,https://jwch.fzu.edu.cn/info/1036/13814.htm,关于2024-2025学年第一学期《大学英语（二）》课程期末考试安排的通知,【教学运行】,2024-12-25,"各有关学院：
定于2025年1月11日上、下午进行《大学英语（二）》课程期末考试，请有关协助监考学院按考表（见附件）安排监考老师并录入系统，及时通知监考老师和学生上系统查看考试信息，以免延误考试。
为保证考试的顺利进行，如其他教学安排时间或地点与此次考试冲突，请予以调整。

外语学院
教务处
2024年12月25日",1,0017449848580015647283,2401英语二期末考-1.11上、下午.xlsx,610,https://jwch.fzu.edu.cn/system/_content/download.jsp?urltype=news.DownloadAttachUrl&owner=1744984858&wbfileid=15647283,15647283,1744984858
001036013813,https://jwch.fzu.edu.cn/info/1036/13813.htm,关于2024-2025学年第一学期《大学英语（一）》和《大学英语（三）》课程期末考试安排的通知,【教学运行】,2024-12-25,"各有关学院：
定于2025年1月10日上午进行《大学英语（一）》和《大学英语（三）》课程期末考试，请有关协助监考学院按考表（见附件）安排监考老师并录入系统，及时通知监考老师和学生上系统查看考试信息，以免延误考试。
为保证考试的顺利进行，如其他教学安排时间或地点与此次考试冲突，请予以调整。

外语学院
教务处
2024年12月25日",1,0017449848580015647279,2401英语一、三期末考-1.10.xlsx,516,https://jwch.fzu.edu.cn/system/_content/download.jsp?urltype=news.DownloadAttachUrl&owner=1744984858&wbfileid=15647279,15647279,1744984858
001036013812,https://jwch.fzu.edu.cn/info/1036/13812.htm,关于2025年元旦放假课程调整的通知,【教学运行】,2024-12-25,"各学院、教学单位：
根据党政办有关2025年元旦放假通知的精神，现将元旦放假期间的课程调整如下：
1、元旦2025年1月1日（周三）放假1天，全校本科生课程（含通识教育选修课）停课。
2、因停课受影响的教学内容，请任课老师自行调整安排。

请各学院、教学单位及时通知相关师生。

教务处
2024.12.25",0,,,,,,
001040013810,https://jwch.fzu.edu.cn/info/1040/13810.htm,关于举办福州大学第六十三场“教学有道”研讨活动的通知,【质量办】,2024-12-24,"各学院、有关单位：
为加强数智课程建设，推动教学模式改革创新，提高人才培养质量，经研究，学校决定举办第六十三场“教学有道”专题研讨活动，具体安排如下：
一、研讨主题
数智课程建设
二、研讨时间
2024年12月26日（星期四）14:30
三、主讲人
李建忠教授，现任太原理工大学矿业工程学院工会主席，采矿工程系主任
四、研讨地点
旗山校区紫金楼219会议室
五、承办单位
紫金地质与矿业学院
六、参会人员
1、紫金地质与矿业学院教师；
2、全校其他感兴趣的教师。
主讲人简介
李建忠，男，博士，教授，现任太原理工大学矿业工程学院工会主席，采矿工程系主任。主持和参与国家、省部级纵向项目4项，主持和参与横向项目20多项，获省部级科技进步一等奖1项，在国内外学术期刊发表论文20余篇。主持山西省高等学校精品共享课程1门，国家级一流本科课程骨干成员，教学成果特等奖4项，二等奖2项，主编和参与出版教材3部。

教务处
2024年12月24日",0,,,,,,
001039013808,https://jwch.fzu.edu.cn/info/1039/13808.htm,关于公布2024年福州大学大学生工程实践与创新能力大赛获奖名单的通知,【实践科】,2024-12-24,"校教〔2024〕53号

各学院：
2024年福州大学大学生工程实践与创新能力大赛暨2024年福建省大学生工程实践与创新能力大赛福州大学分区赛于2024年11月16日在机电工程实践中心举行。由机械工程及自动化学院、物理与信息工程学院、经济与管理学院、电气工程与自动化学院、梅努斯国际工程学院等学院73支队伍，共计262名学生报名参赛。经过专家评审，共评出一等奖9队，二等奖15队，三等奖7队，现将获奖名单予以公布（见附件）。
  附件：2024年福州大学大学生工程实践与创新能力大赛获奖名单

福州大学教务处
2024年12月24日

附件：
2024年福州大学大学生工程实践与创新能力大赛获奖名单

序号
项目
队员
获奖等级

1
太阳能电动车
徐飞扬
一等奖

叶伦金

张驰

郑佳宏

2
太阳能电动车
周新煌
二等奖

张勇

彭皓楠

陈弘斌

3
太阳能电动车
田凌魁
三等奖

张烁

郑凌风

黄馨漾

4
智能救援
陈璋旭
一等奖

吴少杰

郑杨倩

陈鹏翔

5
智能救援
皮程锦
二等奖

林欣玲

吴剑涛

贺鸿志

6
智能救援
周铭峰
三等奖

王子恒

陈绍键

7
智能物流搬运
朱晨赫
一等奖

刘仲博

江贤晟

方利喆

8
智能物流搬运
刘宏业
二等奖

刘均豪

黄灿彬

石阮晨

9
智能物流搬运
夏诗怡
三等奖

曾可欣

郑佳怡

龚雯冰

10
智能物流搬运
张钧哲
三等奖

刘海林

陈文彬

陈志豪

11
生活垃圾智能分类
张子航
一等奖

黄海滨

陈婧

林熙恩

12
生活垃圾智能分类
黄立博
二等奖

刘思远

岳文韬

黄明

13
生活垃圾智能分类
林培扬
二等奖

王俊波

王毅琛

李政杰

14
生活垃圾智能分类
杨升鹏
三等奖

林耀敏

王鑫汇

15
生活垃圾智能分类
杨嘉伟
三等奖

郭智龙

吴佳铭

陈迪偲

16
工程场景数字化
陈尚斌
一等奖

陈雨昕

朱添驰

梁谷兰

17
工程场景数字化
邱毅伟
二等奖

孙钰婷

林郑旭

廖逸轩

18
工程场景数字化
官俊希
三等奖

洪鑫裕

黎睿博

乙乐

19
企业运营仿真
朱建榕
一等奖

陈籽晴

李思嘉

20
企业运营仿真
李涵婧
一等奖

胡育涛

吴语晗

21
企业运营仿真
陈奕颖
一等奖

陈欣悦

邓晓熠

22
企业运营仿真
郑隆彬
一等奖

石悦然

李炜星

23
企业运营仿真
吴悠
二等奖

王静雯

施陈航

24
企业运营仿真
陈麦琪
二等奖

刘欣雨

郑思琦

25
企业运营仿真
毛澜祁
二等奖

吴冰棋

蔡佳沂

26
企业运营仿真
滕语薇
二等奖

王嘉凤

傅安琪

27
企业运营仿真
欧杨升鸿
二等奖

王文杰

谢金滔

28
企业运营仿真
肖心瑶
二等奖

郑燕语

陈静娴

29
企业运营仿真
卢映彤
二等奖

李忠阳

王奕然

30
企业运营仿真
王冰冰
二等奖

郑家玮

蔡思伟

31
企业运营仿真
刘华丽
二等奖

叶之晗

郑灿荣",0,,,,,,
001036013806,https://jwch.fzu.edu.cn/info/1036/13806.htm,关于2024-2025学年第一学期《思想道德与法治》课程期末考试安排的通知,【教学运行】,2024-12-24,"各有关学院：
定于20周进行《思想道德与法治》课程期末考试，请有关协助监考学院按考表（见附件）安排监考老师并录入系统，及时通知监考老师和学生上系统查看考试信息，以免延误考试。
为保证考试的顺利进行，如其他教学安排时间或地点与此次考试冲突，请予以调整。

马克思主义学院
教务处
2024年12月24日",1,0017449848580015646936,2401思法随堂考.xlsx,1264,https://jwch.fzu.edu.cn/system/_content/download.jsp?urltype=news.DownloadAttachUrl&owner=1744984858&wbfileid=15646936,15646936,1744984858
001036013805,https://jwch.fzu.edu.cn/info/1036/13805.htm,关于2024-2025学年第一学期《线性代数》和《线性代数与解析几何》课程期末考试安排的通知,【教学运行】,2024-12-24,"各有关学院：
定于2025年1月5日上午进行《线性代数》和《线性代数与解析几何》课程期末考试，请有关协助监考学院按考表（见附件）安排监考老师并录入系统，及时通知监考老师和学生上系统查看考试信息，以免延误考试。
为保证考试的顺利进行，如其他教学安排时间或地点与此次考试冲突，请予以调整。

数统学院
教务处
2024年12月24日",1,0017449848580015646935,2401线性代数、线性代数与解析几何期末考-1.5上午.xlsx,549,https://jwch.fzu.edu.cn/system/_content/download.jsp?urltype=news.DownloadAttachUrl&owner=1744984858&wbfileid=15646935,15646935,1744984858
001036013804,https://jwch.fzu.edu.cn/info/1036/13804.htm,关于2024-2025学年第二学期本科生学期选课的通知,【教学运行】,2024-12-23,"各学院、全体本科同学：
一、选课对象及范围
本次选课对象为全校本一学生，选课范围为2024-2025学年第二学期各专业开设的所有课程。
所有学生均必须登录系统，进入选课界面确认选课，否则选课记录无效，所有选课记录不会保存（包括只有一个默认选项的课程）。
二、选课时间
第一轮：12月24日～12月26日24:00（投积分方式）
第二轮：12月28日～12月30日24:00（投积分方式）
第三轮：1月1日～1月3日24:00（即选即中方式）
三、积分选课原则
本次选课仍采用投积分、分轮次进行的方式，先预选后由系统统一处理选课结果，第一轮与第二轮选课期间不管先选或者后选所有学生机会一致，均在每轮结束后由系统统一处理，因此不必集中在某天的某个时间段内同时选课（例如最后一天的最后几分钟）。
四、具体方法
1.根据各专业教学计划2024-2025学年第二学期的开课情况，每门课程给予20个积分，必修课积分和选修课积分分开计算，不能合并使用（例如电气专业有7门必修课2门选修课，则该专业学生的选课积分就有必修7×20＝140分、选修2×20＝40分）。
2.选课期间系统列出本学期本专业开设的课程，以及相应课程各时间段各开课班的信息（包含任课教师、上课地点、上课时间、学分、学时等，即一门课程同一个时间段可能会有多个上课班级）。
3.选课要求每位学生对自己的必修课程（公共必修、学科必修、专业必修、实践环节）都必须投下积分进行选择，不得缺选某门必修课，具体投下积分可高可低，但所有投下积分的和不得大于总积分，因此请合理分配总积分（注：对于某门只有一个上课班级的课程，如为必选课则点击“学期选课”后系统将自动选中，且不必为该课程分配积分）。
4.每位学生对所选课程投下的积分必须大于0小于总积分且为整数，通常投下积分越多，选中的概率就越大。
五、系统处理原则
1.由于各专业开课门数不一致，为了更能体现公平，处理过程系统自动将各同学每门课程投下的积分除以该同学的总积分形成积分比。
2.系统的选中处理：根据各课程具体上课班级的投分情况和限选人数，从高积分比往低积分比依次提取名单。对于未达到限选人数的上课班级，系统将形成人数差额，供同学下一轮继续选课，对于超过限选人数的上课班级，系统将依次从高积分比往低积分比抽取名单直至达到限选人数，对于相同积分比但超过限选人数的同学将采取随机抽取的办法。
3.第一轮选课结束后未选满课程的同学，可以参与第二轮的选课。积分算法将根据具体未选上课程总数重新分配总积分，前两轮选课过程和结果处理方法都一致。第二轮还未选满课程的同学可以参加第三轮选课，第三轮选课采用即选即中的方式。
六、选课流程
1.访问福州大学教务处网站（http://jwch.fzu.edu.cn）。
2.在网站“本科教学系统”的用户登陆框中输入账号和密码，点击登陆按钮进入系统。
3.点击【各类选课】下的【学期选课】菜单，系统将在页面右侧窗口列出本专业2024-2025学年第二学期专业开设的所有课程，学生可以根据各课程具体的排课情况，点击单选按钮并在单选按钮后的文本框中输入拟投下的积分，直到选完所有课程后，再点击窗口最下方的“确定选课”按钮。
4.每轮选课结果公布后，所有学生务必查看各自的选课结果，对照教学计划，如有课程未选上请继续下一轮的选课。第三轮选课结束后务必进入【我的选课】查看核对选课结果，对于未选中的课程，可在补退选时间进行调整。如最终仍未选中课程，则该课程无效。
七、其他
第三轮选课之后每位同学必须打印课表，或将自己的选课结果截屏保存，作为下个学期上课时间安排的依据。

注册中心
2024年12月23日",0,,,,,,
001040013801,https://jwch.fzu.edu.cn/info/1040/13801.htm,关于制定学院本科教学督导工作管理实施办法的通知,【质量办】,2024-12-18,"各学院，有关单位：
根据本科教育教学审核评估整改及学校第六轮巡视巡查整改工作要求，为进一步加强学院督导工作，充分发挥学院本科教学督导在规范教学活动、深化教学改革、提高教学质量方面的咨询、监督与指导作用，全面保障学院本科教育教学质量，请各学院、教学单位研究制定本院教学督导工作管理办法，有关事项通知如下：
1.各学院、教学单位应参照《福州大学关于印发本科教学督导工作管理实施办法的通知》（福大教评〔2024〕3号）（附件1），结合本单位实际情况，制定学院教学督导工作管理办法，并经学院教学指导委员会审议通过。
2.各学院、教学单位应根据学院本科教学督导工作管理办法开展督导工作，配齐建强督导队伍，并及时做好工作总结。学校将不定期对学院本科教学督导工作进行检查，并纳入今后学院本科教学管理质量考核评价体系。
3.请各学院、教学单位在2025年1月10日前将《XX学院本科教学督导工作管理实施办法》及《学院本科教学督导组名单》（附件2）纸质版加盖单位公章后交至教学质量监控与评估中心 （行北西205），电子版发送至10556425@qq.com。
联系人：蒋老师，联系电话：0591-22860935。

附件1：《福州大学关于印发本科教学督导工作管理实施办法的通知》（福大教评〔2024〕3号）
附件2：《XX学院本科教学督导组名单》

福州大学教学质量监控与评估中心
2024年12月18日",2,0017449848580015646301,附件1：福大教评24-3-福州大学关于印发本科教学督导工作管理实施办法的通知.pdf,922,https://jwch.fzu.edu.cn/system/_content/download.jsp?urltype=news.DownloadAttachUrl&owner=1744984858&wbfileid=15646301,15646301,1744984858
001040013801,https://jwch.fzu.edu.cn/info/1040/13801.htm,关于制定学院本科教学督导工作管理实施办法的通知,【质量办】,2024-12-18,"各学院，有关单位：
根据本科教育教学审核评估整改及学校第六轮巡视巡查整改工作要求，为进一步加强学院督导工作，充分发挥学院本科教学督导在规范教学活动、深化教学改革、提高教学质量方面的咨询、监督与指导作用，全面保障学院本科教育教学质量，请各学院、教学单位研究制定本院教学督导工作管理办法，有关事项通知如下：
1.各学院、教学单位应参照《福州大学关于印发本科教学督导工作管理实施办法的通知》（福大教评〔2024〕3号）（附件1），结合本单位实际情况，制定学院教学督导工作管理办法，并经学院教学指导委员会审议通过。
2.各学院、教学单位应根据学院本科教学督导工作管理办法开展督导工作，配齐建强督导队伍，并及时做好工作总结。学校将不定期对学院本科教学督导工作进行检查，并纳入今后学院本科教学管理质量考核评价体系。
3.请各学院、教学单位在2025年1月10日前将《XX学院本科教学督导工作管理实施办法》及《学院本科教学督导组名单》（附件2）纸质版加盖单位公章后交至教学质量监控与评估中心 （行北西205），电子版发送至10556425@qq.com。
联系人：蒋老师，联系电话：0591-22860935。

附件1：《福州大学关于印发本科教学督导工作管理实施办法的通知》（福大教评〔2024〕3号）
附件2：《XX学院本科教学督导组名单》

福州大学教学质量监控与评估中心
2024年12月18日",2,0017449848580015646302,附件2：学院本科教学督导组名单.docx,654,https://jwch.fzu.edu.cn/system/_content/download.jsp?urltype=news.DownloadAttachUrl&owner=1744984858&wbfileid=15646302,15646302,1744984858
001040013797,https://jwch.fzu.edu.cn/info/1040/13797.htm,关于上报学院本科教育教学质量保障2024年工作总结和2025年工作计划的通知,【质量办】,2024-12-18,"各学院：
为深入贯彻落实教育部《普通高校本科教育教学审核评估实施方案（2021-2025年）》（教督〔2021〕1号）《福州大学关于进一步完善本科教育教学质量保障体系的实施意见》（福大教〔2022〕27号）《福州大学本科教学质量监控与持续改进管理实施办法》（福大教〔2022〕27号）文件要求，完善学院本科教育教学质量保障体系，强化学院层面的教育教学质量主体责任意识，提升学院质量保障能力，促进广大师生牢固树立质量第一意识，形成学院质量文化，现需各学院全面总结学院本科教育教学质量保障2024年工作，制定学院本科教育教学质量保障2025年工作计划，有关事项和报送要求通知如下：
一、工作总结
对照学院本科教育教学质量保障2024年工作计划，客观、全面地总结2024年学院质量保障开展的情况，撰写工作总结。工作总结内容应围绕学院本科教育教学质量保障的工作机制、课堂教学质量保障、学生学业质量保障、毕业生培养质量保障、专业建设质量保障、教学管理质量保障等方面，阐述主要工作举措、工作亮点、工作成效。可根据需要提交支撑材料（不超过20页）。
二、工作计划
在认真总结2024年工作的基础上，结合学院工作实际，对学院本科教育教学质量保障工作进行思考，拟定2025年工作的主要思路及拟开展的重点工作内容，形成工作计划。工作计划应提出明确的工作事项及时间节点，做到计划可实施、可衡量、可检查，具体内容包括以下几个方面：
1．学院本科教育教学质量保障的工作机制；
2．课堂教学质量保障：包括日常听课（院领导每人每学期至少4节、院督导每人每学期至少6节）、校院两级督导联动、针对教学薄弱教师的指导帮扶、开展教学研讨培训、组织教学竞赛、提高教师教学能力等；
3．学生学业质量保障：包括学业预警、学业指导、学风建设等；
4．毕业生培养质量保障：应届毕业生、往届生毕业问卷调研分析，以及分析结果反馈应用等；
5．专业建设质量保障：包括针对专业薄弱环节如何改进提升、根据教学改革最新动向如何加强专业建设、推动专业开展专业认证等；
6．教学管理质量保障：包括制订学院层面教学管理规章制度等、主动开展学院层面的专项检查，如试卷、实验、实习、毕业设计（论文）抽查等、开展学院、专业建设数据监测及通报、针对存在问题开展查缺补漏、加强招培就联动等；
7．其他。
三、具体要求
1．工作总结的数据统计时间节点为2024年12月31日前。
2．工作总结和工作计划行文要求重点突出、思路清晰、语言简洁、数据准确。
3．各学院要以高度负责、严谨求实的态度，认真撰写，学院分管教学副院长要亲自组织、认真审阅、严格把关。学校拟将学院教学质量保障体系建设情况作为重要指标纳入学院本科教学管理质量考核。
4．纸质材料经学院分管教学副院长签字并加盖学院公章后，于2025年1月5日前将纸质版报送至教学质量监控与评估中心（行北西205办公室），电子版发送至：10556425@qq.com。

教学质量监控与评估中心
2024年12月18日",0,,,,,,
001036013796,https://jwch.fzu.edu.cn/info/1036/13796.htm,关于2024-2025学年第一学期《中国近现代史纲要》课程期末考试安排的通知,【教学运行】,2024-12-17,"各有关学院：
定于17-18周进行《中国近现代史纲要》课程期末考试，请有关协助监考学院按考表（见附件）安排监考老师并录入系统，及时通知监考老师和学生上系统查看考试信息，以免延误考试。
为保证考试的顺利进行，如其他教学安排时间或地点与此次考试冲突，请予以调整。

马克思主义学院
教务处
2024年12月17日",1,0017449848580015645108,2401史纲随堂考.xlsx,851,https://jwch.fzu.edu.cn/system/_content/download.jsp?urltype=news.DownloadAttachUrl&owner=1744984858&wbfileid=15645108,15645108,1744984858
001036013795,https://jwch.fzu.edu.cn/info/1036/13795.htm,关于2024-2025学年第一学期《大学英语（四）》课程期末考试安排的通知,【教学运行】,2024-12-17,"各有关学院：
定于12月29日上午进行《大学英语（四）》课程期末考试，请有关协助监考学院按考表（见附件）安排监考老师并录入系统，及时通知监考老师和学生上系统查看考试信息，以免延误考试。
为保证考试的顺利进行，如其他教学安排时间或地点与此次考试冲突，请予以调整。

外语学院
教务处
2024年12月17日",1,0017449848580015645107,2401英语四期末考-12.29上午.xlsx,993,https://jwch.fzu.edu.cn/system/_content/download.jsp?urltype=news.DownloadAttachUrl&owner=1744984858&wbfileid=15645107,15645107,1744984858
001036013792,https://jwch.fzu.edu.cn/info/1036/13792.htm,关于2024-2025学年第一学期计算机语言类课程期末考试安排的通知,【教学运行】,2024-12-13,"各有关学院：
定于12月28日上午进行计算机语言类课程期末考试，请有关协助监考学院按考表（见附件）安排监考老师并录入系统，及时通知监考老师和学生上系统查看考试信息，以免延误考试。
为保证考试的顺利进行，如其他教学安排时间或地点与此次考试冲突，请予以调整。

计数学院
教务处
2024年12月13日",1,0017449848580015643339,2401计算机语言课程期末考-12.28上午.xlsx,641,https://jwch.fzu.edu.cn/system/_content/download.jsp?urltype=news.DownloadAttachUrl&owner=1744984858&wbfileid=15643339,15643339,1744984858
001042013837,https://jwch.fzu.edu.cn/info/1042/13837.htm,关于公布福州大学2024年本科数字教材建设立项项目的通知,【教材中心】,2024-12-12,"校教〔2024〕51号
各学院,有关单位：
根据《关于开展2024年本科数字教材建设立项工作的通知》精神，经学院推荐、专家组评审、公示无异议，确定《AIGC游戏策划》等36个项目入选福州大学2024年本科数字教材建设立项项目，现将名单予以公布（见附件），并就有关事项通知如下。
一、实行主编负责制。教材主编主持编写工作并负责统稿，对教材总体质量、学术道德、政治方向、价值导向负总责，参编人员对所编写内容负责。个人编写的教材，由编写者对教材质量负全责。
二、落实“凡编必审”制度。拟出版教材经出版社审定后的正式出版稿需由学院组织教材审核工作。教材审核应对照《福州大学教材管理实施细则》第三条、第十条和第十九条具体要求进行全面审核，严把政治关、学术关，促进教材质量提升。政治把关要重点审核教材的政治方向和价值导向，学术把关要重点审核教材内容的科学性、先进性和适用性。
三、立项教材应根据学科发展的实际需要进行编写或修订完善，及时补充新知识、新技术、新成果。应结合立项教材特点深入挖掘思政元素，推进习近平新时代中国特色社会主义思想进教材、进课堂、进头脑。
四、立项教材权威、有影响力的出版社出版。获得立项资助的教材，须在扉页或其他显著位置标注“福州大学教材建设基金资助出版”字样，主编工作单位必须标注“福州大学”。
五、立项出版的教材不得在教材中擅自使用国家规划教材标识，或使用可能产生误导作用的相似标识及表述，如标注主体或范围不明确的“规划教材”“示范教材”等字样，或擅自标注“全国”“国家”“福建省”等字样。
六、立项项目建设周期原则上为2年。项目结题以正式出版数字教材为结题依据。若确有特殊情况不能按期完成的，应提前1个月由主编向教务处提交书面延期申请，延长期限一般不得超过6个月。各学院教材工作小组负责对立项教材的编写进行督促、检查、审核。
七、所获得的资助经费，除出版费外，其他经费开支参照《福州大学教学研究与改革建设项目立项管理实施办法》（福大教〔2022〕27号）有关要求执行。

附件：福州大学2024年本科数字教材建设立项项目名单

福州大学教务处
2024年12月12日",1,0017449848580015742619,福州大学2024年本科数字教材建设立项项目名单.xls,666,https://jwch.fzu.edu.cn/system/_content/download.jsp?urltype=news.DownloadAttachUrl&owner=1744984858&wbfileid=15742619,15742619,1744984858
001039013791,https://jwch.fzu.edu.cn/content.jsp?urltype=news.NewsContentUrl&wbtreeid=1039&wbnewsid=13791,关于做好2025届本科生毕业设计（论文）工作的通知,【实践科】,2024-12-12,"校教〔2024〕50号
各学院：
为进一步规范本科生毕业设计（论文）管理工作，确保本科生毕业设计（论文）质量，结合我校的实际情况，现将2025届本科生毕业设计（论文）工作有关事项通知如下：
一、加强组织管理
各学院要加强对本科生毕业论文（设计）选题、撰写、答辩等各环节的全方位过程管理，结合本科审核评估整改工作，针对性查找存在的问题，切实做好对照整改。坚持以提升本科人才培养质量为核心，加强本科毕业设计（论文）抽检工作的领导和指导，不断提高科学化和精细化水平。认真做好初期、中期、后期检查，特别是重要环节的检查，对检查中发现的问题与不足应及时解决与改进，提出具体的质量监控措施，督促指导教师、评阅教师、答辩小组三方真正担负起毕业设计（论文）质量监控职责。
二、强化诚信教育
加强学术诚信教育，规范学位论文管理，严禁抄袭、套用他人成果，坚决杜绝学位论文买卖、代写行为，自觉抵制学位论文作假行为。指导教师应引导和教育学生恪守学术道德和学术规范，独立完成毕业设计（论文）任务，严守学术准则和学术诚信，对履职不力或所指导学生的学位论文存在买卖、代写行为的指导教师，学校将追究其失职责任，对参与购买、代写学位论文的学生将予以严肃处理。
三、指导教师的资格与要求
学院应配备教学科研经验丰富、责任心强并且具有中级（含）以上职称的教师指导本科生毕业设计（论文），鼓励更多的博士生导师和教授参与本科生毕业设计（论文）的指导工作，不断提高具有高级专业技术职称指导教师的比例。
1.指导毕业设计（论文）教师资格
校内指导教师：原则上第一指导教师由具有中级（含）以上职称教师担任，首次担任指导教师或由助教担任指导教师时，不能作为第一责任指导教师，只能作为辅助教师跟随具有副高（含）以上职称的教师共同指导。因专业实际需要教师共同指导的毕业设计（论文），需指定第一责任指导教师，其他教师作为辅助指导。
校外指导教师：须具有中级（含）以上职称，其指导资格由学院审核，各学院应严格校外指导教师管理，校外指导教师需有一定的聘期并保持相对稳定，所聘任的校外指导教师须在开展毕业设计（论文）工作前按学校外聘教师要求办理相关聘任手续，并取得外聘教师工号，填写《福州大学本科生毕业设计（论文）校外指导教师情况汇总表》统一报教务处备案，每位校外指导教师指导学生数不得超过4人。未按规定办理外聘教师手续的一律不得担任毕业设计（论文）指导教师。
2.指导教师主要职责
（1）应当对学生进行学术道德、学术规范教育，对学生毕业设计 (论文)是否由其独立完成进行审查。
（2）指导教师是保证学生毕业设计（论文）质量的责任人，应投入足够时间和精力完成毕业设计（论文）环节的各项教学任务，帮助学生做好选题工作。提前下达毕业设计（论文）任务书，让学生有充分的时间准备开题报告。加强过程指导与检查，每周至少指导学生两次，及时掌握学生毕业设计（论文）的进度和质量，定期辅导答疑，及时发现问题和纠正错误。把好毕业设计（论文）审核关，毕业设计（论文）进入最后答辩前，指导教师要认真审查学生提交毕业设计（论文）的全部资料，提出修改意见和建议；指导教师对学生的学术道德行为负有监督责任，及时发现并纠正学生的学术不端行为，必要时可取消其答辩资格。对学生是否具备参加毕业设计（论文）答辩资格进行预审，并客观、公正、如实地填写评阅意见。
对由校内、校外指导教师共同指导完成的学生毕业设计（论文），各学院应加强过程管理，校内、校外指导教师与学生之间应加强沟通联系，学生完成的毕业设计（论文）所有资料均应经过校内、校外指导教师共同审查并签名，毕业设计（论文）中应体现校外指导教师（含辅助指导）相关事项。
四、毕业设计（论文）过程管理工作
学院要进一步加强对毕业设计（论文）的过程管理，要分阶段严格把关，对毕业设计（论文）的全过程进行检查、监督，确保毕业设计（论文）质量。
本科生毕业设计（论文）相关信息管理工作将在本科毕业设计（论文）管理模块（以下简称“毕设模块”）中进行，可从教务处网站首页点击“本科教学管理系统”栏目，学生选择学生模块进入毕设模块登录；教师选择教师模块--教学专栏进入毕设模块登录。请指导教师、学生、教学管理等相关人员根据时间节点要求在毕设模块中完成选题、任务书、外文翻译和文献综述、开题报告、中期检查表、答辩前定稿、答辩后终稿、毕业设计（论文）附件材料、评审、评阅、答辩、成绩评定等毕业设计（论文）全过程。
学生登陆后按系统要求分别填写毕业设计（论文）相关信息，根据毕业设计（论文）的进度分别上传提交毕业设计（论文）任务书、外文翻译和文献综述、开题报告、中期检查表、答辩前定稿、答辩后终稿、毕业设计（论文）附件等电子版材料。
指导教师登陆后按系统要求审核所指导的学生填写的毕业设计（论文）相关信息和上传提交的毕业设计（论文）相关材料，审核毕业设计（论文）答辩前定稿和答辩后终稿（审核通过后自动检测、审核不通过，退回修改），上传毕业设计（论文）指导教师评审表（含教师签字扫描件）、毕业设计（论文）评阅教师评审表（含教师签字扫描件）、毕业设计（论文）答辩委员会决议书（含教师签字扫描件），并录入学生毕业设计（论文）成绩。
教学管理人员登陆后根据相应管理权限按系统要求汇总形成、查看、导出相关数据和表格。
（一）毕业设计（论文）选题
1.各专业应根据《普通高等学校本科专业类教学质量国家标准》及专业实际情况制定选题要求。选题必须符合本专业的培养目标及教学基本要求，紧扣专业知识，提高学生分析和解决问题的能力。建立大学生创新训练计划、学科竞赛等创新实践活动与毕业设计（论文）有效结合机制。学生有阶段性成果和创新突破成果的，经学院和指导教师同意，可作为毕业设计（论文）选题。多媒体课件研究与开发项目、单纯的文献综述和调研报告不得作为毕业设计（论文）题目。选题应做到一人一题，确定后不得随意更改。
2.工科类专业应根据工程教育认证要求，选题尽可能要结合本专业的工程实际问题进行有工程背景的毕业设计，鼓励企业或行业专家参与毕业设计的指导和考核；理工科专业的选题应尽可能是在研的科研立项课题；文科及经管类的选题需突出现实性，分析、解决当前经济改革和社会现实生活中的热点、难点、焦点问题。鼓励学生将毕业设计（论文）课题与大学生就业见习、企业实际课题相结合。
（二）毕业设计（论文）任务书
毕业设计（论文）任务书必须由指导教师认真填写，内容详实、字迹工整。任务书各栏签名齐全，时间顺序合理。任务书必须在毕业设计（论文）开始前下达到学生。学生接到任务书后，应认真进行文献查阅和资料收集等开题准备工作，并撰写开题报告。
（三）毕业设计（论文）开题
学生应认真撰写《福州大学本科生毕业设计（论文）开题报告》；指导教师应对学生的开题情况进行认真检查，检查开题报告的内容和撰写是否符合规范及是否达到开题要求等，并认真签署完整、详实的指导意见，对不认真者应退回重做。若因某些客观原因需要更换题目，必须按规定程序进行审批。
审批程序：学生提出→指导教师审核→系（所）审核→学院审批→扫描纸质材料上传系统。
（四）毕业设计（论文）中期检查
毕业设计（论文）中期检查工作主要由学院组织实施。要求学生对前期研究工作进行认真总结，并填写《福州大学本科生毕业设计（论文）中期检查表》，指导教师签署详实的指导意见，对进度缓慢、工作消极者要批评和督促，以保证全部任务按期完成。
（五）毕业设计（论文）文档规范
毕业设计（论文）文档参照《福州大学本科生毕业设计（论文）撰写规范》（福大教【2019】37号）执行。
毕业设计（论文）按顺序分成两本装订。第一本的内容和装订顺序为：封面、毕业设计（论文）诚信承诺书、中外文摘要（含关键词）、目录、正文、参考文献、附录、谢辞。第二本的内容和装订顺序为：封面、目录、毕业设计(论文)任务书、毕业设计（论文）开题报告、文献综述、外文原文及其译文、毕业设计（论文）中期检查表、指导教师评审表、评阅教师评审表、决议书。封面内容严格按照学校提供的格式和要求填写，封面颜色统一以学院为单位自行选用。
毕业设计（论文）过程指导材料包括指导教师与学生之间现场指导、QQ、微信、邮箱等交流过程照片或截图、毕业设计（论文）指导修订稿全文或部分截图及其他能体现指导过程记录的材料（如指导日志等），所有指导过程材料全部合并成一份PDF文档上传系统存档。
（六）毕业设计（论文）查重检测
为进一步加强对毕业设计（论文）质量监控与管理，鼓励学术创新，净化学术风气，保证本科毕业设计（论文）的质量，规范学生科学合理使用AIGC技术，杜绝毕业设计（论文）撰写过程中的抄袭、人工智能代写、剽窃、伪造、非正常引用等学术不端行为，根据《中华人民共和国学位法》（中华人民共和国主席令第二十二号）和《学位论文作假行为处理办法》（教育部第34号令）等文件精神，学校将对2025届本科生毕业设计（论文）答辩前定稿和答辩后终稿进行查重检测。
1.检测的对象：
2025届所有本科毕业生毕业设计（论文）
2.检测标准
各学院应进一步对学生进行学术诚信教育，要求学生签署《福州大学本科生毕业设计（论文）诚信承诺书》，并将学校制定的以下论文检测标准与处理办法明确告知学生：
（1）学生毕业设计（论文）的比对对象为维普论文检测系统默认比对库和本届所有毕业学生的毕业设计（论文）。
（2）学校规定本科毕业设计（论文）检测标准：查重检测去除本人复制比应≤20%。各学院可根据学科特点及毕业设计（论文）工作要求，制定更严格的检测标准，在开展毕业设计（论文）前告知学生并报教务处备案，学生本科毕业设计（论文）必须符合学院的检测标准要求方可参加答辩。
（3）本科毕业设计（论文）上传系统查重文件（答辩前定稿、答辩后终稿）统一使用PDF格式。
（4）校级优秀毕业设计（论文）的检测结果去除本人复制比应≤15％。去除本人复制比＞15%者，取消其评选校级优秀资格。
3.检测方法与结果处理
（1）答辨前定稿检测
学生须于答辩前在毕业设计（论文）模块中上传本人毕业设计（论文）答辩前定稿（文档格式：PDF），定稿格式统一命名为“学号_姓名_毕业设计（论文）题目”。学生提交答辩前定稿后，指导老师须在系统上查看审核，审核通过后的答辩前定稿，系统将自动进行检测，检测完成后学生和指导教师即可查询检测结果，学生本科毕业设计（论文）检测结果去除本人复制比必须符合学校的检测标准要求方可进入答辩环节，不符合要求的，学生不能参加答辩。
答辩前定稿最多有2次检测机会，具体检测时间由各学院确定。答辨前定稿查重检测第一次未通过的学生，应对其毕业设计（论文）进行修改，并进行第二次检测。第二次仍未检测通过的，经认真修改一个月后，由学生本人提出申请，指导老师同意，学院审核后报学校审批通过，方可进行第三次检测，检测符合要求的进入答辩环节并列入学校下一批次毕业审核。第三次检测仍为不合格的毕业设计（论文）将作不及格处理。
（2）答辩后终稿检测
学生参加答辩后，须在系统上提交答辩后终稿（文档格式：PDF），指导老师须在系统上查看审核，审核通过后的答辩后终稿，系统将自动进行查重检测。终稿第一次检测结果不符合要求的，经认真修改一个月后，由学生本人提出申请，指导老师同意，学院审核后报学校审批通过，方可进行第二次检测。第二次检测仍为不合格的毕业设计（论文）将作不及格处理，查重检测第二次才通过的论文最终总评成绩只能记作及格。检测通过后的终稿将作为最终上传教育部抽检平台的毕业设计（论文）材料。
学校使用“论文检测系统”仅能预防毕业设计（论文）写作中出现的非正常引用、抄袭等学术不端行为，毕业设计（论文）整体质量的高低还应由指导教师、评阅教师和答辩委员会做出评判。希望各学院和广大师生遵循学术研究的基本规范，进一步加强自律，保证我校本科生毕业设计（论文）质量。
（七）毕业设计（论文）抽检送审
根据国务院教育督导委员会办公室《关于做好本科毕业论文（设计）抽检工作的通知》（国教督办函〔2022〕23号）、教育部《关于通过全国本科毕业论文（设计）抽检信息平台开展2023/2024学年度本科毕业论文（设计）抽检工作的通知》（学位中心函〔2024〕45号）和福建省教育厅《关于做好本科毕业论文（设计）抽检工作的通知》（闽教高〔2022〕18号）等文件要求，学校继续落实本科毕业设计（论文）抽检送审制度。
1.抽检范围
（1）抽检对象为2025届各学院所有专业本科毕业设计（论文）。
（2）2022届、2023届教育部抽检出现不合格的专业抽检比例原则上不低于20%，其它各专业抽检比例原则上不低于10%。
2.检查重点
重点考查毕业设计（论文）选题意义、写作安排、逻辑构建、专业能力以及学术规范等方面。各学院可结合学科特点分别制定本科毕业设计（论文）抽检评议要素。
3.抽检程序
各学院在毕业设计（论文）答辩前自行开展抽检工作，学校将于2025年4月中下旬发布具体的抽检办法。各学院将抽检的每篇论文送3位校内外同行专家评议（至少2位为校外专家）。原则上，校外评议专家应为双一流建设高校、具有毕业设计（论文）指导经历且具有副高以上职称。3位专家中有2位以上（含2位）专家评议意见为“不合格”的毕业设计（论文），将认定为“存在问题毕业设计（论文）”。3位专家中有1位专家评议意见为“不合格”，将再送2位同行专家进行复评。2位复评专家中有1位以上（含1位）专家评议意见为“不合格”，将认定为“存在问题毕业设计（论文）”。
抽检毕业设计（论文）被认定为合格（专家送审意见合格且学校查重复检合格）的方可参加毕业设计（论文）答辩。
4.结果反馈与使用
根据教育部和省教育厅抽检办法，抽检结果将影响招生计划、学士学位授权点建设等；对涉嫌存在抄袭、剽窃、伪造、篡改、买卖、代写等学术不端行为的毕业设计（论文），高校应按照相关程序进行调查核实，对查实的应依法撤销已授予学位，并注销学位证书；抽检结果将作为本科教育教学评估、一流本科专业建设、本科专业认证以及专业建设经费投入等教育资源配置的重要参考依据。
（八）毕业设计（论文）答辩、成绩评定工作
各学院要严格参照《福州大学本科生毕业设计（论文）工作管理办法》（福大教【2019】37号），做好2025届本科生毕业设计（论文）的答辩、成绩评定工作。
指导教师、评阅教师、答辩小组三项成绩评定均应以百分制记分，答辩委员会应注重考查学生发现问题、分析问题、解决复杂问题和沟通表达的实际能力，参照指导教师（40％）、评阅教师（20％）、答辩小组（40％）三部分成绩综合评定学生的毕业设计（论文）成绩，然后折算成五级制登录系统。
非参加专业认证的专业，指导教师、评阅教师、答辩小组三项成绩评定均应按照上述要求执行。参加专业认证的专业，可根据各专业认证标准和要求自行制定指导教师、评阅教师、答辩小组三项成绩相关评审表格和成绩结构比例，并报送教务处实践科备案。
五、毕业设计（论文）评优
1.毕业设计（论文）成绩评定工作结束后，请各学院做好2025届校优秀毕业设计（论文）的推荐上报工作，上报截止时间为2025年6月10日，逾期不予受理。学校对推荐上报的校优秀毕业设计（论文）将进行审查。
2.被推荐的校优秀毕业设计（论文）应按要求提交毕业设计（论文）全文电子版和压缩版毕业设计（论文）电子版和纸质版（3000～5000字），压缩版毕业设计（论文）内容主要包括：论文题目、专业、学号、姓名、指导教师、中英文摘要（适当缩写）、中英文关键词、正文、主要参考文献（部分重要文献）。文章尺寸规格为A4(210X297mm)，每一页的上方和左侧应分别留边25mm，下方和右侧应分别留边20mm，用宋体小4号字。对于撰写格式未达到要求的毕业设计（论文）将不予以评优。
3.获得校本科生优秀毕业设计（论文）的指导教师只具名第一责任指导教师。
六、优秀毕业设计（论文）材料要求
各学院报送的电子版文件名和文件夹请按以下要求提交：
（1）电子版文件名：毕业设计（论文）电子版的命名格式为“学号_学生姓名_论文题目”，例如，学号010700111，张三，论文题目：基于嵌入式以太网的CAN总线远程监控系统，则电子版文件名应为：010700111_张三_基于嵌入式以太网的CAN总线远程监控系统。
（2）文件夹：各学院汇总当年推荐校级优秀毕业设计（论文）全文电子版，推荐校优秀本科生毕业设计（论文）文件夹，以“学院名称_推荐校优”命名，内含该学院所有推荐校优秀的毕业设计（论文）WORD版文档。
七、上报材料时间
1.2025年3月23日前各学院报送《福州大学本科生毕业设计（论文）选题情况登记表》、《福州大学本科生毕业设计（论文）选题情况汇总表》、《福州大学本科生毕业设计（论文）校外指导教师情况汇总表》、《福州大学本科生毕业设计（论文）中期自查总结》、《福州大学本科生毕业设计（论文）题目更改情况汇总表》、《福州大学本科生毕业设计（论文）选题来源情况汇总表》。
2.2025年5月9日前报送各学院答辩委员会、答辩小组以及毕业设计（论文）答辩安排。
3.毕业设计（论文）成绩录入完成具体时间要求按教务处有关通知执行。
4.2025年6月10日前各学院报送《福州大学本科生毕业设计（论文）抽检情况表》。
5.2025年6月10日前各学院报送校级推优压缩版毕业设计（论文）电子版及纸质版，同时应附《福州大学本科生优秀毕业设计（论文）推荐汇总表》、《福州大学校级本科生优秀毕业设计（论文）申报表》、《福州大学本科生优秀毕业设计（论文）评审表》。
6.2025年6月27日前报送《福州大学本科生毕业设计（论文）情况登记表（含成绩）》、《福州大学本科生毕业设计（论文）情况汇总表》、《福州大学本科生毕业设计（论文）工作总结》。
7.所有报送材料的电子版统一发送到教务处实践科邮箱：jwcsjk@fzu.edu.cn。
本科学位论文学术不端行为举报电话：0591-22866853

                                   福州大学教务处
                                    2024年12月12日",1,0017449848580015643247,附件：2025届福州大学本科生毕业设计（论文）有关表格.zip,4920,https://jwch.fzu.edu.cn/system/_content/download.jsp?urltype=news.DownloadAttachUrl&owner=1744984858&wbfileid=15643247,15643247,1744984858
001035013790,https://jwch.fzu.edu.cn/content.jsp?urltype=news.NewsContentUrl&wbtreeid=1035&wbnewsid=13790,关于评选2024年优秀教学管理人员的通知,【综合科】,2024-12-12,"各学院、各教学单位：
为持续提升我校教学管理人员责任意识、服务意识，进一步激发爱岗敬业、乐于奉献的精神，建设一支高素质的教学管理队伍，特评选表彰做出积极贡献的优秀教学管理人员。
请各学院、各教学单位根据《福州大学优秀教学管理人员评选办法》（附件1）组织评选推荐，2024年12月25日前将《福州大学2024年优秀教学管理人员申报表》（附件2）签字盖章后交至相应联系人，同时电子版发至相应邮箱，逾期视为放弃。
教务处联系人：王老师，行政北楼西210，联系电话：0591-22866855；邮箱：275223258@qq.com。
研究生院联系人：叶老师，晋江楼南303，联系电话：0591-22865509；邮箱：1042765818@qq.com。
附件：
1. 福州大学优秀教学管理人员评选办法（福大政〔2021〕47号）
2. 福州大学2024年优秀教学管理人员申报表

                   教务处 研究生院
                    2024年12月12日",2,0017449848580015643196,附件2-福州大学2024年优秀教学管理人员申报表.doc,223,https://jwch.fzu.edu.cn/system/_content/download.jsp?urltype=news.DownloadAttachUrl&owner=1744984858&wbfileid=15643196,15643196,1744984858
001035013790,https://jwch.fzu.edu.cn/content.jsp?urltype=news.NewsContentUrl&wbtreeid=1035&wbnewsid=13790,关于评选2024年优秀教学管理人员的通知,【综合科】,2024-12-12,"各学院、各教学单位：
为持续提升我校教学管理人员责任意识、服务意识，进一步激发爱岗敬业、乐于奉献的精神，建设一支高素质的教学管理队伍，特评选表彰做出积极贡献的优秀教学管理人员。
请各学院、各教学单位根据《福州大学优秀教学管理人员评选办法》（附件1）组织评选推荐，2024年12月25日前将《福州大学2024年优秀教学管理人员申报表》（附件2）签字盖章后交至相应联系人，同时电子版发至相应邮箱，逾期视为放弃。
教务处联系人：王老师，行政北楼西210，联系电话：0591-22866855；邮箱：275223258@qq.com。
研究生院联系人：叶老师，晋江楼南303，联系电话：0591-22865509；邮箱：1042765818@qq.com。
附件：
1. 福州大学优秀教学管理人员评选办法（福大政〔2021〕47号）
2. 福州大学2024年优秀教学管理人员申报表

                   教务处 研究生院
                    2024年12月12日",2,0017449848580015643197,附件1-福大政21-47福州大学关于印发优秀教学管理人员评选办法的通知.pdf,240,https://jwch.fzu.edu.cn/system/_content/download.jsp?urltype=news.DownloadAttachUrl&owner=1744984858&wbfileid=15643197,15643197,1744984858
001039013784,https://jwch.fzu.edu.cn/info/1039/13784.htm,关于做好2024年省级以上大学生创新训练计划项目和第三十期本科生科研训练计划项目中期检查工作的通知,【实践科】,2024-12-09,"各学院：
为确保我校大学生创新训练计划和本科生科研训练计划（SRTP）的顺利实施，学校将对2024年立项的省级（含）以上大学生创新训练计划项目和第三十期本科生科研训练计划项目进行中期检查，现将有关事项通知如下：
一、检查对象
1．第三十期本科生科研训练计划立项项目；
2．2024年立项的省级（含）以上大学生创新训练计划项目。
二、材料报送
1．第三十期本科生科研训练计划（SRTP）项目负责人于2024年12月23日前填写并向学院提交《福州大学第30期本科生科研训练计划项目中期检查表》（纸质版和电子版、见附件1），以上纸质材料由学院留档备查。
2．2024年立项的国家级、省级大学生创新训练计划项目负责人于2024年12月23日前分别填写并向学院提交《福州大学国家级大学生创新训练计划项目中期进展报告表》（纸质版和电子版、见附件2）、《福州大学省级大学生创新训练计划项目中期进展报告表》（纸质版和电子版、见附件3）。同时，登录福建省大学生创新训练计划平台（http://114.220.75.43:93/fjcxcy）填报中期检查材料。
3．各学院于2024年12月27日前向教务处实践科提交《福州大学国家级大学生创新训练计划项目中期进展报告表》（纸质版和电子版）、《福州大学省级大学生创新训练计划项目中期进展报告表》（纸质版和电子版）、《福州大学第30期本科生科研训练计划项目中期检查情况汇总表》（纸质版和电子版、见附件4）。
附件：
1.《福州大学第30期本科生科研训练计划项目中期检查表》
2.《福州大学国家级大学生创新训练计划项目中期进展报告表》
3.《福州大学省级大学生创新训练计划项目中期进展报告表》
4.《福州大学第30期本科生科研训练计划项目中期检查情况汇总表》

                                               福州大学教务处
                                                2024年12月11日",1,0017449848580015642560,附件.zip,1985,https://jwch.fzu.edu.cn/system/_content/download.jsp?urltype=news.DownloadAttachUrl&owner=1744984858&wbfileid=15642560,15642560,1744984858
001040013783,https://jwch.fzu.edu.cn/info/1040/13783.htm,关于举办福州大学第六十二场“教学有道” 研讨活动的通知,【质量办】,2024-12-05,"各学院、有关单位：
为进一步推进工程教育专业认证工作，促进学科专业内涵建设和教育教学模式改革创新。经研究，学校决定举办第六十二场“教学有道”专题研讨活动，具体安排如下：
一、研讨主题
契合工程认证需求的教育教学模式和方法
二、研讨时间
2024年12月7日（星期六）14:30
三、主讲人
刘静波教授 教育部高等学校食品科学与工程类专业教学指导委员会副主任、中国工程教育专业认证协会认证结论审议委员会委员
四、研讨地点
旗山校区嘉锡楼225会议室
五、承办单位
生物科学与工程学院
六、参会人员
1、生物科学与工程学院教师；
2、全校其他感兴趣的教师。
主讲人简介：
刘静波,吉林大学食品科学与工程学院教授,吉林大学“唐敖庆学者”卓越教授，工学博士，博士生导师，国务院政府特殊津贴获得者，担任教育部高等学校食品科学与工程类专业教学指导委员会副主任、中国工程教育专业认证协会认证结论审议委员会委员、食品类专业认证委员会委员、亚洲蛋品协会副会长、中国畜产品加工研究会副会长等职务。主要研究方向为营养与功能食品、蛋品精深加工与副产物综合利用。主持“十四五”、“十三五”国家重点研发计划项目各1 项，主持国家自然科学基金面上项目等多项国家级、省部级科研项目。发表学术论文200余篇（其中以第一作者或通信作者发表SCI/EI论文130余篇）；获授权发明专利39 件，被认定吉林省科学技术成果6 项；荣获吉林省自然科学奖二等奖、吉林省自然科学学术成果一等奖等荣誉奖项。

教务处
2024年12月5日",0,,,,,,
001036013701,https://jwch.fzu.edu.cn/info/1036/13701.htm,关于组织2024级新生开展学籍信息自查工作的通知,【教学运行】,2024-09-27,"各学院：
我校2024级新生学籍电子注册工作现已基本完成。根据《高等学校学生学籍学历电子注册办法》（教学〔2014〕11号）等文件要求，为确保学生学籍信息真实准确，切实维护学生权益，所有新生都必须登陆学信网查询、核对本人学籍信息。该学籍信息将为学生在今后毕业就业、学历注册、推荐免试研究生等方面提供基本数据支撑。现将有关事项通知如下：
一、时间安排
1. 10月18日前，各学院组织2024级学生注册登录学信网，核查本人学籍信息是否准确，并收集学生反馈的错误信息上报注册中心。
2. 因相关省级招生考试机构尚未将港澳台侨和第二学士学位新生的录取信息上传学信网，这部分学生的学籍信息自查安排另行通知。
3. 外国留学生以及外校访学学生无需参加本次学籍信息自查工作。
二、操作流程
1. 登录“中国高等教育学生信息网（学信网）”（网址：https://www.chsi.com.cn/）。
2. 点击菜单栏中的【学籍查询】，进入“学信档案”界面。
3. 点击【注册学信网账号】，进入“实名注册”界面（已注册账号者可直接点击【登录学信档案】，进入登录界面）。
4. 按系统要求准确填写各项信息，并牢记注册信息，注意信息安全，便于将来继续查询本人学籍学历学位信息。注册时必须使用真实姓名和居民身份证号（最后一位为“X”时必须大写）；每个身份证号和姓名只能注册一次，只有当身份证号和姓名与学籍信息完全一致，方可查询到本人学籍。
信息填写完后点击【立即注册】，显示账号注册成功。
港澳台侨新生如何注册请耐心等待教务处后续通知，切勿擅自提前进行注册。
5. 登录系统，依次点击【学信档案】-【高等教育信息】-【学籍】，即可查询到本人的学籍信息。请务必仔细核对各项信息（含录取照片）是否正确，如所有信息均无误，正常退出系统，自查工作完成；如发现信息有误，则应尽快向所在学院教学办反馈。
三、特别说明
1. 入选学校“数理综合班”“数理金融实验班”“嘉锡化学拔尖班”“ 数智实验班”的同学，专业名称暂时仍为原录取专业，待将来专业分流后再作调整。
2. 五十六个民族之外的少数民族（如“穿青人”“僜人”等）统一标注为“其他”。
3. “系所”全校统一为空。
4. 学信网注册时如有问题，可参考“学信网账号问题详解”（https://mp.weixin.qq.com/s/AirYjMJY-JzHGWu6k8TJPg）。

教务处注册中心
2024年9月27日",0,,,,,,
001039013700,https://jwch.fzu.edu.cn/info/1039/13700.htm,关于举办2024年福州大学大学生工程实践与创新能力大赛暨2024年福建省大学生工程实践与创新能力大赛福州大学分区赛的通知,【实践科】,2024-09-27,"各学院：
根据2024年福建省大学生工程实践与创新能力大赛的通知，竞赛采用校级初赛、省级复赛（国赛选拔赛）二级赛制，我校决定于2024年11月16日举办2024年福州大学大学生工程实践与创新能力大赛暨2024年福建省大学生工程实践与创新能力大赛福州大学分区赛。现将竞赛有关事项通知如下：
一、 大赛目标定位
面向适应全球可持续发展需求的工程师培养，服务于国家创新驱动与制造强国战略，强化工程伦理意识，坚持基础创新并举、理论实践融通、学科专业交叉、校企协同创新、理工人文结合，打造具有鲜明中国特色的高端工程创新赛事，建设引领世界工程实践教育发展方向的精品工程，构建面向工程实际、服务社会需求、校企协同创新的实践育人平台，培养服务制造强国的卓越工程技术后备人才，开启中国大学生工程实践与创新教育新征程。以赛促学、以赛促教、以赛促改、以赛促建，打造具有中国特色、世界一流的工程实践与创新教育体系。
二、 大赛的主题与命题
本届大赛主题——“交叉融合工程创新育新质，立德树人强国建设勇担当”。
本届大赛初步设置3个赛道9个赛项：（1）新能源车赛道，包括：太阳能电动车、温差电动车两个赛项；（2）“智能+”赛道，包括：智能物流搬运、生活垃圾智能分类、智能救援三个赛项；（3）虚拟仿真赛道，包括：飞行器设计仿真、智能网联汽车设计、工程场景数字化和企业运营仿真等4个赛项。
2024年福州大学大学生工程实践与创新能力大赛命题与运行，详见附件3。
三、 参赛条件与方式
1. 参赛条件：在册的全日制本科生均可参加；
2. 参赛方式：参赛者以队为单位参赛，每队3-4人，专业不限，鼓励专业互补，自由组合。竞赛中上交的图纸及工艺文件应符合工程要求。
四、 竞赛相关进程的时间安排
1. 报名：发文之日起至2024年10月30日18:00截止
报名方式：电子邮件报名，邮址：（fzu_gcs@163.com）
负责人： 林华
联系电话：13305904696
2. 比赛时间2024年11月16日，若有变更见机电工程实践中心网站（http://jdzx.fzu.edu.cn/）通知。
3. 赛前培训地点和时间待定，具体安排见机电工程实践中心网站（http://jdzx.fzu.edu.cn/）通知。
五、 竞赛奖励
1. 竞赛将根据报名队数评出一等奖、二等奖、三等奖若干名，颁发证书。
2. 获二等奖以上学生可根据学校有关条例申请创新创业与素质拓展学分。
六、 举办单位
1. 主办单位：福州大学教务处
2. 协办单位：福州大学学生处、校团委
3. 承办单位：福州大学机电工程实践中心
竞赛相关要求、通知及组织安排等请关注机电工程实践中心网站（http://jdzx.fzu.edu.cn/）
附件：
1. 2024年福州大学大学生工程实践与创新能力大赛暨2024年福建省大学生工程实践与创新能力大赛福州大学分区赛组委会成员名单
2. 2024年福州大学大学生工程实践与创新能力大赛暨2024年福建省大学生工程实践与创新能力大赛福州大学分区赛报名表
3. 2024年福州大学大学生工程实践与创新能力大赛暨2024年福建省大学生工程实践与创新能力大赛福州大学分区赛命题与运行

福州大学教务处
2024年09月27日",3,0017449848580014910724,附件1：组委会成员名单.docx,966,https://jwch.fzu.edu.cn/system/_content/download.jsp?urltype=news.DownloadAttachUrl&owner=1744984858&wbfileid=14910724,14910724,1744984858
001039013700,https://jwch.fzu.edu.cn/info/1039/13700.htm,关于举办2024年福州大学大学生工程实践与创新能力大赛暨2024年福建省大学生工程实践与创新能力大赛福州大学分区赛的通知,【实践科】,2024-09-27,"各学院：
根据2024年福建省大学生工程实践与创新能力大赛的通知，竞赛采用校级初赛、省级复赛（国赛选拔赛）二级赛制，我校决定于2024年11月16日举办2024年福州大学大学生工程实践与创新能力大赛暨2024年福建省大学生工程实践与创新能力大赛福州大学分区赛。现将竞赛有关事项通知如下：
一、 大赛目标定位
面向适应全球可持续发展需求的工程师培养，服务于国家创新驱动与制造强国战略，强化工程伦理意识，坚持基础创新并举、理论实践融通、学科专业交叉、校企协同创新、理工人文结合，打造具有鲜明中国特色的高端工程创新赛事，建设引领世界工程实践教育发展方向的精品工程，构建面向工程实际、服务社会需求、校企协同创新的实践育人平台，培养服务制造强国的卓越工程技术后备人才，开启中国大学生工程实践与创新教育新征程。以赛促学、以赛促教、以赛促改、以赛促建，打造具有中国特色、世界一流的工程实践与创新教育体系。
二、 大赛的主题与命题
本届大赛主题——“交叉融合工程创新育新质，立德树人强国建设勇担当”。
本届大赛初步设置3个赛道9个赛项：（1）新能源车赛道，包括：太阳能电动车、温差电动车两个赛项；（2）“智能+”赛道，包括：智能物流搬运、生活垃圾智能分类、智能救援三个赛项；（3）虚拟仿真赛道，包括：飞行器设计仿真、智能网联汽车设计、工程场景数字化和企业运营仿真等4个赛项。
2024年福州大学大学生工程实践与创新能力大赛命题与运行，详见附件3。
三、 参赛条件与方式
1. 参赛条件：在册的全日制本科生均可参加；
2. 参赛方式：参赛者以队为单位参赛，每队3-4人，专业不限，鼓励专业互补，自由组合。竞赛中上交的图纸及工艺文件应符合工程要求。
四、 竞赛相关进程的时间安排
1. 报名：发文之日起至2024年10月30日18:00截止
报名方式：电子邮件报名，邮址：（fzu_gcs@163.com）
负责人： 林华
联系电话：13305904696
2. 比赛时间2024年11月16日，若有变更见机电工程实践中心网站（http://jdzx.fzu.edu.cn/）通知。
3. 赛前培训地点和时间待定，具体安排见机电工程实践中心网站（http://jdzx.fzu.edu.cn/）通知。
五、 竞赛奖励
1. 竞赛将根据报名队数评出一等奖、二等奖、三等奖若干名，颁发证书。
2. 获二等奖以上学生可根据学校有关条例申请创新创业与素质拓展学分。
六、 举办单位
1. 主办单位：福州大学教务处
2. 协办单位：福州大学学生处、校团委
3. 承办单位：福州大学机电工程实践中心
竞赛相关要求、通知及组织安排等请关注机电工程实践中心网站（http://jdzx.fzu.edu.cn/）
附件：
1. 2024年福州大学大学生工程实践与创新能力大赛暨2024年福建省大学生工程实践与创新能力大赛福州大学分区赛组委会成员名单
2. 2024年福州大学大学生工程实践与创新能力大赛暨2024年福建省大学生工程实践与创新能力大赛福州大学分区赛报名表
3. 2024年福州大学大学生工程实践与创新能力大赛暨2024年福建省大学生工程实践与创新能力大赛福州大学分区赛命题与运行

福州大学教务处
2024年09月27日",3,0017449848580014910719,附件2：报名表.docx,1005,https://jwch.fzu.edu.cn/system/_content/download.jsp?urltype=news.DownloadAttachUrl&owner=1744984858&wbfileid=14910719,14910719,1744984858
001039013700,https://jwch.fzu.edu.cn/info/1039/13700.htm,关于举办2024年福州大学大学生工程实践与创新能力大赛暨2024年福建省大学生工程实践与创新能力大赛福州大学分区赛的通知,【实践科】,2024-09-27,"各学院：
根据2024年福建省大学生工程实践与创新能力大赛的通知，竞赛采用校级初赛、省级复赛（国赛选拔赛）二级赛制，我校决定于2024年11月16日举办2024年福州大学大学生工程实践与创新能力大赛暨2024年福建省大学生工程实践与创新能力大赛福州大学分区赛。现将竞赛有关事项通知如下：
一、 大赛目标定位
面向适应全球可持续发展需求的工程师培养，服务于国家创新驱动与制造强国战略，强化工程伦理意识，坚持基础创新并举、理论实践融通、学科专业交叉、校企协同创新、理工人文结合，打造具有鲜明中国特色的高端工程创新赛事，建设引领世界工程实践教育发展方向的精品工程，构建面向工程实际、服务社会需求、校企协同创新的实践育人平台，培养服务制造强国的卓越工程技术后备人才，开启中国大学生工程实践与创新教育新征程。以赛促学、以赛促教、以赛促改、以赛促建，打造具有中国特色、世界一流的工程实践与创新教育体系。
二、 大赛的主题与命题
本届大赛主题——“交叉融合工程创新育新质，立德树人强国建设勇担当”。
本届大赛初步设置3个赛道9个赛项：（1）新能源车赛道，包括：太阳能电动车、温差电动车两个赛项；（2）“智能+”赛道，包括：智能物流搬运、生活垃圾智能分类、智能救援三个赛项；（3）虚拟仿真赛道，包括：飞行器设计仿真、智能网联汽车设计、工程场景数字化和企业运营仿真等4个赛项。
2024年福州大学大学生工程实践与创新能力大赛命题与运行，详见附件3。
三、 参赛条件与方式
1. 参赛条件：在册的全日制本科生均可参加；
2. 参赛方式：参赛者以队为单位参赛，每队3-4人，专业不限，鼓励专业互补，自由组合。竞赛中上交的图纸及工艺文件应符合工程要求。
四、 竞赛相关进程的时间安排
1. 报名：发文之日起至2024年10月30日18:00截止
报名方式：电子邮件报名，邮址：（fzu_gcs@163.com）
负责人： 林华
联系电话：13305904696
2. 比赛时间2024年11月16日，若有变更见机电工程实践中心网站（http://jdzx.fzu.edu.cn/）通知。
3. 赛前培训地点和时间待定，具体安排见机电工程实践中心网站（http://jdzx.fzu.edu.cn/）通知。
五、 竞赛奖励
1. 竞赛将根据报名队数评出一等奖、二等奖、三等奖若干名，颁发证书。
2. 获二等奖以上学生可根据学校有关条例申请创新创业与素质拓展学分。
六、 举办单位
1. 主办单位：福州大学教务处
2. 协办单位：福州大学学生处、校团委
3. 承办单位：福州大学机电工程实践中心
竞赛相关要求、通知及组织安排等请关注机电工程实践中心网站（http://jdzx.fzu.edu.cn/）
附件：
1. 2024年福州大学大学生工程实践与创新能力大赛暨2024年福建省大学生工程实践与创新能力大赛福州大学分区赛组委会成员名单
2. 2024年福州大学大学生工程实践与创新能力大赛暨2024年福建省大学生工程实践与创新能力大赛福州大学分区赛报名表
3. 2024年福州大学大学生工程实践与创新能力大赛暨2024年福建省大学生工程实践与创新能力大赛福州大学分区赛命题与运行

福州大学教务处
2024年09月27日",3,0017449848580014910725,附件3：命题与运行.docx,1695,https://jwch.fzu.edu.cn/system/_content/download.jsp?urltype=news.DownloadAttachUrl&owner=1744984858&wbfileid=14910725,14910725,1744984858
001042013697,https://jwch.fzu.edu.cn/info/1042/13697.htm,关于举办福州大学第五十五场“教学有道”研讨活动的通知,【教材中心】,2024-09-25,"各学院，有关单位：
为高质量推进数字教材建设，提升教师数字教材建设能力，经研究，我校决定举办第五十五场“教学有道”研讨活动，具体事项通知如下：
一、研讨主题
开辟教材建设新领域，塑造教育发展新动能——基于高教社的数字教材建设实践与思考
二、研讨时间
2024年9月27日（周五）10:00
三、主讲人
郭金录，（教育部）高等教育出版社数字教材院校合作部主任、编审
四、研讨地点
旗山校区公共教学楼中201
五、参会人员：
1.福州大学2022年本科规划教材立项项目负责人；
2.福建省“十四五”普通高等教育本科规划教材建设立项项目负责人；
3.有意向建设各级各类教材的教师。

【主讲人简介】：郭金录，（教育部）高等教育出版社数字教材院校合作部主任、编审，经济学博士。主要研究方向为文化金融、融合出版等领域。
兼任中国高校金融教育金课联盟秘书长、中国高校智能财会联盟副秘书长、中国高等教育学会数字化课程资源研究分会副秘书长、教育部全国高校建设规划发展中心中国教育智库网特聘专家等。北京交通大学、武汉理工大学、郑州大学等高校客座教授。
在《智能模糊系统》《中央财大学报》《现代财经》《金融论坛》等SCI、CSSCI 核心期刊发表论文20 余篇，参与省部级教改课题多项，荣获第九届广东省哲学社会科学优秀成果奖一等奖、2022年度北京市教学成果一等奖、湖南省第12届高等教育教学成果一等奖等荣誉称号。

福州大学教务处
2024年9月25日",0,,,,,,
001036013696,https://jwch.fzu.edu.cn/info/1036/13696.htm,关于2024年国庆节放假课程调整的通知,【教学运行】,2024-09-24,"各学院、教学单位：
根据党政办有关2024年国庆节放假通知的精神，现将相关教学安排调整如下：
1、10月1日（星期二）至7日（星期一）全校本科生课程（含通识教育选修课）停课放假，共7天。
2、9月29日（星期日）补上10月4日（星期五）的课，10月12日（星期六）补上10月7号（星期一）的课，原9月29日和10月12日的课程停课。
3、因停课受影响的教学内容，请任课老师自行调整或安排另外时间补课。

请各学院、教学单位及时通知相关的学生和老师。

教务处
2024.9.24",0,,,,,,
001038013695,https://jwch.fzu.edu.cn/info/1038/13695.htm,关于通识教育选修课《国际化拔尖创新人才科研训练》宣讲会及选课的通知,【计划科】,2024-09-23,"各学院：
为培养具有国际视野和国际高水平科研跨学科创新人才，我校联合中国教育国际交流协会开展“国际化拔尖创新人才培养项目”。该项目邀请哈佛大学、麻省理工学院、加州大学伯克利分校、斯坦福大学、剑桥大学、卡耐基梅隆大学等高校教授直播授课，并选拔优秀学生参加暑期线下科研实践，共同完成相关领域研究课题。此项目在我校以全校性通识教育选修课形式供同学们报名参与，有意向的同学可于9月27日周五19：30-21:00通过腾讯会议参加项目宣讲会（会议号附后），并在2024年9月25日-9月29日登录教务系统报名修读《国际化拔尖创新人才科研训练》，详细介绍如下：
 
一、通选课课程名称
国际化拔尖创新人才科研训练。
二、所属课程类别
该类课程归属全校性通识教育选修课，在校内报名时课程名称统一体现为《国际化拔尖创新人才科研训练》，具体上课课程有35门不同课程，分别对应学校通选课的四个类别（自然科学与工程技术类、人文社会科学类、创新创业类、文学与艺术类），每个学生在校期间只能修读1门。已修读过该课程的学生无法再次选修该门课程。学生在选课前须仔细阅读附件1《2024年秋季国际化拔尖创新人才科研训练具体课程清单》，明确自已所要修读的课程归为通选课的哪一个类别。
三、项目课程内容
该项目的每一门课程均由科研基础训练课程和科研实践课程两个阶段组成。
第一阶段：科研基础训练课程
包括专业知识拓展课程，科研策略与论文写作课程两部分。
1.专业知识拓展课程：共有35门课程，以热门交叉学科和前沿学科为主，由教授负责课纲与教学设计，全程采用英文直播授课，并配备助教课程进行深度讲解和答疑，本阶段主要为学生讲授相关理论知识和应用，并在结课时辅导学生产出一篇围绕科研实践的结课报告。每位学生可任选一门课程进行学习。课程难度从3级到5级不等，难度最高5级（建议4级以上慎选）。详见附件1：《2024年秋季国际化拔尖创新人才科研训练具体课程清单》。
课时数:外籍教授授课32课时（必选）+助教辅导22课时（可选课），全程在线直播，安排在周末上课，助教课不计入考勤。
授课时间：2024年10月12日-2025年1月5日
课程介绍：详情点击https://itstp.neoscholar.com/进入中国教育国际交流协会拔尖创新⼈才培养计划的课程介绍页面，查看全部课程介绍、教授介绍、课程大纲、先修要求等。
2.科研策略与论文写作课程：与专业知识拓展课程同步进行，学生可选择性参与，不做考核。
课时数：16课时（可选课）
授课时间：2024年10月12日-2025年1月5日
第二阶段：科研实践课程
适合学生：凡参与第一阶段的优秀学生，均可申请第二阶段课程。
课程模式：线下/线上小班制研讨课，共11周，教授全程指导开题、开题、设计、评审、验证、答辩过程。
课程时间：2025年1月17日-2025年3月30日（亦可参加25年暑期课程，具体时间待定）
四、校内选课时间
2024年9月25日-9月29日，登录本科教学管理系统，依次点击[各类选课]-[校选课]-[开始选课]。
五、上课时间及学习方式
1．在教务系统确认已中选的同学，从10月1日-10月9日可登录NeoSchool教学系统完成注册、关联学号以获得上课权限，平台链接：
https://ke.neoschool.com/student/#/passport/login
2．2024年10月12日-2025年1月5日共13周。每周一次课，多数课程安排在周六或周日上课。本课程以在线直播方式教学，均在授课平台授课和学习，可在线互动，在线作业和考试，在线辅导。平台开通双语字幕翻译功能，并支持视频回放。
课程介绍详情：https://itstp.neoscholar.com/
六、成绩考核与记载
第一阶段考核形式为考勤、作业、期中考试，以及围绕科研实践的结课报告产出的评分。学生完整参与第一阶段课程并成绩合格，由中国教育国际交流研修学院颁发双语结业证书并出具成绩单，学校将依相关规定予以记载，具体成绩记载为《国际化拔尖创新人才科研训练》，**成绩，32学时，2学分。
第一阶段的助教授课、论文写作，以及第二阶段科研实践部分不计入考核。
学生在平台学习成绩不合格或缺考，本校该课程成绩也将如实记录。
七、限选人数
全校限500人修读。
八、选课要求
学生最低英语要求听说读写无障碍，口语流利（建议：英语四级450分、六级通过、托福80分或雅思5.5分）。未进行英语能力测试的同学可咨询项目方联系老师。
九、项目费用
第一阶段：科研基础训练课程
课程免费。
第二阶段：科研实践课程
第二阶段课程内容不属于本门通选课考核范围，属于学生自愿自费选择参加部分。对于通过选拔且有意向参加第二阶段的同学，将由中国教育国际交流协会相关部门另行通知具体费用及相关安排。
十、科研实践的选拔介绍
在本课程学习过程中，表现特别优异的学生将获得教授录用函，与国际知名教授共同完成特定课程的论文研讨与写作。由教授亲自指导科研训练。参加第二阶段科研的录取与注册将在本课程期中期末考试结束后，结合考试成绩和教授评价以及本人意愿决定参加第二阶段科研实践录取名单。
十一、项目宣讲
宣讲时间：2024年9月27日周五19：30-21:00 （腾讯会议扫码入会）
宣讲议程：国际化拔尖创新人才培养计划介绍、世界顶级名校教授公共选修课介绍、现场答疑与互动环节

腾讯会议号：270-745-785

十二、项目咨询
1.学校项目联系人：林老师，电话：83700655/22866907，邮箱：3818093@qq.com。
2.国际化拔尖创新人才培养项目负责老师：徐老师，电话：13661508686，微信号：paiyin001
3.已选课同学请加入下方课程qq群，具体课程安排通知将在群内发布，群号：982554012

 

福州大学教务处
2024年9月23日",1,0017449848580014909706,2024年秋季国际化拔尖创新人才科研训练具体课程清单.xlsx,2372,https://jwch.fzu.edu.cn/system/_content/download.jsp?urltype=news.DownloadAttachUrl&owner=1744984858&wbfileid=14909706,14909706,1744984858
001038013693,https://jwch.fzu.edu.cn/info/1038/13693.htm,关于组织2024级学生参加《大学生国家安全教育》课程学习的通知,【计划科】,2024-09-23,"各学院：
根据《教育部办公厅关于在高等学校开设国家安全教育公共基础课的通知》（教思政厅函〔2024〕14号）和《关于公布《大学生国家安全教育》课程实施方案的通知》（校教〔2024〕39号）文件精神，现将2024级学生参加《大学生国家安全教育》课程学习相关事项通知如下：
一、在2024级全校各专业增设通识教育必须课《大学生国家安全教育》1学分，16学时。从2024年秋季学期起，所有2024级本科学生在校期间必须修读该门课程，并获得1学分。
二、2024级各专业学生，依托超星尔雅慕课平台的《当代大学生国家安全教育》慕课(授课教师为中国人民警察大学，牛继承等)，实施全程线上教学。课程由教务处统一选课。所有选课学生须于2024年9月30日至11月24日登录超星尔雅平台完成规定的线上课时及相关教学要求，并于11月25日-12月1日参加线上考试。
超星尔雅网址：http://fzdx.fanya.chaoxing.com/portal，手机端可下载“学习通”。首次参加超星尔雅平台学习的同学，需要注册并绑定单位（单位UC码1799）及学号才能查看并学习课程，注册及使用方式详见附件使用手册。
附：超星尔雅使用手册（学生版）
三、学生在超星尔雅平台上获得的该门课程总成绩即为课程最终成绩，学期末教务处统一将学生成绩记入学生成绩档案。本课程不安排缓考和补考。若学生课程总成绩不及格可于后续学期继续选择重新修读该门课程，直至通过（此门课学生无需缴交重修费）。
四、按教育部要求，统一使用教育部马工程教材《国家安全教育大学生读本》。
 
福州大学教务处
2024年9月23日",1,0017449848580014909664,超星尔雅使用手册（学生版）.pdf,5217,https://jwch.fzu.edu.cn/system/_content/download.jsp?urltype=news.DownloadAttachUrl&owner=1744984858&wbfileid=14909664,14909664,1744984858
001038013692,https://jwch.fzu.edu.cn/info/1038/13692.htm,关于公布《大学生国家安全教育》课程实施方案的通知,【计划科】,2024-09-23,"校教〔2024〕39号
各学院：
根据《教育部办公厅关于在高等学校开设国家安全教育公共基础课的通知》（教思政厅函〔2024〕14号）文件精神，各高校须从2024秋季学期开始面向大学生开设国家安全教育公共基础课程，1学分,并列入人才培养方案。经与保卫部（人武部）和军事教研室沟通协商，基于我校现有师资力量，我校国家安全教育课程开设方案如下：
一、课程及学分设置
1.从2024级起，全校各专业增设通识教育必修课《大学生国家安全教育》，1学分，16学时，同时各专业毕业要求总学分增加1学分。
二、课程教学模式
1.对于2024级各专业学生，依托超星慕课平台的《当代大学生国家安全教育》慕课，实施全程线上教学模式。教务处于2024年9月统一为学生选课，学生须于2024年秋季学期完成该慕课规定的线上课时及相关教学要求，并参加线上考试。
2.从2025级开始，依托超星慕课平台的《当代大学生国家安全教育》慕课，实施线上线下相结合教学模式，安排在第1或第2学期授课。线下课程2学时的《大学生国家安全教育》课程由军事教研室教师授课，与军事理论课同一班级一起编班排课，并安排在军事理论开课前；线上14学时依托超星慕课平台的《当代大学生国家安全教育》慕课，教务处统一为学生选课。学生须完成该慕课规定的线上课时及相关教学要求，并参加线上考试。
学校后续将根据师资力量适时调整增加线下学时比例，积极探索理论实践有机融合、更加丰富多元化的课程教学模式。
三、成绩记载
1.学生在超星慕课平台上获得的该门课程总成绩即为课程最终成绩，学期末教务处统一将学生成绩记入学生成绩档案。
2.《大学生国家安全教育》课程不安排缓考和补考。若学生课程总成绩不及格可于后续学期继续选择重新修读该门课程，直至通过（此门课学生无需缴交重修费）。
四、教学团队
学校依托保卫部（人武部）军事教研室开展《大学生国家安全教育》教学，并依托保卫部（人武部）筹建学校国家安全教研室。
五、教学研究
学校划拨一定的专项课程建设经费，鼓励军事教研室教师开展课程研究，加强课程教学团队建设，抓紧课程业务培训，吃透课程教材精神，创新课程教学方法，丰富课程教学资源，不断提高国家安全教育教学能力。
六、教材
按教育部要求，统一使用教育部马工程教材《国家安全教育大学生读本》。

福州大学教务处
2024年9月18日",0,,,,,,
001040013689,https://jwch.fzu.edu.cn/info/1040/13689.htm,关于开展思政课教学专项检查的通知,【质量办】,2024-09-20,"各有关学院，有关单位：
根据《教育部办公厅关于开展 2024—2025 学年高校思政课课堂教学提升行动的通知》（教社科厅函 〔2024〕20 号）文件精神，为进一步加强思政课教学管理，提高思政课教师授课教学水平，提升思政课教学质量，经研究决定，2024年秋季学期开展思政课教学专项检查，现将有关事项通知如下：
一、思政课课堂听课
1.时间：9月开始。
2.参与人员：思政课教学指导组
3.工作内容：对本学期每名承担教学任务的思政课教师至少听课1学时。教学指导组应及时总结和反馈听课中发现的问题和建议，通过听课及时提出需重点指导教师名单，由马克思主义学院牵头以集体备课、专题培训、专人辅导、跟班学习等多种方式，“一人一策”提升被指导教师的教学能力。
二、思政课教学资料检查
1.时间：10-11月。
2.参与人员：校院两级督导。
3.工作内容：重点检查上一学期试卷、教学大纲、本学期授课计划，并将发现的问题整理汇总后反馈马克思主义学院，由学院督促开展相关整改工作。
三、思政课师生座谈会
1.时间：10月。
2.参与人员：由马克思主义学院组织，教务处、学生工作部（处）、教学质量监控与评估中心有关负责人、马克思主义学院院领导、校院两级督导、教师代表、学生代表。
3.工作内容：召开思政课任课教师和学生座谈会各1次，收集分析座谈会教师和学生提出的意见和建议。对于座谈会中了解和收集到的相关问题和建议，及时反馈有关部门或学院，由相关部门或学院采取针对性措施加以改进提高。

教学质量监控与评估中心
2024年9月20日",0,,,,,,
001036013688,https://jwch.fzu.edu.cn/info/1036/13688.htm,关于2024-2025学年第一学期2024级体育理论教室安排的通知,【教学运行】,2024-09-20,"请同学们再次教务网确认体育老师，避免跟错班级。带好教材《大学体育》到指定的教室。

任课教师
上课时间地点
人数
年级
备注
理论教室
教室容量
上课时间

陈楠茜
05-20 星期1:3-4节 铜盘教学楼
46
2024

铜盘B105
88
2024年9月23日

官钟威
05-20 星期1:3-4节 铜盘教学楼
39
2024

铜盘B208
120
2024年9月23日

李慧德
05-20 星期1:3-4节 铜盘教学楼
40
2024

铜盘B208
120
2024年9月23日

李粲
05-20 星期1:3-4节 铜盘教学楼
37
2024

铜盘B311
120
2024年9月23日

李雨隆
05-20 星期1:3-4节 铜盘教学楼
46
2024

铜盘B312
120
2024年9月23日

安嘉琦
05-20 星期1:5-6节 铜盘教学楼
42
2024

铜盘A611
132
2024年9月23日

陈楠茜
05-20 星期1:5-6节 铜盘教学楼
40
2024

铜盘A613
132
2024年9月23日

官钟威
05-20 星期1:5-6节 铜盘教学楼
40
2024

铜盘B112
208
2024年9月23日

李慧德
05-20 星期1:5-6节 铜盘教学楼
40
2024

铜盘B112
208
2024年9月23日

高明轩
05-20 星期1:5-6节 铜盘教学楼
43
2024

铜盘B204
88
2024年9月23日

何玮翔
05-20 星期1:5-6节 铜盘教学楼
40
2024

铜盘B314
208
2024年9月23日

李粲
05-20 星期1:5-6节 铜盘教学楼
51
2024

铜盘B314
208
2024年9月23日

胡晟
05-20 星期1:5-6节 铜盘教学楼
41
2024

铜盘B405
97
2024年9月23日

黄丽涵
05-20 星期1:5-6节 铜盘教学楼
56
2024

铜盘B408
93
2024年9月23日

李仕丰
05-20 星期1:5-6节 铜盘教学楼
44
2024

铜盘B505
117
2024年9月23日

李雨隆
05-20 星期1:5-6节 铜盘教学楼
40
2024

铜盘B507
93
2024年9月23日

沈逸萍
05-20 星期1:5-6节 铜盘教学楼
34
2024

铜盘B508
93
2024年9月23日

宋永范
05-20 星期1:5-6节 铜盘教学楼
40
2024

铜盘B605
114
2024年9月23日

安嘉琦
05-20 星期1:7-8节 铜盘教学楼
44
2024

铜盘B204
88
2024年9月23日

高明轩
05-20 星期1:7-8节 铜盘教学楼
46
2024

铜盘B203
88
2024年9月23日

何玮翔
05-20 星期1:7-8节 铜盘教学楼
44
2024

铜盘B112
208
2024年9月23日

李粲
05-20 星期1:7-8节 铜盘教学楼
55
2024

铜盘B112
208
2024年9月23日

胡晟
05-20 星期1:7-8节 铜盘教学楼
44
2024

铜盘B314
208
2024年9月23日

黄丽涵
05-20 星期1:7-8节 铜盘教学楼
55
2024

铜盘B405
97
2024年9月23日

李仕丰
05-20 星期1:7-8节 铜盘教学楼
44
2024

铜盘B408
93
2024年9月23日

沈逸萍
05-20 星期1:7-8节 铜盘教学楼
44
2024

铜盘B505
117
2024年9月23日

宋永范
05-20 星期1:7-8节 铜盘教学楼
44
2024

铜盘B507
93
2024年9月23日

范新垲
05-20 星期2:3-4节 旗山公共教学楼教室
55
2024

旗山西1-103
127
2024年9月24日

黄丽涵
05-20 星期2:3-4节 旗山公共教学楼教室
54
2024

旗山西1-106
126
2024年9月24日

黄文敏
05-20 星期2:3-4节 旗山公共教学楼教室
51
2024

旗山西1-205
126
2024年9月24日

李慧德
05-20 星期2:3-4节 旗山公共教学楼教室
50
2024

旗山西1-503
122
2024年9月24日

林萌
05-20 星期2:3-4节 旗山公共教学楼教室
46
2024

旗山西1-505
126
2024年9月24日

沈逸萍
05-20 星期2:3-4节 旗山公共教学楼教室
52
2024

旗山西3-303
151
2024年9月24日

赵炜锌
05-20 星期2:3-4节 旗山公共教学楼教室
48
2024

旗山西3-401
153
2024年9月24日

陈彤
05-20 星期2:5-6节 铜盘教学楼
51
2024

铜盘A109
120
2024年9月24日

范新垲
05-20 星期2:5-6节 铜盘教学楼
52
2024

铜盘A110
120
2024年9月24日

龚海
05-20 星期2:5-6节 铜盘教学楼
50
2024

铜盘A203
120
2024年9月24日

黄丽涵
05-20 星期2:5-6节 铜盘教学楼
49
2024

铜盘A205
120
2024年9月24日

黄文敏
05-20 星期2:5-6节 铜盘教学楼
55
2024

铜盘A309
110
2024年9月24日

李雨隆
05-20 星期2:5-6节 铜盘教学楼
49
2024

铜盘A406
132
2024年9月24日

刘畅
05-20 星期2:5-6节 铜盘教学楼
50
2024

铜盘A505
132
2024年9月24日

沈逸萍
05-20 星期2:5-6节 铜盘教学楼
50
2024

铜盘A508
120
2024年9月24日

孙克双
05-20 星期2:5-6节 铜盘教学楼
50
2024

铜盘A603
117
2024年9月24日

王朝阳
05-20 星期2:5-6节 铜盘教学楼
47
2024

铜盘A605
132
2024年9月24日

王然科
05-20 星期2:5-6节 铜盘教学楼
49
2024

铜盘A606
96
2024年9月24日

王长琦
05-20 星期2:5-6节 铜盘教学楼
51
2024

铜盘A613
132
2024年9月24日

谢佳辉
05-20 星期2:5-6节 铜盘教学楼
49
2024

铜盘B111
208
2024年9月24日

张翡娟
05-20 星期2:5-6节 铜盘教学楼
51
2024

铜盘B112
208
2024年9月24日

陈彤
05-20 星期2:7-8节 铜盘教学楼
44
2024

铜盘A109
120
2024年9月24日

范新垲
05-20 星期2:7-8节 铜盘教学楼
50
2024

铜盘A110
120
2024年9月24日

龚海
05-20 星期2:7-8节 铜盘教学楼
53
2024

铜盘A203
120
2024年9月24日

黄丽涵
05-20 星期2:7-8节 铜盘教学楼
43
2024

铜盘A205
120
2024年9月24日

黄文敏
05-20 星期2:7-8节 铜盘教学楼
50
2024

铜盘A309
110
2024年9月24日

李雨隆
05-20 星期2:7-8节 铜盘教学楼
41
2024

铜盘A406
132
2024年9月24日

刘畅
05-20 星期2:7-8节 铜盘教学楼
53
2024

铜盘A505
132
2024年9月24日

沈逸萍
05-20 星期2:7-8节 铜盘教学楼
43
2024

铜盘A508
120
2024年9月24日

孙克双
05-20 星期2:7-8节 铜盘教学楼
48
2024

铜盘A603
117
2024年9月24日

王朝阳
05-20 星期2:7-8节 铜盘教学楼
51
2024

铜盘A605
132
2024年9月24日

王然科
05-20 星期2:7-8节 铜盘教学楼
48
2024

铜盘A606
96
2024年9月24日

王长琦
05-20 星期2:7-8节 铜盘教学楼
48
2024

铜盘A613
132
2024年9月24日

谢佳辉
05-20 星期2:7-8节 铜盘教学楼
43
2024

铜盘B111
208
2024年9月24日

张翡娟
05-20 星期2:7-8节 铜盘教学楼
41
2024

铜盘B112
208
2024年9月24日

安嘉琦
05-20 星期3:3-4节 铜盘教学楼
53
2024

铜盘A312
120
2024年9月25日

卞兰
05-20 星期3:3-4节 铜盘教学楼
54
2024

铜盘A409
120
2024年9月25日

黄文敏
05-20 星期3:3-4节 铜盘教学楼
54
2024

铜盘A410
120
2024年9月25日

李慧德
05-20 星期3:3-4节 铜盘教学楼
54
2024

铜盘A502
117
2024年9月25日

王朝阳
05-20 星期3:3-4节 铜盘教学楼
54
2024

铜盘A503
117
2024年9月25日

安嘉琦
05-20 星期3:5-6节 铜盘教学楼
55
2024

铜盘A407
132
2024年9月25日

卞兰
05-20 星期3:5-6节 铜盘教学楼
52
2024

铜盘A410
120
2024年9月25日

龚海
05-20 星期3:5-6节 铜盘教学楼
57
2024

铜盘A502
117
2024年9月25日

何瑜
05-20 星期3:5-6节 铜盘教学楼
57
2024

铜盘A503
117
2024年9月25日

黄丽涵
05-20 星期3:5-6节 铜盘教学楼
57
2024

铜盘A505
132
2024年9月25日

黄文敏
05-20 星期3:5-6节 铜盘教学楼
58
2024

铜盘A601
117
2024年9月25日

李慧德
05-20 星期3:5-6节 铜盘教学楼
57
2024

铜盘A603
117
2024年9月25日

王朝阳
05-20 星期3:5-6节 铜盘教学楼
57
2024

铜盘A605
132
2024年9月25日

吴杰忠
05-20 星期3:5-6节 铜盘教学楼
57
2024

铜盘A606
96
2024年9月25日

张玲
05-20 星期3:5-6节 铜盘教学楼
57
2024

铜盘A607
97
2024年9月25日

安嘉琦
05-20 星期3:7-8节 铜盘教学楼
50
2024

铜盘A407
132
2024年9月25日

卞兰
05-20 星期3:7-8节 铜盘教学楼
45
2024

铜盘A410
120
2024年9月25日

龚海
05-20 星期3:7-8节 铜盘教学楼
46
2024

铜盘A502
117
2024年9月25日

何瑜
05-20 星期3:7-8节 铜盘教学楼
54
2024

铜盘A503
117
2024年9月25日

黄丽涵
05-20 星期3:7-8节 铜盘教学楼
54
2024

铜盘A505
132
2024年9月25日

黄文敏
05-20 星期3:7-8节 铜盘教学楼
52
2024

铜盘A601
117
2024年9月25日

王朝阳
05-20 星期3:7-8节 铜盘教学楼
50
2024

铜盘A603
117
2024年9月25日

吴杰忠
05-20 星期3:7-8节 铜盘教学楼
50
2024

铜盘A605
132
2024年9月25日

张玲
05-20 星期3:7-8节 铜盘教学楼
48
2024

铜盘A606
96
2024年9月25日

林萌
05-20 星期4:1-2节 铜盘教学楼
58
2024

铜盘A202
120
2024年9月26日

王朝阳
05-20 星期4:1-2节 铜盘教学楼
52
2024

铜盘A407
132
2024年9月26日

吴能威
05-20 星期4:1-2节 铜盘教学楼
52
2024

铜盘A502
117
2024年9月26日

卞兰
05-20 星期4:3-4节 铜盘教学楼
58
2024

铜盘A202
120
2024年9月26日

林萌
05-20 星期4:3-4节 铜盘教学楼
58
2024

铜盘A407
132
2024年9月26日

刘畅
05-20 星期4:3-4节 铜盘教学楼
57
2024

铜盘A502
117
2024年9月26日

王朝阳
05-20 星期4:3-4节 铜盘教学楼
58
2024

铜盘A505
132
2024年9月26日

吴能威
05-20 星期4:3-4节 铜盘教学楼
59
2024

铜盘A601
117
2024年9月26日

林松
05-20 星期5:1-2节 铜盘教学楼
32
2024

铜盘A410
120
2024年9月27日

章颖
05-20 星期5:1-2节 铜盘教学楼
70
2024

铜盘A506
96
2024年9月27日

赵炜锌
05-20 星期5:1-2节 铜盘教学楼
54
2024

铜盘A601
117
2024年9月27日

黄衍存
05-20 星期5:3-4节 铜盘教学楼
45
2024

铜盘A410
120
2024年9月27日

李慧德
05-20 星期5:3-4节 铜盘教学楼
46
2024

铜盘A506
96
2024年9月27日

林松
05-20 星期5:3-4节 铜盘教学楼
47
2024

铜盘A601
117
2024年9月27日

章颖
05-20 星期5:3-4节 铜盘教学楼
44
2024

铜盘A603
117
2024年9月27日

赵炜锌
05-20 星期5:3-4节 铜盘教学楼
40
2024

铜盘B505
117
2024年9月27日

黄巧奇
05-20 星期5:5-6节 铜盘教学楼
51
2024

铜盘A410
120
2024年9月27日

黄衍存
05-20 星期5:5-6节 铜盘教学楼
51
2024

铜盘A506
96
2024年9月27日

李慧德
05-20 星期5:5-6节 铜盘教学楼
43
2024

铜盘A601
117
2024年9月27日

林松
05-20 星期5:5-6节 铜盘教学楼
52
2024

铜盘A603
117
2024年9月27日

章颖
05-20 星期5:5-6节 铜盘教学楼
51
2024

铜盘B505
117
2024年9月27日

赵炜锌
05-20 星期5:5-6节 铜盘教学楼
52
2024

铜盘B605
114
2024年9月27日

黄巧奇
05-20 星期5:7-8节 铜盘教学楼
45
2024

铜盘A410
120
2024年9月27日

林松
05-20 星期5:7-8节 铜盘教学楼
21
2024

铜盘A506
96
2024年9月27日

章颖
05-20 星期5:7-8节 铜盘教学楼
72
2024

铜盘A601
117
2024年9月27日

赵炜锌
05-20 星期5:7-8节 铜盘教学楼
46
2024

铜盘A603
117
2024年9月27日",0,,,,,,
001040013687,https://jwch.fzu.edu.cn/info/1040/13687.htm,福州大学关于成立思政课教学指导组的通知,【质量办】,2024-09-20,"福大教评〔2024〕1号

各学院，机关各部门，各单位：
根据《教育部办公厅关于开展2024-2025学年高校思政课课堂教学提升行动的通知》（教社科厅函﹝2024﹞20号），为发挥教学监测机制作用，进一步加强我校思想政治理论课建设，不断提升思政课教学质量和效果，经研究，决定成立福州大学思政课教学指导组。现将有关事项通知如下：
一、组成人员
组  长：陈国龙  党委书记
            吴明红  党委副书记、校长
副组长：黄身勇  党委常委、副书记
            郭文忠  党委常委、副校长
            卢孝强  副校长

成  员：黄发友  马克思主义学院党委书记
            詹志华  马克思主义学院院长
            刘有升  马克思主义学院副院长
            戴力芬  校本科教学督导组成员
            郑珍远  马克思主义学院本科教学督导组组长
            吕景芳  马克思主义学院本科教学督导组成员
            周春秀  马克思主义学院本科教学督导组成员
思政课教学指导组下设办公室，挂靠教学质量监控与评估中心，办公室主任由教学质量监控与评估中心主任钟春玲担任，副主任由马克思主义学院副院长刘有升兼任。  
二、主要职责
1.深入思政课教学一线听课评课，考察任课教师授课质量，了解学生思政课程学习状态。按照教育部统一制发的听课评价表，每学期对每名承担教学任务的思政课教师至少听课1学时，确保思政课教师听课全覆盖。
2.每学期根据听课调研情况，确定需重点指导教师名单，同时发挥组织优势，通过集体备课、专题培训、专人辅导、跟班学习等多种方式，“一人一策”提升被指导教师的教学能力，不断提高思政课整体教学质量。对于听课过程中发现的其他问题，及时反馈有关部门或学院，由相关部门或学院采取针对性措施加以改进提高。

福  州  大  学

  2024年9月19日",0,,,,,,
001036013686,https://jwch.fzu.edu.cn/info/1036/13686.htm,关于做好2024-2025学年第二学期排课准备工作的通知,【教学运行】,2024-09-19,"各学院:       我校2024-2025学年第二学期排课工作即将开始，请各学院做好排课准备工作。请认真核对各年级、各专业的教学计划，落实开课安排，并于10月8日前在本科教学管理系统中开出2024-2025学年第二学期开课通知单，以保证第一阶段公共课课程安排的顺利进行。

注册中心
2024.9.19",0,,,,,,
001040013683,https://jwch.fzu.edu.cn/info/1040/13683.htm,关于举办福州大学第五十四场“教学有道”研讨活动的通知,【质量办】,2024-09-14,"各学院、有关单位：
为推动智慧课程建设，帮助广大教师了解人工智能技术在专业教学中的应用，提升人才培养质量。经研究，学校决定举办第五十四场“教学有道”专题研讨活动，具体安排如下：
一、研讨主题
新形态专业体系建设与智慧课程建设及教学应用
二、研讨时间
2024年9月19日（周四）15:00
三、主讲人
莫瑶南，智慧树网AI知识图谱事业部资深产品经理
四、研讨地点
材料实验楼404会议室
五、承办单位
材料科学与工程学院
六、参会人员
1、材料科学与工程学院教师；
2、全校其他感兴趣的教师。

主讲人简介：
莫瑶南，智慧树网AI知识图谱事业部资深产品经理。具有12年教育互联网产品研发经验，历任一线互联网教育公司产品经理，代表公司申请国内技术专利2项，软著数十篇，现为智慧树网新产品研发核心骨干。
主要研究方向：产品策划、大数据分析、用户行为分析、产品运营工具、用户体验与交互。

福州大学教务处
2024年9月14日",0,,,,,,
001040013682,https://jwch.fzu.edu.cn/info/1040/13682.htm,关于每学期开展常态化课程考核教学档案检查的通知,【质量办】,2024-09-14,"各学院，相关教学单位：
    为进一步加强我校教学质量监控，规范课程考核教学档案管理，促进课程考核管理科学化与规范化，经研究决定从本学期起开展常态化课程考核教学档案检查工作，现将有关事项通知如下：
    1.校督导员每学期对所督导学院（教学单位）的试卷等课程考核教学档案进行常态化检查，每位督导员随机抽查至少10门课程试卷等考核档案。本学期检查上一学期即2024年春季学期课程试卷等考核档案。
    2.试卷检查内容包括课程考核规范性、课程考核合理性以及课程考核达成度三个方面，检查评价要点见附件1，具体评价要求详见《福州大学课程考核管理办法》（福大教〔2019〕37号）文件。
3.校督导员提前与被检查学院（教学单位）对接人员联系，沟通协调确定检查时间，学院（教学单位）应积极配合校督导员检查工作，准备好备查资料，并为检查工作提供必要的支持和保障。
4.校督导员填写《福州大学本科课程考核教学档案检查评价与整改情况反馈表》（附件2），并将附件2于检查结束后10个工作日内反馈被检查学院；对于校督导综合评价为“需整改”的课程，学院须在附件2上填写整改举措和完成时间，并经分管本科教学院长（领导）签字盖章后于10个工作日将电子档和纸质档一起反馈校督导员，对于整改不到位的课程，校督导员可以退回学院并要求重新整改后再反馈校督导员。

附件1：福州大学本科课程考核教学档案检查要点
附件2：福州大学本科课程考核教学档案检查评价与整改情况反馈表

教学质量监控与评估中心
                                2024年9月14日",2,0017449848580014908056,附件1：福州大学本科课程考核教学档案检查要点.docx,864,https://jwch.fzu.edu.cn/system/_content/download.jsp?urltype=news.DownloadAttachUrl&owner=1744984858&wbfileid=14908056,14908056,1744984858
001040013682,https://jwch.fzu.edu.cn/info/1040/13682.htm,关于每学期开展常态化课程考核教学档案检查的通知,【质量办】,2024-09-14,"各学院，相关教学单位：
    为进一步加强我校教学质量监控，规范课程考核教学档案管理，促进课程考核管理科学化与规范化，经研究决定从本学期起开展常态化课程考核教学档案检查工作，现将有关事项通知如下：
    1.校督导员每学期对所督导学院（教学单位）的试卷等课程考核教学档案进行常态化检查，每位督导员随机抽查至少10门课程试卷等考核档案。本学期检查上一学期即2024年春季学期课程试卷等考核档案。
    2.试卷检查内容包括课程考核规范性、课程考核合理性以及课程考核达成度三个方面，检查评价要点见附件1，具体评价要求详见《福州大学课程考核管理办法》（福大教〔2019〕37号）文件。
3.校督导员提前与被检查学院（教学单位）对接人员联系，沟通协调确定检查时间，学院（教学单位）应积极配合校督导员检查工作，准备好备查资料，并为检查工作提供必要的支持和保障。
4.校督导员填写《福州大学本科课程考核教学档案检查评价与整改情况反馈表》（附件2），并将附件2于检查结束后10个工作日内反馈被检查学院；对于校督导综合评价为“需整改”的课程，学院须在附件2上填写整改举措和完成时间，并经分管本科教学院长（领导）签字盖章后于10个工作日将电子档和纸质档一起反馈校督导员，对于整改不到位的课程，校督导员可以退回学院并要求重新整改后再反馈校督导员。

附件1：福州大学本科课程考核教学档案检查要点
附件2：福州大学本科课程考核教学档案检查评价与整改情况反馈表

教学质量监控与评估中心
                                2024年9月14日",2,0017449848580014908057,附件2：福州大学本科课程考核教学档案检查评价与整改情况反馈表.docx,699,https://jwch.fzu.edu.cn/system/_content/download.jsp?urltype=news.DownloadAttachUrl&owner=1744984858&wbfileid=14908057,14908057,1744984858
001038013681,https://jwch.fzu.edu.cn/info/1038/13681.htm,关于2024-2025学年第一学期爱课程平台参加通识教育选修课学习的重要提示,【计划科】,2024-09-13,"各位同学：
   根据《个人信息保护法》的要求，爱课程平台对参加MOOC平台学习的学生个人信息进行脱敏处理，只在MOOC平台参加学习，课程学习结束后将无法导出成绩，教务处系统也将无法获得相应学分！必须要加入该门课程的慕课堂参加学习（系统会自动同步MOOC平台的学习进度和数据），成绩才可以正常显示。
我校在2024-2025学年第一学期选用爱课程平台6门课程作为校内通识教育选修课，请本学期选修这些课程的同学务必尽快使用下表中的二维码加入相应课程的慕课堂参加学习。
具体操作步骤如下：
1、打开中国大学mooc app或者微信扫一扫
2、使用登录中国大学慕课网的账号登录
3、填写完善“学校”“学号”“姓名”等信息
如有疑问，请咨询教务处计划科：
林老师  0591-22866907/83700655。

序号
课程名称
慕课堂二维码

1
爱课程：网络空间安全概论
 

2
爱课程：财务报表编制
 

3
爱课程：市场营销学
 

4
爱课程：陶瓷工艺学
 

5
爱课程：美化嗓音 轻松讲课
 

6
爱课程：管理沟通
课程第19次开课预计于9月底开始，慕课堂码将于开课后公布

教务处
2024年9月13日",0,,,,,,
001042013680,https://jwch.fzu.edu.cn/content.jsp?urltype=news.NewsContentUrl&wbtreeid=1042&wbnewsid=13680,关于申请试用高等教育出版社“云创”数字教材创作编写平台的通知,【教材中心】,2024-09-13,"各学院，相关教学单位：
为深入贯彻党的二十大精神，落实国家教育数字化战略行动，推进教育数字化转型，高等教育出版社基于互联网思维，建成了数字教材创作、审核、发布、应用完整闭环的数字教材生态体系。通过“云创”数字教材创作平台、“数字教材云平台”展示服务平台，多种应用模式和全方位的服务，构建以数字教材为核心的新型优质内容资源体系，为学校、教师及学生提供智能化、专业化的教育服务。
现高教社“云创”数字教材创作编写平台向我校教师开放试用，试用期限、范围及有关注意事项说明如下：
一、“云创”数字教材创作编写平台访问地址：https://editor.hep.com.cn；
二、试用期限：一年（2024年9月12日-2025年9月11日）。
三、试用范围与限制
1.平台试用范围指:平台提供的所有功能，试用方有权在试用期间访问和免费使用平台，但仅限于内部评估、测试目的及业务需求确认等；
2.试用期限终止后，提供方有权停止对试用方提供服务，并释放试用方在平台试用期间所使用的存储空间，包括但不限于删除试用方上传的数据和材料等，并有权不再继续保留试用方的业务数据，业务数据一经删除，即不可恢复；
3.试用方在平台中的试用空间不超过1000GB。
试用过程中，如有技术方面的疑问请联系：01058582316。
请有意向依托“云创”平台试着开展数字教材建设的教师，通过腾讯文档扫码填报用户信息，教务处将统一申请开通试用权限。试用权限开通后，具体操作可参考附件2和附件3。
联系人：苏淑珍    电话：22866893

附件1：数字平台介绍；
附件2：校级管理员+申请创建数字教材流程；
附件3：高教社云创使用手册。

                                                  教务处
                                  2024年9月13日",3,0017449848580014907708,数字平台介绍-7.pdf,374,https://jwch.fzu.edu.cn/system/_content/download.jsp?urltype=news.DownloadAttachUrl&owner=1744984858&wbfileid=14907708,14907708,1744984858
001042013680,https://jwch.fzu.edu.cn/content.jsp?urltype=news.NewsContentUrl&wbtreeid=1042&wbnewsid=13680,关于申请试用高等教育出版社“云创”数字教材创作编写平台的通知,【教材中心】,2024-09-13,"各学院，相关教学单位：
为深入贯彻党的二十大精神，落实国家教育数字化战略行动，推进教育数字化转型，高等教育出版社基于互联网思维，建成了数字教材创作、审核、发布、应用完整闭环的数字教材生态体系。通过“云创”数字教材创作平台、“数字教材云平台”展示服务平台，多种应用模式和全方位的服务，构建以数字教材为核心的新型优质内容资源体系，为学校、教师及学生提供智能化、专业化的教育服务。
现高教社“云创”数字教材创作编写平台向我校教师开放试用，试用期限、范围及有关注意事项说明如下：
一、“云创”数字教材创作编写平台访问地址：https://editor.hep.com.cn；
二、试用期限：一年（2024年9月12日-2025年9月11日）。
三、试用范围与限制
1.平台试用范围指:平台提供的所有功能，试用方有权在试用期间访问和免费使用平台，但仅限于内部评估、测试目的及业务需求确认等；
2.试用期限终止后，提供方有权停止对试用方提供服务，并释放试用方在平台试用期间所使用的存储空间，包括但不限于删除试用方上传的数据和材料等，并有权不再继续保留试用方的业务数据，业务数据一经删除，即不可恢复；
3.试用方在平台中的试用空间不超过1000GB。
试用过程中，如有技术方面的疑问请联系：01058582316。
请有意向依托“云创”平台试着开展数字教材建设的教师，通过腾讯文档扫码填报用户信息，教务处将统一申请开通试用权限。试用权限开通后，具体操作可参考附件2和附件3。
联系人：苏淑珍    电话：22866893

附件1：数字平台介绍；
附件2：校级管理员+申请创建数字教材流程；
附件3：高教社云创使用手册。

                                                  教务处
                                  2024年9月13日",3,0017449848580014907710,校级管理员+申请创建数字教材流程（新版0612）.pdf,69,https://jwch.fzu.edu.cn/system/_content/download.jsp?urltype=news.DownloadAttachUrl&owner=1744984858&wbfileid=14907710,14907710,1744984858
001042013680,https://jwch.fzu.edu.cn/content.jsp?urltype=news.NewsContentUrl&wbtreeid=1042&wbnewsid=13680,关于申请试用高等教育出版社“云创”数字教材创作编写平台的通知,【教材中心】,2024-09-13,"各学院，相关教学单位：
为深入贯彻党的二十大精神，落实国家教育数字化战略行动，推进教育数字化转型，高等教育出版社基于互联网思维，建成了数字教材创作、审核、发布、应用完整闭环的数字教材生态体系。通过“云创”数字教材创作平台、“数字教材云平台”展示服务平台，多种应用模式和全方位的服务，构建以数字教材为核心的新型优质内容资源体系，为学校、教师及学生提供智能化、专业化的教育服务。
现高教社“云创”数字教材创作编写平台向我校教师开放试用，试用期限、范围及有关注意事项说明如下：
一、“云创”数字教材创作编写平台访问地址：https://editor.hep.com.cn；
二、试用期限：一年（2024年9月12日-2025年9月11日）。
三、试用范围与限制
1.平台试用范围指:平台提供的所有功能，试用方有权在试用期间访问和免费使用平台，但仅限于内部评估、测试目的及业务需求确认等；
2.试用期限终止后，提供方有权停止对试用方提供服务，并释放试用方在平台试用期间所使用的存储空间，包括但不限于删除试用方上传的数据和材料等，并有权不再继续保留试用方的业务数据，业务数据一经删除，即不可恢复；
3.试用方在平台中的试用空间不超过1000GB。
试用过程中，如有技术方面的疑问请联系：01058582316。
请有意向依托“云创”平台试着开展数字教材建设的教师，通过腾讯文档扫码填报用户信息，教务处将统一申请开通试用权限。试用权限开通后，具体操作可参考附件2和附件3。
联系人：苏淑珍    电话：22866893

附件1：数字平台介绍；
附件2：校级管理员+申请创建数字教材流程；
附件3：高教社云创使用手册。

                                                  教务处
                                  2024年9月13日",3,0017449848580014907709,高教社云创使用手册.pdf,955,https://jwch.fzu.edu.cn/system/_content/download.jsp?urltype=news.DownloadAttachUrl&owner=1744984858&wbfileid=14907709,14907709,1744984858
001039013677,https://jwch.fzu.edu.cn/info/1039/13677.htm,关于公布第二十八、二十九期本科生科研训练计划项目结题成绩的通知,【实践科】,2024-09-11,"校教〔2024〕37号

各学院：
根据《福州大学本科生科研训练计划（SRTP）项目管理实施办法》，学院组织专家对第二十八期和第二十九期本科生科研训练计划申请结题项目进行了评审。经学校审批，现将项目结题评审成绩予以公布。
附件1：福州大学第二十八期本科生科研训练计划项目结题成绩汇总表
附件2：福州大学第二十九期本科生科研训练计划项目结题成绩汇总表

                         福州大学教务处
                          2024年9月11日",2,0017449848580014907355,附件2：福州大学第二十九期本科生科研训练计划项目结题成绩汇总表.doc,3969,https://jwch.fzu.edu.cn/system/_content/download.jsp?urltype=news.DownloadAttachUrl&owner=1744984858&wbfileid=14907355,14907355,1744984858
001039013677,https://jwch.fzu.edu.cn/info/1039/13677.htm,关于公布第二十八、二十九期本科生科研训练计划项目结题成绩的通知,【实践科】,2024-09-11,"校教〔2024〕37号

各学院：
根据《福州大学本科生科研训练计划（SRTP）项目管理实施办法》，学院组织专家对第二十八期和第二十九期本科生科研训练计划申请结题项目进行了评审。经学校审批，现将项目结题评审成绩予以公布。
附件1：福州大学第二十八期本科生科研训练计划项目结题成绩汇总表
附件2：福州大学第二十九期本科生科研训练计划项目结题成绩汇总表

                         福州大学教务处
                          2024年9月11日",2,0017449848580014907034,附件1：福州大学第二十八期本科生科研训练计划项目结题成绩汇总表.xls,2102,https://jwch.fzu.edu.cn/system/_content/download.jsp?urltype=news.DownloadAttachUrl&owner=1744984858&wbfileid=14907034,14907034,1744984858
001039013676,https://jwch.fzu.edu.cn/info/1039/13676.htm,关于公布省级以上大学生创新创业训练计划项目结题成绩的通知,【实践科】,2024-09-11,"校教〔2024〕36号
各学院：
根据《福州大学大学生创新创业训练计划项目管理实施办法》，学校组织专家对2022年度、2023年度立项的国家级和省级大学生创新创业训练计划项目进行结题评审。经审批，现将项目结题成绩予以公布。
附件1：福州大学2022年国家、省级大学生创新创业训练计划项目结题成绩汇总表
附件2：福州大学2023年国家、省级大学生创新创业训练计划项目结题成绩汇总表

                                      福州大学教务处
          2024年9月11日",2,0017449848580014907032,附件1：福州大学2022年国家、省级大学生创新创业训练计划项目结题成绩汇总表.xls,1491,https://jwch.fzu.edu.cn/system/_content/download.jsp?urltype=news.DownloadAttachUrl&owner=1744984858&wbfileid=14907032,14907032,1744984858
001039013676,https://jwch.fzu.edu.cn/info/1039/13676.htm,关于公布省级以上大学生创新创业训练计划项目结题成绩的通知,【实践科】,2024-09-11,"校教〔2024〕36号
各学院：
根据《福州大学大学生创新创业训练计划项目管理实施办法》，学校组织专家对2022年度、2023年度立项的国家级和省级大学生创新创业训练计划项目进行结题评审。经审批，现将项目结题成绩予以公布。
附件1：福州大学2022年国家、省级大学生创新创业训练计划项目结题成绩汇总表
附件2：福州大学2023年国家、省级大学生创新创业训练计划项目结题成绩汇总表

                                      福州大学教务处
          2024年9月11日",2,0017449848580014907033,附件2：福州大学2023年国家、省级大学生创新创业训练计划项目结题成绩汇总表.doc,2409,https://jwch.fzu.edu.cn/system/_content/download.jsp?urltype=news.DownloadAttachUrl&owner=1744984858&wbfileid=14907033,14907033,1744984858
001036013675,https://jwch.fzu.edu.cn/info/1036/13675.htm,关于2024年中秋节放假课程调整的通知,【教学运行】,2024-09-11,"各学院、教学单位：
根据党政办有关2024年中秋节放假通知的精神，现将中秋节放假期间的教学安排调整如下：
1、9月15日（星期日）至17日（星期二）全校本科生课程（含通识教育选修课）停课，共3天。
2、9月14日（星期六）补上9月16日（星期一）的课，原9月14日的课程停课。
3、因停课受影响的教学内容，请任课老师自行调整或安排另外时间补课。

请各学院、教学单位及时通知相关的学生和老师。

教务处
2024.9.11",0,,,,,,
001036013671,https://jwch.fzu.edu.cn/info/1036/13671.htm,关于2024-2025学年第一学期重新学习选课、缴费的通知,【教学运行】,2024-09-09,"置顶提醒：
1、因未按规定时间进行选课、缴费，或因免听理由不充分，造成重修选课失效的，相应后果由学生个人承担。
2、有开设独立重修班的，原则上应选择独立重修班学习，特殊情况下需要跟班重修则不接受申请免听。
3、为保证教学质量，教务处将对免听和考勤情况进行抽查。凡发现有免听理由不充分，或无理由不参与课程考勤的，教务系统将按学生手册规定，取消该门课程考试资格。

一、本学期重修报名采用网上报名形式，凡要参加重修的学生请在9月10日至10月8日24:00前登录教务处系统（http://jwch.fzu.edu.cn），进行网上报名。
所有重修课程必须自行登录教务处网站，按所修学分主动缴费。未按时缴费的，重修选课无效。

二、学生上网报名时，请对照本学期自己正在修读的课表慎重选择重新学习课程，修读理论课程学分（含重新学习）合计不宜超过30学分；若发现选择的重修课程学分有误，或重修课程无法显示，请及时向所在学院教学办核实反馈。

三、若重修课程与其他课程的上课时间不可避免地发生冲突，学生可申请重修课程的免听，思政、体育、德育、军事理论、实践类课程，以及毕业环节课程一般不接受免听，具体流程如下：
1、学生申请：在教务处“本科教学系统”中的重修选课界面，学生对申请免听的重修课程对应的下拉框中选择免听，提出免听申请。
2、教师审核：学生系统提交重修免听申请后，应及时与任课老师联系，如实说明免听申请的具体原因，并按照任课老师的要求提供相应材料。任课教师根据课程的具体教学要求对学生的免听申请进行审核。
3、免听缴费：任课老师审核通过后，重修免听课程计入重修学分缴费。学生应及时关注课程的审核状态，按时缴费。

注册中心
2024.9.9",0,,,,,,
001035013666,https://jwch.fzu.edu.cn/content.jsp?urltype=news.NewsContentUrl&wbtreeid=1035&wbnewsid=13666,关于召开2024-2025学年秋季学期期初本科教育教学工作会议的通知,【综合科】,2024-09-06,"各学院及相关教学单位：
兹定于2024年9月10日上午10:30在旗山校区行政南楼123会议室召开全校期初本科教育教学工作会议。请各学院及相关教学单位分管教学院长、教学办主任、教学干事、校教学督导组负责人届时参加，各学院教学干事负责通知本学院参会人员，并在9月9日下午5:00前填写《福州大学2024-2025学年秋季学期期初本科教育教学工作会议参会情况表》【腾讯文档】https://docs.qq.com/sheet/DSEJubGxRQW5hbERS，联系人：王老师，联系电话：22866855。

福州大学教务处
2024年9月6日",0,,,,,,
001036013665,https://jwch.fzu.edu.cn/info/1036/13665.htm,关于2024-2025-01体育理论教室安排（2023级）的通知,【教学运行】,2024-09-06,"2024-2025-01体育理论教室安排表--2023级（二年级体育三）请同学们带体育理论教材，到指定教室上课。

任课教师
上课时间地点
人数
年级
备注
理论教室
教室容量
上课时间

何玮翔
01-16 星期1:3-4节
55
2023
篮球
旗山西3-203
151
2024年9月9日

何瑜
01-16 星期1:3-4节
51
2023
体能塑身
旗山西3-304
151
2024年9月9日

张翡娟
01-16 星期1:3-4节
44
2023
广场舞
旗山西3-404
151
2024年9月9日

张玲
01-16 星期1:3-4节
51
2023
健美操
旗山西3-104
153
2024年9月9日

何瑜
01-16 星期1:5-6节
48
2023
体能塑身
旗山西3-302
151
2024年9月9日

林萌
01-16 星期1:5-6节
48
2023
足球
旗山西3-401
153
2024年9月9日

王长琦
01-16 星期1:5-6节
48
2023
篮球
旗山西3-402
151
2024年9月9日

吴杰忠
01-16 星期1:5-6节
48
2023
龙舟
旗山西3-403
151
2024年9月9日

谢佳辉
01-16 星期1:5-6节
48
2023
舞龙舞狮
旗山西3-404
151
2024年9月9日

张翡娟
01-16 星期1:5-6节
48
2023
广场舞
旗山西3-503
151
2024年9月9日

张玲
01-16 星期1:5-6节
44
2023
健美操
旗山西3-204
151
2024年9月9日

林松
01-16 星期1:7-8节
49
2023
排球
旗山西3-302
151
2024年9月9日

王长琦
01-16 星期1:7-8节
49
2023
篮球
旗山西3-401
153
2024年9月9日

吴杰忠
01-16 星期1:7-8节
49
2023
飞盘
旗山西3-402
151
2024年9月9日

谢佳辉
01-16 星期1:7-8节
41
2023
舞龙舞狮
旗山西3-403
151
2024年9月9日

张玲
01-16 星期1:7-8节
48
2023
健美操
旗山西3-204
151
2024年9月9日

卞兰
01-16 星期2:3-4节
50
2023
篮球
旗山西1-106
126
2024年9月10日

陈楠茜
01-16 星期2:3-4节
50
2023
羽毛球
旗山西1-201
153
2024年9月10日

陈彤
01-16 星期2:3-4节
50
2023
乒乓球
旗山西1-205
126
2024年9月10日

高明轩
01-16 星期2:3-4节
50
2023
足球
旗山西1-406
136
2024年9月10日

官钟威
01-16 星期2:3-4节
50
2023
网球
旗山西1-503
122
2024年9月10日

何玮翔
01-16 星期2:3-4节
50
2023
篮球
旗山西1-505
126
2024年9月10日

何瑜
01-16 星期2:3-4节
50
2023
体能塑身
旗山西1-506
135
2024年9月10日

黄巧奇
01-16 星期2:3-4节
40
2023
武术
旗山西2-404
88
2024年9月10日

黄衍存
01-16 星期2:3-4节
35
2023
跳绳
旗山西2-502
40
2024年9月10日

李粲
01-16 星期2:3-4节
39
2023
健美操
旗山西2-503
44
2024年9月10日

李仕丰
01-16 星期2:3-4节
46
2023
保健班二
风雨操场三楼

2024年9月10日

李雨隆
01-16 星期2:3-4节
50
2023
乒乓球
旗山西3-303
151
2024年9月10日

吴杰忠
01-16 星期2:3-4节
50
2023
桨板
旗山西3-401
153
2024年9月10日

吴能威
01-16 星期2:3-4节
50
2023
匹克球
旗山西3-402
151
2024年9月10日

谢佳辉
01-16 星期2:3-4节
50
2023
武术
旗山西3-404
151
2024年9月10日

卞兰
01-16 星期2:5-6节
43
2023
篮球
旗山西1-204
40
2024年9月10日

陈楠茜
01-16 星期2:5-6节
48
2023
羽毛球
旗山西1-302
122
2024年9月10日

高明轩
01-16 星期2:5-6节
33
2023
足球
旗山西1-306
119
2024年9月10日

官钟威
01-16 星期2:5-6节
48
2023
网球
旗山西1-402
126
2024年9月10日

何玮翔
01-16 星期2:5-6节
47
2023
篮球
旗山西1-406
136
2024年9月10日

何瑜
01-16 星期2:5-6节
48
2023
体能塑身
旗山西1-501
153
2024年9月10日

胡晟
01-16 星期2:5-6节
48
2023
乒乓球
旗山西1-502
125
2024年9月10日

黄巧奇
01-16 星期2:5-6节
25
2023
武术
旗山西1-505
126
2024年9月10日

黄衍存
01-16 星期2:5-6节
41
2023
跳绳
旗山西1-506
135
2024年9月10日

李粲
01-16 星期2:5-6节
47
2023
广场舞
旗山西2-302
44
2024年9月10日

李仕丰
01-16 星期2:5-6节
47
2023
桥牌
旗山西2-401
154
2024年9月10日

宋永范
01-16 星期2:5-6节
47
2023
高尔夫
旗山西2-501
155
2024年9月10日

吴杰忠
01-16 星期2:5-6节
48
2023
龙舟
旗山西2-504
88
2024年9月10日

张玲
01-16 星期2:5-6节
48
2023
健美操
旗山西1-106
126
2024年9月10日

赵炜锌
01-16 星期2:5-6节
48
2023
网球
旗山西3-402
151
2024年9月10日

卞兰
01-16 星期2:7-8节
49
2023
篮球
旗山西1-204
40
2024年9月10日

陈楠茜
01-16 星期2:7-8节
49
2023
羽毛球
旗山西1-302
122
2024年9月10日

高明轩
01-16 星期2:7-8节
44
2023
足球
旗山西1-306
119
2024年9月10日

何玮翔
01-16 星期2:7-8节
49
2023
篮球
旗山西1-402
126
2024年9月10日

何瑜
01-16 星期2:7-8节
48
2023
体能塑身
旗山西1-406
136
2024年9月10日

胡晟
01-16 星期2:7-8节
49
2023
乒乓球
旗山西1-501
153
2024年9月10日

黄衍存
01-16 星期2:7-8节
48
2023
跳绳
旗山西1-502
125
2024年9月10日

李粲
01-16 星期2:7-8节
37
2023
广场舞
旗山西1-505
126
2024年9月10日

李仕丰
01-16 星期2:7-8节
49
2023
桥牌
旗山西1-506
135
2024年9月10日

宋永范
01-16 星期2:7-8节
49
2023
高尔夫
旗山西2-302
44
2024年9月10日

张玲
01-16 星期2:7-8节
48
2023
健美操
旗山西1-106
126
2024年9月10日

赵炜锌
01-16 星期2:7-8节
49
2023
网球
旗山西2-401
154
2024年9月10日

林松
01-16 星期3:1-2节
40
2023
气排球
旗山西3-103
153
2024年9月11日

官钟威
01-16 星期3:3-4节
54
2023
网球
旗山西1-203
138
2024年9月11日

胡晟
01-16 星期3:3-4节
54
2023
乒乓球
旗山西1-204
40
2024年9月11日

林萌
01-16 星期3:3-4节
53
2023
足球
旗山西1-403
122
2024年9月11日

沈逸萍
01-16 星期3:3-4节
54
2023
健美操
旗山西1-404
40
2024年9月11日

孙克双
01-16 星期3:3-4节
54
2023
羽毛球
旗山西1-501
153
2024年9月11日

王然科
01-16 星期3:3-4节
30
2023
花样跳绳
旗山西1-503
122
2024年9月11日

王长琦
01-16 星期3:3-4节
54
2023
篮球
旗山西1-506
135
2024年9月11日

张翡娟
01-16 星期3:3-4节
54
2023
广场舞
旗山西2-106
88
2024年9月11日

陈彤
01-16 星期3:5-6节
50
2023
乒乓球
旗山西2-306
88
2024年9月11日

范新垲
01-16 星期3:5-6节
51
2023
篮球
旗山西2-401
154
2024年9月11日

官钟威
01-16 星期3:5-6节
51
2023
网球
旗山西2-402
40
2024年9月11日

胡晟
01-16 星期3:5-6节
51
2023
乒乓球
旗山西2-404
88
2024年9月11日

黄巧奇
01-16 星期3:5-6节
51
2023
健身气功
旗山西2-406
88
2024年9月11日

黄衍存
01-16 星期3:5-6节
50
2023
跳绳
旗山西3-103
153
2024年9月11日

林萌
01-16 星期3:5-6节
51
2023
足球
旗山西3-201
153
2024年9月11日

沈逸萍
01-16 星期3:5-6节
51
2023
健美操
旗山西3-301
153
2024年9月11日

宋永范
01-16 星期3:5-6节
51
2023
高尔夫
旗山西3-302
151
2024年9月11日

孙克双
01-16 星期3:5-6节
51
2023
羽毛球
旗山西3-303
151
2024年9月11日

汪焱
01-16 星期3:5-6节
51
2023
匹克球
旗山西3-304
151
2024年9月11日

王然科
01-16 星期3:5-6节
9
2023
花样跳绳
旗山西3-401
153
2024年9月11日

王长琦
01-16 星期3:5-6节
51
2023
篮球
旗山西3-403
151
2024年9月11日

张翡娟
01-16 星期3:5-6节
51
2023
广场舞
旗山西3-503
151
2024年9月11日

范新垲
01-16 星期3:7-8节
49
2023
篮球
旗山西2-306
88
2024年9月11日

胡晟
01-16 星期3:7-8节
49
2023
乒乓球
旗山西2-401
154
2024年9月11日

黄巧奇
01-16 星期3:7-8节
49
2023
健身气功
旗山西2-402
40
2024年9月11日

黄衍存
01-16 星期3:7-8节
46
2023
跳绳
旗山西2-404
88
2024年9月11日

宋永范
01-16 星期3:7-8节
49
2023
高尔夫
旗山西2-406
88
2024年9月11日

孙克双
01-16 星期3:7-8节
49
2023
羽毛球
旗山西3-103
153
2024年9月11日

汪焱
01-16 星期3:7-8节
31
2023
气排球
旗山西3-201
153
2024年9月11日

王长琦
01-16 星期3:7-8节
49
2023
篮球
旗山西3-301
153
2024年9月11日

张翡娟
01-16 星期3:7-8节
49
2023
广场舞
旗山西3-302
151
2024年9月11日

陈彤
01-16 星期4:1-2节
41
2023
乒乓球
旗山西2-205
88
2024年9月12日

林松
01-16 星期4:1-2节
40
2023
气排球
旗山西2-402
40
2024年9月12日

王然科
01-16 星期4:1-2节
33
2023
花样跳绳
旗山西2-501
155
2024年9月12日

安嘉琦
01-16 星期4:3-4节
47
2023
篮球
旗山西2-205
88
2024年9月12日

李雨隆
01-16 星期4:3-4节
51
2023
乒乓球
旗山西2-402
40
2024年9月12日

王然科
01-16 星期4:3-4节
45
2023
花样跳绳
旗山西2-501
155
2024年9月12日

赵炜锌
01-16 星期4:3-4节
51
2023
网球
旗山西3-204
151
2024年9月12日

陈彤
01-16 星期5:1-2节
44
2023
足球
旗山西1-103
127
2024年9月13日

孙克双
01-16 星期5:1-2节
57
2023
羽毛球
旗山西1-106
126
2024年9月13日

吴能威
01-16 星期5:1-2节
57
2023
匹克球
旗山西1-303
127
2024年9月13日

陈楠茜
01-16 星期5:3-4节
47
2023
羽毛球
旗山西1-103
127
2024年9月13日

陈彤
01-16 星期5:3-4节
47
2023
乒乓球
旗山西1-106
126
2024年9月13日

刘畅
01-16 星期5:3-4节
38
2023
足球
旗山西1-303
127
2024年9月13日

吴能威
01-16 星期5:3-4节
47
2023
匹克球
旗山西1-305
127
2024年9月13日

陈彤
01-16 星期5:5-6节
41
2023
乒乓球
旗山西2-105
88
2024年9月13日

范新垲
01-16 星期5:5-6节
38
2023
篮球
旗山西2-302
44
2024年9月13日

官钟威
01-16 星期5:5-6节
41
2023
网球
旗山西2-305
88
2024年9月13日

吴能威
01-16 星期5:5-6节
41
2023
匹克球
旗山西2-401
154
2024年9月13日

陈彤
01-16 星期5:7-8节
51
2023
乒乓球
旗山西2-105
88
2024年9月13日

范新垲
01-16 星期5:7-8节
47
2023
篮球
旗山西2-302
44
2024年9月13日

吴能威
01-16 星期5:7-8节
51
2023
羽毛球
旗山西2-305
88
2024年9月13日",0,,,,,,
001039013662,https://jwch.fzu.edu.cn/info/1039/13662.htm,关于做好2023-2024学年度本科毕业论文（设计）抽检工作的通知,【实践科】,2024-09-05,"各学院（含继续教育学院、海外教育学院）及有关教学单位：
根据教育部《关于印发<本科毕业论文（设计）抽检办法（试行）>的通知》（教督〔2020〕5号）、教育部学位与研究生教育发展中心《关于通过全国本科毕业论文(设计)抽检信息平台开展2023/2024学年度本科毕业论文(设计)抽检工作的通知》（学位中心函〔2024〕45号）和《福建省本科毕业论文（设计）抽检实施细则（试行）》（闽教高〔2021〕45号）文件要求，现就做好2023/2024学年度本科毕业论文（设计）抽检工作通知如下。
  一、抽检信息平台
抽检信息平台网址：https://xscj.cdgdc.edu.cn，各单位应指定专人负责信息上报工作，登录账号和密码由学校统一设立后通知各学院教学办。
  1.信息上报提交截止时间：2024年9月20日。
  2.报送对象：2023年9月1日至2024年8月31日期间授予学士学位并完成备案的全部毕业生的本科毕业论文（设计），含普通本科教育、成人教育、来华留学生教育，学生名单各学院登录系统自行下载。
  二、推荐抽检专家
  开展本科抽检专家库报送与更新工作，主要包括：上报本年度新增本科毕业论文指导教师(抽检专家)；更新与完善在库专家信息；对退休、调离、出现师德师风问题的专家进行退库删除管理。各学院新增的本科毕业论文（设计）指导教师请填写《专家信息汇总表》（详见附件）于2024年9月20日前学院统一汇总后电子版发送至E-mail:jwcsjk@fzu.edu.cn，纸质版报送至教务处实践科。
  各学院应推荐本院符合条件的全部专家，所报专家应政治立场坚定、作风正派，属本校本科毕业论文指导教师，年龄一般不超过65周岁。
  由于本次上报工作量大，时间较紧，请各学院及有关单位务必高度重视，指定专人组织开展填报，确保我校准确、及时圆满完成上报工作。

                                               福州大学教务处
                                2024年9月5日",1,0017449848580014904997,附件1：专家信息汇总表.xlsx,828,https://jwch.fzu.edu.cn/system/_content/download.jsp?urltype=news.DownloadAttachUrl&owner=1744984858&wbfileid=14904997,14904997,1744984858
001040013661,https://jwch.fzu.edu.cn/info/1040/13661.htm,关于开展申请类督导听课工作的通知,【质量办】,2024-09-05,"各学院，有关教学单位：
    为全面提高本科课堂教学质量，充分发挥校级教学督导专家的帮扶指导作用，有效提高教师教学水平和教学质量，经研究决定面向全校教师开展申请类督导听课工作，现将有关事项通知如下：
一、申请对象
1.全校需要提高课堂教学水平的教师，特别是青年教师。
2.申请教师在2024年秋季学期承担本科教学授课任务。
二、工作流程
1.采取自愿报名原则,教师本人向所在学院提出申请，填写申请汇总表，学院汇总后上报教学质量监控与评估中心。
2.教学质量监控与评估中心根据申请情况进行遴选，安排校教学督导组成员对申请教师进行课堂教学一对一诊断式帮扶指导，必要时邀请学院教学水平高且教学效果好的相关教师共同指导。
3.校教学督导组根据申请教师的课表于学期内安排进行多次阶段性随堂听课，与教师进行一对一交流，对教师课堂教学情况提出针对性的改进意见和建议，帮助教师改进教学方法，提升授课水平。
4.被列为听课对象的教师需认真接受校教学督导专家指导帮扶，加强与督导专家沟通交流，虚心接受专家意见，根据专家评价意见及时改进不足，逐步提高课程教学水平。
三、其他
1.申请类督导听课每学期开展一次，三年内已接受帮扶的教师不重复申报。
2.教师个人填写《2024年秋季学期申请类督导听课汇总表》，由学院汇总后统一于2024年9月12日前提交教学质量监控与评估中心（行北西205），电子版发送至10556425@qq.com.

附件：2024年秋季学期申请类督导听课汇总表

教学质量监控与评估中心
2024年9月5日",1,0017449848580014904857,附件：2024年秋季学期申请类督导听课汇总表.docx,639,https://jwch.fzu.edu.cn/system/_content/download.jsp?urltype=news.DownloadAttachUrl&owner=1744984858&wbfileid=14904857,14904857,1744984858
001042013658,https://jwch.fzu.edu.cn/info/1042/13658.htm,关于2024级新生领取课程教材的通知,【教材中心】,2024-09-04,"各学院：
为规范旗山校区、铜盘校区、厦门校区、晋江校区四个校区学生教材发放，保证师生正常教学活动的开展，结合福州大学2024年新生有关活动安排和2024级本科生军事技能训练工作方案，现将2024年秋季学期新生教材发放相关事宜通知如下：
一、教材领取时间和地点

序号
学院名称
发放时间
发放校区
地点
教材供应商信息

单位名称
联系人
联系电话
备注

1
梅努斯学院
9月5日  10:00-11:00
旗山校区
中-107空地
新华
陈少彬
13799991282
按专业领取教材

2
人文学院（音乐学专业）
9月5日  10:00-11:00
旗山校区
中-107空地
新华
陈少彬
13799991282
按专业领取教材

3
先造学院
9月8日  15:30-17:00
晋江校区
16号店面
百万庄
吴燕芳
18059191960
按专业领取教材

4
化工学院
9月15日  13:00-13:30
铜盘校区
教学楼A110
百万庄
吴燕芳
18059191960
按专业领取教材

5
材料学院
9月15日  13:30-14:00
铜盘校区
教学楼A110
百万庄
吴燕芳
18059191960
按专业领取教材

6
环安学院
9月15日  14:00-14:30
铜盘校区
教学楼A110
百万庄
吴燕芳
18059191960
按专业领取教材

7
化学学院
9月15日  14:30-15:00
铜盘校区
教学楼A110
百万庄
吴燕芳
18059191960
按专业领取教材

8
生工学院
9月15日  15:00-15:30
铜盘校区
教学楼A110
百万庄
吴燕芳
18059191960
按专业领取教材

9
外语学院
9月15日  15:30-16:00
铜盘校区
教学楼A110
百万庄
吴燕芳
18059191960
按专业领取教材

10
土木学院
9月15日  13:30-14:00
铜盘校区
教学楼B
厦大
周和本
13305000046
按专业领取教材

11
经管学院
9月15日  14:00-15:00
铜盘校区
教学楼B
厦大
周和本
13305000046
按专业领取教材

12
物信学院
9月15日  15:00-15:30
铜盘校区
教学楼B
厦大
周和本
13305000046
按专业领取教材

13
建筑学院
9月15日  15:30-16:00
铜盘校区
教学楼B
厦大
周和本
13305000046
按专业领取教材

14
地矿学院
9月15日  16:00-16:30
铜盘校区
教学楼B
厦大
周和本
13305000046
按专业领取教材

15
人文学院（其他专业）
9月17日  14:00-14:30
铜盘校区
教学楼B
新华
陈少彬
13799991282
按专业领取教材

16
电气学院
9月17日  14:30-15:00
铜盘校区
教学楼B
新华
陈少彬
13799991282
按专业领取教材

17
机械学院
9月17日  15:00-15:30
铜盘校区
教学楼B
新华
陈少彬
13799991282
按专业领取教材

18
数统学院
9月17日  15:30-16:00
铜盘校区
教学楼B
新华
陈少彬
13799991282
按专业领取教材

19
计数学院（含软件）
9月17日  16:00-16:30
铜盘校区
教学楼B
新华
陈少彬
13799991282
按专业领取教材

20
法学院
9月17日  16:00-16:30
铜盘校区
教学楼B
新华
陈少彬
13799991282
按专业领取教材

21
工艺美院
9月21日  10:00-11:30
厦门校区
3号宿舍楼楼下
百万庄
吴燕芳
18059191960
按专业领取教材

二、领取教材注意事项
1.各学院各专业指定一名学生负责所在班级的教材发放相关事宜，主要任务是根据要求做好本专业的教材领取、发放、教材实际费用的收取、与教材供应商进行教材费用结算等工作；
2.为按时有序地发放教材，请各专业学生负责人按照学院教材领取时间段前来领书，原则上每个时间段只接受安排在该时间段的学院领书。若有专业因特殊情况确实无法在该时间段前来领书，请提前联系学院对应的教材供应商联系人。请领书同学注意前后间隔一定距离，领完后不滞留，尽快离开；
3.教材发放时请各专业学生负责人当场核对清楚所领教材名称、数量、价格与教材发放清单是否一致，避免错漏，有问题当场联系教材发放工作人员；签字领走后以教材清单为收费依据，请务必核对清楚再携本专业教材离场。教材费用收取以后续通知为准；
4.各专业学生负责人领回全班教材发给班级同学时，请务必做好每位同学的领书签字登记工作以免领错教材，也方便后面与每位同学教材款的结算；
5.如需退换教材，请于一周内联系学院对应的教材供应商进行退换，退换前应保证教材无任何涂画痕迹。

联系人： 苏老师；  联系电话：22866893

福州大学教务处
2024年9月4日",0,,,,,,
001035013654,https://jwch.fzu.edu.cn/info/1035/13654.htm,关于2024-2025学年第一学期本科生学生证和火车票优惠区间更改的通知,【综合科】,2024-09-04,"各学院：
根据《福州大学学生证管理办法》（福大政【2019】25号），针对部分学生丢失学生证的情况，特安排本学期的学生证和火车票优惠区间更改等工作，具体工作安排如下：
一、补办学生证
1、补办范围
学生在校学习期间，学生证原则上只补办一次。本次补办仅限具有福州大学全日制学籍、首次丢失学生证学生。
2、申请时间
2024年9月4日-2024年9月10日
3、补办程序
（1）在福州大学教务处网站首页登陆“本科教学管理系统”，完成学生证补办申请。
（2）学院和教务处分别对学生的申请进行初核和复核，其中申请信息经审核发现不属实者不予受理。
（3）学生接到通知短信后，到学校行政北楼西208室领取补办的学生证。
二、更改火车票优惠区间
1、时间
2024年9月20日-2024年9月27日
2、程序
（1）在福州大学教务处网站首页登陆“本科教学管理系统”，完成火车票优惠区间修改申请。
（2）学院和教务处分别对学生的申请进行初核和复核，其中申请信息经审核发现不属实者不予受理。
（3）学生接到通知短信后，到学校行政北楼西208室办理。
3、因家庭住址变更或父母工作地点发生变化而须改乘车区间的，必须交验家长工作单位或户籍管理部门提供的书面证明，方可办理变更手续；因火车站点变更等原因造成乘车区间改变的，无须提供证明，可直接办理变更手续。
三、请各学院认真做好学生证和火车票优惠区间的初核工作。各学院在审核学生补办申请时，要加强对学生的思想教育，教育学生重视、爱惜学生证。学生要树立良好的诚信意识，不得擅自涂改学生证和火车票优惠区间内容，不得转借或抵押他人，不得在申领的过程中弄虚作假。如有违反者，一经查出，学校将收回违规学生证，取消其补办资格，并追究学生本人责任。
四、因学生证丢失而补办新证后又找回原证的，须将原证交至教务处注销。
五、注意事项：从本学期起，补办学生证不再张贴“火车票学生优惠卡”，有需要购买优惠火车票的同学应在线完成学生优惠资质核验。其他注意事项及学生资质核验流程详见通知：关于购买优惠火车票相关事宜的通知
教务处
2024年9月4日",0,,,,,,
001035013651,https://jwch.fzu.edu.cn/info/1035/13651.htm,关于召开2024年宁夏大学、银川能源学院本科生赴福州大学访学见面交流会的通知,【综合科】,2024-09-02,"各相关学院：
根据工作安排，经研究，决定召开2024年宁夏大学、银川能源学院本科生赴福州大学访学见面交流会，现将有关事项通知如下：
一、会议时间
2024年9月5日（星期四）下午2:30
二、会议地点
旗山校区公共教学楼西1-201
三、参会人员
1.教务处领导（由教务处负责通知）
2.宁夏大学、银川能源学院领导（由教务处负责通知）
3. 2024年宁夏大学、银川能源学院到福州大学访学的本科生（由各单位负责通知）
四、注意事项
请参会人员提前10分钟到场参会。
联系人：沈荣，电话：0591-22866863。
福州大学教务处
2024年9月2日",0,,,,,,
001038013650,https://jwch.fzu.edu.cn/info/1038/13650.htm,关于公布2024-2025学年第一学期通选课取消开课名单的通知,【计划科】,2024-09-02,"本学期通选课第二轮选课已结束，以下课程因未达到开班要求，将取消开课。请已选中这些课程的同学于第三轮选课时间（9月3日）及时改选其他课程。

序号
课程名称

1
新时代廉洁文化建设与惟廉修身

2
材料创造美好生活

3
材料的文明密码

4
三维建模在结晶学中的应用

5
论语英译赏析

6
文物与化学

7
民事诉讼法

8
爱课程：文化创意产业：理论与实务

9
走近科研——学术写作与表达

10
无“化”不欢

11
光明的故事：能源塑造生活

12
英语儿童文学

13
日本诗歌阅读

14
营销广告策划与创意实务

15
运动美学

16
我们需要化学

17
软体机器人力学探索实验

18
醇香之旅：风味感知探索

19
小纤维，大世界

20
英美诗歌赏析

21
英式橄榄球

22
造物百科

23
信息时代的知识产权案例解析

24
大学武道——短兵

25
隐秘的大自然：微生物世界的奇妙旅行

26
匹克球运动（周二晚）

27
科学研究方法与论文写作

28
探索基因的奥秘

29
匹克球运动（周四晚）

30
智能硬件开发导论

31
初级日语

32
一蓑烟雨任平生——走近苏东坡

33
篮球及裁判法

34
未来已来—“逆天改命”的基因治疗

35
人类健康与现代医学

 
福州大学教务处
2024年9月2日",0,,,,,,
001036013649,https://jwch.fzu.edu.cn/info/1036/13649.htm,关于做好2024年9月退役复学学生转专业的通知,【教学运行】,2024-09-02,"根据教育部令第41号《普通高等学校学生管理规定》、《福州大学本科生转专业管理实施办法》(福大教〔2024〕16号) 及《福州大学应征入伍学生学籍管理补充规定》（福大教〔2018〕38号）文件精神，现将参军退役后复学学生转专业事宜通知如下:
一、基本条件
1.申请转专业的学生必须是参军时修读大一、大二的学生，且符合《福州大学本科生转专业管理实施办法》(福大教〔2024〕16号)规定的基本条件。
2.本次转专业仅针对2024年9月退役复学学生。
二、时间安排及工作流程
1．9月13日前，申请转专业的学生打印《福州大学参军退伍复学后学生转专业审批表》及个人申请书，送交学生所在学院教学办签字盖章后报教务处注册中心。逾期不再受理。
2．9月16日前，教务处审核学生报名资格后将相关材料转送各接收学院。
3．9月23日前，接收学院考核、拟定接收名单并报教务处。
4．教务处对拟同意转专业学生进行汇总初审，报学校本科生学籍事务管理委员会审核通过后，在学校网站上对拟批准转专业的学生名单进行公示。
5.教务处发文，各学院通知相关学生并做好相应的转专业后续工作。

福州大学教务处
  2024年9月2日",2,0017449848580014903737,福州大学本科生转专业管理实施办法.doc,902,https://jwch.fzu.edu.cn/system/_content/download.jsp?urltype=news.DownloadAttachUrl&owner=1744984858&wbfileid=14903737,14903737,1744984858
001036013649,https://jwch.fzu.edu.cn/info/1036/13649.htm,关于做好2024年9月退役复学学生转专业的通知,【教学运行】,2024-09-02,"根据教育部令第41号《普通高等学校学生管理规定》、《福州大学本科生转专业管理实施办法》(福大教〔2024〕16号) 及《福州大学应征入伍学生学籍管理补充规定》（福大教〔2018〕38号）文件精神，现将参军退役后复学学生转专业事宜通知如下:
一、基本条件
1.申请转专业的学生必须是参军时修读大一、大二的学生，且符合《福州大学本科生转专业管理实施办法》(福大教〔2024〕16号)规定的基本条件。
2.本次转专业仅针对2024年9月退役复学学生。
二、时间安排及工作流程
1．9月13日前，申请转专业的学生打印《福州大学参军退伍复学后学生转专业审批表》及个人申请书，送交学生所在学院教学办签字盖章后报教务处注册中心。逾期不再受理。
2．9月16日前，教务处审核学生报名资格后将相关材料转送各接收学院。
3．9月23日前，接收学院考核、拟定接收名单并报教务处。
4．教务处对拟同意转专业学生进行汇总初审，报学校本科生学籍事务管理委员会审核通过后，在学校网站上对拟批准转专业的学生名单进行公示。
5.教务处发文，各学院通知相关学生并做好相应的转专业后续工作。

福州大学教务处
  2024年9月2日",2,0017449848580014903736,福州大学参军退伍复学后学生转专业审批表.doc,727,https://jwch.fzu.edu.cn/system/_content/download.jsp?urltype=news.DownloadAttachUrl&owner=1744984858&wbfileid=14903736,14903736,1744984858
001035013648,https://jwch.fzu.edu.cn/info/1035/13648.htm,关于2024级本科生（含访学学生）学生证信息采集的通知,【综合科】,2024-09-02,"各学院：
根据《福州大学学生证管理办法》（福大政【2019】25号），特安排2024级本科生（含访学学生）学生证信息采集工作，现将相关事项通知如下：
一、办理程序
在福州大学教务处网站(https://jwch.fzu.edu.cn/)首页登陆“本科教学管理系统”后，进入“学生证及附卡”系统中完善信息采集，包括本人电话、家庭所在地、火车票优惠区间、照片等。
二、办理时间
2024年9月2日-9月10日
三、火车票优惠区间注意事项
学生须根据实际家庭住址填写火车优惠区间信息。请务必填写 “乘车目的站点”的正式名称（可上铁路客户服务中心查询），乘车站点一经确认原则上不允许变更。
需购买优惠火车票的2024级本科生在新生学籍电子注册工作完成后，应通过铁路12306系统进行学生优惠资质在线核验，并确保在铁路12306客户端进行学生优惠资质核验时填写的优惠乘车区间站点与学生证上保持一致，如不一致将影响购买和使用优惠火车票。
其他注意事项及学生资质核验流程详见通知：关于购买优惠火车票相关事宜的通知
四、图像采集注意事项
1、基本要求
（1）图像应使用学生本人近期（一般为入学前后）正面免冠彩色头像的数字化文件。
（2）图像应真实表达学生本人相貌。禁止对图像整体或局部进行镜像、旋转等变换操作。不得对人像特征（如伤疤、痣、发型等）进行技术处理，严禁使用任何美颜特效。
（3）图像应对焦准确、层次清晰、色彩真实、无明显畸变。
（4）除头像外，不得添加边框、文字、图案等其他内容。
2、拍摄要求
（1）背景：采用白色（参考值RGB<255 ,255,255>），应均匀无渐变，不得有阴影、其他人或物体。
（2）人物姿态与表情：坐姿端正，表情自然，双眼自然睁开并平视，耳朵对称，左右肩膀平衡，嘴唇自然闭合。
（3）衣着：学生仪表装束应大方庄重，避免复杂的图案、条纹。衣服要有领子，建议穿深色带有标准领的衬衫、T恤或者西装，不得穿制服，也不要穿与拍摄背景相近的白色衣服。
（4）头发：不能梳得高耸，不得遮挡眉毛、眼睛和耳朵，长发者应将头发置于肩膀后。
（5）眼镜：常戴眼镜者应佩戴眼镜，但不得戴有色（含隐形）眼镜，镜框不得遮挡眼睛，眼镜不能有反光。
（6）佩饰：不得使用假发、头巾、帽子等头部覆盖物（宗教、医疗和文化需要时，不得遮挡脸部或造成阴影），不得佩戴任何饰品（包括耳环、项链、非黑色的钢丝发卡等）。
（7）妆容：不宜化妆，尤其严禁浓妆艳抹。拍摄前应洗净脸上的汗渍、油污，保持脸部整洁，不能使用润肤露、防晒霜等带有反光效果的护肤品，以免造成脸部高光。
3、图像规范
（1）数字化图像文件规格为宽480像素×高640像素，分辨率300dpi，24位真彩色。应符合JPEG标准，压缩品质系数不低于60，压缩后文件大小一般在20KB至40KB。文件名为9位纯数字的学号，扩展名为JPG（如：012200101.JPG）。
（2）人像在图像矩形框内水平居中，左右对称。头顶发际距上边沿50-110像素；眼睛所在位置距上边沿200-300像素；脸部宽度（两脸颊之间）180-300像素。
4、注意事项
（1）本次采集的新生图像将用于学校教学管理系统、学生证制作、相关证明、成绩单打印以及全国大学英语四、六级考试报名等，事关每位学生的切身利益，请同学们务必严格遵照上述要求规范提供数字化图像文件。凡不符合要求者，均不予接收(图像采集要求详见《2024年本科新生入学指南》)。
（2）学生可自行到有正规资质的照相馆拍照，摄像前应明确告知对方所需的是“白底彩色证件照”，并要求其关闭相机中的所有美颜特效，后期也不得使用任何技术手段美图。

联系电话：22866873 联系人:李老师
福州大学教务处
2024年9月2日",0,,,,,,
001037013647,https://jwch.fzu.edu.cn/info/1037/13647.htm,福州大学关于开展2024级“数智实验班” 招生工作的通知,【教研教改】,2024-08-30,"校教〔2024〕32号

各学院：
   举办“数智实验班”是我校培养拔尖创新人才的重要举措之一。为推动这项特色鲜明的英才培养模式改革，经研究，决定从2024级高考新生中选拔部分优异生组建2024级（首届）“数智实验班”。请各学院相关负责人组织做好宣传报名等招生工作，积极鼓励有创新潜质、综合素质优秀的学生报名参加，有关事项见附件。
   特此通知。

附件1：福州大学2024级“数智实验班”招生简章
附件2：福州大学2024级“数智实验班”选拔方案
附件3：承诺书

福州大学教务处
2024年8月30日",3,0017449848580014903339,附件1：福州大学2024级“数智实验班”招生简章.docx,4010,https://jwch.fzu.edu.cn/system/_content/download.jsp?urltype=news.DownloadAttachUrl&owner=1744984858&wbfileid=14903339,14903339,1744984858
001037013647,https://jwch.fzu.edu.cn/info/1037/13647.htm,福州大学关于开展2024级“数智实验班” 招生工作的通知,【教研教改】,2024-08-30,"校教〔2024〕32号

各学院：
   举办“数智实验班”是我校培养拔尖创新人才的重要举措之一。为推动这项特色鲜明的英才培养模式改革，经研究，决定从2024级高考新生中选拔部分优异生组建2024级（首届）“数智实验班”。请各学院相关负责人组织做好宣传报名等招生工作，积极鼓励有创新潜质、综合素质优秀的学生报名参加，有关事项见附件。
   特此通知。

附件1：福州大学2024级“数智实验班”招生简章
附件2：福州大学2024级“数智实验班”选拔方案
附件3：承诺书

福州大学教务处
2024年8月30日",3,0017449848580014903338,附件3：承诺书.docx,1178,https://jwch.fzu.edu.cn/system/_content/download.jsp?urltype=news.DownloadAttachUrl&owner=1744984858&wbfileid=14903338,14903338,1744984858
001037013647,https://jwch.fzu.edu.cn/info/1037/13647.htm,福州大学关于开展2024级“数智实验班” 招生工作的通知,【教研教改】,2024-08-30,"校教〔2024〕32号

各学院：
   举办“数智实验班”是我校培养拔尖创新人才的重要举措之一。为推动这项特色鲜明的英才培养模式改革，经研究，决定从2024级高考新生中选拔部分优异生组建2024级（首届）“数智实验班”。请各学院相关负责人组织做好宣传报名等招生工作，积极鼓励有创新潜质、综合素质优秀的学生报名参加，有关事项见附件。
   特此通知。

附件1：福州大学2024级“数智实验班”招生简章
附件2：福州大学2024级“数智实验班”选拔方案
附件3：承诺书

福州大学教务处
2024年8月30日",3,0017449848580014903337,附件2：福州大学2024级“数智实验班”选拔方案.docx,3277,https://jwch.fzu.edu.cn/system/_content/download.jsp?urltype=news.DownloadAttachUrl&owner=1744984858&wbfileid=14903337,14903337,1744984858
001035013646,https://jwch.fzu.edu.cn/info/1035/13646.htm,关于购买优惠火车票相关事宜的通知,【综合科】,2024-08-30,"各学院：
根据《教育部办公厅 国铁集团办公厅关于进一步便利普通高等学校学生购买优惠火车票的通知》（教学厅函〔2023〕4号）精神，自2023年起，对全国普通高等学校学生往返家庭与学校区间乘坐火车，提供在线优惠资质核验服务。现将有关事项通知如下：
一、学生优惠资质核验
中国高等教育学生信息网（以下简称“学信网”）和铁路12306系统已实现信息对接，自2023年6月5日起，在学信网完成新生学籍电子注册和在校生学年电子注册的普通高校学生，均可通过铁路12306系统进行学生优惠资质在线核验（详见附件：铁路12306APP学生资质核验流程），完成学生优惠资质核验后，可通过铁路12306系统购买优惠火车票。
二、工作提醒
为配合国铁集团进一步做好普通高校学生优惠资质线上核验工作，经上级部门与国铁集团沟通，其就有关事项转发如下：
1.已通过优惠资质核验的学生，乘车时可直接凭身份证件刷闸机进站乘车。未通过优惠资质核验的学生，应完成优惠资质核验后再进站乘车。
2.对于已经购买学生优惠票的旅客，车站实名查验、检票以及列车验票作业不再核验学生证是否附有学生优惠卡。但通过车站售票窗口/自助售票机办理资质核验时，仍需凭附有学生优惠卡的学生证办理。
3.学生购买学生优惠票后，应随身携带学生证乘车，并配合站车查验；未能携带或出示学生证的，铁路部门将按规定进行补票，所补车票不能办理退票。
4.铁路部门仍将核验学生证上的优惠乘车区间与所购车票乘车区间是否一致，优惠区间不一致的，将被要求进行补票。
5.对于未通过优惠资质核验的，乘车途中将被要求进行补票。补票后30个工作日内，学生须持附有学生优惠卡的学生证到车站售票窗口申请退票，如核对后符合学生优惠票发售原则，车站将退还补票费用。没有学生优惠卡将无法办理资质核验退票。  
三、注意事项：
1.学生每学年（每年10月1日至次年9月30日）乘车前，应在线完成学生优惠资质核验，或到车站指定售票窗口或自动售/取票机办理一次本人居民身份证件与学生优惠卡的优惠资质核验手续。
2.学生每学期到校报到后需持学生证至学院盖注册章。
3.学生需保证在铁路12306客户端进行学生优惠资质核验时填写的优惠乘车区间站点与学生证上保持一致，如不一致将影响购买和使用优惠火车票。
4.学生证上的优惠区间需加盖公章方为有效。
四、其他：
1.自2024-2025学年第一学期起，不再为本科生统一购买“火车票学生优惠卡”，新办或补办学生证不再张贴“火车票学生优惠卡”，有需要购买优惠火车票的同学应在线完成学生优惠资质核验。
2.已发放给在校生的“火车票学生优惠卡”可继续使用。
3.在12306学生专区优惠资质核验无法通过的学生，若为学籍电子注册相关问题请及时联系各学院教学办，统一汇总后报送教学运行科处理，其他问题请咨询国铁集团铁路客服或学信网客服。
国铁集团铁路客服电话：12306
学信网客服电话：010-67410388
教务处
2024年8月30日
附件：铁路12306APP学生资质核验流程（https://mp.weixin.qq.com/s/eS5EHo3-m51UFtFC6hcDBg）",0,,,,,,
001037013643,https://jwch.fzu.edu.cn/info/1037/13643.htm,福州大学关于开展2024级“嘉锡化学拔尖班”招生工作的通知,【教研教改】,2024-08-30,"校教〔2024〕31号

各学院：
2020年我校化学专业入选教育部基础学科拔尖学生培养计划2.0的化学拔尖学生培养基地。举办“嘉锡化学拔尖班”是培养化学拔尖学生的重要举措之一。为深入实施这项特色鲜明的人才培养模式，经研究，决定从2024级高考理科 (或选考物理化学)新生中选拔部分优异生继续组建“嘉锡化学拔尖班”。请各学院相关负责人组织做好宣传报名工作，积极鼓励有创新潜质、综合素质优秀的学生参加报名，有关事项见附件。
特此通知。

附件1：福州大学2024级“嘉锡化学拔尖班”招生简章
附件2：福州大学2024级“嘉锡化学拔尖班”选拔方案

福州大学教务处
 2024年8月30日

附件1:

福州大学2024级“嘉锡化学拔尖班”招生简章

为深入贯彻实施人才强国战略，着眼于培养具有国际一流科学家潜质的化学及相关学科领域的领军人才，我校以入选国家基础学科拔尖学生培养计划2.0基地为契机，依托化学一流学科强大优势，举办福州大学2024级“嘉锡化学拔尖班”（以下简称“拔尖班”），面向全校相关专业学生公开选拔。
拔尖班旨在培养具有创新的科学思维、扎实的科研能力、卓越的科学素养、浓厚的家国情怀、宽广的国际视野，自主学习能力和核心竞争力强，能够自觉跟踪化学发展趋势、主动探索研究解决化学及相关学科前沿复杂问题的领军型科学人才。拔尖班充分发挥我校在学科交叉、科教融合等方面优势，系统整合聚集国内外优质教育资源，创设有利于拔尖学生成长的人才培养特区，以大师名师为引领，以拔尖学生为主体，以科研平台为载体，以科研项目为依托，完善课程及科研创新训练体系，加强国际交流合作，不断深化拔尖学生培养机制改革，全面推进三制（导师制、学分制、书院制）、三化（小班化、个性化、国际化）、三融合（教学与科研深度融合、理论与实践有机融合、三创平台与科研平台密切融合）培养模式。

特色优势与培养方式
一、学科优势
福州大学化学学科是世界一流建设学科，教育部第四轮学科评估获评A-，位列全国8-15位，2024年5月ESI排名0.325‰，全球排名62位。我校于1994年入选教育部“国家化学理科基础科学研究和教学人才培养基地”，2014年举办嘉锡化学创新人才实验班，2020年入选教育部基础学科拔尖学生培养计划2.0基地，是化学学科唯一入选的地方高校。
二、培养特色
拔尖班注重导师制、学分制、书院制的“三制”特色机制设计，为拔尖学生成长成才提供制度保障。
导师制重在大师名师引领，为拔尖班学生全程配备“科研导师”、“班级导师”和“朋辈导师”，引导学生学术成长和人生成长。其中“科研导师”由院士、长江学者、杰出青年基金获得者、万人计划、教学名师及闽江学者等一流专家学者担任，师生双向选择配备。
学分制重在个性化培养，以学分积累作为学生毕业标准，支持拔尖学生在导师指导下自主构建个性化培养方案，跨学科选修、跨专业选修、跨层次选修、科研训练以及实践选修等模块学分比例约占25%。
书院制重在创设环境空间，通过校内嘉锡书院和教育部拔尖计划2.0全国线上书院，采用“浸润”“熏陶”“养成”“感染”和“培育”等方式，培养学生思想政治及文化素养。
三、培养体系
拔尖班突出小班化、个性化、国际化的“三化”精英导向，大力创新课程体系，灵活设置科研训练与实践创新环节，推动教学与科研深度融合、理论与实践有机融合、三创平台与科研平台密切融合。每届约20名学生，第1-5个学期基本完成化学、数学、物理、生物、计算机和英语等学科专业基础课程教育，第6学期起，在科研导师的指导下，按其个性化培养方案完成本科学业或直接本博连读。在课程体系和教学模式上，注重拓展国际视野，开设雅思英语系列课程、全英文或双语专业课程，并聘请具有海外留学背景或访学经历的优秀教师教授核心课程。学生修满规定学分，满足本科阶段培养要求者，发给本科毕业证书和学士学位文凭。
四、支持保障
1.研究生推免指标单列，比例最高可达75%。凡成绩优良，符合福州大学推免生条件者，经审批，可取得免试攻读硕士研究生资格。
2.特别优秀者可申请直接攻读本校博士（“4+5”的9年本博连读培养模式）。
3.学校提供充足机会并设立专项经费资助学生赴国内外著名高校、科研院所访学交流或科研训练。
4.学校设立专项奖学金、专项创新基金，奖励支持学生潜心学习、开展科研活动。
五、动态调整
拔尖班采取动态进出调整机制，不适合拔尖班学习的学生将根据实际情况调整到化学专业；化学专业表现特别优秀的学生，在名额允许情况下，第3学期可提出申请，由导师组进行遴选推荐并补充进入拔尖班学习。进入拔尖班后学生不得参加学校面向全校的转专业申请。

选拔条件与流程
一、基本原则
自愿报名、择优选拔。
二、报名范围与条件
1.报名范围
福州大学录取的2024级高考理科 (或选考物理化学)新生，招生章程中规定的转专业受限考生及内地高中班考生除外。
2.报考学生应具备的资格条件
（1）具有良好的政治素质，品学兼优，具有较强成才意识，有志于往化学方向高层次深造；
（2）身体健康，自学能力较强，能适应拔尖班学业要求；
（3）高考数学成绩达到110分及以上（150分制，非150分制的省份按比例换算）、外语（限英语语种）成绩115分及以上（150分制，非150分制的省份按比例换算）；
（4）高中阶段参加全国中学生奥林匹克学科竞赛获得省级赛区三等奖及以上者或全国“英才计划”学员（须提供证书复印件，限英语语种），不要求高考数学英语成绩，可以报名；高考英语成绩达到135分及以上者，不要求高考数学成绩，可以报名。
三、选拔方式与原则
选拔方式：组织笔试（化学能力测试）和面试
基本原则：
1.面试资格确定
根据自愿报名情况，在符合报名条件的学生中，根据“化学能力测试”成绩依次排序，取前45人进入面试。
2.入选实验班条件
在面试成绩合格（60分及以上）的学生中，根据“化学能力测试”成绩和面试成绩计算总成绩，取总成绩前20~25人进入拔尖班。若面试成绩合格人数不足20人，按实际合格人数录取。
笔试和面试工作由化学学院组织实施并制定详细的选拔方案（附件2），重点测试化学知识和化学志趣。
四、选拔流程
1．召开招生宣讲会。时间：9月1日19:00—20:00，地点：铜盘校区B113教室。
2．学生报名。9月1日17:00—9月2日16:30，登录福州大学本科教学管理系统（https://jwch.fzu.edu.cn/login.htm），点击各类报名-实验班报名。如系统报名不成功，请发送申请表至lin_00_ling@fzu.edu.cn。超过规定时间的报名不予受理，不得同时报考其它校级实验班。
3．学生参加“化学能力测试”考试。时间：9月3日10:00-11:30，地点：铜盘校区B313（备用B311、B312）。
4．公布参加面试学生名单。学校于9月4日通过教务处网站公布面试名单，化学学院通知学生面试。
5．学生参加面试，报到、签承诺书。时间：9月5日，具体时间地点另行通知。
以上报名、考试、面试请务必携带身份证或学生证等有效证件。
6．公示拟入选学生名单。学校9月6日17时前通过教务处网站公示拟入选嘉锡化学拔尖班学生名单。
7．公布最终入选学生名单。入选学生名单在公示结束后学校行文正式公布。
请各学院、各部门予以支持，同意学生凭教务处公布的面试名单按时参加面试及报到。
咨询电话：0591-22866144 林老师，嘉锡楼415室。
招生简章由教务处、化学学院负责解释。

附件2：

福州大学2024级“嘉锡化学拔尖班”选拔方案
根据《福州大学2024级“嘉锡化学拔尖班”招生简章》制定本方案。
选拔方式为组织笔试（化学能力测试）和面试，并根据笔试和面试成绩计算总成绩后确定入选名单。
一、考试
1.确定参加考试人选
（1）笔试。自愿报名并符合报名条件的学生，参加“化学能力测试”考试；考试内容为化学知识等；报名后未参加考试者，不得参加面试。
（2）面试人数，45人。根据 “化学能力测试”成绩依次排序，取前45人进入面试，若最后1人有同分者，则同分者共同进入面试。报名人数未达45人，按实际报名人数进行面试。
可参加面试人自行放弃面试的，应于教务处网站公布面试名单前提出，组织单位可按照成绩排名依次递补，面试名单公布后则不再递补。
2.组织面试
（1）面试组织。面试工作由化学学院组织实施，重点测试综合素质、对化学学科的兴趣及其他能力，满分为100分。
（2）面试流程。考生自我陈述→专家提问，考生回答→面试小组专家打分。
（3）面试成绩计算。每位考生的面试成绩根据面试小组专家打分后，取平均分。
3.考试纪律
考生务必诚信考试，有以下行为之一的，视为考试违规，将上报学校，按情节轻重，给予相应处分：携带规定以外的物品进行考试；考试过程中擅自离开监控范围；与老师以外的其他人进行任何形式的交流；冒名代替他人考试，或由他人冒名代替参加考试；在答卷上填写与本人身份不符的信息；超过规定时间提交答卷；做与考试无关的事情；其它违反考场规则行为。
二、选拔
根据学生总成绩，计划取前20~25名进入嘉锡化学拔尖班。
1.总成绩计算公式为：总成绩= “化学能力测试”成绩×40%+面试成绩×60%。
2.面试成绩合格线为60分（含）。
3.面试成绩低于60分者不予入选，在面试过程中有舞弊、干扰面试程序等违纪行为者不予入选。
4. 以总成绩为依据，由高分到低分择优确定入选名单；总成绩排序原则为依次按总成绩、面试成绩、面试成绩+高考英语成绩由高分到低分排序。
5.拟入选人在签订承诺书前可放弃入选资格，因拟入选人自行放弃，造成拟入选人数未达计划招生数时，可依据综合成绩依次递补。放弃入选资格不影响本年度的转专业申请。
6.入选拔尖班人选确定后，教务处通过教务处网站公示拟入选拔尖班学生名单。在公示后放弃入选资格者，记入档案，并不得参加本年度的转专业申请。
7.公示期满，对没有问题或反映的问题不影响录取的学生，由学校行文正式公布。
三、注意事项
1.报考学生应认真阅读本方案，熟悉报考有关要求。
2.报考学生须对提交的信息和材料真实性负责，凡不如实填报、弄虚作假的，一经查实，即取消遴选资格。对违反考试纪律的考生，将参照学校有关规定予以处理。
3.福州大学教务处网站是报考学生了解遴选单位相关工作信息的主要渠道，请报考学生及时登录网站了解最新信息。
4.以上报名、考试、报到等务必携带本人身份证/学生证等有效证件。
选拔方案由化学学院负责解释。",0,,,,,,
001037013642,https://jwch.fzu.edu.cn/info/1037/13642.htm,福州大学关于开展2024级“数理综合班”招生工作的通知,【教研教改】,2024-08-30,"校教〔2024〕30号

各学院：
   举办“数理综合班”是我校培养拔尖创新人才的重要举措之一。为继续推动这项特色鲜明的英才培养模式改革，经研究，决定从2024级高考理科(或选考物理)新生中选拔部分优异生组建第二十一届“数理综合班”。请各学院相关负责人组织做好宣传报名等招生工作，积极鼓励有创新潜质、综合素质优秀的学生报名参加，有关事项见附件。
   特此通知。

附件1：福州大学2024级“数理综合班”招生简章
附件2：承诺书

                                  福州大学教务处
                                  2024年8月30日",2,0017449848580014903271,附件1：福州大学2024级“数理综合班”招生简章.doc,2914,https://jwch.fzu.edu.cn/system/_content/download.jsp?urltype=news.DownloadAttachUrl&owner=1744984858&wbfileid=14903271,14903271,1744984858
001037013642,https://jwch.fzu.edu.cn/info/1037/13642.htm,福州大学关于开展2024级“数理综合班”招生工作的通知,【教研教改】,2024-08-30,"校教〔2024〕30号

各学院：
   举办“数理综合班”是我校培养拔尖创新人才的重要举措之一。为继续推动这项特色鲜明的英才培养模式改革，经研究，决定从2024级高考理科(或选考物理)新生中选拔部分优异生组建第二十一届“数理综合班”。请各学院相关负责人组织做好宣传报名等招生工作，积极鼓励有创新潜质、综合素质优秀的学生报名参加，有关事项见附件。
   特此通知。

附件1：福州大学2024级“数理综合班”招生简章
附件2：承诺书

                                  福州大学教务处
                                  2024年8月30日",2,0017449848580014903272,附件2：承诺书.doc,951,https://jwch.fzu.edu.cn/system/_content/download.jsp?urltype=news.DownloadAttachUrl&owner=1744984858&wbfileid=14903272,14903272,1744984858
001037013641,https://jwch.fzu.edu.cn/info/1037/13641.htm,福州大学关于开展2024级“数理金融实验班”招生工作的通知,【教研教改】,2024-08-30,"校教〔2024〕29号

各学院：
   举办“数理金融实验班”是我校培养拔尖创新人才的重要举措之一。为推动这项特色鲜明的英才培养模式改革，经研究，决定从2024级高考新生中选拔部分优异生组建第十一届“数理金融实验班”。请各学院相关负责人组织做好宣传报名等招生工作，积极鼓励有创新潜质、综合素质优秀的学生报名参加，有关事项见附件。
   特此通知。

附件1：福州大学2024级“数理金融实验班”招生简章
附件2：福州大学2024级“数理金融实验班”选拔方案
附件3：2024级数理金融实验班申请表
附件4：承诺书

福州大学教务处
2024年8月30日",4,0017449848580014903267,附件2：福州大学2024级“数理金融实验班”选拔方案.doc,2066,https://jwch.fzu.edu.cn/system/_content/download.jsp?urltype=news.DownloadAttachUrl&owner=1744984858&wbfileid=14903267,14903267,1744984858
001037013641,https://jwch.fzu.edu.cn/info/1037/13641.htm,福州大学关于开展2024级“数理金融实验班”招生工作的通知,【教研教改】,2024-08-30,"校教〔2024〕29号

各学院：
   举办“数理金融实验班”是我校培养拔尖创新人才的重要举措之一。为推动这项特色鲜明的英才培养模式改革，经研究，决定从2024级高考新生中选拔部分优异生组建第十一届“数理金融实验班”。请各学院相关负责人组织做好宣传报名等招生工作，积极鼓励有创新潜质、综合素质优秀的学生报名参加，有关事项见附件。
   特此通知。

附件1：福州大学2024级“数理金融实验班”招生简章
附件2：福州大学2024级“数理金融实验班”选拔方案
附件3：2024级数理金融实验班申请表
附件4：承诺书

福州大学教务处
2024年8月30日",4,0017449848580014903268,附件1：福州大学2024级“数理金融实验班“招生简章.doc,2174,https://jwch.fzu.edu.cn/system/_content/download.jsp?urltype=news.DownloadAttachUrl&owner=1744984858&wbfileid=14903268,14903268,1744984858
001037013641,https://jwch.fzu.edu.cn/info/1037/13641.htm,福州大学关于开展2024级“数理金融实验班”招生工作的通知,【教研教改】,2024-08-30,"校教〔2024〕29号

各学院：
   举办“数理金融实验班”是我校培养拔尖创新人才的重要举措之一。为推动这项特色鲜明的英才培养模式改革，经研究，决定从2024级高考新生中选拔部分优异生组建第十一届“数理金融实验班”。请各学院相关负责人组织做好宣传报名等招生工作，积极鼓励有创新潜质、综合素质优秀的学生报名参加，有关事项见附件。
   特此通知。

附件1：福州大学2024级“数理金融实验班”招生简章
附件2：福州大学2024级“数理金融实验班”选拔方案
附件3：2024级数理金融实验班申请表
附件4：承诺书

福州大学教务处
2024年8月30日",4,0017449848580014903270,附件4：承诺书.doc,722,https://jwch.fzu.edu.cn/system/_content/download.jsp?urltype=news.DownloadAttachUrl&owner=1744984858&wbfileid=14903270,14903270,1744984858
001037013641,https://jwch.fzu.edu.cn/info/1037/13641.htm,福州大学关于开展2024级“数理金融实验班”招生工作的通知,【教研教改】,2024-08-30,"校教〔2024〕29号

各学院：
   举办“数理金融实验班”是我校培养拔尖创新人才的重要举措之一。为推动这项特色鲜明的英才培养模式改革，经研究，决定从2024级高考新生中选拔部分优异生组建第十一届“数理金融实验班”。请各学院相关负责人组织做好宣传报名等招生工作，积极鼓励有创新潜质、综合素质优秀的学生报名参加，有关事项见附件。
   特此通知。

附件1：福州大学2024级“数理金融实验班”招生简章
附件2：福州大学2024级“数理金融实验班”选拔方案
附件3：2024级数理金融实验班申请表
附件4：承诺书

福州大学教务处
2024年8月30日",4,0017449848580014903269,附件3：2024级数理金融实验班申请表.doc,845,https://jwch.fzu.edu.cn/system/_content/download.jsp?urltype=news.DownloadAttachUrl&owner=1744984858&wbfileid=14903269,14903269,1744984858
001036013639,https://jwch.fzu.edu.cn/info/1036/13639.htm,关于2024-2025学年第一学期辅修专业补退选、缴费的通知,【教学运行】,2024-08-26,"各学院：
本学期辅修专业课程补退选时间为8月26日至8月30日24：00。请相关同学自行登录“本科教学系统”进行操作。
辅修选课办理成功后，需进行缴费。
如课程遇有冲突，可进行辅修免听选课。
所有流程必须在上述时间内完成，逾期未缴费的，选课无效。

教务处
2024年8月26日",0,,,,,,
001038013637,https://jwch.fzu.edu.cn/info/1038/13637.htm,关于2024-2025学年第一学期港澳台侨学生思政课和军事课程退选替代的通知,【计划科】,2024-08-25,"各学院：
根据《校教〔2019〕56号关于印发港澳台侨学生思政课和军事课程学分替代方案的通知》的要求，我校2019级起新入学港澳台侨学生开始实行相关国情类课程替代方案：现行培养方案中的《马克思主义基本原理》《毛泽东思想和中国特色社会主义理论体系概论》《中国近现代史纲要》《思想道德与法治》《习近平新时代中国特色社会主义思想概论》《形势与政策》《思想政治实践课》《军事理论》《军事技能》等课程可以直接修习或以国情类课程替代。
现就港澳台侨学生国情类课程替代事项通知如下：
一、根据教务处选课通知，完成学期选课。
1.在规定时间内登录本科教学管理系统（以下简称“系统”）完成本学期学期选课（含思政课和军事课程）。
2.需用国情类课程学分替代思政课和军事课程学分的学生，应于本学期初全校性通识选修课（以下简称“通选课”）选课期间登录系统，退选思政课和军事课程，同时选修国情类课程。
3. 2024级港澳台侨学生第一学期仅安排课程退选，不安排国情类课程的选课。2024级港澳台侨新生需于10月12日（含）前填写“港澳台侨学生思政课和军事课程退选申请表”交所在学院教学办办理退选事宜（尤其注意是否退选“形势与政策”），未在规定时间内办理或者选择不退选课程的，需按照培养计划要求参加这些课程的学习和考试。
二、课程退选替代以学期为单位进行，未在规定时间内办理或者选择不退选课程的，需按照培养计划要求参加这些课程的学习和考试。
三、根据“形势与政策”课程每学期都必须修读且全部通过考核后方能获得学分的要求，需要替代该课程的学生必须在第一学期进行退选。
四、修业年限内学生累计选修的国情类课程总学分不得低于其所退选的思政课和军事课程总学分。若所修国情类课程总学分超过退选的思政课和军事课程总学分，不可认定为其它课程类型学分。
五、学生每学期选修的国情类课程不得超过8学分。
六、学生可选择参加国家教育行政学院国情教育网络培训用以替代思政课和军事课程学分，具体实施方案以相关通知为准。
七、国情类课程不安排补考或重修，考核不及格需选修其它国情类课程。
 
附：2024-2025学年第一学期国情课列表
    港澳台侨学生思政课和军事课程退选申请表
 
教务处
2024年8月25日",2,0017449848580014901557,2024-2025学年第一学期国情课列表.docx,1232,https://jwch.fzu.edu.cn/system/_content/download.jsp?urltype=news.DownloadAttachUrl&owner=1744984858&wbfileid=14901557,14901557,1744984858
001038013637,https://jwch.fzu.edu.cn/info/1038/13637.htm,关于2024-2025学年第一学期港澳台侨学生思政课和军事课程退选替代的通知,【计划科】,2024-08-25,"各学院：
根据《校教〔2019〕56号关于印发港澳台侨学生思政课和军事课程学分替代方案的通知》的要求，我校2019级起新入学港澳台侨学生开始实行相关国情类课程替代方案：现行培养方案中的《马克思主义基本原理》《毛泽东思想和中国特色社会主义理论体系概论》《中国近现代史纲要》《思想道德与法治》《习近平新时代中国特色社会主义思想概论》《形势与政策》《思想政治实践课》《军事理论》《军事技能》等课程可以直接修习或以国情类课程替代。
现就港澳台侨学生国情类课程替代事项通知如下：
一、根据教务处选课通知，完成学期选课。
1.在规定时间内登录本科教学管理系统（以下简称“系统”）完成本学期学期选课（含思政课和军事课程）。
2.需用国情类课程学分替代思政课和军事课程学分的学生，应于本学期初全校性通识选修课（以下简称“通选课”）选课期间登录系统，退选思政课和军事课程，同时选修国情类课程。
3. 2024级港澳台侨学生第一学期仅安排课程退选，不安排国情类课程的选课。2024级港澳台侨新生需于10月12日（含）前填写“港澳台侨学生思政课和军事课程退选申请表”交所在学院教学办办理退选事宜（尤其注意是否退选“形势与政策”），未在规定时间内办理或者选择不退选课程的，需按照培养计划要求参加这些课程的学习和考试。
二、课程退选替代以学期为单位进行，未在规定时间内办理或者选择不退选课程的，需按照培养计划要求参加这些课程的学习和考试。
三、根据“形势与政策”课程每学期都必须修读且全部通过考核后方能获得学分的要求，需要替代该课程的学生必须在第一学期进行退选。
四、修业年限内学生累计选修的国情类课程总学分不得低于其所退选的思政课和军事课程总学分。若所修国情类课程总学分超过退选的思政课和军事课程总学分，不可认定为其它课程类型学分。
五、学生每学期选修的国情类课程不得超过8学分。
六、学生可选择参加国家教育行政学院国情教育网络培训用以替代思政课和军事课程学分，具体实施方案以相关通知为准。
七、国情类课程不安排补考或重修，考核不及格需选修其它国情类课程。
 
附：2024-2025学年第一学期国情课列表
    港澳台侨学生思政课和军事课程退选申请表
 
教务处
2024年8月25日",2,0017449848580014901556,港澳台侨学生思政课和军事课程退选申请表.docx,958,https://jwch.fzu.edu.cn/system/_content/download.jsp?urltype=news.DownloadAttachUrl&owner=1744984858&wbfileid=14901556,14901556,1744984858
001038013636,https://jwch.fzu.edu.cn/info/1038/13636.htm,关于2024-2025学年第一学期通识教育选修课选课的通知,【计划科】,2024-08-25,"通识教育选修课(以下简称通选课，原称全校性公共选修课)是为扩大学生知识面、开拓视野、推进文理渗透、理工结合、提高各方面素质而开设的跨院系全校性选修课，各专业学生应根据专业需要确定修读类别并修满相应学分。请同学们登陆教务处主页的本科教学系统进行选课。
 
一、选课时间：
第一轮：8月26日—8月29日，
第二轮：8月31日—9月1日，
第三轮：9月3日。
 
二、投分原则及积分计算方法：
1、选课采用投积分、分轮次进行的方式，先预选后由系统统一处理选课结果。每轮选课初始，系统给予每位同学100个积分，同学根据自己的选课计划自由划分这些积分。每轮选课结束后系统根据最终积分（详见积分计算方法）大小按从高到低排序以确定中选名单，对于积分相同但超过限选人数的同学将采取随机抽取的办法。已选中的课程在选课时间内均可自由退选。
 
2、每门课最终积分=所投积分╳年级基数
所投积分：必须为大于0且小等于100的整数；
年级基数：毕业班为100%、三年级和五年制专业四年级为85%、其它年级为70%。
 
三、选课规则
1、每轮选课结束后，对于未达到限选人数的课程将形成人数差额，供下一轮继续选课。第二轮选课结果后，选课人数未达到20人的课程将取消开课，已选中这些课程的同学请于第三轮选课开放后选择其他课程。
 
2、已取得及格以上成绩的校选课，不得再次重选；若已修过与校选课相同的课程（即使学时或学分不同），也不应再次选修，否则不予认可学分。另其他任意两门课程冲突，或与校选课时间冲突的，都会导致不中选。若在本系或跨系中已修过的相同的课程学分可抵校选课学分，但不再计入本院、系其它课程模块学分。
特别注意：以上限制与排除条件均为投分后系统方可判断处理，因此请同学们先行判断自身情况再针对性投分，以免浪费选课机会。
 
3、第二轮选课开始将增加智慧树、超星尔雅、学银在线及爱课程等平台开设的在线开放共享课程供同学选课，课程名称前缀分别标注为“智慧树”、“超星尔雅”、“学银在线”、“爱课程”，请同学们注意识别。在线开放课程由学生自愿选择，限选一门，选课方法与第一轮相同。选中课程的同学需在9月9日至9月15日登陆相应平台进行注册报到方可参加在线学习。成绩合格者，课程学分期末计入校选课相应类别学分,未在教务处选课系统选课而自行报名在线学习者不予认定学分。智慧树和超星尔雅平台学习时间为9月9日-11月24日，考试时间11月25日-12月1日，不补考。
 
常用授课平台网址为：
 
福州大学课程中心：http://met2.fzu.edu.cn/meol/index.do；
 
智慧树：https://portals.zhihuishu.com/fzu；（手机端用户打开知到APP，选择学号登录，输入福州大学、学号及初始密码：Zhihuishu@学号后六位。请注意：打开APP后，点击【学习】查看已选择的课程，课程角标必须为“共享课”，若角标显示为“兴趣课”或“公开课”，则说明认证不正确，这个课看完是没有学分的！）
附：智慧树学生端操作手册
 
超星尔雅：http://fzdx.fanya.chaoxing.com/portal，(首次使用学习通的同学，需要注册并绑定单位（单位UC码1799）及学号才能查看并学习课程，注册及使用方式详见附件使用手册)；
附：超星尔雅使用手册（学生版）
 
学银在线：http://www.xueyinonline.com/；
 
学堂在线：https://next.xuetangx.com/；
 
中国大学MOOC：https://www.icourse163.org/；
 
爱课程：http://www.icourses.cn/school/FZU。(爱课程网站需注意：（1）使用邮箱注册成功后，需将用户昵称命名为：FZU+学号+姓名，如张三，注册用户名为：FZU学号张三；（2）注册成功后，必须加入相应课程的慕课堂参加学习，才能最终获取成绩)   
附：慕课堂学生操作手册
 
四、注意事项
1、请仔细阅读各网课平台的操作手册，按要求完成注册认证后再参加课程学习。
 
福州大学教务处
2024年8月25日",3,0017449848580014901547,超星尔雅使用手册（学生版）.pdf,3327,https://jwch.fzu.edu.cn/system/_content/download.jsp?urltype=news.DownloadAttachUrl&owner=1744984858&wbfileid=14901547,14901547,1744984858
001038013636,https://jwch.fzu.edu.cn/info/1038/13636.htm,关于2024-2025学年第一学期通识教育选修课选课的通知,【计划科】,2024-08-25,"通识教育选修课(以下简称通选课，原称全校性公共选修课)是为扩大学生知识面、开拓视野、推进文理渗透、理工结合、提高各方面素质而开设的跨院系全校性选修课，各专业学生应根据专业需要确定修读类别并修满相应学分。请同学们登陆教务处主页的本科教学系统进行选课。
 
一、选课时间：
第一轮：8月26日—8月29日，
第二轮：8月31日—9月1日，
第三轮：9月3日。
 
二、投分原则及积分计算方法：
1、选课采用投积分、分轮次进行的方式，先预选后由系统统一处理选课结果。每轮选课初始，系统给予每位同学100个积分，同学根据自己的选课计划自由划分这些积分。每轮选课结束后系统根据最终积分（详见积分计算方法）大小按从高到低排序以确定中选名单，对于积分相同但超过限选人数的同学将采取随机抽取的办法。已选中的课程在选课时间内均可自由退选。
 
2、每门课最终积分=所投积分╳年级基数
所投积分：必须为大于0且小等于100的整数；
年级基数：毕业班为100%、三年级和五年制专业四年级为85%、其它年级为70%。
 
三、选课规则
1、每轮选课结束后，对于未达到限选人数的课程将形成人数差额，供下一轮继续选课。第二轮选课结果后，选课人数未达到20人的课程将取消开课，已选中这些课程的同学请于第三轮选课开放后选择其他课程。
 
2、已取得及格以上成绩的校选课，不得再次重选；若已修过与校选课相同的课程（即使学时或学分不同），也不应再次选修，否则不予认可学分。另其他任意两门课程冲突，或与校选课时间冲突的，都会导致不中选。若在本系或跨系中已修过的相同的课程学分可抵校选课学分，但不再计入本院、系其它课程模块学分。
特别注意：以上限制与排除条件均为投分后系统方可判断处理，因此请同学们先行判断自身情况再针对性投分，以免浪费选课机会。
 
3、第二轮选课开始将增加智慧树、超星尔雅、学银在线及爱课程等平台开设的在线开放共享课程供同学选课，课程名称前缀分别标注为“智慧树”、“超星尔雅”、“学银在线”、“爱课程”，请同学们注意识别。在线开放课程由学生自愿选择，限选一门，选课方法与第一轮相同。选中课程的同学需在9月9日至9月15日登陆相应平台进行注册报到方可参加在线学习。成绩合格者，课程学分期末计入校选课相应类别学分,未在教务处选课系统选课而自行报名在线学习者不予认定学分。智慧树和超星尔雅平台学习时间为9月9日-11月24日，考试时间11月25日-12月1日，不补考。
 
常用授课平台网址为：
 
福州大学课程中心：http://met2.fzu.edu.cn/meol/index.do；
 
智慧树：https://portals.zhihuishu.com/fzu；（手机端用户打开知到APP，选择学号登录，输入福州大学、学号及初始密码：Zhihuishu@学号后六位。请注意：打开APP后，点击【学习】查看已选择的课程，课程角标必须为“共享课”，若角标显示为“兴趣课”或“公开课”，则说明认证不正确，这个课看完是没有学分的！）
附：智慧树学生端操作手册
 
超星尔雅：http://fzdx.fanya.chaoxing.com/portal，(首次使用学习通的同学，需要注册并绑定单位（单位UC码1799）及学号才能查看并学习课程，注册及使用方式详见附件使用手册)；
附：超星尔雅使用手册（学生版）
 
学银在线：http://www.xueyinonline.com/；
 
学堂在线：https://next.xuetangx.com/；
 
中国大学MOOC：https://www.icourse163.org/；
 
爱课程：http://www.icourses.cn/school/FZU。(爱课程网站需注意：（1）使用邮箱注册成功后，需将用户昵称命名为：FZU+学号+姓名，如张三，注册用户名为：FZU学号张三；（2）注册成功后，必须加入相应课程的慕课堂参加学习，才能最终获取成绩)   
附：慕课堂学生操作手册
 
四、注意事项
1、请仔细阅读各网课平台的操作手册，按要求完成注册认证后再参加课程学习。
 
福州大学教务处
2024年8月25日",3,0017449848580014901550,智慧树学生手册.pptx,1751,https://jwch.fzu.edu.cn/system/_content/download.jsp?urltype=news.DownloadAttachUrl&owner=1744984858&wbfileid=14901550,14901550,1744984858
001038013636,https://jwch.fzu.edu.cn/info/1038/13636.htm,关于2024-2025学年第一学期通识教育选修课选课的通知,【计划科】,2024-08-25,"通识教育选修课(以下简称通选课，原称全校性公共选修课)是为扩大学生知识面、开拓视野、推进文理渗透、理工结合、提高各方面素质而开设的跨院系全校性选修课，各专业学生应根据专业需要确定修读类别并修满相应学分。请同学们登陆教务处主页的本科教学系统进行选课。
 
一、选课时间：
第一轮：8月26日—8月29日，
第二轮：8月31日—9月1日，
第三轮：9月3日。
 
二、投分原则及积分计算方法：
1、选课采用投积分、分轮次进行的方式，先预选后由系统统一处理选课结果。每轮选课初始，系统给予每位同学100个积分，同学根据自己的选课计划自由划分这些积分。每轮选课结束后系统根据最终积分（详见积分计算方法）大小按从高到低排序以确定中选名单，对于积分相同但超过限选人数的同学将采取随机抽取的办法。已选中的课程在选课时间内均可自由退选。
 
2、每门课最终积分=所投积分╳年级基数
所投积分：必须为大于0且小等于100的整数；
年级基数：毕业班为100%、三年级和五年制专业四年级为85%、其它年级为70%。
 
三、选课规则
1、每轮选课结束后，对于未达到限选人数的课程将形成人数差额，供下一轮继续选课。第二轮选课结果后，选课人数未达到20人的课程将取消开课，已选中这些课程的同学请于第三轮选课开放后选择其他课程。
 
2、已取得及格以上成绩的校选课，不得再次重选；若已修过与校选课相同的课程（即使学时或学分不同），也不应再次选修，否则不予认可学分。另其他任意两门课程冲突，或与校选课时间冲突的，都会导致不中选。若在本系或跨系中已修过的相同的课程学分可抵校选课学分，但不再计入本院、系其它课程模块学分。
特别注意：以上限制与排除条件均为投分后系统方可判断处理，因此请同学们先行判断自身情况再针对性投分，以免浪费选课机会。
 
3、第二轮选课开始将增加智慧树、超星尔雅、学银在线及爱课程等平台开设的在线开放共享课程供同学选课，课程名称前缀分别标注为“智慧树”、“超星尔雅”、“学银在线”、“爱课程”，请同学们注意识别。在线开放课程由学生自愿选择，限选一门，选课方法与第一轮相同。选中课程的同学需在9月9日至9月15日登陆相应平台进行注册报到方可参加在线学习。成绩合格者，课程学分期末计入校选课相应类别学分,未在教务处选课系统选课而自行报名在线学习者不予认定学分。智慧树和超星尔雅平台学习时间为9月9日-11月24日，考试时间11月25日-12月1日，不补考。
 
常用授课平台网址为：
 
福州大学课程中心：http://met2.fzu.edu.cn/meol/index.do；
 
智慧树：https://portals.zhihuishu.com/fzu；（手机端用户打开知到APP，选择学号登录，输入福州大学、学号及初始密码：Zhihuishu@学号后六位。请注意：打开APP后，点击【学习】查看已选择的课程，课程角标必须为“共享课”，若角标显示为“兴趣课”或“公开课”，则说明认证不正确，这个课看完是没有学分的！）
附：智慧树学生端操作手册
 
超星尔雅：http://fzdx.fanya.chaoxing.com/portal，(首次使用学习通的同学，需要注册并绑定单位（单位UC码1799）及学号才能查看并学习课程，注册及使用方式详见附件使用手册)；
附：超星尔雅使用手册（学生版）
 
学银在线：http://www.xueyinonline.com/；
 
学堂在线：https://next.xuetangx.com/；
 
中国大学MOOC：https://www.icourse163.org/；
 
爱课程：http://www.icourses.cn/school/FZU。(爱课程网站需注意：（1）使用邮箱注册成功后，需将用户昵称命名为：FZU+学号+姓名，如张三，注册用户名为：FZU学号张三；（2）注册成功后，必须加入相应课程的慕课堂参加学习，才能最终获取成绩)   
附：慕课堂学生操作手册
 
四、注意事项
1、请仔细阅读各网课平台的操作手册，按要求完成注册认证后再参加课程学习。
 
福州大学教务处
2024年8月25日",3,0017449848580014901548,慕课堂学生操作手册.pdf,4891,https://jwch.fzu.edu.cn/system/_content/download.jsp?urltype=news.DownloadAttachUrl&owner=1744984858&wbfileid=14901548,14901548,1744984858
001040013635,https://jwch.fzu.edu.cn/info/1040/13635.htm,关于开学第一周集中听课的通知,【质量办】,2024-08-25,"各学院、各有关单位：
根据《福州大学党政领导听课管理实施办法》（福大教〔2022〕27号）文件精神，开学第一周为党政领导集中听课周，请各级党政领导按文件要求深入本科生课堂听课，了解教师教学和学生学习情况，发现问题、分析问题、解决问题，并认真填写《福州大学课堂教学质量评估表》及《高校思政课教学指导组听课评价表》，其中思政课教学指导组（校党委书记、校长牵头，分管教学、科研、思政课工作校领导，马克思主义学院领导班子，教学督导员等共同组成）听思政课请填写《高校思政课教学指导组听课评价表》。
特此通知。

附件：
1.《福州大学课堂教学质量评估表》
2.《高校思政课教学指导组听课评价表》
3．2024—2025学年第一学期第一周课表
4.《福州大学党政领导听课管理实施办法》（福大教〔2022〕27号）

教学质量监控与评估中心
2024年8月25日",4,0017449848580014901500,附件1：福州大学课堂教学质量评估表.doc,651,https://jwch.fzu.edu.cn/system/_content/download.jsp?urltype=news.DownloadAttachUrl&owner=1744984858&wbfileid=14901500,14901500,1744984858
001040013635,https://jwch.fzu.edu.cn/info/1040/13635.htm,关于开学第一周集中听课的通知,【质量办】,2024-08-25,"各学院、各有关单位：
根据《福州大学党政领导听课管理实施办法》（福大教〔2022〕27号）文件精神，开学第一周为党政领导集中听课周，请各级党政领导按文件要求深入本科生课堂听课，了解教师教学和学生学习情况，发现问题、分析问题、解决问题，并认真填写《福州大学课堂教学质量评估表》及《高校思政课教学指导组听课评价表》，其中思政课教学指导组（校党委书记、校长牵头，分管教学、科研、思政课工作校领导，马克思主义学院领导班子，教学督导员等共同组成）听思政课请填写《高校思政课教学指导组听课评价表》。
特此通知。

附件：
1.《福州大学课堂教学质量评估表》
2.《高校思政课教学指导组听课评价表》
3．2024—2025学年第一学期第一周课表
4.《福州大学党政领导听课管理实施办法》（福大教〔2022〕27号）

教学质量监控与评估中心
2024年8月25日",4,0017449848580014901501,附件2：高校思政课教学指导组听课评价表.doc,656,https://jwch.fzu.edu.cn/system/_content/download.jsp?urltype=news.DownloadAttachUrl&owner=1744984858&wbfileid=14901501,14901501,1744984858
001040013635,https://jwch.fzu.edu.cn/info/1040/13635.htm,关于开学第一周集中听课的通知,【质量办】,2024-08-25,"各学院、各有关单位：
根据《福州大学党政领导听课管理实施办法》（福大教〔2022〕27号）文件精神，开学第一周为党政领导集中听课周，请各级党政领导按文件要求深入本科生课堂听课，了解教师教学和学生学习情况，发现问题、分析问题、解决问题，并认真填写《福州大学课堂教学质量评估表》及《高校思政课教学指导组听课评价表》，其中思政课教学指导组（校党委书记、校长牵头，分管教学、科研、思政课工作校领导，马克思主义学院领导班子，教学督导员等共同组成）听思政课请填写《高校思政课教学指导组听课评价表》。
特此通知。

附件：
1.《福州大学课堂教学质量评估表》
2.《高校思政课教学指导组听课评价表》
3．2024—2025学年第一学期第一周课表
4.《福州大学党政领导听课管理实施办法》（福大教〔2022〕27号）

教学质量监控与评估中心
2024年8月25日",4,0017449848580014901502,附件3：2024-2025学年第一学期第一周课表.xlsx,795,https://jwch.fzu.edu.cn/system/_content/download.jsp?urltype=news.DownloadAttachUrl&owner=1744984858&wbfileid=14901502,14901502,1744984858
001040013635,https://jwch.fzu.edu.cn/info/1040/13635.htm,关于开学第一周集中听课的通知,【质量办】,2024-08-25,"各学院、各有关单位：
根据《福州大学党政领导听课管理实施办法》（福大教〔2022〕27号）文件精神，开学第一周为党政领导集中听课周，请各级党政领导按文件要求深入本科生课堂听课，了解教师教学和学生学习情况，发现问题、分析问题、解决问题，并认真填写《福州大学课堂教学质量评估表》及《高校思政课教学指导组听课评价表》，其中思政课教学指导组（校党委书记、校长牵头，分管教学、科研、思政课工作校领导，马克思主义学院领导班子，教学督导员等共同组成）听思政课请填写《高校思政课教学指导组听课评价表》。
特此通知。

附件：
1.《福州大学课堂教学质量评估表》
2.《高校思政课教学指导组听课评价表》
3．2024—2025学年第一学期第一周课表
4.《福州大学党政领导听课管理实施办法》（福大教〔2022〕27号）

教学质量监控与评估中心
2024年8月25日",4,0017449848580014901506,附件4：福州大学党政领导听课管理实施办法（福大教〔2022〕27号）.doc,602,https://jwch.fzu.edu.cn/system/_content/download.jsp?urltype=news.DownloadAttachUrl&owner=1744984858&wbfileid=14901506,14901506,1744984858
001036013634,https://jwch.fzu.edu.cn/info/1036/13634.htm,关于2024-2025学年第一学期学期选课补退选的通知,【教学运行】,2024-08-25,"各学院：
本学期学期选课的补退选时间定于8月25日至8月30日16：00，请有需要补选、退选、改选课程的同学自行登录“本科教学系统”进行操作。
补退选课程后需进入“我的选课”进行最后确认，以“我的选课”里面显示的结果为最终选课结果（及时打印课表以备上课使用）。

补退选流程必须在以上规定时间内完成，逾期不予受理。
教务处
2024年8月25日",0,,,,,,
001040013630,https://jwch.fzu.edu.cn/info/1040/13630.htm,关于开展2024年工程教育认证研讨培训的通知,【质量办】,2024-08-02,"各有关学院：
为做好下一阶段我校工程教育认证工作，推动卓越工程师培养，服务深化教育综合改革，宣讲2024版认证标准修订内容，根据《关于组织2024年工程教育认证研讨培训的通告》（详见附件1）的安排，现组织我校工科专业参加教育部中国工程教育专业认证协会2024年工程教育专业认证培训。现将有关事项通知如下：
一、培训内容
结合新版认证标准修订内容，聚焦以下专题进行培训：
1.卓越工程人才培养的新形势与新要求；
2.工程教育认证与专业建设；
3.面向产出的课程大纲制定；
4.面向产出的课程目标评价；
5.专家查证视角下的专业有效举证；
6.服务卓越人才培养的学校保障机制建设经验分享；
7.面向产出的专业建设经验分享；
8.面向产出的课程建设经验分享。
二、培训对象
高校职能部门负责人，院系、专业负责人及一线教师等。
三、时间及地点
第一期，拟于8月21-23日，西宁；
第二期，拟于8月27-29日，昆明；
第三期，拟于9月5-7日，兰州。
四、注意事项
1.请相关学院组织教师参加，优先安排已受理认证或通过认证专业的教师参加培训，每个专业不超过5人，并以学院为单位填写报名回执（详见附件2），8月5日前发送至10556425@qq.com,学校将统一上报参会人员名单。
2.培训具体时间、地点、缴费等有关组织工作事宜，另行通知，也可关注中国工程教育专业认证协会官方网站。
联系人：蒋麓，联系电话：0591-22860935。

附件1：《关于组织2024年工程教育认证研讨培训的通告》
附件2：《2024年工程教育认证研讨培训报名回执》

教学质量监控与评估中心
2024年8月2日",2,0017449848580014898472,附件1：关于组织2024年工程教育认证研讨培训的通告.docx,722,https://jwch.fzu.edu.cn/system/_content/download.jsp?urltype=news.DownloadAttachUrl&owner=1744984858&wbfileid=14898472,14898472,1744984858
001040013630,https://jwch.fzu.edu.cn/info/1040/13630.htm,关于开展2024年工程教育认证研讨培训的通知,【质量办】,2024-08-02,"各有关学院：
为做好下一阶段我校工程教育认证工作，推动卓越工程师培养，服务深化教育综合改革，宣讲2024版认证标准修订内容，根据《关于组织2024年工程教育认证研讨培训的通告》（详见附件1）的安排，现组织我校工科专业参加教育部中国工程教育专业认证协会2024年工程教育专业认证培训。现将有关事项通知如下：
一、培训内容
结合新版认证标准修订内容，聚焦以下专题进行培训：
1.卓越工程人才培养的新形势与新要求；
2.工程教育认证与专业建设；
3.面向产出的课程大纲制定；
4.面向产出的课程目标评价；
5.专家查证视角下的专业有效举证；
6.服务卓越人才培养的学校保障机制建设经验分享；
7.面向产出的专业建设经验分享；
8.面向产出的课程建设经验分享。
二、培训对象
高校职能部门负责人，院系、专业负责人及一线教师等。
三、时间及地点
第一期，拟于8月21-23日，西宁；
第二期，拟于8月27-29日，昆明；
第三期，拟于9月5-7日，兰州。
四、注意事项
1.请相关学院组织教师参加，优先安排已受理认证或通过认证专业的教师参加培训，每个专业不超过5人，并以学院为单位填写报名回执（详见附件2），8月5日前发送至10556425@qq.com,学校将统一上报参会人员名单。
2.培训具体时间、地点、缴费等有关组织工作事宜，另行通知，也可关注中国工程教育专业认证协会官方网站。
联系人：蒋麓，联系电话：0591-22860935。

附件1：《关于组织2024年工程教育认证研讨培训的通告》
附件2：《2024年工程教育认证研讨培训报名回执》

教学质量监控与评估中心
2024年8月2日",2,0017449848580014898473,附件2：2024年工程教育认证研讨培训报名回执.docx,557,https://jwch.fzu.edu.cn/system/_content/download.jsp?urltype=news.DownloadAttachUrl&owner=1744984858&wbfileid=14898473,14898473,1744984858
001036013629,https://jwch.fzu.edu.cn/info/1036/13629.htm,福州大学关于印发《福州大学本科生转专业管理实施办法》的通知,【教学运行】,2024-08-01,"福大教〔2024〕16号

各学院，机关各部门、各单位：
《福州大学本科生转专业管理实施办法》经福州大学本科生学籍事务管理委员会审议通过，现印发给你们，请遵照执行。

                                      福  州  大  学

   2024年7月4日

福州大学本科生转专业管理实施办法
第一章 总 则
第一条 为进一步规范本科生转专业工作，根据《普通高等学校学生管理规定》（教育部令第41号）精神，结合学校实际，制定本办法。
第二条 学校本科生学籍事务管理委员会负责本科生转专业工作。
第二章 基本原则
第三条 学校确立“自由申请、宏观控制、规定时间、公开考核、双向选择”的基本原则。在学校规定的时间内，学生自愿申请，学生和专业双向选择，学校组织各学院在公平、公正、公开的基础上对学生进行考核，专业所在学院根据学生考核情况选拔录取学生。
第四条 各专业应根据社会对人才需求情况的发展变化和教学资源条件上报转专业实施细则（包含转入条件、具体考核内容和办法、各专业拟接收转入学生人数等），并经教务处初审和学校本科生学籍事务管理委员会审核通过。接收大一学生转专业人数原则上不超过该专业入学时实际招生数的10%；接收大二学生转专业人数原则上不超过该专业入学时实际招生数的3%。留学生、港澳台侨生，以及因患病或者有特殊困难、特别需要，无法继续在本专业学习或者不适应本专业学习要求，但尚可在其他专业学习的学生，其转专业人数指标可单列。
第五条  转专业每学年办理一次，学生可以在第一学期末或第三学期末自主申请转专业。学生在学期间只能转一次专业（包括进入转专业公示名单者）。
第三章  基本条件
第六条 学生符合以下情形之一的，可以申请转专业：
（一）在学习期间对其他专业有兴趣和专长的；
（二）因患病或者有特殊困难、特别需要，无法继续在本专业学习或者不适应本专业学习要求，但尚可在其他专业学习的。
第七条  各专业应制定科学合理的转专业转入条件，对具有学术特长或较强创新特质学生以及留学生和港澳台侨生，其转专业的转入条件可单独制定，但应与普通学生的转入条件一并同时公布。
属于本办法第六条中第二种情形的学生，其转专业条件及相关证明材料由学校本科生学籍事务管理委员会认定。
第八条 面向福州、厦门和泉州单列招生录取的学生，入学后只能在各自面向区域招生的专业范围内申请转专业；面向区域招生范围如有变化，以录取当年招生章程为准；录取资源勘查工程、采矿工程和矿物加工工程专业的学生只能在此三个专业内申请转专业；普通类专业和艺术类专业之间不能申请互转专业；美术学类、设计学类专业不能与音乐学专业申请互转专业；因培养模式不同，学生不可申请转入中外合作办学、闽台高校联合培养人才项目相关专业。
第九条 录取时对转专业有特殊规定的按规定办理。
第十条 经学校批准休学创业后复学的学生，其创业经历与转入专业相关且转专业后更有利于学生个人发展的，转入专业应在同等情况下优先考虑。
退役后复学的学生因自身情况需要转专业的，转入专业应优先考虑。
第十一条 学生有下列情形之一的，不得转专业：
（一）国家有相关规定或者录取前与学校有明确约定的；
（二）定向生、高水平运动队；
（三）中外合作办学、闽台高校联合培养人才项目的学生；
（四）本科三年级（含）以上学生；
（五）保留入学资格、保留学籍、休学期间的；
（六）应予以退学或应受到开除学籍处分的；
（七）其他有失公平、公正的。
第四章 工作程序
第十二条 教务处发布通知启动转专业工作。
第十三条 学院成立本科生转专业工作领导小组，负责学院转专业工作的组织实施。各学院根据本学院教学资源情况和学校的规定，制定本学院转专业实施细则（包含转入条件、具体考核内容和办法、各专业拟接收转入学生人数等），上报教务处。
第十四条 教务处根据本办法有关规定及各学院的教学资源情况，对各学院上报的转专业实施细则进行汇总初审，并将初审结果报学校本科生学籍事务管理委员会审核通过后，由教务处在学校网站上统一公布。
第十五条 接收学院公布咨询时间，安排专人或通过学院网站接受学生咨询。　
第十六条 申请转专业的学生根据学校公布的转专业计划和自己的意愿进行网上报名申请，通过教务处初审报名资格后打印《福州大学本科学生转专业审批表》，连同相应的证明材料（如可证明本人兴趣爱好的证书复印件等）在规定时间内送交学生所在学院教学办，所在学院教学办汇总后分送各有关学院教学办。
第十七条 各接收学院遵照公布的转入条件和考核办法对申请转入的学生进行全面考核，确定拟同意转入的学生名单报送教务处。
第十八条 属于本规定第六条中第二种情形的学生，须由学生本人申请并提供相应证明材料，学生所在学院核实后上报教务处，教务处汇总后上报学校本科生学籍事务管理委员会。学校本科生学籍事务管理委员会研究确定拟同意转专业学生名单，并将结果通知教务处和各相关学院。
第十九条 教务处对拟同意转专业学生进行汇总初审，报学校本科生学籍事务管理委员会审核通过后，在学校网站上对拟批准转专业的学生名单进行公示，公示结束后发文正式公布。
第二十条 各学院收到学校同意转专业的正式文件后，通知相关学生并做好相应的转专业后续工作。
第二十一条 学生在原专业已修课程学分可根据学校有关规定申请学分认定。转专业学分认定后，学生应补修转入专业培养方案中规定要求的、但在原专业未修读的课程。
第五章 其他事宜
第二十二条 各学院应指导学生切实做好自身学业规划，慎重申请转专业。转专业的学生一旦被录取且在规定的公示期结束后，不得放弃转专业资格。
第二十三条 本办法自2024级学生开始施行，原《福州大学本科学生转专业管理实施办法(暂行)》（福大教〔2017〕46号）同时废止，本办法具体解释工作由教务处承担。",0,,,,,,
001039013628,https://jwch.fzu.edu.cn/info/1039/13628.htm,关于转发《关于举办2024年福建省大学生人工智能创意赛暨昇腾AI创新大赛的通知》的通知,【实践科】,2024-07-10,"各学院：
现将《关于举办2024年福建省大学生人工智能创意赛暨昇腾AI创新大赛的通知》转发给你们，请根据文件要求积极组织相关专业学生报名参赛，具体报名事宜详见附件。
附件：关于举办2024年福建省大学生人工智能创意赛暨昇腾AI创新大赛的通知

福州大学教务处
2024年7月10日",1,0017449848580014895469,附件：关于举办2024年福建省大学生人工智能创意赛暨昇腾AI创新大赛的通知.pdf,1441,https://jwch.fzu.edu.cn/system/_content/download.jsp?urltype=news.DownloadAttachUrl&owner=1744984858&wbfileid=14895469,14895469,1744984858
001039013617,https://jwch.fzu.edu.cn/info/1039/13617.htm,关于公布第十三届大学生软件设计与服务外包创新创业竞赛获奖名单的通知,【实践科】,2024-07-06,"校教〔2024〕26号
各学院：
   由我校计算机与大数据学院、服务外包与软件设计实验室承办的福州大学第十三届大学生软件设计与服务外包创新创业竞赛已于2024年6月22日顺利结束。本次大赛共有来自计算机与大数据学院、梅努斯国际工程学院、经济与管理学院等学院的60支队伍173名同学报名参赛，入围决赛作品17项。经初赛和线下答辩决赛，最终评出一等奖5项、二等奖6项、三等奖6项。同一获奖等级，排名不分先后。现将获奖名单公布如下：

学院
姓名
获奖等级

计算机与大数据学院
郑隆熙
一等奖

吴君凯

梅努斯国际工程学院
林泳坤
一等奖

王志鹏

蔡心林

计算机与大数据学院
陈智凯
一等奖

梅努斯国际工程学院
汪弈羽

林玥阳

梅努斯国际工程学院
谢晨怡
一等奖

陈子彦

张林奕涵

梅努斯国际工程学院
傅思羽
一等奖

徐静雯

梅努斯国际工程学院
王赐宸
二等奖

李佳亮

周一

梅努斯国际工程学院
李菲
二等奖

计算机与大数据学院
刘嘉榕

刘昱辰

梅努斯国际工程学院
周建松
二等奖

雷茜媛

郭紫萱

计算机与大数据学院
陈浩伟
二等奖

经济与管理学院
李锐颜

计算机与大数据学院
李梓玄

梅努斯国际工程学院
庄佳敏
二等奖

计算机与大数据学院
庄邵锟

梅努斯国际工程学院
孙钰婷

梅努斯国际工程学院
黄丛扬
二等奖

柯宇琦

梅努斯国际工程学院
徐子毅
三等奖

黄毅弘

谢旭东

梅努斯国际工程学院
吴宇哲
三等奖

吴若予萱

王立鑫

计算机与大数据学院
曾恬灵
三等奖

令狐欣蕊

陈佳慧

梅努斯国际工程学院
陈竟镗
三等奖

陈志婷

林怡琳

梅努斯国际工程学院
谢晨怡
三等奖

蔡奕颖

陈雨欣

计算机与大数据学院
陈诗雪
三等奖

梅努斯国际工程学院
顾宸

孙钰婷

福州大学教务处
2024年7月6日",0,,,,,,
001035013626,https://jwch.fzu.edu.cn/content.jsp?urltype=news.NewsContentUrl&wbtreeid=1035&wbnewsid=13626,教务处关于2024年暑假用印安排的通知,【综合科】,2024-07-06,"各学院，机关各部门、各单位：
根据学校假期工作安排，暑假期间（7月7日至8月24日），为方便师生办理有关事宜，现将教务处用印安排情况予以公布（时间：上午8:30～11:30，下午2:30～5：00）。确需紧急用印的，请提前与值班人员联系。
教务处
2024年7月5日

日期
星期
单位
值班人员
值班地点
办公电话
备注（校区）

20240708
周一
教务处
林老师
行政北楼西135
22866858
成绩密封盖章

20240709
周二
教务处
林老师
行政北楼西135
22866858
成绩密封盖章

20240710
周三
教务处
吴老师
行政北楼西210
22866855
教务处章

20240717
周三
教务处
吴老师
行政北楼西210
22866855
教务处章

20240718
周四
教务处
李老师
行政北楼西208
22866873
成绩密封盖章教务处章

20240719
周五
教务处
李老师
行政北楼西208
22866873
成绩密封盖章教务处章

20240724
周三
教务处
林老师
行政北楼西210
22866855
教务处章

20240731
周三
教务处
林老师
行政北楼西210
22866855
教务处章

20240807
周三
教务处
王老师
行政北楼西210
22866855
教务处章

20240814
周三
教务处
苏老师
行政北楼西210
22866893
教务处章

20240821
周三
教务处
苏老师
行政北楼西210
22866893
教务处章",0,,,,,,
001039013616,https://jwch.fzu.edu.cn/info/1039/13616.htm,关于公布福州大学2024届本科生优秀毕业设计（论文）名单的通知,【实践科】,2024-07-06,"校教〔2024〕25号
各学院：
根据《关于做好2024届本科生毕业设计（论文）工作的通知》（校教〔2023〕42号）文件要求，经专家评审、学院推荐、论文检测、学校审批，共评出福州大学2024届优秀本科生毕业设计（论文）193篇。现将名单予以公布，详见附件。
附件：福州大学2024届优秀本科生毕业设计（论文）名单

福州大学教务处
2024年7月6日",1,0017449848580014638795,附件：福州大学2024届优秀本科生毕业设计（论文）名单.doc,4164,https://jwch.fzu.edu.cn/system/_content/download.jsp?urltype=news.DownloadAttachUrl&owner=1744984858&wbfileid=14638795,14638795,1744984858
001037013602,https://jwch.fzu.edu.cn/info/1037/13602.htm,福州大学关于公布第八届 远志创业实验班学生名单的通知,【教研教改】,2024-07-01,"福大教〔2024〕15号

各学院：
学校组织开展了第八届远志创业实验班招生工作，经选拔考试和面试、公示，决定录取付亦豪等16名学生为福州大学第八届远志实验班学员，现将名单予以公布。

附件：福州大学第八届远志创业实验班学生名单

                                      福  州  大  学

                                     2024年6月28日

附件

福州大学第八届远志创业实验班学生名单

序号
姓名
年级
学号
主专业

1
付亦豪
2023
012301110
电气工程及其自动化

2
王荣耀
2022
042201123
数理综合班

3
李星和
2022
052204104
交通工程

4
陈望龙
2022
052204126
交通工程

5
黄新页
2023
052305148
经济学

6
李泽钦
2023
072306208
金融学

7
梁津
2023
082300229
食品科学与工程

8
阙赫廷
2023
112301527
应用物理学

9
冉蕾
2022
152203116
风景园林

10
赖青涛
2023
162301111
资源勘查工程

11
冷克寒
2023
162301113
资源勘查工程

12
林振鹏
2023
292300324
应用心理学

13
孙晨恩
2023
832301113
电子信息工程（中外合作办学）

14
范禛
2023
832301222
电子信息工程（中外合作办学）

15
强施榆
2023
852301104
物流管理（4+0）

16
张哲榕
2023
852303320
电子信息工程（4+0）",0,,,,,,
001036013601,https://jwch.fzu.edu.cn/info/1036/13601.htm,关于2024-2025学年第一学期辅修专业选课的通知,【教学运行】,2024-07-01,"为做好2024-2025学年第一学期的辅修专业选课工作，现将有关事项通知如下：
一、时间安排
辅修专业选课时间为7月2-4日24：00，辅修补退选和缴费时间另行通知。
二、选课方式
学生自行登录福州大学教务处网站“本科教学系统”，点击【各类选课】下的【辅修选课】菜单进行选课，辅修专业选课采用即选即中方式。
三、免听申请
1.如遇课程冲突，必须办理免听申请手续，经任课教师审核通过后方可缴费。
2.登录“本科教学系统”，点击【辅修选课】菜单预选需要申请免听的课程（在课程前面的下拉框中选择“免听”）。
3.预选结束后应主动与任课教师联系，并根据任课教师要求提交相关申请材料（期末选课期间即可与任课教师联系，务必请任课教师在规定时间内进行审核，未通过审核者选课无效）。

教务处
2024.07.01",0,,,,,,
001035013592,https://jwch.fzu.edu.cn/info/1035/13592.htm,友情提示,【综合科】,2024-06-29,"各学院，机关各部门、各单位：
因承办全省本科高校课程思政骨干教师、研究生导师培训班，教务处部分老师将于2024年6月29日-7月4日期间外出，由此带来的不便，敬请谅解。
如有办理相关业务，可提前联系22866855。

教务处
2024年6月29日",0,,,,,,
001036013585,https://jwch.fzu.edu.cn/info/1036/13585.htm,关于做好期末复习考试及下学期开学等工作的通知,【教学运行】,2024-06-26,"校教〔2024〕 21 号

各学院、各有关单位:
   本学期已近尾声，现将本学期期末教学工作安排及下学期开学初有关工作的注意事项通知如下:
一、期末考试
1. 考试安排
   本学期教学安排至2024年7月5日，2024年7月6日至8月25日放暑假。2024年6月29日至7月5日为期末停课考试周。
   各年段考试周内至少应安排二门考试课程，7月4日或5日应排一门考试课程。由注册中心统一安排考试的部分公共课程考表见表一。其他课程的考试日期由各学院安排。跨学院合班课程考试(分类统考)请有关学院协调安排考表。各学院考表连同下学期初补考表应在7月2日前报送到注册中心。
2. 考试时间
停课考试周，所有考试时间安排如下：
上午:8:30-10:30 ；下午:2:30-4:30 ；晚上:7:00-9:00
非停课考试周的考试时间以具体公布时间为准。
3. 考试组织工作及要求
学院应进一步加强规范考试管理，考试组织工作应按福大教〔2018〕39号《福州大学课程考核管理实施办法》和校教〔2016〕55号《关于加强考试管理和严肃考试纪律的通知》的要求严格执行。同时，为加强考场管理，维护正常的考试秩序，学校已对各教学楼所有多媒体教室（公共教学楼、文科楼）安装了标准化考场巡考摄录系统，白天及夜间均全天候启用及录像保存备查，各学院应将教室安装摄像监控的事宜告知本学院教师和学生。
学院要重视加强对监考教师的考场职责培训，强调监考教师的工作规范，明确考场规章制度，尽职尽责履行考场监考要求。同时对学生进行考前思想动员和教育，重申考场纪律，做好学生的诚信教育，把违纪作弊的思想扼杀在萌芽状态。
各考室主监考老师应从本科教学系统中打印相关考场学生名单及考场情况报告单，在开考前认真核对考生信息并要求考生在学生名单上签名（签过名的学生名单与试卷一起留档）。对考试过程中有违纪苗头的学生及时警告纠正，对确有违纪作弊行为的学生，应按学校有关规定及时严肃处理，每场考试监考人员应清楚准确填写《福州大学考场情况报告表》（以下简称报告表）一式两份。若有考试违纪或作弊情况，应于考试结束当日内将一份报告表及相关违纪作弊材料报送至教务处注册中心，另一份随试卷装订；若无考试违纪或作弊情况，两份报告表均随试卷装订。
监考教师要严格执行校教〔2015〕32号《福州大学监考人员职责》，若有失职，学院应予批评教育，并按教学事故条例处理，将处理结果报送教务处质量管理科。
4. 成绩录入与公布
6月22日至7月10日为学生成绩录入时间。任课教师必须在这个时间段内完成网上成绩录入之全过程，录入应严格按照系统要求操作，以确保准确性。成绩录入提交后，任课教师应从网上将成绩打印一式二份由本人和系或教研室主任签字确认，一份送交开课学院保存，一份由任课教师保存。成绩统一由注册中心从网上向学生公布，学生可随时登录https://jwch.fzu.edu.cn网点，用各自密码进入本科教学管理系统对老师的教学情况进行评价，然后查询自己的成绩。
各学院应及时检查成绩登录情况，并督促教师完成此项工作，所有考试结束后的第六天，注册中心将关闭成绩录入，进行学籍处理。
二、毕业班工作
7月11日前上报经期末考试后确定能毕业以及拟授予学士学位的学生名单等各类材料。对于修业年限期满的学生，各学院也务必同时全部清理完毕（做出毕业、结业或拟退学处理）。
三、下学期初补考工作
1. 补考时间：2024年8月24日至9月1日。
2. 补考安排表中的课程必须是本学期有开设的必修课和限定选修课（不含实践性环节课程），参加补考的对象必须是本学期参加修读课程成绩不及格的和申请期末缓考的学生。
3. 注册中心负责各公共基础课的补考安排（见表二），其余课程由各学院自行插空安排，请各学院根据实际补考人数，在系统中安排具体考试地点，并将安排表及时公布并通知到学生和相关课程所在的院系（教研室），认真做好补考的准备工作。各考室主监考老师应从网上打印相关考场学生名单及考场情况报告单，并将考场学生名单张贴公布在考场前。监考老师开考前请认真核对考生信息并要求考生在学生名单上签名。
4. 8月24日至9月6日为补考成绩录入时间，任课教师应于这个时间段内完成网上补考成绩录入之全过程，因成绩录入时间关系到9月份的推免生成绩核定工作，请各学院务必通知教师及时录入成绩，7日系统将关闭不得录入成绩。若一些课程是根据暑期实践报告才评定成绩的，须尽早让学生提交报告，以确保教师在规定时间内录入成绩。
四、下学期开学初工作
    1.  8月25日为学生到校报到时间，8月26日正式上课。学生本人应持学生证到所在学院履行报到手续，不得代办。
2. 各学院对逾期注册、迟到、旷课的学生应认真查明原因，严格按学籍管理条例处理，在开学二周内将情况报送注册中心。
3.  8月31日至9月1日为新生报到时间。9月23日新生正式上课。
以上各项工作安排均应按时完成，按时报送，认真对待，超过期限将不予受理，延期或上报有误，按教学事故条例进行处理。

(此件各学院必须通知到全体教师)
附:1.表一:2023—2024学年第二学期部分公共基础课期末考试安排
2.表二:2023—2024学年第二学期暑假公共基础课补考 安排
教  务  处
 2024年6月20日

附表一
2023-2024学年第二学期部分公共基础课期末考试安排
具体考场安排和时间会陆续在网上公布

考试时间
考 试 科 目

随堂考
毛泽东思想和中国特色社会主义理论体系概论

随堂考
习近平新时代中国特色社会主义思想概论

随堂考
马克思主义基本原理

随堂考
中国近现代史纲要

随堂考
思想道德与法治

随堂考
军事理论

随堂考
大学应用写作

5月12日上午
工程制图E

6月1日全天
C语言、Visual Basic、C++程序设计、Access数据库程序设计、Python

6月2日下午
线性代数、线性代数与解析几何

6月2日下午
概率论与数理统计

6月16日下午
工程制图C（下）

6月22日上午
大学英语（二）、（四）

6月23日上午
大学英语（三）

6月23日下午
高等数学A（中）、B（下） 、C（下）

6月29日上、下午
英语专题课

6月30日上午
工程制图A（下）、D、F  

7月4日上午
大学物理A（上）、C    

7月4日下午
大学物理B（上）  

注：英语拓展课包括：跨文化交际、跨文化交际（英语）、英语国家概况、欧洲简史、汉英语言对比、实用英汉翻译、英语演讲与辩论、文明互鉴、科技英语、学术英语、中国文化（英语授课）、理解当代中国（口语与写作）、理解当代中国（读写）、雅思英语（听说）、大学英语六级
附表二
2023-2024学年第二学期公共基础课补考安排

课程
时间

大学英语（三）
8月24日上午8:00-10:00

英语专题课
8月24日上午10:20-12:20

大学英语（二）、（四）
8月24日下午2:00-4:00

毛泽东思想和中国特色社会主义理论体系概论
8月24日下午4:20-6:00

大学物理A（上）、B（上）、C
8月25日上午8:00-10:00

大学物理A（下）、B（下）
8月25日上午10:20-12:20

中国近现代史纲要
8月25日下午2:00-3:30

思想道德与法治
8月25日下午4:00-5:30

大学应用写作
8月25日下午4:20-6:20

形势与政策
8月29日下午2:00-3:00

习近平新时代中国特色社会主义思想概论
8月29日下午3:30-5:10

高等数学A（中）、B（下）、C（下）
8月31日上午8:00-10:00

高等数学A（上）、B（上）、C（上）、A(下)
8月31日上午10:20-12:20

线性代数、线性代数与解析几何
8月31日下午2:00-4:00

概率论与数理统计
8月31日下午4:20-6:20

工程制图A（下）、C（下）、D、E、F
9月1日上午8:00-10:00

马克思主义基本原理
9月1日上午10:20-12:00

C语言、Visual Basic、C++程序设计、Access数据库程序设计、Python
9月1日下午2:00-4:00

军事理论
9月1日下午4:20-6:20

具体考场安排见本科教学管理系统",0,,,,,,
001039013584,https://jwch.fzu.edu.cn/info/1039/13584.htm,关于公布2024年第二十四届数学竞赛获奖名单的通知,【实践科】,2024-06-26,"校教〔2024〕23号
各学院：
福州大学第二十四届数学竞赛于2024年6月1日在旗山校区、铜盘校区与晋江校区同步举行，现已圆满结束。本届竞赛分数学专业组、非数学专业A组和非数学专业B组三个组别，共计有来自全校各学院1511名学生参加竞赛，其中数学专业组117名，非数学专业A组1164名，非数学专业B组229名，共计229名学生获奖，现将获奖名单公布如下：
一、数学专业组共21名：一等奖5名，二等奖7名，三等奖9名

学院
姓名
获奖等级

数统学院
聂恩明
一等奖

数统学院
章世城
一等奖

数统学院
吴炜
一等奖

数统学院
冯忠飞
一等奖

数统学院
陈程忞
一等奖

数统学院
张荣集
二等奖

数统学院
柴秉延
二等奖

数统学院
谢金杰
二等奖

物信学院
陈晓磊
二等奖

数统学院
潘尚民
二等奖

数统学院
黄俊杰
二等奖

数统学院
陈鸿斌
二等奖

数统学院
张勋
三等奖

物信学院
郑羽
三等奖

数统学院
林奇峰
三等奖

数统学院
毛凌云
三等奖

数统学院
张昱辉
三等奖

经管学院
林瑜翔
三等奖

数统学院
陈卓依
三等奖

数统学院
蔡耀彬
三等奖

数统学院
丁昌辉
三等奖

二、非数学专业A组共168名：一等奖40名，二等奖54名，三等奖74名

学院
姓名
获奖等级

计算机学院
陈昌昊
一等奖

化工学院
李言金
一等奖

电气学院
赵家恺
一等奖

化学学院
周颍恒
一等奖

计算机学院
林禹
一等奖

土木学院
黄禹颂
一等奖

计算机学院
陈宇尘
一等奖

机械学院
陈华凯
一等奖

计算机学院
张仁杰
一等奖

物信学院
陈兆原
一等奖

计算机学院
刘成羽
一等奖

生工学院
罗健
一等奖

土木学院
钱厚昌
一等奖

物信学院
陈柏喆
一等奖

计算机学院
吴晨昊
一等奖

先进制造学院
曾玄烨
一等奖

物信学院
郑凯杰
一等奖

土木学院
林清源
一等奖

计算机学院
刘熠黄
一等奖

土木学院
徐婷茹
一等奖

电气学院
沈奕恒
一等奖

物信学院
吴绍民
一等奖

电气学院
陈昱扬
一等奖

计算机学院
李昌铭
一等奖

梅努斯学院
蔡正阳
一等奖

物信学院
谢陆毅
一等奖

化工学院
林志娜
一等奖

物信学院
方振域
一等奖

计算机学院
翁锐晨
一等奖

环安学院
吴艺涵
一等奖

电气学院
周隆宇
一等奖

计算机学院
陈佳铭
一等奖

物信学院
官瑜
一等奖

土木学院
卓如婕
一等奖

土木学院
杨林丰
一等奖

机械学院
陈俊雄
一等奖

电气学院
梁永圣
一等奖

物信学院
王子涵
一等奖

物信学院
陈杰
一等奖

电气学院
余弘坤
一等奖

先进制造学院
蒋俐平
二等奖

计算机学院
俞烨
二等奖

紫金学院
陈煜辉
二等奖

计算机学院
郭巧婷
二等奖

物信学院
黄锦渊
二等奖

物信学院
倪舜达
二等奖

机械学院
陈云雨
二等奖

土木学院
林祯炀
二等奖

软件学院
林雄
二等奖

电气学院
吕宇涵
二等奖

机械学院
李翊恺
二等奖

电气学院
张正扬
二等奖

机械学院
邱榕浩
二等奖

化工学院
陈景
二等奖

电气学院
赖佳煌
二等奖

计算机学院
王昊阳
二等奖

物信学院
黄幸星
二等奖

物信学院
张煜梁
二等奖

先进制造学院
王海
二等奖

先进制造学院
郑涵磊
二等奖

电气学院
郑心钧
二等奖

计算机学院
薛雨晨
二等奖

化学学院
张泓宇
二等奖

梅努斯学院
赵子萱
二等奖

先进制造学院
毋译锐
二等奖

土木学院
刘佐云
二等奖

物信学院
江淑颖
二等奖

物信学院
叶尚伟
二等奖

计算机学院
郑隆熙
二等奖

环安学院
郑翔宇
二等奖

化工学院
陈雅雯
二等奖

电气学院
章俊杰
二等奖

物信学院
杨嘉伟
二等奖

电气学院
黄子毅
二等奖

化工学院
姚自豪
二等奖

物信学院
李烜
二等奖

机械学院
董洋杨
二等奖

物信学院
郭磊
二等奖

物信学院
郭童
二等奖

经管学院
邱宇杰
二等奖

物信学院
郑明恩
二等奖

机械学院
周君扬
二等奖

机械学院
陈增铭
二等奖

紫金学院
罗凌晟
二等奖

物信学院
吴萱
二等奖

化学学院
黄雯淇
二等奖

先进制造学院
林宏靖
二等奖

电气学院
侯奕欣
二等奖

计算机学院
王巍
二等奖

计算机学院
衷镜轩
二等奖

计算机学院
傅世杰
二等奖

计算机学院
刘钰达
二等奖

物信学院
潘烁
二等奖

计算机学院
匡奇锦
二等奖

电气学院
颜琪彪
三等奖

电气学院
李永嘉
三等奖

电气学院
陈昊天
三等奖

计算机学院
王振东
三等奖

物信学院
柯武军
三等奖

物信学院
黄新旭
三等奖

机械学院
王子恒
三等奖

物信学院
翁歆
三等奖

生工学院
郑羽希
三等奖

先进制造学院
文孟庭
三等奖

机械学院
蓝健
三等奖

先进制造学院
康有锦
三等奖

机械学院
黄俊涛
三等奖

电气学院
朱妍晞
三等奖

物信学院
周沈烨
三等奖

电气学院
林培珍
三等奖

物信学院
郭峰
三等奖

化工学院
林晨旭
三等奖

机械学院
彭振荣
三等奖

计算机学院
易敏亮
三等奖

物信学院
刘健
三等奖

计算机学院
易敏亮
三等奖

化工学院
陈少东
三等奖

电气学院
倪子颖
三等奖

电气学院
颜亿雄
三等奖

环安学院
李楠
三等奖

物信学院
黄喆珺
三等奖

电气学院
乔晓萍
三等奖

电气学院
林景灿
三等奖

计算机学院
杨智鈜
三等奖

计算机学院
刘华胜
三等奖

先进制造学院
郭圳阳
三等奖

计算机学院
滕柏宇
三等奖

计算机学院
翁俊龙
三等奖

土木学院
周耀灵
三等奖

机械学院
郑忠涵
三等奖

电气学院
沈黄凯
三等奖

计算机学院
姜奥
三等奖

计算机学院
陈永旭
三等奖

计算机学院
蔡诗婷
三等奖

先进制造学院
李莹稞
三等奖

物信学院
程璐梦
三等奖

环安学院
薛滨翔
三等奖

计算机学院
黄加鸿
三等奖

电气学院
林靖琪
三等奖

计算机学院
刘斌瑞
三等奖

计算机学院
骆梓龙
三等奖

电气学院
陈晓茹
三等奖

电气学院
林枫
三等奖

先进制造学院
范民洋
三等奖

土木学院
张炜
三等奖

计算机学院
陈文嘉
三等奖

先进制造学院
靳湜睿
三等奖

物信学院
刘双豪
三等奖

先进制造学院
谭佳磊
三等奖

物信学院
林旭达
三等奖

化学学院
方曼禛
三等奖

土木学院
郭家昂
三等奖

物信学院
傅靖涵
三等奖

土木学院
郑怀轩
三等奖

电气学院
曹鑫华
三等奖

电气学院
陈胜涛
三等奖

生工学院
余坤阳
三等奖

先进制造学院
邱湧瑞
三等奖

电气学院
朱宏斌
三等奖

电气学院
陈逸勋
三等奖

土木学院
卢烨金
三等奖

紫金学院
黄俊
三等奖

物信学院
杨智钦
三等奖

环安学院
赖永欣
三等奖

先进制造学院
邵雨桐
三等奖

电气学院
郑书尧
三等奖

物信学院
王喆
三等奖

梅努斯学院
陈展铭
三等奖

三、非数学专业B组共40名：一等奖9名，二等奖14名，三等奖17名

学院
姓名
获奖等级

经管学院
尉涵杰
一等奖

经管学院
苏钦彬
一等奖

数统学院
黄志熠
一等奖

经管学院
康艺锟
一等奖

经管学院
林子淇
一等奖

经管学院
叶紫荟
一等奖

经管学院
江铁林
一等奖

经管学院
杨恒基
一等奖

数统学院
王圣鑫
一等奖

经管学院
蔡玥莹
二等奖

经管学院
张俊壕
二等奖

经管学院
陈恺
二等奖

经管学院
赵一魁
二等奖

经管学院
余嘉怡
二等奖

经管学院
兰婧灵
二等奖

经管学院
吴铮
二等奖

数统学院
王藐凰
二等奖

经管学院
李彬
二等奖

经管学院
陈荧荧
二等奖

经管学院
方雯铃
二等奖

经管学院
张垚
二等奖

经管学院
施文妍
二等奖

数统学院
何谦宜
二等奖

经管学院
郑锦铭
三等奖

先进制造学院
王涵
三等奖

经管学院
易云奥
三等奖

经管学院
出璇
三等奖

经管学院
陈亮
三等奖

经管学院
徐晨涛
三等奖

经管学院
李百涓
三等奖

经管学院
陈俊怡
三等奖

先进制造学院
游紫烨
三等奖

先进制造学院
吕镇宇
三等奖

经管学院
李钦
三等奖

经管学院
沈雅榕
三等奖

先进制造学院
黄欣烨
三等奖

数统学院
吴雨渲
三等奖

经管学院
黄柳婷
三等奖

经管学院
钱俊泽
三等奖

数统学院
张艺
三等奖

福州大学教务处
2024年6月26日",0,,,,,,
001039013583,https://jwch.fzu.edu.cn/info/1039/13583.htm,关于公布第十五届企业经营模拟沙盘对抗赛获奖名单的通知,【实践科】,2024-06-26,"校教〔2024〕22号
各学院:
由我校经济与管理学院承办的福州大学第十五届企业经营模拟沙盘对抗赛于2024年6月4日圆满结束。本次竞赛共有计算机与大数据学院、物理与信息工程学院、经济与管理学院、电气工程与自动化学院、先进制造学院等学院的102支队伍共计333名本科生报名参赛，其中A组45支队伍，B组27支队伍，C组30支队伍。经初赛和决赛，最终评出一等奖5项(A组2队，B组1队,C组2队)，二等奖15项(A组7队，B组4队，C组4队)，三等奖21项(A组9队，B组6队，C组6队)。现将获奖名单公布如下:

获奖等级
组别
姓名

一等奖
A组
朱建榕

张峻宁

李煜鑫

李思嘉

一等奖
A组
倪尔昶

杨依晨

张良义

一等奖
B组
鄧敏儀

罗董

马倩

一等奖
C组
程晓翌

陈一昕

王冰冰

赖美霖

一等奖
C组
邱邹慧

张宇攀

施陈航

曹星才

二等奖
A组
鄧敏儀

罗董

马倩

二等奖
A组
郑锦涛

阮子嘉

陈泽文

二等奖
A组
林炜杰

陈锦烨

陈闻涛

曾依健

二等奖
A组
陈麦琪

刘欣雨

陈汇田

王汉森

二等奖
A组
黄蕾

李涵婧

叶晓彤

胡育涛

二等奖
A组
游陆祥

林志展

二等奖
A组
李忠阳

王奕然

李思萌

陈劢琦

二等奖
B组
江昊玮

林伟杰

林长轩

二等奖
B组
游陆祥

林志展

二等奖
B组
吴倩倩

吴韩韬

杨大萱

二等奖
B组
郑辰宇

李欣杰

叶诗海

二等奖
C组
翁若琳

林怡琳

蔡章崴

陈燕婷

二等奖
C组
王婧

邹晨阳

周炜烨

二等奖
C组
魏琳娜

叶薇

许杭玲

卢燕彬

二等奖
C组
叶兴楷

庄嘉静

林灼钗

吴宇函

三等奖
A组
江昊玮

林境康

林伟杰

林长轩

三等奖
A组
韦民治

王正昇

徐洋

三等奖
A组
邱晨希

王钰莹

陈序

叶曜樽

三等奖
A组
伍舒敏

周家晴

蓝如玉

林菲儿

三等奖
A组
张雨欣

王子萱

郑书洁

三等奖
A组
郑家玮

蔡思伟

三等奖
A组
陈一昕

王冰冰

程晓翌

赖美霖

三等奖
A组
林若晗

艾子洋

程力航

陈维铠

三等奖
A组
郑慕阳

杜秉和

陈澍圻

三等奖
B组
彭紫霞

郝蕴

徐玉琴

三等奖
B组
朱卓妍

肖诗琳

三等奖
B组
李艺敏

郭予希

林瑾

三等奖
B组
吴丽敏

兰素珍

孙旭洋

三等奖
B组
林茂兴

张钰洁

郑羽

三等奖
B组
赖美霖

陈一昕

王冰冰

三等奖
C组
周文烨

林馨

黄思远

阙晓雅

三等奖
C组
郑思琦

薛泓婷

廖鹤翔

郭昕玥

三等奖
C组
李嘉成

陈铭

方爽

许嘉真

三等奖
C组
吴晓莹

李卓明

林奕含

李琦

三等奖
C组
张惠莹

郑炜鹏

蒋海玲

林悦

三等奖
C组
周韵

黄雅鑫

黄诗佳

顾宸

福州大学教务处
2024年6月26日",0,,,,,,
001042013582,https://jwch.fzu.edu.cn/info/1042/13582.htm,关于召开数字教材建设研讨会的通知,【教材中心】,2024-06-25,"各学院，各单位：
为落实国家教育数字化战略行动，高质量推进数字教材建设，提升教师教材建设能力，经研究，我校决定召开数字教材建设研讨会，具体事项通知如下：
一、主题：数字教材建设的探索与实践
二、时间：2024年6月27日（周四）上午10:00
三、地点：旗山校区公共教学楼中101
四、主讲人：时阳（高等教育出版社数字教材出版中心本科教育分社兼研究生教育分社分社长，副编审）
五、参会人员：
1.各学院分管教学副院长；
2.福州大学2022年本科规划教材立项项目负责人；
3.福建省“十四五”普通高等教育本科规划教材建设申报项目负责人；
4.有意向建设各级各类教材的教师。

【主讲人简介】：
时阳，高等教育出版社数字教材出版中心本科教育分社兼研究生教育分社分社长，副编审。兼任教育部产学合作协同育人项目专家组办公室主任、高校在线开放课程联盟联席会副秘书长。参与教育部新工科研究与实践项目、计算机“101计划”、战略性新兴领域“十四五”高等教育教材体系建设等多项教学研究项目，组织策划的多部教材入选国家级规划教材，策划出版的教材荣获首届全国教材建设奖优秀教材一等奖，参与申报的教学成果获得2022年国家级教学成果一等奖。",0,,,,,,
001038013581,https://jwch.fzu.edu.cn/info/1038/13581.htm,关于核对2024-2025学年第一学期通识教育选修课开课信息的有关通知,【计划科】,2024-06-25,"各学院及单位：
         2024-2025学年第一学期通识教育选修课开课信息已全部录入教务系统，请各学院及单位通知授课教师核对开课信息，并于下学期开学前完成授课计划和教学大纲的录入工作。如有疑问请联系教务处：林老师83700655/22866907。

教务处
2024年6月25日",0,,,,,,
001037013580,https://jwch.fzu.edu.cn/info/1037/13580.htm,关于转发福建省教育厅办公室《关于举办2024年本科高校课程思政骨干教师、研究生导师培训班的通知》的通知,【教研教改】,2024-06-21,"各学院、有关单位：
福建省教育厅拟于2024年6月30日-7月4日举办2024年全省本科高校课程思政骨干教师、研究生导师培训班。根据文件要求，我校有4个课程思政骨干教师培训班名额，有6个研究生导师培训名额（报名事宜请自行咨询研究生院），具体通知详见附件。
由于时间紧任务重，请要报名的老师于下周一（6月24日）上午10点前在腾讯文档填写报名信息。
【腾讯文档】附件-课程思政骨干教师培训班报名表
https://docs.qq.com/sheet/DWnZhem5nR3FLbUR3?tab=000001

附件：福建省教育厅办公室关于举办2024年本科高校课程思政骨干教师、研究生导师培训班的通知

福州大学教务处
2024年6月21日",0,,,,,,
001037013579,https://jwch.fzu.edu.cn/info/1037/13579.htm,关于组织教师和学生参加人工智能赋能高等教育调查报告全国抽样调查问卷的通知,【教研教改】,2024-06-21,"有关学院：
  日前，教育部高教司正委托清华大学研制《人工智能赋能高等教育教学报告》，计划8月份发布，现需在全国高校做抽样调研。要求每所高校样本量至少包含400名学生和100名教师，样本应涵盖大一到研究生每个年级，覆盖人文与艺术、工程与技术、自然科学、生命科学与医学、社会科学与管理等五个学科大类。现将有关事项通知如下：
1．学校已对有关学院须参与问卷调查的教师、学生名额进行了分配，请有关学院学工办负责落实学生问卷，教学办负责落实教师问卷。
福州大学参加人工智能赋能高等教育调查问卷名额分配表

学院
学生名额
教师名额
说明

化学学院
40
10
按要求，学生应涵盖大一到研究生每个年级，尽量按年级平均分配。

生工学院
50
10

物信学院
50
15

数统学院
40
10

计数学院
50
15

土木学院
40
10

机械学院
40
10

人文学院
30
10

经管学院
50
10

工艺美院
40
10

小计
430
110

2．问卷链接
学生问卷：https://www.wjx.cn/vm/mlxbb0o.aspx#
教师问卷：https://www.wjx.cn/vm/eeYn1L8.aspx#
注：问卷发放和收集时间为2024年6月20日至6月28日。

教务处
研究生院
学生工作部（处）
教师工作部

2024年6月21日",0,,,,,,
001036013578,https://jwch.fzu.edu.cn/info/1036/13578.htm,关于2023-2024学年第二学期《大学物理A（上）》、《大学物理B（上）》、《大学物理C》课程期末考试安排的通知,【教学运行】,2024-06-21,"各有关学院：
定于7月4日进行《大学物理A（上）》、《大学物理B（上）》、《大学物理C》课程期末考试，请有关协助监考学院按考表（见附件）安排监考老师并录入系统，及时通知监考老师和学生上系统查看考试信息，以免延误考试。
为保证考试的顺利进行，如其他教学安排时间或地点与此次考试冲突，请予以调整。

物信学院
教务处
2024年6月21日",1,0017449848580014625019,2302 大学物理A（上）、B（上）、C课期末考7.4.xlsx,813,https://jwch.fzu.edu.cn/system/_content/download.jsp?urltype=news.DownloadAttachUrl&owner=1744984858&wbfileid=14625019,14625019,1744984858
001036013577,https://jwch.fzu.edu.cn/info/1036/13577.htm,关于2023-2024学年第二学期《大学英语（二）》、《大学英语（四）》课程期末考试安排的通知,【教学运行】,2024-06-20,"各有关学院：
定于6月22日上午进行《大学英语（二）》、《大学英语（四）》课程期末考试，请有关协助监考学院按考表（见附件）安排监考老师并录入系统，及时通知监考老师和学生上系统查看考试信息，以免延误考试。
为保证考试的顺利进行，如其他教学安排时间或地点与此次考试冲突，请予以调整。

外语学院
教务处
2024年6月20日",1,0017449848580014624676,2302 大学英语（二）、大学英语（四）课程期末考6.22上午.xlsx,742,https://jwch.fzu.edu.cn/system/_content/download.jsp?urltype=news.DownloadAttachUrl&owner=1744984858&wbfileid=14624676,14624676,1744984858
001036013576,https://jwch.fzu.edu.cn/info/1036/13576.htm,关于2023-2024学年第二学期《英语专题》课程期末考试安排的通知,【教学运行】,2024-06-20,"各有关学院：
定于6月29日进行《英语专题》课程期末考试，请有关协助监考学院按考表（见附件）安排监考老师并录入系统，及时通知监考老师和学生上系统查看考试信息，以免延误考试。
为保证考试的顺利进行，如其他教学安排时间或地点与此次考试冲突，请予以调整。

外语学院
教务处
2024年6月20日",1,0017449848580014624645,2302 英语专题课期末考6.29.xlsx,791,https://jwch.fzu.edu.cn/system/_content/download.jsp?urltype=news.DownloadAttachUrl&owner=1744984858&wbfileid=14624645,14624645,1744984858
001036013574,https://jwch.fzu.edu.cn/info/1036/13574.htm,关于2023-2024学年第二学期《工程制图A（下）》、《工程制图D》、《工程制图F》课程期末考试安排的通知,【教学运行】,2024-06-19,"各有关学院：
定于6月30日上午进行《工程制图A（下）》、《工程制图D》、《工程制图F》课程期末考试，请有关协助监考学院按考表（见附件）安排监考老师并录入系统，及时通知监考老师和学生上系统查看考试信息，以免延误考试。
为保证考试的顺利进行，如其他教学安排时间或地点与此次考试冲突，请予以调整。

机械学院
教务处
2024年6月19日",1,0017449848580014624501,2302 工程制图A（下）、D、F期末考6.30上午.xlsx,724,https://jwch.fzu.edu.cn/system/_content/download.jsp?urltype=news.DownloadAttachUrl&owner=1744984858&wbfileid=14624501,14624501,1744984858
001036013569,https://jwch.fzu.edu.cn/info/1036/13569.htm,关于2024-2025学年第一学期本科生学期选课的通知,【教学运行】,2024-06-17,"各学院、全体本科同学：
一、选课对象及范围
本次选课对象为全校本一学生，选课范围为2024-2025学年第一学期各专业开设的所有课程。
所有学生均必须登录系统，进入选课界面确认选课，否则选课记录无效，所有选课记录不会保存（包括只有一个默认选项的课程）。
二、选课时间
        第一轮：6月18日～6月20日24:00（投积分方式）
        第二轮：6月22日～6月24日24:00（投积分方式）
        第三轮：6月26日～6月28日24:00（即选即中方式）
三、积分选课原则
本次选课仍采用投积分、分轮次进行的方式，先预选后由系统统一处理选课结果，第一轮与第二轮选课期间不管先选或者后选所有学生机会一致，均在每轮结束后由系统统一处理，因此不必集中在某天的某个时间段内同时选课（例如最后一天的最后几分钟）。
四、具体方法
1.根据各专业教学计划2024-2025学年第一学期的开课情况，每门课程给予20个积分，必修课积分和选修课积分分开计算，不能合并使用（例如电气专业有7门必修课2门选修课，则该专业学生的选课积分就有必修7×20＝140分、选修2×20＝40分）。
2.选课期间系统列出本学期本专业开设的课程，以及相应课程各时间段各开课班的信息（包含任课教师、上课地点、上课时间、学分、学时等，即一门课程同一个时间段可能会有多个上课班级）。
3.选课要求每位学生对自己的必修课程（公共必修、学科必修、专业必修、实践环节）都必须投下积分进行选择，不得缺选某门必修课，具体投下积分可高可低，但所有投下积分的和不得大于总积分，因此请合理分配总积分（注：对于某门只有一个上课班级的课程，如为必选课则点击“学期选课”后系统将自动选中，且不必为该课程分配积分）。
4.每位学生对欲选课程所投下的积分必须大于0小于总积分且为整数，通常投下积分越多，选中的概率就越大。
五、系统处理原则
1.由于各专业开课门数不一致，为了更能体现公平，处理过程系统自动将各同学每门课程投下的积分除以该同学的总积分形成积分比。
2.系统的选中处理：根据各课程具体上课班级的投分情况和限选人数，从高积分比往低积分比依次提取名单。对于未达到限选人数的上课班级，系统将形成人数差额，供同学下一轮继续选课，对于超过限选人数的上课班级，系统将依次从高积分比往低积分比抽取名单直至达到限选人数，对于相同积分比但超过限选人数的同学将采取随机抽取的办法。
3.第一轮选课结束后未选满课程的同学，可以参与第二轮的选课。积分算法将根据具体未选上课程总数重新分配总积分，前两轮选课过程和结果处理方法都一致。第二轮还未选满课程的同学可以参加第三轮选课，第三轮选课采用即选即中的方式。
六、选课流程
1.访问福州大学教务处网站（http://jwch.fzu.edu.cn）。
2.在网站“本科教学系统”的用户登陆框中输入账号和密码，点击登陆按钮进入系统（第一次登陆请务必立即点击【个人助理】下的【修改密码】菜单修改个人密码并牢记新密码）。
3.点击【基础信息】下的相关菜单，查看并核对个人信息以及个人培养计划，如有疑义请及时与相关学院学工组或教学办核实，再点击【基础信息】下的【排课查询】菜单，初步了解本专业2024-2025学年第一学期的排课情况（注：此步骤在选课前即可进行）。
4.点击【网上选课】下的【学期选课】菜单，系统将在页面右侧窗口列出本专业2024-2025学年第一学期专业开设的所有课程，学生可以根据各课程具体的排课情况，点击单选按钮并在单选按钮后的文本框中输入拟投下的积分，直到选完所有课程后，再点击窗口最下方的“确定选课”按钮。
5.每轮选课结果公布后，所有学生务必查看各自的选课结果，对照教学计划，如有课程未选上请继续下一轮的选课。第三轮选课结束后务必进入【我的选课】查看核对选课结果，对于未选中的课程，可在补退选时间进行调整。如最终仍未选中课程，则该课程无效。
七、其他
第三轮选课之后每位同学必须打印课表，或将自己的选课结果截屏保存，作为下个学期上课时间安排的依据。

注册中心
2024年6月17日",0,,,,,,
001036013746,https://jwch.fzu.edu.cn/info/1036/13746.htm,关于2024-2025学年第一学期《线性代数》和《线性代数与解析几何》课程半期考试安排的通知,【教学运行】,2024-11-07,"各有关学院：
定于11月24日上午进行《线性代数》和《线性代数与解析几何》课程半期考试，请有关协助监考学院按考表（见附件）安排监考老师并录入系统，及时通知监考老师和学生上系统查看考试信息，以免延误考试。
为保证考试的顺利进行，如其他教学安排时间或地点与此次考试冲突，请予以调整。

数统学院
教务处
2024年11月7日",1,0017449848580014923476,2401线性代数、线性代数与解析几何半期考11.24上午.xlsx,809,https://jwch.fzu.edu.cn/system/_content/download.jsp?urltype=news.DownloadAttachUrl&owner=1744984858&wbfileid=14923476,14923476,1744984858
001037013743,https://jwch.fzu.edu.cn/info/1037/13743.htm,关于开展2024年度教育部产学合作协同育人项目结题验收工作的通知,【教研教改】,2024-11-05,"各学院、有关单位：
根据产学合作协同育人项目平台的通知，日前开展了2024年度教育部产学合作协同育人项目结题验收工作。此次验收项目包括：《教育部高等教育司关于公布2022年第二批产学合作协同育人项目立项名单的通知》（教高司函〔2023〕1号）、《教育部高等教育司关于公布2023年产学合作协同育人项目立项名单的通知》（教高司函〔2023〕11号）、《教育部高等教育司关于公布2024年第一批产学合作协同育人项目立项名单的通知》批准立项的项目，以及在“关于开展2022年度教育部产学合作协同育人项目结题验收工作的通知”“关于开展2023年度教育部产学合作协同育人项目结题验收工作的通知”发布后申请延期的项目。
 

一、申请说明1.已到协议约定结题日期的项目，本次可正常申请结题。如无特殊情况，本年度不再接受项目延期申请。2.2019年第二批次至2022年第一批次之间的所有项目，本年度为最后一次结题机会，逾期则不再受理。3.未到协议约定结题日期的项目，如项目已完成，本次可申请结题。4.申请结题的项目须在产学合作协同育人项目平台（以下简称“平台”）中完成企业验收流程。 二、工作流程1.项目负责人完成项目流程：项目负责人通过平台（网址：https://cxhz.hep.com.cn）完成原项目申报流程，提交结题报告及项目成果清单（项目结题报告模板可在平台的“常用文件”中下载）。2.高校管理员审核项目成果3.企业进行项目验收企业自行组织专家开展项目验收工作，并按要求通过平台报告验收结论，完成企业验收流程。4.项目结题备案审核项目秘书处对在平台中完成企业验收流程的项目进行结题备案审核。结题备案审核结论分为“通过”和“不通过”。 三、时间安排请项目负责人、有关企业于2024年11月30日前通过平台完成项目验收工作。 
四、联系方式教务处教研科（行政北楼西204）王老师：0591-22866856 福州大学教务处2024年11月5日",0,,,,,,
001038013741,https://jwch.fzu.edu.cn/info/1038/13741.htm,关于2024-2025学年第一学期在校学生申请辅修专业的通知,【计划科】,2024-11-01,"各学院：
本学期在校本科学生申请修读辅修专业工作已经开始，现将有关事项通知如下：
一、申请程序
1. 11月11日-11月17日，申请修读辅修专业的学生进行网上报名申请（登录教务处“本科教学管理系统”点击“辅修申请”），每位学生最多可以报名两个顺序志愿，于11月17日（含）前在系统确认申请结果。
2.11月18日-11月20日，主修专业学院对申请进行审核，并将审核结果录入系统。
3.11月21日-11月25日，辅修专业学院对第一志愿申请进行审核，并将审核结果录入系统。
4.11月26日-11月29日，辅修专业学院对第二志愿申请进行审核，将审核结果录入系统，并将一、二志愿审核结果以汇总表形式送交教务处。
5.12月2日-12月6日，教务处对辅修专业申请进行最后审核，并将拟录取名单进行公示，在公示期结束后发文公布名单。
二、选课与缴费
1.公布名单之后，录取学生可以查看辅修专业培养方案，根据方案要求在网上进行辅修专业选课（具体时间请关注辅修专业网上选课通知）。
2. 辅修专业实行网上缴费，学生根据选课情况，按所选课程学分进行网上缴费，超过通知规定时间逾期未缴费者，选课无效。收费标准： 121元/学分（根据学校文件 福大财[2009]1号文件执行）。
三、辅修专业录取计划及接收条件

 

辅修学院
专业
计划人数
接收条件
联系电话

数学与统计学院
数学与应用数学
无限制
按绩点排名
梁老师228603552065554665@qq,com

信息与计算科学
无限制
按绩点排名

经济统计学
无限制
按绩点排名

外国语学院
英语
25（20人以上独立开班）
英语四六级成绩按绩点排名
陈老师22866250474118077@qq.com

日语
25（20人以上独立开班）
按绩点排名

计算机与大数据学院
计算机科学与技术
25
按绩点排名
曹老师22865169395176456@qq.com

物理信息与工程学院
数字媒体技术
无限制
按绩点排名
许老师2286513123598011@qq.com

法学院
法学
15
按绩点排名
郑老师22866291423869129@qq.com

人文社会科学学院
社会学
无限制
按绩点排名
余老师2286656731368849@qq.com

汉语言文学
无限制
按绩点排名

应用心理学
无限制
按绩点排名

 
备注：
1.以下专业不能互相修读：信息管理与信息系统专业与计算机科学与技术专业，数字媒体技术（中外合作办学）不能辅修数字媒体技术专业；
2.根据福大教[2021]18号《福州大学关于印发本科生辅修专业管理办法的通知》规定的修读条件，拟修读辅修专业的学生在入学半年后的每一个学期均可提出申请。各辅修专业录取计划及接收条件以当学期教务处通知公布为准。
 
 
　　　　　　　　　　　　　　　　　　　　　　　　　　福州大学教务处
           　　2024年11月1日",0,,,,,,
001036013739,https://jwch.fzu.edu.cn/info/1036/13739.htm,关于2024-2025学年第一学期《高等数学A（上）》、《高等数学B（上）》、《高等数学C（上）》、《高等数学D》课程半期考试安排的通知,【教学运行】,2024-10-29,"各有关学院：
定于11月17日上午进行《高等数学A（上）》、《高等数学B（上）》、《高等数学C（上）》、《高等数学D》课程半期考试，请有关协助监考学院按考表（见附件）安排监考老师并录入系统，及时通知监考老师和学生上系统查看考试信息，以免延误考试。
为保证考试的顺利进行，如其他教学安排时间或地点与此次考试冲突，请予以调整。

数统学院
教务处
2024年10月29日",1,0017449848580014920804,2401高等数学A（上）、B（上）、C（上）、D半期考11.17上午.xlsx,1951,https://jwch.fzu.edu.cn/system/_content/download.jsp?urltype=news.DownloadAttachUrl&owner=1744984858&wbfileid=14920804,14920804,1744984858
001040013738,https://jwch.fzu.edu.cn/info/1040/13738.htm,关于期中党政领导集中听课的通知,【质量办】,2024-10-28,"各学院、各单位：
根据《福州大学党政领导听课管理实施办法》（福大教〔2022〕27号）文件精神，经研究决定，第10-11周（10月28日--11月10日）为党政领导集中听课周。
请各级党政领导深入本科生课堂听课，并认真填写《福州大学课堂教学质量评估表》，思政课教学指导组（校党委书记、校长牵头，分管教学、科研、思政课工作校领导，马克思主义学院领导班子，教学督导员等共同组成）听思政课请填写《福州大学课堂教学质量评估表》（思政课）。

附件：
1.《福州大学课堂教学质量评估表》
2.《福州大学课堂教学质量评估表》（思政课）
3. 第10-11周课程表
4.《福州大学党政领导听课管理实施办法》（福大教〔2022〕27号）

教学质量监控与评估中心
2024年10月28日",4,0017449848580014920325,附件1：福州大学课堂教学质量评估表.doc,508,https://jwch.fzu.edu.cn/system/_content/download.jsp?urltype=news.DownloadAttachUrl&owner=1744984858&wbfileid=14920325,14920325,1744984858
001040013738,https://jwch.fzu.edu.cn/info/1040/13738.htm,关于期中党政领导集中听课的通知,【质量办】,2024-10-28,"各学院、各单位：
根据《福州大学党政领导听课管理实施办法》（福大教〔2022〕27号）文件精神，经研究决定，第10-11周（10月28日--11月10日）为党政领导集中听课周。
请各级党政领导深入本科生课堂听课，并认真填写《福州大学课堂教学质量评估表》，思政课教学指导组（校党委书记、校长牵头，分管教学、科研、思政课工作校领导，马克思主义学院领导班子，教学督导员等共同组成）听思政课请填写《福州大学课堂教学质量评估表》（思政课）。

附件：
1.《福州大学课堂教学质量评估表》
2.《福州大学课堂教学质量评估表》（思政课）
3. 第10-11周课程表
4.《福州大学党政领导听课管理实施办法》（福大教〔2022〕27号）

教学质量监控与评估中心
2024年10月28日",4,0017449848580014920326,附件2：福州大学课堂教学质量评估表（思政课）.docx,532,https://jwch.fzu.edu.cn/system/_content/download.jsp?urltype=news.DownloadAttachUrl&owner=1744984858&wbfileid=14920326,14920326,1744984858
001040013738,https://jwch.fzu.edu.cn/info/1040/13738.htm,关于期中党政领导集中听课的通知,【质量办】,2024-10-28,"各学院、各单位：
根据《福州大学党政领导听课管理实施办法》（福大教〔2022〕27号）文件精神，经研究决定，第10-11周（10月28日--11月10日）为党政领导集中听课周。
请各级党政领导深入本科生课堂听课，并认真填写《福州大学课堂教学质量评估表》，思政课教学指导组（校党委书记、校长牵头，分管教学、科研、思政课工作校领导，马克思主义学院领导班子，教学督导员等共同组成）听思政课请填写《福州大学课堂教学质量评估表》（思政课）。

附件：
1.《福州大学课堂教学质量评估表》
2.《福州大学课堂教学质量评估表》（思政课）
3. 第10-11周课程表
4.《福州大学党政领导听课管理实施办法》（福大教〔2022〕27号）

教学质量监控与评估中心
2024年10月28日",4,0017449848580014920327,附件3：第10-11周课表.xlsx,781,https://jwch.fzu.edu.cn/system/_content/download.jsp?urltype=news.DownloadAttachUrl&owner=1744984858&wbfileid=14920327,14920327,1744984858
001040013738,https://jwch.fzu.edu.cn/info/1040/13738.htm,关于期中党政领导集中听课的通知,【质量办】,2024-10-28,"各学院、各单位：
根据《福州大学党政领导听课管理实施办法》（福大教〔2022〕27号）文件精神，经研究决定，第10-11周（10月28日--11月10日）为党政领导集中听课周。
请各级党政领导深入本科生课堂听课，并认真填写《福州大学课堂教学质量评估表》，思政课教学指导组（校党委书记、校长牵头，分管教学、科研、思政课工作校领导，马克思主义学院领导班子，教学督导员等共同组成）听思政课请填写《福州大学课堂教学质量评估表》（思政课）。

附件：
1.《福州大学课堂教学质量评估表》
2.《福州大学课堂教学质量评估表》（思政课）
3. 第10-11周课程表
4.《福州大学党政领导听课管理实施办法》（福大教〔2022〕27号）

教学质量监控与评估中心
2024年10月28日",4,0017449848580014920328,附件4：福州大学党政领导听课管理实施办法（福大教〔2022〕27号）.doc,516,https://jwch.fzu.edu.cn/system/_content/download.jsp?urltype=news.DownloadAttachUrl&owner=1744984858&wbfileid=14920328,14920328,1744984858
001036013733,https://jwch.fzu.edu.cn/info/1036/13733.htm,关于做好2024学年本科生转专业工作的通知,【教学运行】,2024-10-23,"根据教育部令第41号《普通高等学校学生管理规定》及《福州大学本科生转专业管理实施办法》(福大教〔2024〕16号)文件精神，为充分调动学生学习的积极性，营造有利于学生成长的良好环境，现将2024学年本科生转专业工作有关事宜通知如下:
一、基本条件
1．申请转专业的学生必须是在校修读的大一、大二的学生，且符合《福州大学本科生转专业管理实施办法》(福大教〔2024〕16号)规定的基本条件。
2．各专业接收转入人数规定：接收的大一学生人数不超过该专业入学时实际招生数的10%；接收的大二学生人数不超过该专业入学时实际招生数的3%。
二、时间安排及工作流程
1．11月4日前，各学院根据本学院教学资源情况和学校的规定，制定本学院转专业实施细则，报送教务处注册中心（含电子版）。
各学院在制定本学院转专业实施细则时须注意：
（1）学院不得将学生的成绩绩点、课程成绩以及高考成绩作为准入条件（如：成绩平均绩点不低于3.0；成绩平均绩点在专业排名前15%;英语成绩不低于70分等）；也不得将学生的成绩绩点作为最终考核成绩的一个部分；
（2）学院可根据专业需要对学生采取笔试、面试等考核方式，并根据笔试、面试等成绩确定接收名单；录取专业对学生有特定要求的，例如需考核物理、数学等，务必在考核内容中体现。
（3）接收转入人数不得按院内院外分配名额。
2．11月8日前，教务处根据相关规定及各学院的教学资源情况，对各学院上报的转专业实施细则进行汇总初审，在教务处网站上统一公布。
3.接收学院公布咨询时间，安排专人或通过学院网站接受学生咨询。
4．11月14日至17日，申请转专业的学生根据学校公布的转专业计划和自己的意愿进行网上报名申请（登录教务处本科教学管理系统点击“转专业申请”），每个学生只能报名一个志愿，逾期不再受理。
5．11月20日前，教务处审核学生报名资格。11月21日-23日，通过教务处审核的学生应从教务管理系统“转专业申请”页面中打印《福州大学本科生转专业申请审批表》，以备后续流程使用。
6．12月6日前，接收学院考核、拟定接收名单并报教务处。各接收学院应及时通知报名学生携带转专业审批表及相应的证明材料（如可证明本人特长的证书复印件等）于指定日期参加考核，并按照公布的接收条件和考核办法对所有申请转入的学生进行全面考核，确定拟同意转入的学生名单。各学院在12月6日前将拟同意转入各专业学生在教务系统内进行确认操作，打印《拟同意转专业名单汇总表》并附相关申请、考核等转专业材料报教务处注册中心。
7. 属于《福州大学本科生转专业管理实施办法》(福大教〔2024〕16号)第六条中第二种情形的学生，须由学生本人申请并提供相应证明材料，学生所在学院核实签字汇总后，于12月6日前报教务处审核，逾期不再受理。
8．12月16日前，教务处对拟同意转专业学生进行汇总初审，报学校本科生学籍事务管理委员会审核通过后，在教务处网站上对拟批准转专业的学生名单进行公示。
9．12月31日前，教务处发文，各学院通知相关学生并做好相应的转专业后续工作。
三、转入考核工作要求
1.各学院要充分认识转专业工作的重要性，加强转专业学生转入考核工作的组织管理，明确工作纪律、笔试和面试的具体工作程序和考核录取办法，在对学生考核前在本单位网站公布，并报教务处备案。
2.各学院应成立本科生转专业工作领导小组，负责学院转专业工作的组织实施。各专业面试小组至少由5名办事公正、经验丰富、教学科研水平高、责任心强的教师组成（须为奇数），负责各专业的面试考核工作。
3.各学院要认真组织好各项考务工作，加强管理，切实做好试卷的保密工作，保证转专业工作的公正性、严肃性、权威性和保密性，确保各项考试的安全、公平、公正。
4.各学院应加强过程监管，所有笔试参考研究生招生复试的保密要求进行出卷和保管，所有面试须学院纪委全程监督，并全程录音录像，教务处将进行现场抽查。上述考试和音视频资料至少保存5年备查。
福州大学教务处
2024年10月23日",0,,,,,,
001042013729,https://jwch.fzu.edu.cn/content.jsp?urltype=news.NewsContentUrl&wbtreeid=1042&wbnewsid=13729,关于进一步加强马克思主义理论研究和建设工程重点教材选用工作的通知,【教材中心】,2024-10-21,"各学院，有关教学单位：
为深入推进习近平新时代中国特色社会主义思想进教材进课堂进头脑，贯彻党和国家的教育方针，落实立德树人根本任务，强化政治意识、责任意识、阵地意识和底线意识，根据《教育部 中共中央宣传部关于高校哲学社会科学相关专业统一使用马克思主义理论研究和建设工程重点教材的通知》(教高函[2013] 12号)等文件要求，现就我校进一步加强马克思主义理论研究和建设工程重点教材（以下简称“马工程”重点教材）选用工作要求如下：
一、“马工程”重点教材统一使用范围
马克思主义理论研究和建设工程重点教材由党中央决定实施，中宣部和教育部组织编写，覆盖高校思想政治理论课和马克思主义理论、哲学、政治学、法学、社会学、经济学、文学、历史学、新闻学、教育学、管理学、艺术学等哲学社会科学专业和相关课程。教材相关信息及所适用对应课程情况详见附件1。
二、“马工程”重点教材统一使用要求
1.各学院应高度重视“马工程”重点教材统一使用工作，强化党委主体责任，切实推进“马工程”重点教材对应课程开设和重点教材选用使用，将相关要求传达到所有任课教师，把好政治方向和价值导向。
2.各学院应及时将“马工程”重点教材相应课程列为必修课或选修课。凡是已开设的专业课程和通识类课程有对应“马工程”重点教材的，必须把“马工程”重点教材作为该课程统一使用的教材，必须依托“马工程”重点教材编写教学大纲与教案，必须讲授“马工程”重点教材的知识点，必须把“马工程”重点教材内容作为该课程考核的主要内容。
3.各学院须根据已出版的“马工程”重点教材信息，参考教材与课程名称对照表，组织专业和课程负责人在安排课程教材时认真选用“马工程”重点教材，确保所有相关课程、授课对象全覆盖，不得遗漏。任课教师应集体备课、认真授课，把思想、认识和行动统一到对“马工程”重点教材的理解和运用上去。
4.各学院须对“马工程”重点教材选用情况，包括教材选用覆盖率、教学大纲、课程考核开展指导和检查。
5.各学院应逐一落实确认“马工程”重点教材使用情况，确保上课学生人手一册。
教务处将于本学期组织对“马工程”重点教材的选用情况和使用情况进行专项检查。请各学院务必于11月4日前完成自查工作。确保“马工程”重点教材覆盖率和使用率均达100%。

附件1：已出版马克思主义理论研究和建设工程重点教材目录（截至2024年05月）

                                                               教务处
                                                           2024年10月21日",1,0017449848580014918680,附件1：已出版马克思主义理论研究和建设工程重点教材目录（截至2024年05月）.xlsx,54,https://jwch.fzu.edu.cn/system/_content/download.jsp?urltype=news.DownloadAttachUrl&owner=1744984858&wbfileid=14918680,14918680,1744984858
001040013728,https://jwch.fzu.edu.cn/info/1040/13728.htm,关于举办2024年教师教学创新大赛培训会暨第五十七场“教学有道”研讨活动的通知,【质量办】,2024-10-21,"各学院：
为帮助我校教师做好2024年教师教学创新大赛参赛准备工作，引导教师积极开展教学改革和创新，提升教师教学水平和育人能力。经研究，学校决定举办2024年教师教学创新大赛培训会暨第五十七场“教学有道”专题研讨活动，具体安排通知如下：
一、研讨主题
高校教师教学创新大赛备赛攻略
二、研讨时间
2024年10月24日（星期四）下午2:30
三、主讲人
福州大学本科教学督导组组长 阮奇教授
福州大学建筑与城乡规划学院 洪婷婷教授
四、研讨地点
公共教学楼中楼202
五、参会人员
1.已报名参加福州大学2024年教师教学创新大赛的教师需到场参加；
2．其他感兴趣教师。
请参加现场培训人员提前10分钟签到入场。

教务处
2024年10月21日",0,,,,,,
001036013727,https://jwch.fzu.edu.cn/info/1036/13727.htm,关于做好2025届预计毕业生电子注册图像采集工作的通知,【教学运行】,2024-10-21,"各学院：
根据《高等教育学历证书电子注册图像采集规范及信息标准》（教毕指〔2017〕99号）等文件精神，经与新华通讯社福建分社图像采集中心（以下简称采集中心）协商，现将我校2025届预计毕业生电子注册图像采集工作通知如下：
一、采集对象
旗山校区2025届普通全日制本科预计毕业生（含第二学士学位、外校访学学生，外国留学生的采集工作由外事办另行安排，集美校区与晋江校区的采集工作由相关学院另行安排），往年已参加过图像采集的延长修业年限学生，无需再次采集。
二、采集时间
本次图像采集工作定于2024年11月9-10日进行，地点安排在行政北楼西135（A组）和东111（B组）,具体方位参见附件1，各学院分班拍摄顺序详见附件2。
三、收费标准
每生20元，由各班负责人按当天实际参加拍摄人数，现场统一扫码支付给采集中心。采集中心负责将图像上传学信网，并为每位学生提供一套纸质照片（含4张1寸照片、6张2寸照片）。
四、拍摄流程
1.学信网已全面采用基于采集码的图像采集模式，无法提供采集码的学生，一律不予拍摄。
2.所有参加拍摄的学生，都必须提前获得本人图像采集码，并下载保存到手机（采集码长期有效，获取途径详见附件3）。拍摄时，各班学生按学号从小到大依次扫描采集码获取拍摄序号，并严格按拍摄序号进行拍摄，严禁擅自调整拍摄顺序或临时出走，否则所造成的后果由违反规定学生本人承担。
五、拍摄要求
1.衣着：学生仪表装束应大方庄重，避免复杂的图案、条纹。衣服要有领子，建议穿深色带有标准领的衬衫、夹克或者西装，不得穿制服，也不要穿与拍摄背景相近的浅蓝色衣服。
2.头发：不能梳得高耸，不得遮挡眉毛、眼睛和耳朵，长发者应将头发置于肩膀后。不得染发（黑色、深棕色除外）。
3.眼镜：不得戴有色（含隐形）眼镜，镜框不得遮挡眼睛、眉毛，镜片不能有反光。
4.佩饰：不得使用假发、头巾、帽子等头部覆盖物（宗教、医疗和文化需要时，不得遮挡脸部或造成阴影），严禁佩戴耳环、耳钉、耳机、唇钉、眉钉、项链，以及非黑色的钢丝发卡等。
5.化妆：不宜化浓妆（包括但不限于化眼影、睫毛膏、粉底、腮红、唇彩等）。拍摄前应洗净脸上的汗渍、油污，保持脸部整洁，不能使用润肤露、防晒霜等带有反光效果的护肤品，以免拍摄时引起脸部高光。
6.人物姿态与表情：坐姿端正，表情自然，双眼自然睁开并平视，耳朵对称，左右肩膀平衡，嘴唇自然闭合。
六、注意事项
1.本次采集的图像除用于学信网电子注册外，纸质照片还将张贴在学生的毕业证书和学位证书之上，事关每位毕业生的切身利益，请各学院本着为学生高度负责的态度，切实做好各项准备工作，细化拍摄组织流程，引导学生有序、高效地完成采集工作。
2.确有特殊情况无法参加本次图像采集的学生，必须按学校要求进行统一补拍（补拍时间暂定明年五月中旬，具体安排另行通知）。对于学生通过其他方式自行提交的照片，学校一律不予采用。
3.所有参加图像采集的学生，都必须按规定登录学信网进行图像校对。未经校对的图像不会被学信网采用，从而导致学历学位电子注册信息无法上网对外提供查询。有关图像校对的具体安排另行通知。

附件：1.拍摄地点示意图
2.各学院分班拍摄顺序
3.获得图像采集码途径

教务处注册中心
2024年10月21日",3,0017449848580014918535,附件3：获得图像采集码途径.pdf,1222,https://jwch.fzu.edu.cn/system/_content/download.jsp?urltype=news.DownloadAttachUrl&owner=1744984858&wbfileid=14918535,14918535,1744984858
001036013727,https://jwch.fzu.edu.cn/info/1036/13727.htm,关于做好2025届预计毕业生电子注册图像采集工作的通知,【教学运行】,2024-10-21,"各学院：
根据《高等教育学历证书电子注册图像采集规范及信息标准》（教毕指〔2017〕99号）等文件精神，经与新华通讯社福建分社图像采集中心（以下简称采集中心）协商，现将我校2025届预计毕业生电子注册图像采集工作通知如下：
一、采集对象
旗山校区2025届普通全日制本科预计毕业生（含第二学士学位、外校访学学生，外国留学生的采集工作由外事办另行安排，集美校区与晋江校区的采集工作由相关学院另行安排），往年已参加过图像采集的延长修业年限学生，无需再次采集。
二、采集时间
本次图像采集工作定于2024年11月9-10日进行，地点安排在行政北楼西135（A组）和东111（B组）,具体方位参见附件1，各学院分班拍摄顺序详见附件2。
三、收费标准
每生20元，由各班负责人按当天实际参加拍摄人数，现场统一扫码支付给采集中心。采集中心负责将图像上传学信网，并为每位学生提供一套纸质照片（含4张1寸照片、6张2寸照片）。
四、拍摄流程
1.学信网已全面采用基于采集码的图像采集模式，无法提供采集码的学生，一律不予拍摄。
2.所有参加拍摄的学生，都必须提前获得本人图像采集码，并下载保存到手机（采集码长期有效，获取途径详见附件3）。拍摄时，各班学生按学号从小到大依次扫描采集码获取拍摄序号，并严格按拍摄序号进行拍摄，严禁擅自调整拍摄顺序或临时出走，否则所造成的后果由违反规定学生本人承担。
五、拍摄要求
1.衣着：学生仪表装束应大方庄重，避免复杂的图案、条纹。衣服要有领子，建议穿深色带有标准领的衬衫、夹克或者西装，不得穿制服，也不要穿与拍摄背景相近的浅蓝色衣服。
2.头发：不能梳得高耸，不得遮挡眉毛、眼睛和耳朵，长发者应将头发置于肩膀后。不得染发（黑色、深棕色除外）。
3.眼镜：不得戴有色（含隐形）眼镜，镜框不得遮挡眼睛、眉毛，镜片不能有反光。
4.佩饰：不得使用假发、头巾、帽子等头部覆盖物（宗教、医疗和文化需要时，不得遮挡脸部或造成阴影），严禁佩戴耳环、耳钉、耳机、唇钉、眉钉、项链，以及非黑色的钢丝发卡等。
5.化妆：不宜化浓妆（包括但不限于化眼影、睫毛膏、粉底、腮红、唇彩等）。拍摄前应洗净脸上的汗渍、油污，保持脸部整洁，不能使用润肤露、防晒霜等带有反光效果的护肤品，以免拍摄时引起脸部高光。
6.人物姿态与表情：坐姿端正，表情自然，双眼自然睁开并平视，耳朵对称，左右肩膀平衡，嘴唇自然闭合。
六、注意事项
1.本次采集的图像除用于学信网电子注册外，纸质照片还将张贴在学生的毕业证书和学位证书之上，事关每位毕业生的切身利益，请各学院本着为学生高度负责的态度，切实做好各项准备工作，细化拍摄组织流程，引导学生有序、高效地完成采集工作。
2.确有特殊情况无法参加本次图像采集的学生，必须按学校要求进行统一补拍（补拍时间暂定明年五月中旬，具体安排另行通知）。对于学生通过其他方式自行提交的照片，学校一律不予采用。
3.所有参加图像采集的学生，都必须按规定登录学信网进行图像校对。未经校对的图像不会被学信网采用，从而导致学历学位电子注册信息无法上网对外提供查询。有关图像校对的具体安排另行通知。

附件：1.拍摄地点示意图
2.各学院分班拍摄顺序
3.获得图像采集码途径

教务处注册中心
2024年10月21日",3,0017449848580014918534,附件2：各学院分班拍照顺序.pdf,1262,https://jwch.fzu.edu.cn/system/_content/download.jsp?urltype=news.DownloadAttachUrl&owner=1744984858&wbfileid=14918534,14918534,1744984858
001036013727,https://jwch.fzu.edu.cn/info/1036/13727.htm,关于做好2025届预计毕业生电子注册图像采集工作的通知,【教学运行】,2024-10-21,"各学院：
根据《高等教育学历证书电子注册图像采集规范及信息标准》（教毕指〔2017〕99号）等文件精神，经与新华通讯社福建分社图像采集中心（以下简称采集中心）协商，现将我校2025届预计毕业生电子注册图像采集工作通知如下：
一、采集对象
旗山校区2025届普通全日制本科预计毕业生（含第二学士学位、外校访学学生，外国留学生的采集工作由外事办另行安排，集美校区与晋江校区的采集工作由相关学院另行安排），往年已参加过图像采集的延长修业年限学生，无需再次采集。
二、采集时间
本次图像采集工作定于2024年11月9-10日进行，地点安排在行政北楼西135（A组）和东111（B组）,具体方位参见附件1，各学院分班拍摄顺序详见附件2。
三、收费标准
每生20元，由各班负责人按当天实际参加拍摄人数，现场统一扫码支付给采集中心。采集中心负责将图像上传学信网，并为每位学生提供一套纸质照片（含4张1寸照片、6张2寸照片）。
四、拍摄流程
1.学信网已全面采用基于采集码的图像采集模式，无法提供采集码的学生，一律不予拍摄。
2.所有参加拍摄的学生，都必须提前获得本人图像采集码，并下载保存到手机（采集码长期有效，获取途径详见附件3）。拍摄时，各班学生按学号从小到大依次扫描采集码获取拍摄序号，并严格按拍摄序号进行拍摄，严禁擅自调整拍摄顺序或临时出走，否则所造成的后果由违反规定学生本人承担。
五、拍摄要求
1.衣着：学生仪表装束应大方庄重，避免复杂的图案、条纹。衣服要有领子，建议穿深色带有标准领的衬衫、夹克或者西装，不得穿制服，也不要穿与拍摄背景相近的浅蓝色衣服。
2.头发：不能梳得高耸，不得遮挡眉毛、眼睛和耳朵，长发者应将头发置于肩膀后。不得染发（黑色、深棕色除外）。
3.眼镜：不得戴有色（含隐形）眼镜，镜框不得遮挡眼睛、眉毛，镜片不能有反光。
4.佩饰：不得使用假发、头巾、帽子等头部覆盖物（宗教、医疗和文化需要时，不得遮挡脸部或造成阴影），严禁佩戴耳环、耳钉、耳机、唇钉、眉钉、项链，以及非黑色的钢丝发卡等。
5.化妆：不宜化浓妆（包括但不限于化眼影、睫毛膏、粉底、腮红、唇彩等）。拍摄前应洗净脸上的汗渍、油污，保持脸部整洁，不能使用润肤露、防晒霜等带有反光效果的护肤品，以免拍摄时引起脸部高光。
6.人物姿态与表情：坐姿端正，表情自然，双眼自然睁开并平视，耳朵对称，左右肩膀平衡，嘴唇自然闭合。
六、注意事项
1.本次采集的图像除用于学信网电子注册外，纸质照片还将张贴在学生的毕业证书和学位证书之上，事关每位毕业生的切身利益，请各学院本着为学生高度负责的态度，切实做好各项准备工作，细化拍摄组织流程，引导学生有序、高效地完成采集工作。
2.确有特殊情况无法参加本次图像采集的学生，必须按学校要求进行统一补拍（补拍时间暂定明年五月中旬，具体安排另行通知）。对于学生通过其他方式自行提交的照片，学校一律不予采用。
3.所有参加图像采集的学生，都必须按规定登录学信网进行图像校对。未经校对的图像不会被学信网采用，从而导致学历学位电子注册信息无法上网对外提供查询。有关图像校对的具体安排另行通知。

附件：1.拍摄地点示意图
2.各学院分班拍摄顺序
3.获得图像采集码途径

教务处注册中心
2024年10月21日",3,0017449848580014918533,附件1：拍照地点示意图.pdf,938,https://jwch.fzu.edu.cn/system/_content/download.jsp?urltype=news.DownloadAttachUrl&owner=1744984858&wbfileid=14918533,14918533,1744984858
001036013725,https://jwch.fzu.edu.cn/info/1036/13725.htm,关于2024-2025学年第一学期《大学物理A（下）》、《大学物理B（下）》课程半期考试安排的通知,【教学运行】,2024-10-18,"各有关学院：
定于11月2日上午进行《大学物理A（下）》和《大学物理B（下）》课程半期考试，请有关协助监考学院按考表（见附件）安排监考老师并录入系统，及时通知监考老师和学生上系统查看考试信息，以免延误考试。
为保证考试的顺利进行，如其他教学安排时间或地点与此次考试冲突，请予以调整。

物信学院
教务处
2024年10月18日",1,0017449848580014918114,2401大物A（下）、B（下）半期考11.2上午.xlsx,836,https://jwch.fzu.edu.cn/system/_content/download.jsp?urltype=news.DownloadAttachUrl&owner=1744984858&wbfileid=14918114,14918114,1744984858
001040013723,https://jwch.fzu.edu.cn/info/1040/13723.htm,关于2024年新上岗教师教学达标培训班教师配备导师的通知,【质量办】,2024-10-16,"各学院，有关单位：
根据我校2024年新教师校级岗前分类培训工作安排及任务分工，请各学院、教学单位严把教学质量关，为新上岗教师配备优秀导师。现将有关事项通知如下：
1.导师配备要求：
（1）导师需为副教授及以上职称，教学效果良好；
（2）原则上每名导师最多只能指导2名新教师；
（3）辅导员承担思政课由马克思主义学院负责配备导师，承担职业生涯规划类课程由学工部负责配备导师。
2．各学院、单位教学干事填写《2024年福州大学新上岗教师达标培训班名单（配导师）》（附件），于2024年10月18日前将签字盖章的纸质版材料交至行政北楼西205办公室，电子版汇总表发至10556425@qq.com，联系人：蒋麓，电话：0591-22860935。
3.教务处对各学院上报的导师配备情况进行汇总统计，并报教师工作部。

附件：2024年福州大学新上岗教师达标培训班名单（配导师）

教务处、教师工作部
2024年10月16日",1,0017449848580014917430,附件：2024年福州大学新上岗教师达标培训班名单（配导师）.xlsx,1498,https://jwch.fzu.edu.cn/system/_content/download.jsp?urltype=news.DownloadAttachUrl&owner=1744984858&wbfileid=14917430,14917430,1744984858
001040013721,https://jwch.fzu.edu.cn/info/1040/13721.htm,诚邀2019届毕业生参与培养目标达成和职业发展问卷调研,【质量办】,2024-10-15,"亲爱的2019届毕业生：
为全面了解福州大学2019届毕业生培养目标达成以及职业发展现状，以帮助学校进一步完善本科教学工作，提升人才培养质量，学校将于近期通过麦可思数据有限公司开展2019届毕业生培养目标达成和职业发展评价。诚邀您的积极参与，感谢您对母校工作的大力支持！
评价时间：2024年10月-2024年11月
评价对象：2019届毕业生（2015年入校，五年制专业为2014年入校）
评价方式：问卷采用在线答题方式进行，答题入口将通过邮件或短信发送给您，您也可通过点击以下链接或者扫描二维码答题。
链接：https://login.mycosresearch.net/?acl=309&uni=10386&setid=28489&entry=zeyp6860
二维码:
       

郑重承诺：本问卷调研将对毕业生个人信息严格保密，问卷所收集到的相关信息仅作分析研究使用。期待您的积极支持。
再次感谢您的信任和支持！

福州大学教学质量监控与评估中心
福州大学教务处
福州大学校友会
2024年10月15日",0,,,,,,
001039013720,https://jwch.fzu.edu.cn/info/1039/13720.htm,关于举办第十六届蓝桥杯全国软件和信息技术专业人才大赛福州大学选拔赛的通知,【实践科】,2024-10-15,"为深入贯彻《中国教育现代化2035》和《国务院关于印发新时期促进集成电路产业和软件产业高质量发展若干政策的通知》精神，助力我国制造强国和网络强国战略，学校决定于2024年11月16日举办蓝桥杯大赛福州大学选拔赛（以下简称校选赛）。此举旨在培养学生自主创新意识和工程实践能力，提升我校毕业生的就业竞争力，并选拔优秀人才参加第十六届蓝桥杯全国软件和信息技术专业人才大赛。现将相关事项通知如下：
一、校选赛内容
选手可使用C、C++、Java或Python语言作答（四种语言题目相同）。比赛重点考察程序设计语言的应用，以及分治法、动态规划、回溯法、分支界限法和贪心算法等算法和数据结构的知识。
有关省赛和全国总决赛的比赛形式、环境、内容及规则，请参阅“蓝桥杯大赛”官网（https://dasai.lanqiao.cn/）。我校本科生需参加软件类个人赛本科A组比赛。
报名后，选手可访问校选赛正式比赛网站（https://coding.fzu.edu.cn/，“福州大学程序设计练习与竞赛（OJ）系统”），建议使用谷歌浏览器并通过校园网或VPN登录，提前熟悉比赛系统（测试账号：lanqiao，密码：Coding@123，请勿修改账号信息）。
比赛当天，选手应登录OJ系统，选择“练习&比赛”栏目下的“第十六届蓝桥杯软件大赛福州大学选拔赛”。账号为9位学号（含首位的0），初始密码请参见网站首页（若非首次使用，密码为最后修改的密码）。校选赛前三天，竞赛组委会将选手信息导入系统，选手需至少提前一天登录并进行系统测试。如发现报名信息缺失或账号/密码错误，请及时反馈至竞赛组委会（联系邮箱：408607795@qq.com）。
特别提醒：所有选手提交的代码将经过抄袭检测系统的审查。如发现雷同情况，将取消排名和参赛资格，并上报所在学院处理。
二、校选赛事宜
1.参赛对象：全日制本科生。
2.比赛形式：分散上机，采用全程机考模式。
3.比赛时间：2024年11月16日13:00至23:00开放比赛，比赛时长约为4小时。选手可在此时间段内自由选择一个4小时的空闲时间完成比赛。请选手务必牢记比赛时间，按时参赛。19:00后将不再允许参赛。
4.比赛地点：自行安排，确保能够登录比赛系统的网络环境即可。
5.试题类型：全部为编程题。
6.评分方式：系统自动评判，依据提交程序的运行结果进行评分。
三、组织形式
1.主办单位：福州大学教务处
2.协办单位：福州大学学生工作部（处）、福州大学团委
3.承办单位：计算机与大数据学院、竞赛组委会
4.各学院：负责做好竞赛的发起、组织、报名和协调等工作。
四、奖励方式
1.参加校选赛的本科生无需支付任何费用，校选赛结束后，学校将通过教务处网站公布通过初选的学生名单。
2.通过校选赛初选的学生有资格参加预计于2025年4月在旗山校区举行的省赛。省赛获得一等奖的学生将有机会参加预计于明年6月上旬举办的全国总决赛（总决赛地点待定，通常在我校旗山校区分赛区进行）。
3.省赛和全国总决赛获奖学生将获得由工业和信息化部人才交流中心及大赛组委会联合颁发的电子版获奖证书。
4.省赛和国赛获奖学生可按照学校相关规定，申请学分认定等奖励。
五、报名方式
1.报名时间：自通知发布之日起，截止至2024年11月11日。
2.报名方式：请在截止日期前访问以下地址，填写报名信息：
https://docs.qq.com/form/page/DVFpBZkVtVVBYZUF1
3.注意事项：（1）报名参赛的学生除特殊原因外，必须参加比赛，否则学院将对其进行通报批评；（2）报名时请详细填写相关信息；（3）上一届比赛中获得全国总决赛三等奖及以上的学生可直接报名参加省赛，无需参加校选赛，但仍需填写报名信息；（4）校选赛无需任何费用，但报名后须按时参赛。通过本次选拔并按时参加省赛和国赛的本科生无需自行承担参赛费用。
4.咨询方式：报名事宜如有疑问，请联系邮箱：408607795@qq.com，或致电王老师：13906909734。

福州大学教务处
2024年10月15日",0,,,,,,
001040013719,https://jwch.fzu.edu.cn/info/1040/13719.htm,关于举办福州大学第五十六场“教学有道”研讨活动的通知,【质量办】,2024-10-15,"各学院、有关单位：
为推进数智课程建设，助力广大教师深入洞悉AIGC赋能教学创新与课程建设的思路, 促进智能技术与教育教学、科学研究深度融合，探索新型教学模式和未来学习方式。经研究，学校决定举办第五十六场“教学有道”专题研讨活动，具体安排如下：
一、研讨主题
AIGC赋能教学创新与课程建设
二、研讨时间
2024年10月17日（周四）16:00-17:00
三、研讨嘉宾
杨  涛：阿里云AI PaaS业务设计总监
胡  峻：阿里云PAI ArtLab高校合作负责人
张雨航：无锡供春AI创始人
四、研讨地点
集美校区书瓦间
五、承办单位
厦门工艺美术学院
六、参会人员
1. 厦门工艺美术学院教师；
2．全校其他感兴趣的教师和教学管理人员。

教务处
2024年10月15日",0,,,,,,
001038013717,https://jwch.fzu.edu.cn/info/1038/13717.htm,关于全校性通识教育选修课《爱课程：管理沟通》学习的重要提示,【计划科】,2024-10-14,"各学院：
   2024-2025学年第一学期我校选用爱课程平台课程《管理沟通》（开课学校：华北电力大学，授课老师：赵洱岽）作为全校性通识教育选修课，现该课程第19期课程已于2024年10月14日开课，请本学期选修这门课程的同学尽快使用下表中的二维码，加入课程的慕课堂参加学习。
只在MOOC平台参加学习，课程学习结束后将无法导出成绩，教务处系统也将无法获得相应学分！必须要加入该门课程的慕课堂参加学习（系统会自动同步MOOC平台的学习进度和数据），成绩才可以正常显示。
具体操作步骤如下：
1、打开中国大学mooc app或者微信扫一扫
2、使用登录中国大学慕课网的账号登录
3、填写完善“学校”“学号”“姓名”等信息
如有疑问，请咨询教务处计划科：
林老师  0591-22866907/83700655。

序号
课程名称
慕课堂二维码

1
爱课程：管理沟通
 

教务处
2024年10月14日",0,,,,,,
001036013716,https://jwch.fzu.edu.cn/info/1036/13716.htm,关于2024-2025学年第一学期《概率论与数理统计》课程半期考试安排的通知,【教学运行】,2024-10-12,"各有关学院：
定于10月27日下午进行《概率论与数理统计》课程半期考试，请有关协助监考学院按考表（见附件）安排监考老师并录入系统，及时通知监考老师和学生上系统查看考试信息，以免延误考试。
为保证考试的顺利进行，如其他教学安排时间或地点与此次考试冲突，请予以调整。

数统学院
教务处
2024年10月12日",1,0017449848580014914281,2401概率论半期考10.27下午.xlsx,617,https://jwch.fzu.edu.cn/system/_content/download.jsp?urltype=news.DownloadAttachUrl&owner=1744984858&wbfileid=14914281,14914281,1744984858
001036013715,https://jwch.fzu.edu.cn/info/1036/13715.htm,关于填报课程学生出勤率信息的通知,【教学运行】,2024-10-11,"各学院、各有关单位：
根据巡视整改工作要求，为了准确、及时地做好本科课程学生出勤率信息的统计工作，请各学院、各有关单位认真对待，通知任课教师按要求填报。现将具体事项通知如下：
一、填报方法
登陆“本科教学管理系统”，选择“教师模块”-“教学专栏”-“我的课程”，点击“授课计划”，在“教学进度”里找到对应的课次填写“出勤率”一栏（只填百分比数字）。
二、填报时间及要求
从2024年8月开始，所有本学期开设的课程，每个上课班级每个月至少填报一次学生出勤率。填报时如有疑问，请咨询电话：22866873。

教务处
2024年10月11日",0,,,,,,
001036013705,https://jwch.fzu.edu.cn/info/1036/13705.htm,关于2024-2025学年第一学期《高等数学A（下）》课程半期考试安排的通知,【教学运行】,2024-09-30,"各有关学院：
定于10月13日上午进行《高等数学A（下）》课程半期考试，请有关协助监考学院按考表（见附件）安排监考老师并录入系统，及时通知监考老师和学生上系统查看考试信息，以免延误考试。
为保证考试的顺利进行，如其他教学安排时间或地点与此次考试冲突，请予以调整。

数统学院
教务处
2024年9月30日",1,0017449848580014911585,2401高等数学A（下）半期考10.13上午.xlsx,777,https://jwch.fzu.edu.cn/system/_content/download.jsp?urltype=news.DownloadAttachUrl&owner=1744984858&wbfileid=14911585,14911585,1744984858
001039013704,https://jwch.fzu.edu.cn/info/1039/13704.htm,关于2024年高校教学基本状态数据库教学相关数据报送的通知,【实践科】,2024-09-29,"各学院及有关单位：
根据我校教学基本状态数据采集工作的部署安排，为了准确、及时地做好教学相关信息的报送，请各有关单位认真对待，指定专人负责填报工作，并严格审核，所填报数据将作为学院本科教学质量考核的依据。现将具体事项通知如下：
一、填报说明及要求
1.填报内容：下载附件2024教学填报数据表格，附件中包含《本科实验场所》在内的19份表格（见附件1-19），各表内附有指标解释，请填报人务必仔细阅读后进行填报。
2.数据采集时间截点：请准确理解各张表格的时间要求，并特别注意表格中个别数据采集点的特殊时间要求。
自然年，指2023自然年，即2023年1月1日-2023年12月31日；
学 年，指2023-2024学年，即2023年9月1日-2024年8月31日；
时 点，指2024年9月30日，对于教师和学生情况，也指开学初报到完成的时间。
3.填报时表6-6附表1、表6-6附表2的竞赛获奖项目不能重复统计。表6-6-3附表1、表6-6-3附表2的竞赛获奖情况不能重复统计。同一学科竞赛不同获奖等级应集中在一起分行填报，同一获奖团队（项目）不同获奖成员应放置分行在一起填报。
4.填报相关表格时由于涉及到本科实验场所代码、校内专业（大类）代码、外聘教师代码等，各学院应先核对本科实验场所、校内专业（大类）、外聘教师的变化情况，有变化的应提前将变化情况报送教务处，以便我处及时与相关部门进行协调和编制新增代码。
5.填报的表格中所涉及的单位号请参照表1-2学校相关党政单位和表1-3学校教学科研单位进行核对（单位号如有变化，以发规办最新公布为准）；涉及的专业代码请参照表1-4-1专业基本情况和表1-4-2专业大类情况表进行核对；涉及的课程代码请参照表5-1-1开课情况。
6.所有表格填报时有填报示例的请参照填报示例进行填报，其中表6-6-3附表1、2学生省级及以上各类学科竞赛奖励情况、表6-6-4学生获专业比赛奖励情况（艺术类专业用）和表6-6-6学生发表学术论文情况中相同竞赛项目（或团队）或同一篇论文，不同的参与学生，按每一位学生填报一行；表工科-2工科类专业经费情况中相同专业有不同的校内专业代码，按每个校内专业代码填报一行。
7.填报时如有疑问：填报数据1-3项实验教学相关方面请咨询电话：22868917；填报数据4-17项实践教学相关方面咨询电话：22866853；填报数据18-19项计划管理方面请咨询电话：23510885。
二、报送数据
1.表1-7-1《本科实验场所》（时点）（对2022年填报的数据进行核对填报，有新增实验场所的应先提出来编制新增代码）；
2.表2-7-1实验教学示范中心、虚拟仿真实验示范中心（时点）；
3.表2-7-2虚拟仿真实验教学项目（时点）；
4.表2-4校外实习、实践、实训基地（时点、学年）（对2022年填报的数据进行核对，并进行增减填报）；
5.表5-2学生毕业综合训练情况（学年）；
6.表5-4-2高校创新创业教育实践基地（平台）（时点、自然年）（对2022年填报的数据进行核对，并进行增减填报）；
7.表6-6附表1福州大学本科生参加全国各类学科竞赛获奖情况统计表（学年）；
8.表6-6附表2福州大学本科生参加文艺、体育竞赛获奖情况统计表（学年）；
9.表6-6附表3福州大学本科生发表作品情况一览表（学年）；
10.表6-6附表4福州大学本科生参加国际会议情况一览表（学年）；
11.表6-6附表5福州大学本科生获得职业资格证书情况一览表（学年）；
12.表6-6附表6福州大学本科生到国际组织实习、任职人数情况一览表（学年）
13.表6-6-3附表1福州大学本科生获省级及以上各类学科竞赛奖励情况（学年）；
14.表6-6-3附表2福州大学本科生获省级及以上各文艺、体育竞赛奖励情况；
15.表6-6-4学生获专业比赛奖励情况（艺术类专业用）（学年）
16.表6-6-6学生发表学术论文情况（学年）；
17.表工科-2工科类专业经费情况（自然年）；
18. 表4-2专业培养计划表（时点）（变动及填报说明详见附件中的“2024年计划科两张表格指标解释”）；
19. 表5-1-3分专业（大类）专业实验课情况（学年）（变动及填报说明详见附件中的“2024年计划科两张表格指标解释”）。
三、报送时间
（一）10月16日前报送表格
1.报送数据中1项表格表1-7-1《本科实验场所》，请报送至教务处实践科（邮箱jwcsjk@fzu.edu.cn）；
2. 承担本科“指导实习、毕业设计（论文）”任务外聘教师名单，按表1-5-3外聘教师基本信息（毕业设计（论文））格式填报，并将2024年承担本科“指导实习、毕业设计（论文）”任务的“表1-5-3外聘和兼职教师基本信息”表格报送至教务处实践科（邮箱jwcsjk@fzu.edu.cn）以及发给学院负责统一填报的老师（组织员）汇总。
（二）10月30日前报送表格
请各学院将所有材料电子版和纸质版（一式一份加盖单位公章）于2024年10月30日前报送教务处，其中报送数据中2-17项表格请报送至教务处实践科（邮箱jwcsjk@fzu.edu.cn）；报送数据中18-19项表格请报送至教务处计划科（邮箱245930267@qq.com）。
附件：2024年本科教学相关数据报送表格

福州大学教务处
2024年9月29日",1,0017449848580014911306,2024年本科教学相关数据报送表格.zip,867,https://jwch.fzu.edu.cn/system/_content/download.jsp?urltype=news.DownloadAttachUrl&owner=1744984858&wbfileid=14911306,14911306,1744984858
001040013703,https://jwch.fzu.edu.cn/info/1040/13703.htm,关于开展福州大学2024年教师教学创新大赛的通知,【质量办】,2024-09-29,"各学院：
为深入学习贯彻习近平总书记关于教育的重要论述，落实立德树人根本任务，推动高等教育教学改革，有效助力“四新”建设，引导教师通过课程教学创新，推进课程思政建设，强化高校与社会、高校与行业企业协同育人成效，提高拔尖创新人才自主培养质量，同时为选拔我校优秀选手参加第五届福建省高校教师教学创新大赛准备工作，经研究决定开展福州大学2024年教师教学创新大赛，现将有关事项通知如下：
一、报名事项
1.参赛对象：学校在职教师，主讲教师近5年对所参赛的本科课程讲授2轮及以上。
2.参赛要求：比赛根据主讲教师专业技术职务等级分成正高组、副高组、中级及以下组三个组别进行。参赛教师和团队可选择新工科组、新医科组、新文科组、基础课程组、课程思政组、产教融合组中任一类型参加。
（1）新工科组、新医科组、新文科组、基础课程组、课程思政组：以个人或团队形式报名，若以团队形式参赛，团队成员包括1名主讲教师和不超过3名团队教师。已获得前四届教师教学创新大赛省赛一等奖的主讲教师不再报名参赛。
（2）产教融合组：以团队形式参赛，团队成员包括1名主讲教师和不超过3名团队成员（至少包含1名从行业企业聘请的兼职教师，且深度参与教育教学时间2年以上）。参赛课程的实践性教学内容比例应不少于30%。行业企业参与教学，需提供人事聘任协议或产教融合项目合同等，签订时间在2年及以上。
3.报名要求：正高组、副高组、中级及以下组，每组比赛各学院必须至少推荐1名教师或1个团队参加。
二、奖项设置
校赛设特等奖、一等奖、二等奖，获奖比例占申报总人数的70%。学校将从各参赛组别中择优选拔优秀教师参加第五届福建省高校教师教学创新大赛。
三、比赛流程
1.校赛成绩组成
校赛成绩分两个阶段，即教学创新成果报告评选和教学设计创新汇报。第一阶段，参赛教师先提交教学创新成果报告，经学校专家评审，评审成绩优良的教师进入第二阶段的教学设计创新现场汇报。第二阶段，专家根据入围选手的教学设计创新现场汇报，以及教学创新成果报告，综合评价得出最终成绩。
（1）教学创新成果报告应基于参赛课程的教学实践经验与反思，体现教学创新成效。聚焦教学实践的真实“问题”，通过课程内容的重构、教学方法的创新、教学环境的创设、教学评价的改革等，采用教学实验研究的范式解决教学问题，明确教学成效及其推广价值。课程思政创新报告应立足于学科专业的育人特点和要求，发现和解决本课程开展课程思政教学过程中的“真实问题”。产教融合创新成果报告应密切围绕高校与社会或行业企业主动合作、人才培养规格与产业需求、学科专业结构与区域发展、组织模式创新与教学模式改革等产教融合方面的内容，以教学研究的范式，聚焦教学实践中的“真实问题”，通过课程内容的重构、教学方法的创新、教学环境的创设、教学评价的改革、师资队伍的建设、协同办学的机制等，解决教学问题，明确教学成效及其推广价值。
教学创新成果报告包括摘要、正文，字数4000字左右为宜。
（2）教学设计创新汇报需进行现场PPT汇报，不超过15分钟。
2.校内培训
校赛初定于11月举办。为帮助参赛教师做好准备，提高比赛成绩，教务处将于10月下旬邀请校内外专家，对报名参赛教师进行专题培训辅导。参赛教师可先加强相关知识学习，着手撰写材料，待完成学校培训后提交教学创新成果报告。培训时间地点另行通知。
因参加福建省高校教师教学创新大赛的选手还需提交2个1学时的课堂教学实录视频等材料，请有意冲刺省赛的教师同步开始视频及其他相关材料准备工作。
四、材料报送
1.请各学院广泛动员，积极组织符合条件的优秀教师进行报名，特别是动员授课效果好、课程教学有明显创新特色、注重现代信息技术运用、教改成果丰富的教师参赛（如一流课程负责人、指导学生获学科竞赛奖或发表论文等）。产教融合赛道推荐课程可参考附件4。
2.学院推荐名单汇总表（附件1）请于2024年10月11日前报送至行政北楼西205，电子版发至10556425@qq.com。联系人：蒋麓，联系电话：0591-22860935。

具体奖项设置及比赛细节学校将根据省教育厅文件适时调整，另行通知。

附件（链接）：
1.福州大学2024年教师教学创新大赛学院推荐名单汇总表
2.福州大学2024年教师教学创新大赛评分表（含三种类别）
3.福州大学一流课程名单
4.第四届全国高校教师创新创业产教融合赛道-部分赛区推荐国赛名单
5.闽教高〔2023〕23号 福建省教育厅关于举办第四届福建省高校教师教学创新大赛的通知（2024年省级文件尚未下达）
6. 闽教高〔2024〕3号 福建省教育厅关于举办第四届福建省高校教师教学创新大赛产教融合赛道赛事的通知（2024年省级文件尚未下达）

福州大学教务处
2024年9月29日",1,0017449848580014911304,附件.rar,707,https://jwch.fzu.edu.cn/system/_content/download.jsp?urltype=news.DownloadAttachUrl&owner=1744984858&wbfileid=14911304,14911304,1744984858
001036013780,https://jwch.fzu.edu.cn/info/1036/13780.htm,关于2024-2025学年第一学期《概率论与数理统计》课程期末考试安排的通知,【教学运行】,2024-12-04,"各有关学院：
定于12月15日下午进行《概率论与数理统计》课程期末考试，请有关协助监考学院按考表（见附件）安排监考老师并录入系统，及时通知监考老师和学生上系统查看考试信息，以免延误考试。
为保证考试的顺利进行，如其他教学安排时间或地点与此次考试冲突，请予以调整。

数统学院
教务处
2024年12月4日",1,0017449848580015640022,2401概率期末考-12.15下午.xlsx,591,https://jwch.fzu.edu.cn/system/_content/download.jsp?urltype=news.DownloadAttachUrl&owner=1744984858&wbfileid=15640022,15640022,1744984858
001036013779,https://jwch.fzu.edu.cn/info/1036/13779.htm,关于2024-2025学年第一学期《马克思主义基本原理》和《毛泽东思想和中国特色社会主义理论体系概论》课程期末考试安排的通知,【教学运行】,2024-12-03,"各有关学院：
定于第16周进行《马克思主义基本原理》和《毛泽东思想和中国特色社会主义理论体系概论》课程期末考试，请有关协助监考学院按考表（见附件）安排监考老师并录入系统，及时通知监考老师和学生上系统查看考试信息，以免延误考试。
为保证考试的顺利进行，如其他教学安排时间或地点与此次考试冲突，请予以调整。

马克思主义学院
教务处
2024年12月3日",2,0017449848580015639802,2401马原随堂考.xlsx,584,https://jwch.fzu.edu.cn/system/_content/download.jsp?urltype=news.DownloadAttachUrl&owner=1744984858&wbfileid=15639802,15639802,1744984858
001036013779,https://jwch.fzu.edu.cn/info/1036/13779.htm,关于2024-2025学年第一学期《马克思主义基本原理》和《毛泽东思想和中国特色社会主义理论体系概论》课程期末考试安排的通知,【教学运行】,2024-12-03,"各有关学院：
定于第16周进行《马克思主义基本原理》和《毛泽东思想和中国特色社会主义理论体系概论》课程期末考试，请有关协助监考学院按考表（见附件）安排监考老师并录入系统，及时通知监考老师和学生上系统查看考试信息，以免延误考试。
为保证考试的顺利进行，如其他教学安排时间或地点与此次考试冲突，请予以调整。

马克思主义学院
教务处
2024年12月3日",2,0017449848580015639803,2401毛概随堂考.xlsx,553,https://jwch.fzu.edu.cn/system/_content/download.jsp?urltype=news.DownloadAttachUrl&owner=1744984858&wbfileid=15639803,15639803,1744984858
001039013778,https://jwch.fzu.edu.cn/info/1039/13778.htm,关于举办第十五届全国大学生电子商务“三创赛”福州大学校赛的通知,【实践科】,2024-12-02,"各学院：
全国大学生电子商务“创新、创意及创业”挑战赛（简称“三创赛”）是在2009年由教育部委托教育部高校电子商务类专业教学指导委员会主办的全国性在校大学生学科性竞赛。根据教育部、财政部（教高函〔2010〕13号）文件精神，“三创赛”是激发大学生兴趣与潜能，培养大学生创新意识、创意思维、创业能力以及团队协同实战精神的比赛。“三创赛”自2009年至2024年已成功举办了14届，是全国高校大学生学科竞赛排行榜赛事之一。
福州大学将继续举办第十五届全国大学生电子商务“三创赛”校级赛。现将有关事项通知如下：
一、相关组织与执行单位
主办单位：福州大学
承办单位：福州大学经济与管理学院
执行单位：第十五届全国大学生电子商务“创新、创意及创业”挑战赛福州大学校级赛组织委员会
二、赛事分类
（一）常规赛
本届大赛常规赛主题如下：
1.三农电子商务  2.工业电子商务  3.跨境电子商务
4.电子商务物流  5.互联网金融    6.移动电子商务
7.旅游电子商务  8.校园电子商务  9.其他类电子商务
（二）实战赛
1.跨境电商实战赛       2.乡村振兴实战赛
3.产学用（BUC）实战赛  4.商务大数据分析实战赛
5.直播电商实战赛
三、参赛题目
参赛队伍应该围绕大赛主题给出具体作品名称，参赛作品名称（不超出30个字符）及内容应当充满正能量、符合主旋律，不能含有色情、暴力和低俗等内容，更不能与中华人民共和国法律相抵触。团队名不能超过16个字符。
四、大赛参赛资格和指导原则
1. 凡是福州大学全日制在校大学生都有资格参赛；高校教师既可以作为指导老师（在学生队中）也可以作为参赛选手（在混合队中做队长或队员）组成师生混合队参赛。
2. 参赛选手有两种组队方式：
（1）学生队：学生作为队长，队长和队员须全部为全日制在校学生；
（2）混合队：高校教师作为队长，队员中学生数量必须多于教师。
3. 参赛选手每人可以同期参加一个常规赛和一个实战赛（同一团队如果参加两个比赛也必须注册两个团队ID号）。一个团队成员3-5名，其中一名为队长。可以跨校组队，以队长所在学校为该队报名学校。队员的身份信息的真实性由队长负责。鼓励合理分工，学科交叉，优势结合。
4. 一个团队可以有0-2名高校指导老师，0-2名企业指导老师参加。
5. 至大赛全部结束前，团队可以做成员减员申请。经该团队在系统上传《团队减员申请表》（官网下载），由第一高校指导老师和队长及被减掉的队员和指导老师签字。校赛管理员审查无误后提交竞组委秘书处备案复核确认，最终由校赛管理员进行删减操作。系统限定团队队员数不得低于3人。
五、比赛流程
1.报名
（1）时间：2024年12月31日晚24：00之前
（1）方式：各参赛团队需到大赛官方网站（www.3chuang.net）由队长统一注册，按照注册流程和要求填写必要信息。报名时首先选择所在省份及学校并填写参赛队员、高校指导老师情况、企业指导老师情况，参赛作品名可以在报名时间截止前确定。所有参赛队伍必须由本校“三创赛”承办负责人在官网上对参赛队伍进行审核通过，审核通过后即为有效报名团队。
参赛团队需在报名时需要承诺遵守大赛规则方能注册账号，并与系统互动，生成《参赛团队承诺书》，参加实战赛的团队还要签署《实战赛参赛学生（混合队教师）知情书》（见官网）。高校指导老师需在校赛开始之日前在团队账号下载统一生成《团队高校指导老师承诺书》并签字。
2.提交计划书
（1）时间：2025年3月10日晚24：00之前
（2）方式：网站注册完成后，每支团队形成项目计划书(项目计划书模板见附件3)。
注意：在规定时间内以电子版的形式发送压缩文件包至校赛组委会指定邮箱（将在赛事专用QQ群内告知），压缩文件包以“官网团队ID+队长姓名”命名，如团队ID为158744，压缩包命名“158744+队长姓名”；压缩包内各个文件以“官网团队ID+文件名”命名。
压缩包内包括以下文件：
①《参赛团队承诺与说明书》，实战赛的团队还需提交《实战赛参赛学生（混合队教师）知情书》，系统生成或见附件1、附件2
②《团队高校指导老师承诺书》，系统生成或见附件3
③项目计划书word文件.docx格式（附件4）
④团队比赛报名表excel文件（附件5），其中项目计划书要求不得包含任何团队成员信息，以后面发给评审老师匿名评审用。
3.评审
由评审老师根据提交的电子版计划书进行评分并筛选得分前二十的团队进入决赛（晋级团队数量将根据参赛团队数量进行调整）。
4.决赛：决赛时间待定。
六、比赛规则
1.初赛环节：由评委根据团队提交的书面计划书，按照评分规则评出分数，得分平均值排名前二十支团队进入决赛。
2.决赛环节：待定。
3.校赛奖项设置：特等奖不超过参赛团队数量5%（可空缺），一等奖不超过参赛团队数量10%，二等奖不超过参赛团队数量20%，三等奖不超过参赛团队数量30%；设最佳创新奖、最佳创意奖、最佳创业奖若干。
4.评分规则
参考大赛官方网站（www.3chuang.net）资料。
七、其他说明
1. 三创赛所有文档均放在三创赛官方网（www.3chuang.net）“资料下载”栏，所有赛事通知、公告均通过官方网站、微信公众号（名称：电子商务三创赛）发布。请各参赛团队务必注意查看相关信息，尤其是各类别赛事的报名指南和实施要点、竞赛规则及与十四届相比的本届赛事的竞赛规则变化等。凡校级赛通知与三创赛官方网站不一致的，以官方网站公布的信息为准。
2.为确保本次竞赛的公开、公平、公正，本次大赛全程接受全校师生的监督，接受实名举报。
3.参赛选手须严格按上述条款参赛，对违规作品，大赛组委会将取消其所获全部奖项。
4.望各参赛团队认真参与、规范比赛，未尽事宜可向大赛工作组咨询。
5.大赛组委会对本次大赛的相关规定拥有最终解释权。
6.校赛初赛通知QQ群号：930523080，请参赛的同学们进群接收校赛通知。

第十五届全国大学生电子商务“三创赛”福州大学校级赛组委会
2024年12月2日

附件1.参赛团队承诺与说明书
附件2.实战赛参赛学生（混合队教师）知情书
附件3.团队高校指导老师承诺书
附件4.校级赛计划书模板
附件5.校级赛比赛报名表",1,0017449848580015639505,附件：“三创赛”福州大学校赛附件.zip,824,https://jwch.fzu.edu.cn/system/_content/download.jsp?urltype=news.DownloadAttachUrl&owner=1744984858&wbfileid=15639505,15639505,1744984858
001038013777,https://jwch.fzu.edu.cn/info/1038/13777.htm,关于2024-2025学年第二学期修读辅修专业学生名单的公示,【计划科】,2024-12-02,"各学院：
根据福大教[2021]18号《福州大学本科生辅修专业管理办法》所规定的基本原则和基本条件，经各学院审核、教务处审批，拟同意佟燿轩等四十三位同学的辅修专业修读申请。现将名单予以公示，公示期为2024年12月2日至2024年12月8日，如有异议可于公示期内的工作时间（上午8：30-12：00，下午2：00-5：00）拨打监督电话：22865580（校纪委），22866907（计划科）进行反映。

序号
学  号
姓  名
主修专业
辅修专业

1
022202114
佟燿轩
车辆工程
日语

2
032301329
黄俊杰
数学类
计算机科学与技术

3
032302133
郑炜城
经济统计学
计算机科学与技术

4
052301121
闵传文
机械设计制造及其自动化
数学与应用数学

5
052301235
罗晋源
土木工程
经济统计学

6
052306119
陈潇
港口航道与海岸工程
计算机科学与技术

7
052307109
王炯章
智能建造
日语

8
062200433
蔡佳芯
应用心理学
计算机科学与技术

9
062300151
叶嘉
环境工程
经济统计学

10
062300223
黄佳宇
安全工程
法学

11
062300238
林羽
安全工程
计算机科学与技术

12
062300407
陈欣妍
资源循环科学与工程
数字媒体技术

13
062300411
李凯烨
资源循环科学与工程
计算机科学与技术

14
072301130
林颖
工商管理
经济统计学

15
072303325
朱轩昊
电子商务
数学与应用数学

16
072303433
许艺馨
经济统计学
数学与应用数学

17
072305322
胡慧琳
财务管理
法学

18
072306142
薛恒耀
金融学
日语

19
082300116
郭佳瑶
生物工程
应用心理学

20
092300205
郭夏颖
英语
法学

21
112300727
柯哲洋
集成电路设计与集成系统
计算机科学与技术

22
132301141
黄心悦
化学
应用心理学

23
152301108
邱权杰
数理综合班
经济统计学

24
182300331
王志旭
材料科学与工程
信息与计算科学

25
292300120
梁欣恩
社会学
计算机科学与技术

26
292300219
李瑞桐
汉语言文学
法学

27
292300256
张文茜
汉语言文学
计算机科学与技术

28
292300403
陈贝妮
音乐学
汉语言文学

29
292300426
罗娜岚
音乐学
应用心理学

30
292300438
王瑞超
音乐学
应用心理学

31
292300448
张芷榕
音乐学
汉语言文学

32
832301118
李奕霏
电子信息工程（中外合作办学）
数字媒体技术

33
832301228
林骏天
电子信息工程（中外合作办学）
英语

34
832304209
周建松
数字媒体技术（中外合作办学）
经济统计学

35
852201122
李凯文
物流管理（4+0）
数字媒体技术

36
852201514
杨传军
物流管理（4+0）
计算机科学与技术

37
852301208
卞莘源
物流管理（4+0）
社会学

38
852301224
余恩熙
物流管理（4+0）
法学

39
852301239
郭雯清
物流管理（4+0）
法学

40
852301327
张路遥
物流管理（4+0）
计算机科学与技术

41
852301335
林力韬
物流管理（4+0）
计算机科学与技术

42
852301415
危昕怡
物流管理（4+0）
法学

43
852301520
陈嘉阳
物流管理（4+0）
经济统计学

 
福州大学教务处
2024年12月2日",0,,,,,,
001039013773,https://jwch.fzu.edu.cn/info/1039/13773.htm,关于组织参加2025年美国大学生数学建模竞赛（MCM/ICM）通知,【实践科】,2024-11-29,"为提高大学生的综合素质，培养学生的创新意识及运用数学方法和计算机技术解决实际问题的能力，提升学生运用英语熟练撰写竞赛论文的水平，经研究，决定由数学与统计学院统一组织、指导学生参加美国大学生数模竞赛（MCM/ICM），学校将在选拔培训、参赛组织、指导教师等方面对参赛队伍给予重点支持，欢迎具备条件的同学踊跃报名参加，并实名（学号+姓名）加入美赛交流群（QQ群号：864316897），具体事项请关注QQ群上通知。
2024年美赛将于北京时间2025年1月24日上午6:00至2025年1月28日上午9:00（美国东部时间2025年1月23日15:00至2025年1月27日20:00）举行，详细的开赛通知及校内报名流程请关注QQ群上通知。
联系电话：周老师（13788891911），吕老师（18050401478）
附：美赛简介
美国大学生数模竞赛（MCM/ICM），简称美赛，由美国数学及其应用联合会主办，是唯一的国际性数学建模竞赛，也是世界范围内最具影响力的数学建模竞赛之一。美赛分为MCM（The Mathematical Contest in Modeling数学建模竞赛）和ICM（Interdisciplinary Contest in Modeling跨学科建模竞赛），更加详细介绍可网上查阅：美国大学生数学建模竞赛。

福州大学教务处
  2024年11月29日",0,,,,,,
001039013772,https://jwch.fzu.edu.cn/info/1039/13772.htm,关于组织申报2024年高校双碳实践育人案例的通知,【实践科】,2024-11-28,"各学院：
  为积极探索国家“碳达峰碳中和”战略实施途径、政策体系和行动方案，贯彻落实教育部《高等学校碳中和科技创新行动计划》、《加强碳达峰碳中和高等教育人才培养体系建设工作方案》等文件精神，根据《中国高等教育学会碳中和与清洁能源教育专业委员会关于开展2024年高校双碳实践育人案例征集的通知》的通知要求，请各学院积极组织相关专业申报2024年高校双碳实践育人案例，现将有关事项通知如下：
1.材料申报：填写《2024年高校双碳实践案例申报表》及支撑材料，支撑材料需和案例内容相关。
2.申报时间：请于2024年12月31日前将申报表及支撑材料纸质版1份报送教务处实践科，同时将申报表及支撑材料电子版发送至邮箱：jwcsjk@fzu.edu.cn。
3.择优推荐：双碳实践育人案例在学院申报基础上，学校将根据要求择优向中国高等教育学会碳中和与清洁能源教育专业委员会推荐优秀案例。

附件：中国高等教育学会碳中和与清洁能源教育专业委员会关于开展2024年高校双碳实践育人案例征集的通知

                          福州大学教务处
2024年11月28日",1,0017449848580015637409,附件：中国高等教育学会碳中和与清洁能源教育专业委员会关于开展 2024 年高校双碳实践育人案例征集的通知.pdf,863,https://jwch.fzu.edu.cn/system/_content/download.jsp?urltype=news.DownloadAttachUrl&owner=1744984858&wbfileid=15637409,15637409,1744984858
001040013769,https://jwch.fzu.edu.cn/info/1040/13769.htm,关于举办福州大学第六十一场“教学有道” 研讨活动的通知,【质量办】,2024-11-26,"各学院、有关单位：
为进一步推进工程教育专业认证和一流专业的建设和发展，增强我校教师在专业认证过程中的主线意识和底线意识，深化教师对关键教学问题的认识，提高课程建设过程中面向产出的教学活动和教学评价的有效度。经研究，学校决定举办第六十场“教学有道”专题研讨活动，具体安排如下：
一、研讨主题
工程教育专业认证与一流专业建设
二、研讨时间
2024年11月28日（星期四）14:30
三、主讲人
浙江工业大学健行特聘教授，中国工程教育专业认证专家 吴石金教授
四、研讨地点
生工北楼（33号楼）二楼柏物产厅
五、承办单位
生物科学与工程学院
六、参会人员
1、生物科学与工程学院教师；
2、全校其他感兴趣的教师。
主讲人简介：
吴石金教授，系浙江工业大学健行特聘教授，博士生导师，国家级实验教学示范中心执行主任，中国工程教育专业认证专家、教育部普通高等学校本科教育教学工作审核评估专家、合格评估专家，浙江省高校中青年学科带头人，入选浙江省高校优秀青年资助计划，生物技术国家级一流专业建设点负责人，首批国家级一流本科课程负责人，国家虚拟仿真实验教学项目负责人，国家级精品视频公开课负责人，主持了国家级大学生校外实践教育基地、国家级工程教育中心等教学平台的申报与建设工作。吴教授拥有丰富的专业建设和教改创新经验，创性地提出并实践了“亮·考·帮”线上线下混合式教学模式。在一线教学实践过程中，深入探究产教融合模式，倡导课堂与产业的融通互动；倡导课外科创活动源于科研项目，继而反哺课程。20余年来，根据学情结合现代教育教学技术发展特点，不断地进行教学手段的改革、创新和总结，主持省部级以上教学改革与建设项目16项，主编国家级规划教材8部，曾获国家级教学成果二等奖1项、浙江省教学成果奖2项，发表教改论文30余篇。

教务处
2024年11月26日",0,,,,,,
001040013768,https://jwch.fzu.edu.cn/info/1040/13768.htm,关于举办福州大学第六十场“教学有道”研讨活动的通知,【质量办】,2024-11-25,"各学院、有关单位：
为深入构建我校数智赋能教育教学支撑体系，深化我校教育数字化，持续推进AI时代的新一代智慧课程建设，经研究，我校决定举办第六十场“教学有道”研讨活动暨智慧课程建设专题研讨活动，具体事项通知如下：
一、研讨主题
AI时代的新一代智慧课程建设
二、研讨时间
2024年11月27日（周三）下午2:30
三、主讲嘉宾
福建技术师范学院大数据与人工智能学院副院长 赵少卡 副教授
超星泛雅集团福建分公司智慧课程建设负责人 韩岩
超星泛雅集团福建分公司高级讲师 姜颖
四、研讨地点
集美校区书瓦间
五、承办单位
厦门工艺美术学院
六、参会人员
1．厦门工艺美术学院教师；
2．全校其他感兴趣的教师和教学管理人员。

教务处
2024年11月25日",0,,,,,,
001036013766,https://jwch.fzu.edu.cn/info/1036/13766.htm,关于2024-2025学年第一学期《工程制图E》课程期末考试安排的通知,【教学运行】,2024-11-22,"各有关学院：
定于12月8日上午进行《工程制图E》课程期末考试，请有关协助监考学院按考表（见附件）安排监考老师并录入系统，及时通知监考老师和学生上系统查看考试信息，以免延误考试。
为保证考试的顺利进行，如其他教学安排时间或地点与此次考试冲突，请予以调整。

机械学院
教务处
2024年11月22日",1,0017449848580015635768,2401制图E期末考-12.8上午.xlsx,578,https://jwch.fzu.edu.cn/system/_content/download.jsp?urltype=news.DownloadAttachUrl&owner=1744984858&wbfileid=15635768,15635768,1744984858
001036013765,https://jwch.fzu.edu.cn/info/1036/13765.htm,关于2024-2025学年第一学期《高等数学A（下）》课程期末考试安排的通知,【教学运行】,2024-11-22,"各有关学院：
定于12月1日上午进行《高等数学A（下）》课程期末考试，请有关协助监考学院按考表（见附件）安排监考老师并录入系统，及时通知监考老师和学生上系统查看考试信息，以免延误考试。
为保证考试的顺利进行，如其他教学安排时间或地点与此次考试冲突，请予以调整。

数统学院
教务处
2024年11月22日",1,0017449848580015635767,2401高等数学A下期末考-12.1上午.xlsx,773,https://jwch.fzu.edu.cn/system/_content/download.jsp?urltype=news.DownloadAttachUrl&owner=1744984858&wbfileid=15635767,15635767,1744984858
001042013763,https://jwch.fzu.edu.cn/info/1042/13763.htm,关于开展2024年本科数字教材建设立项工作的通知,【教材中心】,2024-11-21,"各学院，相关教学单位:
为落实党的二十大精神，深入推进国家教育数字化战略行动，促进数字技术与教材建设深度融合，加快教育数字化转型，打造一批精品数字教材，学校决定开展本科数字教材建设立项工作，现将有关事项通知如下:
一、立项范围
本次立项范围为适用于我校本科教育的数字教材。重点支持通识教育必修课程、专业核心课程及特色课程的数字教材建设。同等条件下优先支持已有相关课程线上资源及相关数字教材平台建设基础的教材开展数字化建设。
二、立项数量
2024年拟支持建设20-30部本科数字教材。
三、申报条件及要求
(一)教材编写团队(含主编/参编)政治立场坚定，具有正确的世界观、人生观、价值观，坚持正确的国家观、民族观、历史观、文化观、宗教观，没有违背党的理论和路线方针政策的言行。学术功底扎实、学术水平高、学风严谨。遵纪守法，无学术不端行为和师德师风等问题。
(二)项目负责人应为教材第一主编且为我校在职在编教师，具有高级专业技术职务。坚持正确的学术导向，在本学科有深入研究和较高造诣，在相关教材或学科教学方面取得有影响的研究成果，熟悉教材编写工作。原则上应具备3年及以上相应课程一线教学经验。
(三)教材内容要坚持正确的政治方向和价值导向，具有科学性、先进性和适用性；充分反映中国特色社会主义实践，反映相关学科教学和科研最新进展，反映经济社会和科技发展对人才培养提出的新要求，反映先进教学理念。
（四）教材须有多媒体呈现、菜单自主选项等功能的融入，具备互动性、个性化等特点。
（五）教材所含资源不存在版权、著作权等问题。
（六）教材编写应符合《福建省普通高等学校教材管理实施细则》第三条和第九条有关规定。
四、申报流程
（一）自主申报。项目负责人填写《福州大学本科数字教材建设立项申报表》（附件1）。
（二）学院推荐。学院对项目负责人及教材编写团队成员进行政治审查并公示。同时，组织专家对申报教材的内容进行充分论证和审核，签署审核意见和推荐意见。确定推荐项目名单后，填写《福州大学本科数字教材建设立项申报汇总表》（附件2）。
（三）学校评审。教务处组织专家对申报项目进行评审。公示无异议后，确定最终立项建设名单。
五、其他事项
(一)各学院要高度重视数字教材建设工作，认真组织、严格把关，对申报教材的基本信息进行认真审核，把好编写团队和教材内容的政治关、学术关。
（二）教材编写实行主编负责制。
（三）立项项目建设周期原则上为2年。项目结题以正式出版数字教材为结题依据。
（四）学校对本次立项项目予以专项经费支持。
（五）原则上应选择权威、有影响力的出版社。
六、材料提交
请各学院于2024年11月27日前将《福州大学本科数字教材建设立项申报表》(一式两份)《福州大学本科数字教材建设立项申报汇总表》《福州大学本科教材编写人员政治审查表》(一式一份)纸质版送至教务处教材建设与行政科(行政北楼西210)，电子版及盖章PDF 版发送至邮箱jwchjck@fzu.edu.cn，联系人:苏淑珍，联系电话:0591-22866893。

附件: 1.福州大学本科数字教材建设立项申报表
2.福州大学本科数字教材建设立项申报汇总表
3.福州大学本科教材编写人员政治审查表

  福州大学教务处
2024年11月21日",3,0017449848580015573426,附件1.福州大学本科数字教材建设立项申报表.docx,975,https://jwch.fzu.edu.cn/system/_content/download.jsp?urltype=news.DownloadAttachUrl&owner=1744984858&wbfileid=15573426,15573426,1744984858
001042013763,https://jwch.fzu.edu.cn/info/1042/13763.htm,关于开展2024年本科数字教材建设立项工作的通知,【教材中心】,2024-11-21,"各学院，相关教学单位:
为落实党的二十大精神，深入推进国家教育数字化战略行动，促进数字技术与教材建设深度融合，加快教育数字化转型，打造一批精品数字教材，学校决定开展本科数字教材建设立项工作，现将有关事项通知如下:
一、立项范围
本次立项范围为适用于我校本科教育的数字教材。重点支持通识教育必修课程、专业核心课程及特色课程的数字教材建设。同等条件下优先支持已有相关课程线上资源及相关数字教材平台建设基础的教材开展数字化建设。
二、立项数量
2024年拟支持建设20-30部本科数字教材。
三、申报条件及要求
(一)教材编写团队(含主编/参编)政治立场坚定，具有正确的世界观、人生观、价值观，坚持正确的国家观、民族观、历史观、文化观、宗教观，没有违背党的理论和路线方针政策的言行。学术功底扎实、学术水平高、学风严谨。遵纪守法，无学术不端行为和师德师风等问题。
(二)项目负责人应为教材第一主编且为我校在职在编教师，具有高级专业技术职务。坚持正确的学术导向，在本学科有深入研究和较高造诣，在相关教材或学科教学方面取得有影响的研究成果，熟悉教材编写工作。原则上应具备3年及以上相应课程一线教学经验。
(三)教材内容要坚持正确的政治方向和价值导向，具有科学性、先进性和适用性；充分反映中国特色社会主义实践，反映相关学科教学和科研最新进展，反映经济社会和科技发展对人才培养提出的新要求，反映先进教学理念。
（四）教材须有多媒体呈现、菜单自主选项等功能的融入，具备互动性、个性化等特点。
（五）教材所含资源不存在版权、著作权等问题。
（六）教材编写应符合《福建省普通高等学校教材管理实施细则》第三条和第九条有关规定。
四、申报流程
（一）自主申报。项目负责人填写《福州大学本科数字教材建设立项申报表》（附件1）。
（二）学院推荐。学院对项目负责人及教材编写团队成员进行政治审查并公示。同时，组织专家对申报教材的内容进行充分论证和审核，签署审核意见和推荐意见。确定推荐项目名单后，填写《福州大学本科数字教材建设立项申报汇总表》（附件2）。
（三）学校评审。教务处组织专家对申报项目进行评审。公示无异议后，确定最终立项建设名单。
五、其他事项
(一)各学院要高度重视数字教材建设工作，认真组织、严格把关，对申报教材的基本信息进行认真审核，把好编写团队和教材内容的政治关、学术关。
（二）教材编写实行主编负责制。
（三）立项项目建设周期原则上为2年。项目结题以正式出版数字教材为结题依据。
（四）学校对本次立项项目予以专项经费支持。
（五）原则上应选择权威、有影响力的出版社。
六、材料提交
请各学院于2024年11月27日前将《福州大学本科数字教材建设立项申报表》(一式两份)《福州大学本科数字教材建设立项申报汇总表》《福州大学本科教材编写人员政治审查表》(一式一份)纸质版送至教务处教材建设与行政科(行政北楼西210)，电子版及盖章PDF 版发送至邮箱jwchjck@fzu.edu.cn，联系人:苏淑珍，联系电话:0591-22866893。

附件: 1.福州大学本科数字教材建设立项申报表
2.福州大学本科数字教材建设立项申报汇总表
3.福州大学本科教材编写人员政治审查表

  福州大学教务处
2024年11月21日",3,0017449848580015573427,附件2.福州大学本科数字教材建设立项申报汇总表.xls,588,https://jwch.fzu.edu.cn/system/_content/download.jsp?urltype=news.DownloadAttachUrl&owner=1744984858&wbfileid=15573427,15573427,1744984858
001042013763,https://jwch.fzu.edu.cn/info/1042/13763.htm,关于开展2024年本科数字教材建设立项工作的通知,【教材中心】,2024-11-21,"各学院，相关教学单位:
为落实党的二十大精神，深入推进国家教育数字化战略行动，促进数字技术与教材建设深度融合，加快教育数字化转型，打造一批精品数字教材，学校决定开展本科数字教材建设立项工作，现将有关事项通知如下:
一、立项范围
本次立项范围为适用于我校本科教育的数字教材。重点支持通识教育必修课程、专业核心课程及特色课程的数字教材建设。同等条件下优先支持已有相关课程线上资源及相关数字教材平台建设基础的教材开展数字化建设。
二、立项数量
2024年拟支持建设20-30部本科数字教材。
三、申报条件及要求
(一)教材编写团队(含主编/参编)政治立场坚定，具有正确的世界观、人生观、价值观，坚持正确的国家观、民族观、历史观、文化观、宗教观，没有违背党的理论和路线方针政策的言行。学术功底扎实、学术水平高、学风严谨。遵纪守法，无学术不端行为和师德师风等问题。
(二)项目负责人应为教材第一主编且为我校在职在编教师，具有高级专业技术职务。坚持正确的学术导向，在本学科有深入研究和较高造诣，在相关教材或学科教学方面取得有影响的研究成果，熟悉教材编写工作。原则上应具备3年及以上相应课程一线教学经验。
(三)教材内容要坚持正确的政治方向和价值导向，具有科学性、先进性和适用性；充分反映中国特色社会主义实践，反映相关学科教学和科研最新进展，反映经济社会和科技发展对人才培养提出的新要求，反映先进教学理念。
（四）教材须有多媒体呈现、菜单自主选项等功能的融入，具备互动性、个性化等特点。
（五）教材所含资源不存在版权、著作权等问题。
（六）教材编写应符合《福建省普通高等学校教材管理实施细则》第三条和第九条有关规定。
四、申报流程
（一）自主申报。项目负责人填写《福州大学本科数字教材建设立项申报表》（附件1）。
（二）学院推荐。学院对项目负责人及教材编写团队成员进行政治审查并公示。同时，组织专家对申报教材的内容进行充分论证和审核，签署审核意见和推荐意见。确定推荐项目名单后，填写《福州大学本科数字教材建设立项申报汇总表》（附件2）。
（三）学校评审。教务处组织专家对申报项目进行评审。公示无异议后，确定最终立项建设名单。
五、其他事项
(一)各学院要高度重视数字教材建设工作，认真组织、严格把关，对申报教材的基本信息进行认真审核，把好编写团队和教材内容的政治关、学术关。
（二）教材编写实行主编负责制。
（三）立项项目建设周期原则上为2年。项目结题以正式出版数字教材为结题依据。
（四）学校对本次立项项目予以专项经费支持。
（五）原则上应选择权威、有影响力的出版社。
六、材料提交
请各学院于2024年11月27日前将《福州大学本科数字教材建设立项申报表》(一式两份)《福州大学本科数字教材建设立项申报汇总表》《福州大学本科教材编写人员政治审查表》(一式一份)纸质版送至教务处教材建设与行政科(行政北楼西210)，电子版及盖章PDF 版发送至邮箱jwchjck@fzu.edu.cn，联系人:苏淑珍，联系电话:0591-22866893。

附件: 1.福州大学本科数字教材建设立项申报表
2.福州大学本科数字教材建设立项申报汇总表
3.福州大学本科教材编写人员政治审查表

  福州大学教务处
2024年11月21日",3,0017449848580015573428,附件3.福州大学本科教材编写人员政治审查表.docx,665,https://jwch.fzu.edu.cn/system/_content/download.jsp?urltype=news.DownloadAttachUrl&owner=1744984858&wbfileid=15573428,15573428,1744984858
001039013761,https://jwch.fzu.edu.cn/info/1039/13761.htm,关于公布第十六届蓝桥杯全国软件和信息技术专业人才大赛福州大学选拔赛获省赛参赛资格名单的通知,【实践科】,2024-11-19,"各有关学院及参赛学生：
第十六届蓝桥杯全国软件和信息技术专业人才大赛福州大学选拔赛已于2024年11月16日顺利举行，共有来自计数、梅努斯、物信、化工、环安、机械、经管、人文、生物、数统、土木、先进制造和紫金等13个学院的480名学生报名参赛。
根据比赛成绩、独立完成与否、历年获奖情况等方面进行综合评定并经竞赛组委会审核，共有99位同学获得参加福建省赛的参赛资格（其中15人为上一届国赛获奖者）。这些同学将代表福州大学参加于2025年4月份在我校举办的省赛，省赛获一等奖的学生将代表学校参加于2025年6月份举行的全国总决赛。通过报名审核并按时参加省赛和总决赛的选手无需自己缴纳参赛费用，省赛和总决赛获奖的同学可以根据学校的有关规定申请学分认定。
请附件名单上的同学尽快加入“福州大学蓝桥杯省赛群(172668002)”(加群时要注明自己的学号和姓名)，以便通知省赛相关事宜。请互相转告。

附件1：获省赛参赛资格名单

福州大学教务处
2024年11月19日",1,0017449848580015572980,附件1：获省赛参赛资格名单.docx,2578,https://jwch.fzu.edu.cn/system/_content/download.jsp?urltype=news.DownloadAttachUrl&owner=1744984858&wbfileid=15572980,15572980,1744984858
001042013760,https://jwch.fzu.edu.cn/info/1042/13760.htm,关于做好2024-2025学年第二学期教材选用与征订工作的通知,【教材中心】,2024-11-15,"各学院,相关教学单位：
根据《普通高等学校教材管理办法》《福建省普通高等学校教材管理实施细则》《福州大学教材管理实施细则（试行）》等有关文件精神，为进一步做好2024-2025学年第二学期教材选用与征订工作，严格落实课程教材“凡选必审”要求，现将有关事项通知如下：
一、教材选用要求
（一）选用原则
1.思想性。选用教材必须体现党和国家意志，全面贯彻党的教育方针，落实立德树人根本任务，牢牢把握政治方向和价值导向，符合社会主义价值观的要求。
2.择优性。优先选用国家及省部级规划教材、精品教材、省部级以上奖励教材、教育部教学指导委员会推荐教材等优秀教材。优先选用近3年内出版的教材。
3.适用性。选用的教材要符合本专业培养方案和课程教学大纲要求，符合教学规律和认知规律，便于课堂教学，有利于激发学生学习兴趣。
4.科学性。教材内容与时俱进，反映专业领域最新的理论与实践成果，具有科学性与前瞻性；科学审慎引进外文原版教材，原则上优先选用国内出版社引进并被国内外高水平大学广泛采用版本，并确保符合我国相关的法律法规和政治要求。
5.规范性。原则上同一教学标准的课程选用同一版本的教材;一门课程原则上选用一种教材，配套练习除外。凡有一门课程使用二种以上教材，或同门课程不同班级使用不同教材的情况，需提出书面报告，经学院教材工作小组讨论通过、小组组长签字，方可列入教材选用计划。
（二）工作要求
1.凡选必审。学院和相关教学单位是教材选用工作的责任主体，选用的教材必须审核通过后方能进入课堂。自编教材（讲义）也需经学院教材工作小组审核，未经学院教材工作小组审核通过的自编教材（讲义），不得列入教材选用计划。严禁使用在各级各类教材抽查或专项排查中存在问题的教材。
2.思想政治理论课教学必须统一使用由中宣部、教育部指定的教材。
3.马工程重点教材对应课程必须统一使用马工程重点教材。各相关单位要进一步提高政治站位，强化责任担当，切实落实马工程重点教材统一使用工作， 确保覆盖率、使用率达 100% 。具体参考《已出版的马工程重点教材及相关课程信息》（附件1）。
4.严格把关境外原版教材。境外原版教材是指境外出版的外文原版教材、翻译版教材、影印版教材及教学参考书。选用的境外原版教材，要确保内容坚持正确的政治方向和价值导向，无政治风险点。
5.选用的教材需经充分讨论确定。教材需经所在教研室（系）充分讨论通过后方可登陆教务处系统申报。
6.公共课由课程（组）负责人填写。面向多个学院开课的课程教材信息由课程（组）负责人上系统填报。
7.落实学院教材工作小组职责。学院教材工作小组须组建教材选用审核小组（马克思主义理论和思想政治教育方面的专家须占有一定的比例）按照《福州大学教材管理实施细则（试行）》审核要求对所选用教材进行审核并公示，公示期不少于3天。各学院务必压实教材选用审核责任，把好教材选用关。
二、教材选用及审核流程
1.2024年11月18日—11月25日，各学院任课教师或课程组（含通识教育必修课）负责人在教务处系统“教材申报”菜单下根据提示填报相应课程选用的教材信息。
备注：所有课程（包括实践、实验课程等）任课老师均需上网填写选用教材信息，无需选用教材则选择“不选用正式出版物教材”并选择不选用原因。
2.2024年11月26—11月27日，各学院教学秘书核对开课计划，并审核。审核后导出教师选用教材情况汇总表，提交学院教材选用审核小组审核。
3.2024年11月28日-12月3日，学院教材选用审核小组审核拟选用教材。
备注：学院教学副院长在教务处系统中现场同步录入审核意见。审核完成后，教学秘书随即导出并打印《2024-2025学年第二学期福州大学本科课程教材选用表》（一式两份）。教材选用审核专家在表末填写审核意见，并签字确认。
4.2024年12月4日-12月6日，学院教材工作小组召开教材选用审核会议，集体讨论，整理汇总拟选用审核意见，并在学院网站公示学院教材选用结果，公示期不少于3天。
5.2024年12月9日-12月10日，公示无异议后，各学院教材工作小组组长在《2024-2025学年第二学期福州大学本科课程教材选用表》《2024-2025学年第二学期福州大学本科课程未选用教材情况汇总表》（一式两份）签字，并加盖学院公章及骑缝章，其中一份交至教务处教材建设与行政科（联系人：苏老师；电话：22866893；地点：行政北楼西210室），电子版发送至jwchjck@fzu.edu.cn，另一份学院留底。
6.2024年12月11日后 教务处汇总学院教材选用结果，报校教材委员会审批并备案。
三、教材征订程序
1.学生于选课期间登陆教务处系统进行选课时，可自愿选择委托供应商统一订购教材、自行购买教材或不购买而从其他渠道获取教材三种方式之一；
2.待学生选课结束后（具体时间见选课相关通知），学生所在学院教学秘书应从系统导出教材征订情况表提交对应的教材供应商，并直接与教材供应商对接处理学生教材征订各项事宜。

附件：
1.已出版马克思主义理论研究和建设工程重点教材目录
2.全国大中专教材用书目录（2025春）

                                                                      教务处
 2024年11月15日",2,0017449848580015571692,附件1：已出版马克思主义理论研究和建设工程重点教材目录（截至2024年08月，共计117种）.xlsx,849,https://jwch.fzu.edu.cn/system/_content/download.jsp?urltype=news.DownloadAttachUrl&owner=1744984858&wbfileid=15571692,15571692,1744984858
001042013760,https://jwch.fzu.edu.cn/info/1042/13760.htm,关于做好2024-2025学年第二学期教材选用与征订工作的通知,【教材中心】,2024-11-15,"各学院,相关教学单位：
根据《普通高等学校教材管理办法》《福建省普通高等学校教材管理实施细则》《福州大学教材管理实施细则（试行）》等有关文件精神，为进一步做好2024-2025学年第二学期教材选用与征订工作，严格落实课程教材“凡选必审”要求，现将有关事项通知如下：
一、教材选用要求
（一）选用原则
1.思想性。选用教材必须体现党和国家意志，全面贯彻党的教育方针，落实立德树人根本任务，牢牢把握政治方向和价值导向，符合社会主义价值观的要求。
2.择优性。优先选用国家及省部级规划教材、精品教材、省部级以上奖励教材、教育部教学指导委员会推荐教材等优秀教材。优先选用近3年内出版的教材。
3.适用性。选用的教材要符合本专业培养方案和课程教学大纲要求，符合教学规律和认知规律，便于课堂教学，有利于激发学生学习兴趣。
4.科学性。教材内容与时俱进，反映专业领域最新的理论与实践成果，具有科学性与前瞻性；科学审慎引进外文原版教材，原则上优先选用国内出版社引进并被国内外高水平大学广泛采用版本，并确保符合我国相关的法律法规和政治要求。
5.规范性。原则上同一教学标准的课程选用同一版本的教材;一门课程原则上选用一种教材，配套练习除外。凡有一门课程使用二种以上教材，或同门课程不同班级使用不同教材的情况，需提出书面报告，经学院教材工作小组讨论通过、小组组长签字，方可列入教材选用计划。
（二）工作要求
1.凡选必审。学院和相关教学单位是教材选用工作的责任主体，选用的教材必须审核通过后方能进入课堂。自编教材（讲义）也需经学院教材工作小组审核，未经学院教材工作小组审核通过的自编教材（讲义），不得列入教材选用计划。严禁使用在各级各类教材抽查或专项排查中存在问题的教材。
2.思想政治理论课教学必须统一使用由中宣部、教育部指定的教材。
3.马工程重点教材对应课程必须统一使用马工程重点教材。各相关单位要进一步提高政治站位，强化责任担当，切实落实马工程重点教材统一使用工作， 确保覆盖率、使用率达 100% 。具体参考《已出版的马工程重点教材及相关课程信息》（附件1）。
4.严格把关境外原版教材。境外原版教材是指境外出版的外文原版教材、翻译版教材、影印版教材及教学参考书。选用的境外原版教材，要确保内容坚持正确的政治方向和价值导向，无政治风险点。
5.选用的教材需经充分讨论确定。教材需经所在教研室（系）充分讨论通过后方可登陆教务处系统申报。
6.公共课由课程（组）负责人填写。面向多个学院开课的课程教材信息由课程（组）负责人上系统填报。
7.落实学院教材工作小组职责。学院教材工作小组须组建教材选用审核小组（马克思主义理论和思想政治教育方面的专家须占有一定的比例）按照《福州大学教材管理实施细则（试行）》审核要求对所选用教材进行审核并公示，公示期不少于3天。各学院务必压实教材选用审核责任，把好教材选用关。
二、教材选用及审核流程
1.2024年11月18日—11月25日，各学院任课教师或课程组（含通识教育必修课）负责人在教务处系统“教材申报”菜单下根据提示填报相应课程选用的教材信息。
备注：所有课程（包括实践、实验课程等）任课老师均需上网填写选用教材信息，无需选用教材则选择“不选用正式出版物教材”并选择不选用原因。
2.2024年11月26—11月27日，各学院教学秘书核对开课计划，并审核。审核后导出教师选用教材情况汇总表，提交学院教材选用审核小组审核。
3.2024年11月28日-12月3日，学院教材选用审核小组审核拟选用教材。
备注：学院教学副院长在教务处系统中现场同步录入审核意见。审核完成后，教学秘书随即导出并打印《2024-2025学年第二学期福州大学本科课程教材选用表》（一式两份）。教材选用审核专家在表末填写审核意见，并签字确认。
4.2024年12月4日-12月6日，学院教材工作小组召开教材选用审核会议，集体讨论，整理汇总拟选用审核意见，并在学院网站公示学院教材选用结果，公示期不少于3天。
5.2024年12月9日-12月10日，公示无异议后，各学院教材工作小组组长在《2024-2025学年第二学期福州大学本科课程教材选用表》《2024-2025学年第二学期福州大学本科课程未选用教材情况汇总表》（一式两份）签字，并加盖学院公章及骑缝章，其中一份交至教务处教材建设与行政科（联系人：苏老师；电话：22866893；地点：行政北楼西210室），电子版发送至jwchjck@fzu.edu.cn，另一份学院留底。
6.2024年12月11日后 教务处汇总学院教材选用结果，报校教材委员会审批并备案。
三、教材征订程序
1.学生于选课期间登陆教务处系统进行选课时，可自愿选择委托供应商统一订购教材、自行购买教材或不购买而从其他渠道获取教材三种方式之一；
2.待学生选课结束后（具体时间见选课相关通知），学生所在学院教学秘书应从系统导出教材征订情况表提交对应的教材供应商，并直接与教材供应商对接处理学生教材征订各项事宜。

附件：
1.已出版马克思主义理论研究和建设工程重点教材目录
2.全国大中专教材用书目录（2025春）

                                                                      教务处
 2024年11月15日",2,0017449848580015571693,附件2：全国大中专教学用书目录(2025春)(1).xlsx,926,https://jwch.fzu.edu.cn/system/_content/download.jsp?urltype=news.DownloadAttachUrl&owner=1744984858&wbfileid=15571693,15571693,1744984858
001035013759,https://jwch.fzu.edu.cn/info/1035/13759.htm,关于2024-2025学年第一学期再次开放本科生学生证补办及火车票优惠区间更改的通知,【综合科】,2024-11-15,"各学院：
根据《福州大学学生证管理办法》（福大政【2019】25号），针对部分学生丢失学生证的情况，特安排本学期的学生证补办和火车票优惠区间更改等工作，具体工作安排如下：
一、补办学生证
1、补办范围
学生在校学习期间，学生证原则上只补办一次。本次补办仅限具有福州大学全日制学籍、首次丢失学生证的学生。
2、申请时间
2024年11月15日-2024年11月21日
3、补办程序
（1）在福州大学教务处网站首页登陆“本科教学管理系统”，在“学生证及附卡”模块完成学生证补办申请。
（2）学院和教务处分别对学生的申请进行初核和复核，其中申请信息经审核发现不属实者不予受理。
（3）学生证制作完成后，学生根据短信通知，到学校行政北楼西208室领取补办的学生证。
二、更改火车票优惠区间
1、更改时间
2024年12月24日-2025年1月18日12：00
2、更改程序
（1）在福州大学教务处网站首页登陆“本科教学管理系统”，在“学生证及附卡”模块完成火车票优惠区间修改申请。
（2）学院和教务处分别对学生的申请进行初核和复核，其中申请信息经审核发现不属实者不予受理。
（3）学生接到通知短信后，到学校行政北楼西208室办理。
3、因家庭住址变更或父母工作地点发生变化而须改乘车区间的，必须交验家长工作单位或户籍管理部门提供的书面证明，方可办理变更手续；因火车站点变更等原因造成乘车区间改变的，无须提供证明，可直接办理变更手续。
三、尚未进行信息采集的2024级新生及访学学生
1、信息采集时间
2024年11月15日-2024年11月21日
2、办理程序
在福州大学教务处网站首页登陆“本科教学管理系统”，在“学生证及附卡”模块完善信息采集，包括本人电话、家庭所在地、目的站点、照片等。
新生须根据实际家庭住址填写火车优惠区间信息。请务必填写 “乘车目的站点”的正式名称（可上铁路客户服务中心查询），乘车站点一经确认原则上不允许变更。
3、图像采集标准
（1）基本要求
图像应使用学生本人近期（一般为入学前后）正面免冠彩色头像的数字化文件。
图像应真实表达学生本人相貌。禁止对图像整体或局部进行镜像、旋转等变换操作。不得对人像特征（如伤疤、痣、发型等）进行技术处理，严禁使用任何美颜特效。
图像应对焦准确、层次清晰、色彩真实、无明显畸变。
除头像外，不得添加边框、文字、图案等其他内容。
（2）拍摄要求
背景：采用白色（参考值RGB<255 ,255,255>），应均匀无渐变，不得有阴影、其他人或物体。
人物姿态与表情：坐姿端正，表情自然，双眼自然睁开并平视，耳朵对称，左右肩膀平衡，嘴唇自然闭合。
衣着：学生仪表装束应大方庄重，避免复杂的图案、条纹。衣服要有领子，建议穿深色带有标准领的衬衫、T恤或者西装，不得穿制服，也不要穿与拍摄背景相近的白色衣服。
头发：不能梳得高耸，不得遮挡眉毛、眼睛和耳朵，长发者应将头发置于肩膀后。
眼镜：常戴眼镜者应佩戴眼镜，但不得戴有色（含隐形）眼镜，镜框不得遮挡眼睛，眼镜不能有反光。
佩饰：不得使用假发、头巾、帽子等头部覆盖物（宗教、医疗和文化需要时，不得遮挡脸部或造成阴影），不得佩戴任何饰品（包括耳环、项链、非黑色的钢丝发卡等）。
妆容：不宜化妆，尤其严禁浓妆艳抹。拍摄前应洗净脸上的汗渍、油污，保持脸部整洁，不能使用润肤露、防晒霜等带有反光效果的护肤品，以免造成脸部高光。
（3）图像规范
数字化图像文件规格为宽480像素×高640像素，分辨率300dpi，24位真彩色。应符合JPEG标准，压缩品质系数不低于60，压缩后文件大小一般在20KB至40KB。文件名为9位纯数字的学号，扩展名为JPG（如：012200101.JPG）。
人像在图像矩形框内水平居中，左右对称。头顶发际距上边沿50-110像素；眼睛所在位置距上边沿200-300像素；脸部宽度（两脸颊之间）180-300像素。
四、请各学院认真做好学生证和火车票优惠区间的初核工作。各学院在审核学生补办申请时，要加强对学生的思想教育，教育学生重视、爱惜学生证。学生要树立良好的诚信意识，不得擅自涂改学生证和火车票优惠区间内容，不得转借或抵押他人，不得在申领的过程中弄虚作假。如有违反者，一经查出，学校将收回违规学生证，取消其补办资格，并追究学生本人责任。
五、因学生证丢失而补办新证后又找回原证的，须将原证交至教务处注销。
六、注意事项：从本学期起，新办和补办学生证不再张贴“火车票学生优惠卡”，有需要购买优惠火车票的同学应在线完成学生优惠资质核验。其他注意事项及学生资质核验流程详见通知：关于购买优惠火车票相关事宜的通知
教务处
2024年11月15日",0,,,,,,
001040013758,https://jwch.fzu.edu.cn/info/1040/13758.htm,关于举办福州大学第五十九场“教学有道” 研讨活动的通知,【质量办】,2024-11-14,"各学院、有关单位：
为进一步凝练特色、总结成果，学习先进的教育教学改革实践经验，推进学校省级、国家级高等教育教学成果奖培育和申报，全面提升我校教师教学研究与改革能力。经研究，学校决定举办第五十九场“教学有道”专题研讨活动，具体安排如下：
一、研讨主题
高等教育国家级教学成果奖申报的理解与体会
二、研讨时间
2024年11月18日（星期一）15:00
三、主讲人
山东科技大学安全与环境工程学院院长 程卫民 教授
四、研讨地点
福州大学嘉锡楼环境与安全工程学院314
五、承办单位
环境与安全工程学院
六、参会人员
1、环境与安全工程学院教师；
2、全校其他感兴趣的教师。

主讲人简介：
程卫民，二级教授，院长，国家级教学名师、山东省泰山学者特聘专家、山东省有突出贡献的中青年专家、享受国务院政府特殊津贴专家。国家、省安全生产专家。国家级一流专业、一流本科课程（线下、虚拟仿真）、课程思政示范课程（教学名师及教学团队）负责人、教育部安全工程专业虚拟教研室建设负责人，山东省齐鲁最美教师团队、黄大年教师团队、研究生十佳导学团队等带头人，首位获国家级教学成果二等奖3项。主持国家自然科学基金重点项目（2项）、国家重点研发计划课题（2项）、山东省重大基础研究和重大科技创新项目等纵横向课题140余项。首位获省部级政府科学技术奖一等奖2项、二等奖4项，中国煤炭工业协会等科学技术奖一等奖3项。

福州大学教务处
2024年11月14日",0,,,,,,
001039013754,https://jwch.fzu.edu.cn/info/1039/13754.htm,关于公布2024年福州大学第十八届本科生数学建模竞赛获奖名单的通知,【实践科】,2024-11-13,"校教〔2024〕47号
各学院：
福州大学第十八届本科生数学建模竞赛于2024年6月1日至6月4日，在旗山校区、铜盘校区与晋江校区同步举行，现已圆满结束。本届竞赛来自数学与统计学院、经济与管理学院、计算机与大数据学院、电气工程与自动化学院、物理与信息工程学院、梅努斯国际工程学院、先进制造学院、环境与安全工程学院、紫金地质与矿业学院、机械工程及其自动化、土木工程学院、化工学院、材料科学与工程学院等学院520支队伍，共计1558名学生参赛。经过专家评审，共评出一等奖15队、二等奖85队、三等奖58队，现将获奖名单予以公布（见附件1）。
附件1：2024年福州大学第十八届本科生数学建模竞赛获奖名单

福州大学教务处
2024年11月13日",1,0017449848580015571132,附件1：2024年福州大学第十八届本科生数学建模竞赛获奖名单.xlsx,3464,https://jwch.fzu.edu.cn/system/_content/download.jsp?urltype=news.DownloadAttachUrl&owner=1744984858&wbfileid=15571132,15571132,1744984858
001036013752,https://jwch.fzu.edu.cn/info/1036/13752.htm,关于2024-2025学年第一学期《习近平新时代中国特色社会主义思想概论》课程期末考试安排的通知,【教学运行】,2024-11-12,"各有关学院：
定于13-14周进行《习近平新时代中国特色社会主义思想概论》课程期末考试，请有关协助监考学院按考表（见附件）安排监考老师并录入系统，及时通知监考老师和学生上系统查看考试信息，以免延误考试。
为保证考试的顺利进行，如其他教学安排时间或地点与此次考试冲突，请予以调整。

马克思主义学院
教务处
2024年11月12日",1,0017449848580015565434,2401习概随堂考.xlsx,710,https://jwch.fzu.edu.cn/system/_content/download.jsp?urltype=news.DownloadAttachUrl&owner=1744984858&wbfileid=15565434,15565434,1744984858
001038013750,https://jwch.fzu.edu.cn/info/1038/13750.htm,关于组织申报2024-2025学年第二学期通识教育选修课的通知,【计划科】,2024-11-11,"各学院、各单位：
根据《福州大学本科生通识教育选修课管理办法》文件精神，为扩大我校学生知识面、开拓视野、推进文理渗透、理工结合、提高大学生各方面素质，现决定开展2024-2025学年第二学期本科生通识教育选修课（以下简称“通选课”）组织申报工作，有关事项通知如下：
一、申报对象
开设通选课的教师必须是学有专长、热心教学、具有校内主讲教师资格的教师。
二、学分要求及时间安排
每门通选课控制在1-2学分，原则上16学时/学分，体育类课程24学时/学分。授课时间一般安排在周一至周五晚上及周六上、下午。
三、申报流程
请准备在2024-2025学年第二学期开设通选课的教师于12月14日前在本科教学管理系统“通选课申报”模块完成开课信息填报及审核提交工作（填报后需各单位教学干事和分管教学副院长分别审核），教务处将根据各位老师所填报的开课计划安排授课时间和地点。
填报位置：教师模块——教师专栏——通选课申报。
申报结束后，各位教师需于本学期末前登录教务系统核对开课信息，并于下学期开学前完成授课计划和教学大纲的录入工作，具体时间以教务通知为准。
四、注意事项
1、每学期开设的通选课门数将纳入学院本科教学基本情况通报，请各学院务必认真对待，积极组织教师申报。
2、通选课的学生选课工作安排在下学期开学初进行，具体时间安排以教务处通知为准。
 
如有疑问请咨询教务处林老师，电话：22866907/83700655
    
 
教务处
2024年11月11日",0,,,,,,
001042013749,https://jwch.fzu.edu.cn/info/1042/13749.htm,关于举办福州大学第五十八场“教学有道”研讨活动暨数字教材建设专题研讨会的通知,【教材中心】,2024-11-11,"各学院，有关单位：
为持续推进数字教材建设，提升教师数字教材建设能力，经研究，我校决定举办福州大学第五十八场“教学有道”研讨活动暨数字教材建设专题研讨会，具体事项通知如下：
一、研讨主题

数智时代的教学变革与新形态教材建设
二、研讨时间
2024年11月13日（周三）14:30
三、主讲人
  庄红权，清华大学出版社副社长、教育部机械设计基础课程虚拟教研室副主任
四、研讨地点
旗山校区公共教学楼中202
五、参会人员：
1.福建省“十四五”普通高等教育本科规划教材建设立项项目负责人；
3.有意向建设各级各类教材的教师。

【主讲人简介】：庄红权，清华大学出版社副社长、教育部机械设计基础课程虚拟教研室副主任，北京市宣传文化系统四个一批人才，现任清华大学出版社副社长，分管理工分社与数字分社。庄红权有20年理工类图书出版及8年以上出版数字化建设相关工作经验，参与过科技部重点专项、北京市科委重点项目、国家出版基金项目、国家文产资金项目等多项，在图书策划、出版、数字化建设以及出版团队管理方面有丰富的实践经验和理论研究。

福州大学教务处
2024年11月11日",0,,,,,,
001036013748,https://jwch.fzu.edu.cn/info/1036/13748.htm,关于公布2024学年各学院转专业实施细则的通知,【教学运行】,2024-11-08,"有关学院：
     根据各学院上报的转专业实施细则，经教务处汇总审核，现将各学院转专业实施细则公布如下：",1,0017449848580014924468,2024各学院转专业细则.pdf,9112,https://jwch.fzu.edu.cn/system/_content/download.jsp?urltype=news.DownloadAttachUrl&owner=1744984858&wbfileid=14924468,14924468,1744984858
001036013343,https://jwch.fzu.edu.cn/info/1036/13343.htm,关于2024年清明节放假课程调整的通知,【教学运行】,2024-04-01,"各学院、教学单位：
   根据党政办有关2024年清明节放假通知的精神，现将节日放假期间的教学安排调整如下：
   1、4月4日（星期四）至4月6日（星期六）全校本科生课程（含通识教育选修课）停课，共3天。
   2、4月7日（星期日）补上4月5日（星期五）的课，原4月7日的课程停课。
   3、因停课受影响的教学内容，请任课老师自行调整或安排另外时间补课。
   请各学院、教学单位及时通知相关的学生和老师。

教务处
    2024年4月1日",0,,,,,,
001039013335,https://jwch.fzu.edu.cn/info/1039/13335.htm,关于举办福州大学第十五届企业经营模拟沙盘对抗赛的通知,【实践科】,2024-03-27,"各学院及有关单位：
为了帮助大学生和创业团队深入认识并全面了解企业的整体运作流程，从而培养他们形成严谨有序的管理理念、开阔的全局视角和深思熟虑的战略眼光，进一步提升团队协作能力和综合素质，同时也为了选拔出一批精英学子参加全国和福建省内的企业经营模拟赛事，经研究决定举办福州大学第十五届企业经营模拟沙盘对抗赛，现将有关事项通知如下：
一、竞赛方式及时间
（一）A组：创建未来EOVS
本赛事以EOVS企业运营仿真平台为竞赛平台，分练习赛，初赛与决赛三个阶段。
练习赛：2024年5月6日（周一）至2024年5月8日（周三）晚上19:00开始（正式校赛一共8季度，训练赛只开展前4季度）
初赛：2024年5月12日（周日）下午13:30-18:00。学生以队伍形式参赛，每支参赛队伍人数上限为4人。
各小组于比赛期间于指定日期前在线上提交各轮决策，8轮决策后以竞赛平台的经营绩效进行综合评判，每场前6名的队伍进入决赛（进入决赛人数视报名组数情况决定）决赛时间由大赛组委会另行通知，决赛将采用线下比赛的方式在旗山校区进行。
（二）B组：“学创杯”创业之星
本赛事以线上电子决策模拟为竞赛平台，分预赛与决赛两个阶段，预赛时间为2024年5月19日（周日），各小组于比赛期间于指定日期前在线上提交各轮决策，四轮决策后以竞赛平台的经营绩效进行综合评判，每一场前15名的队伍进入决赛（进入决赛人数视报名组数情况决定），决赛时间由大赛组委会另行通知，决赛将采用线下比赛的方式在旗山校区进行。学生以小组方式进行报名，每支参赛队伍人数上限为3人。
（三）C组：数智化沙盘
本赛事基于互联网的数智化沙盘系统,分预赛与决赛两个阶段，预赛时间为2024年5月4起至2024年5月10日，各小组于比赛日指定时间前在网络上提交本期决策，7期结束后以竞赛平台的经营绩效进行综合评判，前10名的队伍进入决赛（进入决赛人数视报名组数情况决定）。决赛时间由大赛组委会另行通知。学生以小组方式报名，每个参赛队学生人数上限为4人。
二、竞赛报名及安排
（一）竞赛报名及提交报名表
  1.报名时间：发文之日起至2024年4月26日前。
  2.报名对象：福州大学在校全日制本科生。
  3.报名方式：此次大赛采用电子报名方式，参赛队伍自行下载填写参赛表格（见附件），A组与C组参赛队每组学生人数为4人，B组参赛队每组学生人数为3人。参赛的队伍必须在报名截止时间前将填好的参赛表格发至指定邮箱2031146263@qq.com，同时大赛组委会将对各报名负责人进行报名确认。经过确认报名方可获得参赛资格。注意：要求以小组形式报名，不接受个人报名，鼓励文理科生结合，不受专业与年级限制。A组、B组和C组赛事可多项赛事同时报名，根据时间安排酌情考虑。报名成功的小组，大赛负责人将会邀请小组组长进入相应赛事的qq群，请每个小组负责人注意消息通知。
  4.报名费用：不收取任何费用。
  5.筛选原则：B组赛事最多允许60支队伍报名，C组赛事最多允许40支队伍报名，有参加过沙盘培训或比赛的队伍，有优先获得参赛资格的机会。超过限制的队数将以先报名者取得参赛资格。为鼓励文理结合，若参赛队伍中有2人以上（含2人）为非经管类专业学生，将优先考虑参赛资格。
（二）抽签分组
  大赛组委会将通知各支队伍负责人进行竞赛抽签活动，抽签结果将在各个比赛群内公布。
（三）赛事培训
  各支参赛队伍必须参加由组委会针对本次三种不同赛事所组织的相关讲座及培训活动。具体的时间及地点将在各个赛事相关群内公布，请每组负责人注意相关通知。
（四）大赛竞赛阶段
  1.预赛：
  A组：各小组于比赛日指定时间前在网络上提交本轮决策。8轮决策结束后以竞赛平台的经营绩效进行综合评判前6名进入决赛（进入决赛人数视报名组数情况决定）。
  B组：各小组于比赛日指定时间前在网络上提交本轮决策，4轮决策结束后以竞赛平台的经营绩效进行综合评判前15名进入决赛（进入决赛人数视报名组数情况决定）。
  C组：各小组于比赛日指定时间前在网络上提交本期决策，7期结束后以竞赛平台的经营绩效进行综合评判，前10名的队伍进入决赛（进入决赛人数视报名组数情况决定）。
  2.决赛
  预赛结束后，大赛组委会将通知入围决赛的队伍参加大赛决赛，决赛具体时间安排由大赛组委会通知并在相应赛事群内公布。
三、竞赛奖励
  大赛设一等奖占参赛队伍的5%，二等奖占参赛队伍的15%，三等奖占参赛队伍的20%。获得一、二、三等奖的参赛队伍选手可获得证书，获得一、二等奖的参赛队伍选手可根据学校有关规定申请创新创业实践与素质拓展学分认定。
  附件：福州大学第十五届企业经营模拟沙盘对抗赛报名表

福州大学教务处
2024年3月27日",1,0017449848580014589204,附件：福州大学第十五届企业经营模拟沙盘对抗赛报名表.doc,1038,https://jwch.fzu.edu.cn/system/_content/download.jsp?urltype=news.DownloadAttachUrl&owner=1744984858&wbfileid=14589204,14589204,1744984858
001039013334,https://jwch.fzu.edu.cn/info/1039/13334.htm,关于组织开展第十七届中国大学生计算机设计大赛福州大学校内预选赛的通知,【实践科】,2024-03-27,"各学院：
2024年（第17届）中国大学生计算机设计大赛是中国大学生计算机设计大赛组织委员会主办的全国性大型大学生学科竞赛，是中国高等教育学会发布的全国普通高校学科竞赛排行榜重要赛事之一。本赛事始创于2008年，已经举办了16届。大赛按三级形式（校赛-省赛-国赛）进行组织。根据赛事组委会的通知要求，结合我校实际情况，学校决定举办福州大学计算机设计大赛校内预选赛。
一、参赛内容
2024年大赛具体内容与分类按照国赛标准：
http://jsjds.blcu.edu.cn/info/1041/1895.htm
详见附件1：《关于举办“2024年（第17届）中国大学生计算机设计大赛”的通知》（中大计赛函[2024]1号）
二、参赛对象
参赛对象为福州大学全日制在读本科生（不限专业）。
要求以原创作品为单位组成参赛队，组队可以跨专业、跨系，不能跨学校。每个参赛队可由若干名学生组成（每队人数有上限要求，不可超过相应类别中要求的上限数量，请参阅附件1中各类别人数要求。每队必须有1-2名指导教师。
根据省赛要求，每小类上推省赛作品数量不超过10件。小类作品少于10件直接上推省赛，小类作品超过10件将根据参赛队伍的作品质量，组织选拔优秀10件作品上推省赛。
三、比赛日程安排
2024年4月15日前，完成报名；登录中国大学生计算机设计大赛竞赛平台进行注册
https://2024.jsjds.com.cn/account/StudentLogin，并提交校内选拔报名表（按附件2模板填写）。
2024年4月25日前完成作品并登录大赛竞赛平台提交作品。
2024年4月30日前完成作品校内选拔，按照组委会要求上推省赛。
四、作品要求
1、参赛作品内容健康、积极向上，符合国家宪法和相关法律、法规。
2、参赛作品必须为原创作品。提交作品时，需同时提交该作品的源文件。不得抄袭或由他人代做。
3、所有类别（组）、所有小类的每一件参赛作品，均必须是作者为本届大赛（2023年7月1日以来）完成的原创作品（挑战赛类作品的截止日期以官网公布的为准）。与已发表、展出、获奖的作品雷同或相似的作品（包括作者前期的作品），均不得参赛。
五、校内选拔
1、校内选拔赛参赛QQ群：819256872。所有该比赛的通知、赛事答疑均在群内进行。各参赛队自行入群，申请入群备注格式：专业-姓名。不按格式备注不予通过申请。群内发布比赛各种通知，以及报名所需提交的文档等资料，请参赛队伍实时关注群内消息。群内禁止发布与竞赛无关信息，禁止违法违纪、游戏、购物、负能量等言论，一经发现直接移除。
2、学生自由组队参赛，必须保证作品的原创性。
3、填写报名表并发到指定邮箱进行报名。
报名邮箱：175700518@qq.com 联系老师：陈老师 13635269726
邮件主题格式：2024-大类名-小类名-作品名-学生姓名。
如：2024-物联网应用-数字生活-****-张三、李四、王五
4、依据群中通知的规定时间，按时提交参赛作品，作品要严格依据附件要求，否则按弃权处理。

                                         福州大学教务处                                                                                       2024年3月27日",2,0017449848580014589111,附件2 2024年（第17届）中国大学生计算机设计大赛——校内选拔赛报名表.xlsx,940,https://jwch.fzu.edu.cn/system/_content/download.jsp?urltype=news.DownloadAttachUrl&owner=1744984858&wbfileid=14589111,14589111,1744984858
001039013334,https://jwch.fzu.edu.cn/info/1039/13334.htm,关于组织开展第十七届中国大学生计算机设计大赛福州大学校内预选赛的通知,【实践科】,2024-03-27,"各学院：
2024年（第17届）中国大学生计算机设计大赛是中国大学生计算机设计大赛组织委员会主办的全国性大型大学生学科竞赛，是中国高等教育学会发布的全国普通高校学科竞赛排行榜重要赛事之一。本赛事始创于2008年，已经举办了16届。大赛按三级形式（校赛-省赛-国赛）进行组织。根据赛事组委会的通知要求，结合我校实际情况，学校决定举办福州大学计算机设计大赛校内预选赛。
一、参赛内容
2024年大赛具体内容与分类按照国赛标准：
http://jsjds.blcu.edu.cn/info/1041/1895.htm
详见附件1：《关于举办“2024年（第17届）中国大学生计算机设计大赛”的通知》（中大计赛函[2024]1号）
二、参赛对象
参赛对象为福州大学全日制在读本科生（不限专业）。
要求以原创作品为单位组成参赛队，组队可以跨专业、跨系，不能跨学校。每个参赛队可由若干名学生组成（每队人数有上限要求，不可超过相应类别中要求的上限数量，请参阅附件1中各类别人数要求。每队必须有1-2名指导教师。
根据省赛要求，每小类上推省赛作品数量不超过10件。小类作品少于10件直接上推省赛，小类作品超过10件将根据参赛队伍的作品质量，组织选拔优秀10件作品上推省赛。
三、比赛日程安排
2024年4月15日前，完成报名；登录中国大学生计算机设计大赛竞赛平台进行注册
https://2024.jsjds.com.cn/account/StudentLogin，并提交校内选拔报名表（按附件2模板填写）。
2024年4月25日前完成作品并登录大赛竞赛平台提交作品。
2024年4月30日前完成作品校内选拔，按照组委会要求上推省赛。
四、作品要求
1、参赛作品内容健康、积极向上，符合国家宪法和相关法律、法规。
2、参赛作品必须为原创作品。提交作品时，需同时提交该作品的源文件。不得抄袭或由他人代做。
3、所有类别（组）、所有小类的每一件参赛作品，均必须是作者为本届大赛（2023年7月1日以来）完成的原创作品（挑战赛类作品的截止日期以官网公布的为准）。与已发表、展出、获奖的作品雷同或相似的作品（包括作者前期的作品），均不得参赛。
五、校内选拔
1、校内选拔赛参赛QQ群：819256872。所有该比赛的通知、赛事答疑均在群内进行。各参赛队自行入群，申请入群备注格式：专业-姓名。不按格式备注不予通过申请。群内发布比赛各种通知，以及报名所需提交的文档等资料，请参赛队伍实时关注群内消息。群内禁止发布与竞赛无关信息，禁止违法违纪、游戏、购物、负能量等言论，一经发现直接移除。
2、学生自由组队参赛，必须保证作品的原创性。
3、填写报名表并发到指定邮箱进行报名。
报名邮箱：175700518@qq.com 联系老师：陈老师 13635269726
邮件主题格式：2024-大类名-小类名-作品名-学生姓名。
如：2024-物联网应用-数字生活-****-张三、李四、王五
4、依据群中通知的规定时间，按时提交参赛作品，作品要严格依据附件要求，否则按弃权处理。

                                         福州大学教务处                                                                                       2024年3月27日",2,0017449848580014589112,附件1：中大计赛函[2024]1 号 关于举办“2024 年（第 17 届）中国大学生计算机设计大赛”的 通 知.pdf,1289,https://jwch.fzu.edu.cn/system/_content/download.jsp?urltype=news.DownloadAttachUrl&owner=1744984858&wbfileid=14589112,14589112,1744984858
001039013333,https://jwch.fzu.edu.cn/info/1039/13333.htm,关于举办福州大学第四届大学生先进成图技术与产品信息建模创新大赛的通知,【实践科】,2024-03-27,"各学院：
  为普及先进成图技术，推动图学教育事业的发展，着力培养大学生的动手能力、自主创新能力和大国工匠精神，选拔优秀学生参加“第十七届全国大学生先进成图技术与产品信息建模创新大赛（成图大赛）”，经研究决定举办福州大学第四届大学生先进成图技术与产品信息建模创新大赛。现将相关事项通知如下：
  一、竞赛组织
     主办单位：福州大学教务处
     承办单位：福州大学机械工程及自动化学院

  二、竞赛形式
     1.计算机二维绘图：由装配图拆装零件图（时间60分钟）；
     2.计算机三维建模：由零件图画装配图（时间150分钟）。

  三、时间节点
     竞赛报名截止时间：2024年4月20日；
     竞赛时间：2024年4月28日至4月29日。

  四、参赛对象、参赛方式与报名方式：
   1.参赛对象：全日制本科生。要求参赛学生个人参加，经过竞赛组委会选拔后组队参加省赛和国赛，省赛指导老师可以由学生自由选择，或者由竞赛组委会指派。
   2.参赛方式：结合课程，现场出题，限定时间现场画图提交作品。
   3.报名方式：请各学院负责人务必在校赛报名截止日期2024年4月20日前，将填写完整的附件2《福州大学第四届大学生先进成图技术与产品信息建模创新大赛报名表》发送至：352519975@qq.com，邮件主题请务必加注学生负责人姓名和联系方式。参加比赛的同学请加入福州大学第十七届全国大学生成图大赛选拔赛群：662809970，群里将会有比赛相关信息的发布。

  五、奖项奖励
   1.比赛将评出个人一等奖、二等奖及三等奖各若干名（具体名额根据实际参赛情况来定），并颁发证书。
   2.获得个人二等奖以上的学生可根据学校有关规定申请学分认定。同时根据个人意愿，成绩优秀的同学可以推荐参加成图大赛省赛和国赛。

  六、其他注意事项
   1.厦门卡伦特科技有限公司自主开发的云端CAD智能协同设计软件平台为本次比赛提供技术支持；
   2.计算机二维、三维建模请自带电脑现场作图，计算机三维建模软件不限，参赛学生必须在规定时间内完成设计，准时上交作品，未按规定提交作品视为自动弃权处理；
   3.本次比赛不收取任何报名费、参赛费；
   4.每个学院报名参赛人数无上限。

附件：1.福州大学第四届大学生先进成图技术与产品信息建模创新大赛组委会成员名单
    2.福州大学第四届大学生先进成图技术与产品信息建模创新大赛报名表

福州大学教务处
                                                 2024年3月27日

附件1：
福州大学第四届大学生先进成图技术与产品信息建模创新大赛组委会成员名单
主任：于岩
委员：钟舜聪、夏岩、杜恒、朱光宇、刘晓敏
秘书：高建军",1,0017449848580014589086,附件2：福州大学第四届大学生先进成图技术与产品信息建模创新大赛报名表.xls,894,https://jwch.fzu.edu.cn/system/_content/download.jsp?urltype=news.DownloadAttachUrl&owner=1744984858&wbfileid=14589086,14589086,1744984858
001039013331,https://jwch.fzu.edu.cn/info/1039/13331.htm,关于举办福州大学第十四届大学生节能减排社会实践与科技竞赛暨第十届材料创新、设计及应用竞赛的通知,【实践科】,2024-03-22,"各学院：
为进一步推动校园文化建设，营造良好的校园科技文化氛围，加强我校学生节能环保意识和团队协作精神的培养，提高学生的创新意识、实践能力和实际科研水平，学校决定举办福州大学第十四届大学生节能减排社会实践与科技竞赛暨十届材料创新、设计及应用竞赛，现将竞赛有关事项通知如下：
一、竞赛主题与竞赛内容
（1）节能减排社会实践与科技竞赛：
竞赛主题：节能减排、绿色能源。
竞赛内容：以“节能减排”为主题，体现新思维、新思想的实物制作（含模型）、软件、设计和社会实践调研报告等作品。
（2）材料创新、设计及应用竞赛：
竞赛主题：创新·创业，实践·发展。
竞赛内容：以“创新·创业，实践·发展”为主题，参赛作品形式不限，可以为论文、设计（艺术类，机械，模型等都可）或者实物作品等。“材料”包括高分子材料、无机非金属材料、电子材料、生物医用材料、金属材料、建筑材料、其他新型材料和新型机械加工技术等。
二、竞赛时间
2024年3月—4月
三 、竞赛规则
1.参赛对象：福州大学全日制在校本科生、硕士研究生和博士研究生（不含在职研究生）。参赛者必须组队参赛，参赛队伍按照研究生组和本科生组分别进行比赛，参赛队伍中有研究生参加的将归类为研究生组，每组不超过5名，每个参赛队伍聘请指导教师不超过3名，如聘请3名指导教师，其中1名必须是企业技术人员或者交叉学科老师。
2.作品申报：参赛作品必须是比赛当年完成的作品。参赛学生必须在规定时间内完成设计，准时上交作品，未按时上交者作自动放弃处理。
3.作品评审：专家委员会根据作品的科学性、可行性、创新性和经济性等指标对作品进行一次评审，并决出获奖名单。
四、竞赛报名及作品提交
报名及作品提交时间：自发文之日起至2024年4月7日19:00
1.各学院可指定专人将参赛团队的报名表、项目说明书以及计划书（PDF版）统一汇总压缩命名为【学院简称＋节能减排/材料创新】，压缩包内文件命名为【节能减排/材料创新＋项目名称】发送到大赛组委会邮箱fjsclzhjs@163.com。
2.各参赛队应在规定时间内向竞赛组委会提交报名材料，逾期将不予受理。
3.参赛作品必须是比赛当年完成的作品。参赛学生必须在规定时间内完成设计，准时上交作品，未按时上交者作自动放弃处理。
4.所有参赛团队报名时填写的个人信息必须真实可靠，违者一经发现将取消其参赛资格。
5.请报名参赛的团队成员加入大赛工作QQ群：862744973。
报名费用：无。
五、竞赛安排
1.项目报名及预赛：
各学院收集完报名项目后按要求于2024年4月7日19:00前提交到大赛组委会邮箱fjsclzhjs@163.com，参赛者须在规定时间内向组委会报名并提交完整的报名材料，逾期将不予受理。报名结束后，大赛组委会将组织专业评审团，于4月14日前按照组委会提供的评分标准针对上交参赛作品进行斟酌评定，筛选出部分优秀作品入围决赛。
网评结束后，大赛组委会将统一公布网评通过、入围决赛的项目名单，并通过邮箱的方式告知该项目团队负责人。
2.决赛：
决赛预计在2024年4月20日以“5min路演+3min答辩”的方式进行，大赛组委会将统一邀请并组织专业评审团以确保决赛答辩顺利、公正、高水准开展。每件参赛作品须安排1名团队成员对作品进行介绍，1-3名团队成员进行答辩。决赛通过抽签确定作品的评审次序，抽签时间安排另行通知。抽签时请每组派一名代表在场，逾期视为自动弃权。比赛期间严格按抽签顺序进行，请参赛人员提前到场，无法按时参加比赛需提前向组委会申请并经批准，否则视为自动弃权。
六、举办单位
主办单位：福州大学教务处、福州大学研究生院
协办单位：福州大学学生工作部（处）、福州大学团委
承办单位：福州大学材料科学与工程学院
七、竞赛奖励
1.本大赛实行精神奖励和物质奖励相结合，以精神奖励为主的原则，对参赛表现优秀的团队授予一等奖、二等奖、三等奖等单项奖，对于表现突出的指导老师授予优秀指导老师奖。
2.学校将从福州大学第十四届大学生节能减排社会实践与科技竞赛暨第十届材料创新、设计及应用竞赛中择优推荐参加全国大学生节能减排社会实践与科技竞赛。
3.媒体宣传：表彰结果将通过主流网站、平面媒体、校级网站、院级网站、新媒体进行宣传公示，以资鼓励。
4.获得二等奖以上的同学可根据学校有关规定申请学分认定。

附件：
1.福州大学第十四届大学生节能减排社会实践与科技竞赛暨第十届材料创新、设计及应用竞赛组委会成员名单。
2.福州大学第十四届大学生节能减排社会实践与科技竞赛暨第十届材料创新、设计及应用竞赛报名表。
3.福州大学第十四届大学生节能减排社会实践与科技竞赛暨第十届材料创新、设计及应用竞赛科技类申报书及报告格式。
4.福州大学第十四届大学生节能减排社会实践与科技竞赛暨第十届材料创新、设计及应用竞赛细则。

福州大学教务处
福州大学研究生院
2024年3月22日",1,0017449848580014587055,附件1-4.doc,873,https://jwch.fzu.edu.cn/system/_content/download.jsp?urltype=news.DownloadAttachUrl&owner=1744984858&wbfileid=14587055,14587055,1744984858
001039013329,https://jwch.fzu.edu.cn/info/1039/13329.htm,关于举办福州大学第八届网络信息安全竞赛的通知,【实践科】,2024-03-21,"各学院：
 为了激励我校学生学习网络安全知识的积极性，增强学生信息安全攻防技能，进一步促进我校信息安全专业一流课程建设，进一步深化教学体系、教学内容和方法的改革，同时挖掘人才代表学校参加每年一届的XCTF国际联赛和由教育部高等学校信息安全专业教学指导委员会主办的全国大学生信息安全竞赛，经研究，决定举办福州大学第八届网络信息安全竞赛, 现将有关事项通知如下：
一、竞赛形式：
拟采用国际CTF竞赛流行的Jeopardy解题模式。在解题模式CTF赛制中，参赛队伍可以通过互联网线上参与，或者现场网络线下集中的形式参与。这种模式的CTF竞赛与ACM编程竞赛、信息学奥赛比较类似，以解决网络安全技术挑战题目的分值和解题耗时来排名。题目主要包含逆向、漏洞挖掘与利用、Web渗透、密码学、内容隐写、安全编程等多种类别。
二、竞赛事宜
1．竞赛时间：2024年4月7日9：00 -2024年4月8日21：00举行。
 2．竞赛对象：福州大学全日制本科生。参赛者以队为单位参赛，每队最多不超过3人，专业不限，自由组合，但仅允许加入一个队。
 3．竞赛规则：竞赛期间参赛队员可以使用各种图书资料、计算机软件或硬件设备，允许在国际互联网上浏览查找所需资料，但不得与队外任何人（包括教师）讨论，也不得对竞赛服务器发起任何形式的攻击行为。
4．竞赛过程：参赛队伍线上操作答题，按队伍解决网络安全技术挑战题目的分值和时间来排名，竞赛结束后需在组委会指定时间内上交题解。题目类型包括漏洞挖掘与利用、Web渗透、密码学、数据取证、内容隐写、安全编程等。
5．竞赛地点：本次竞赛采用线上赛形式举办，赛事链接和参赛账号注册等事宜将在参赛QQ群内通知队长。
6．竞赛纪律：竞赛组委会的相关人员负责竞赛的组织和纪律监督工作，保证本竞赛的规范性和公正性。对违反竞赛规则的参赛队，一经发现，取消参赛资格，并通报全校批评。
三、组织形式：
1．主办单位：福州大学教务处
2．承办单位：福州大学计算机与大数据学院
3．竞赛组委会：主持竞赛，负责发动报名、拟定赛题、评分、评奖等。
四、竞赛奖励：
1．竞赛组委会邀请校内专业人士组成评审委员会，负责赛况监督和竞赛实时成绩确认，并根据竞赛平台显示的实时成绩排名和题解审核结果，最终将分别评选出一等奖、二等奖、三等奖各若干队，获奖比例由竞赛组委会根据参赛的队数来确定。
2．为每个获奖队的成员分别颁发获奖证书，获奖学生可根据有关规定申请学分认定。
五、报名方式：
1．报名时间：2024年3月23日－2024年4月6日21：00
2．报名方式：每个参赛队伍的队长填写参赛信息收集表即可，一个人只能加入一支队伍，允许跨学院组队。
  收集表填写方式（复制如下链接在浏览器打开）：https://docs.qq.com/form/page/DTHNTdVRkVHFucHlU
3．注意事项：
（1）报名时，队长和队员的姓名、学号、学院、专业以及队长的联系邮箱、联系电话应准确填写；
（2）报名费用：无。
（3）ROIS核心队员不参赛
 咨询方式：陈同学（qq:18959901938）、何老师（tel:18950304593）
 校赛QQ群：692625542

福州大学教务处
2024年3月21日

附件1：

福州大学第八届网络安全信息竞赛组委会成员名单

主 任：于岩
委 员：夏岩、傅茂松、陈羽中
秘 书：何萧玲
组委会秘书处：福州大学信息安全ROIS团队、计算机与大数据学院团委科技部",0,,,,,,
001036013322,https://jwch.fzu.edu.cn/info/1036/13322.htm,关于做好2024-2025学年第一学期排课准备工作的通知,【教学运行】,2024-03-18,"各学院:      我校2024-2025学年第一学期排课工作即将开始，请各学院做好排课准备工作。请认真核对各年级、各专业的教学计划，落实开课安排，并于4月6日前在本科教学管理系统中开出2024-2025学年第一学期开课通知单，以保证第一阶段公共课课程安排的顺利进行。

注册中心
2024.3.18",0,,,,,,
001035013313,https://jwch.fzu.edu.cn/content.jsp?urltype=news.NewsContentUrl&wbtreeid=1035&wbnewsid=13313,关于更改2023-2024学年春季学期期初本科教育教学工作会议时间的通知,【综合科】,2024-03-14,"各学院及相关教学单位：
原定于3月15日(星期五)上午10:30召开的全校期初本科教育教学工作会议，因会议冲突改为下午4:00举行，其他事项不变。

福州大学教务处
2024年3月14日",0,,,,,,
001039013312,https://jwch.fzu.edu.cn/info/1039/13312.htm,关于举办福州大学第十三届大学生软件设计与服务外包创新创业竞赛的通知,【实践科】,2024-03-13,"一、竞赛宗旨

通过搭建富有自由、开放、创新精神的软件设计与服务外包创新创业平台，为新兴信息产业与服务外包产业的发展提供强有力的人才支撑；同时选拔竞赛成绩优异的队员加入福州大学服务外包与软件设计实验室，为参加“中国‘软件杯’大学生软件设计大赛”、“中国大学生服务外包创新创业大赛”和“海峡两岸信息服务创新大赛”等国家级竞赛做准备。

二、竞赛形式

公开选拔和现场答辩与演示相结合。

三、报名相关事宜

1.报名时间：2024年3月17日至2024年4月17日。
2.报名条件：各学院全日制本一批学生均可参加。
3.报名方式：登陆网站（http://sosd.fzu.edu.cn/）进行网上报名，以团队为单位报名，每个参赛队由1-3人组成，鼓励不同学院、不同专业的同学组队。
4.报名费用：无。

四、竞赛选题（说明：重复提交前两届作品或者非本人原创作品均视为无效）

竞赛选题分为A类指定命题类、B类自由命题类、C类用户体验类三个类别。

A类指定命题类（详见报名网站）：

A1) 基于大语言模型二次开发的工具类应用
A2) 智能政企工作报告分析系统
A3) 智能辅助平衡训练游戏应用
A4) 在线会议管理系统
A5) 智能校园导览系统
A6) 学校学生活动平台
A7) 和你一起旅行
A8) 吃什么我来定

B类自由命题类：

参赛团队自选项目参赛，但所选项目应当紧扣“信息技术”和“服务”主题。大赛鼓励参赛项目面向社会公众福祉，着重于创意创新的设计表达和技术实现，突出创新精神与公益情怀，特别鼓励具有社会服务、公益环保等具有公益性的项目。

C类用户体验类：

参赛团队自选项目参赛，但所选项目应当紧扣“用户体验”、“服务”主题。大赛鼓励参赛团队秉持以用户为中心的设计理念，着重于设计表达和原型实现，突出创意精神，特别鼓励聚焦于智慧生活、绿色健康、数字娱乐等项目设计。

五、竞赛安排

竞赛分为初赛和决赛两个阶段。初赛阶段主要通过网络进行，参赛团队提交作品供评审，决赛阶段晋级团队将集中进行现场答辩与演示。
初赛：请于2024年6月9日24点前，提交参赛作品、文字说明、演示ppt(包括作品简介、涉及的主要技术、具体的实现方案以及创新点等)等材料。
A类和B类参赛作品需提交项目源代码、数据、系统设计概要说明书、系统详细说明书等；
C类参赛作品需提交需求分析报告、详细设计报告、可交互原型图/效果图、作品演示视频等材料。

决赛：现场答辩与演示。决赛时间拟定为2024年6月19日，答辩地点与具体时间待定。

六、竞赛奖励

1.比赛将评出一等奖、二等奖、三等奖各若干项，奖项名额由竞赛组委会根据参赛的作品数来确定，并颁发证书和奖金。
2.获得二等奖以上的学生可根据学校有关规定申请创新创业实践与素质拓展学分认定。同时根据个人意愿，成绩优秀的同学可加入福州大学服务外包与软件设计实验室，学校将对其进行提高训练，为参加全国赛做准备。

七、其它注意事项

1.初赛作品提交：登录后在本网站（http://sosd.fzu.edu.cn/）进行初赛作品提交。
2.有关比赛的进一步通知将在本网站（http://sosd.fzu.edu.cn/）及时公布。
3.赛事答疑群：573429134

八、举办单位

主办单位：福州大学教务处
协办单位：福州大学学生处，共青团福州大学委员会
承办单位：福州大学计算机与大数据学院，福州大学服务外包与软件设计实验室，福州大学计算机学院团委学生会

附件: 福州大学第十三届大学生软件设计与服务外包创新创业竞赛组委会名单

                                                                        福州大学教务处
                                                                                 2024年3月13日
 

附件：
福州大学第十二届大学生软件设计与服务外包创新创业竞赛组委会名单

主 任：于岩
委 员：夏岩、叶阁泽、傅茂松、陈羽中
秘 书：王涛",0,,,,,,
001038013310,https://jwch.fzu.edu.cn/info/1038/13310.htm,关于通识选修课《爱课程：美化嗓音 轻松讲课》开课的友情提示,【计划科】,2024-03-13,"各位同学：
我校本学期继续开设通识教育选修课《爱课程：美化嗓音 轻松讲课》，课程类型为：文学与艺术类。该课程由福建师大音乐学院林立君教授主讲，通过该课程的学习将帮助您养成良好的发声习惯，改善在公共场所大声喧哗带来的不良印象，并兼谈如何提升您社交生活中的言谈举止和仪态。本课程适合所有对美化嗓音、轻松讲课、快乐歌唱、改善形象修养等有需求的人们，特别是师范专业的学生、各学科教师以及各年龄层的专业、业余声乐爱好者。只要有学习正确发声的愿望，有耐心纠正的毅力，即使您的音乐知识为零也能听得懂做得到。
该课程主要通过中国大学MOOC网进行线上授课，同时在我校安排有一次线下见面课（具体时间地点为：2024年3月21日周四晚7点在旗山校区公共教学楼西3-102），见面课上将会邀请同学现场进行演唱并给予指导纠正，欢迎致力于提高自己演唱水平的同学事前做好准备。
为便于课程管理，选课后请按照学校英文简称+学号+姓名修改昵称，例如FZU****。选课同学必须加入本课程的慕课堂（课堂码：838A6W），才能最终获取成绩。
 
授课教师介绍：
林立君：女高音歌唱家，声乐教育家，中国音乐家协会会员，福建省“三八红旗手”、国家艺术基金评审专家、教育部学位评审专家、福建省艺术指导委员会委员、福建省音乐家协会声乐委员会委员、福建省女科技工作者协会理事。现为福建师范大学音乐学院学院教授、硕士研究生导师、中国歌剧研究会福建师大音乐学院歌剧实践中心艺术指导、福建师范大学学生歌唱协会艺术指导。先后毕业于福建师范大学音乐系和中央音乐学院声歌系，声乐先后师从片冰心、沈湘、李晋玮教授。所演唱的两部电视片主题歌均获全国一等奖；曾在福建省音乐舞蹈节声乐比赛中获大奖；应邀赴德国、香港、福州、厦门成功举办六场个人独唱音乐会（无扩音设备）；出版发行专著《声乐教学艺术论》、《声乐教育学》(合著)、在核心刊物发表数十篇学术论文及四集个人演唱专辑。2015年应邀赴厦门大学成功举办首场师生独唱音乐会；连续三年应邀赴国家大剧院参加六场独唱音乐会。由福建省委宣传部主办的《海峡艺术名家一一歌唱家林立君》电视专题节目，在东南卫视、海峡卫视及福建电视台播出。海峡都市报的头版头条刊登了“著名歌唱家、声乐教育家、百姓教授林立君的艺术人生”的专题报道。所培养的福建师大音乐学院师范学生五人十次在中国CCTV全国青年歌手电视大奖赛中获奖，其中包括男、女五个声部、美声、民族、流行三种唱法。另有五十二位师范生在省级声乐比赛中分获一、二等奖。近年来她获得文化部、教育部等七部委联合颁发的“优秀园丁奖”；荣获“全国高校声乐比赛优秀指导教师”称号；独立讲授的《声乐教学艺术论》作为“声乐”课题内容之一，被评为福建省高校精品课程之一；获得福建省委宣传部、教育厅、共青团省委授予的“优秀指导教师”称号；福建师范大学优秀教学成果个人二等奖、“教学工作先进个人”、“巾帼建功”、“三八红旗手”、“本科优秀教师”、“本科课堂教学优秀奖”、“学生最喜爱的教师”、“优秀共产党员”等称号。做为抗战老兵的后代，多年来参加了近百场赈灾助学义演及为大专院校、为百姓们举办数十场声乐讲座，被群众们誉为“百姓教授""。近期她的《美化嗓音轻松讲课》大规模在线开放课程正在高等教育出版社爱课程网和网易云课堂联袂打造的“中国大学MOOC”平台上线热播。她采用例如“内耳听觉""正声法、“偷着乐""理气法、“行走转头”松喉法、“寓教于行 以动辅唱”等通俗易懂、以简驭繁、源于生活取之大自然的方法对发声、歌唱、仪表、言谈等知识进行详细的讲解和范唱，即使是未学过音乐的人也能快速、准确的理解。同时，她的教学理念和方法也使许多因嗓音沙哑无法坚持工作的人们重新回到了心爱的讲台和舞台。在课程播出后的短短六周内就已吸引两万多学习者。林立君教授希望通过向全民普及美化嗓音的知识，让大家终身拥有一副用不坏的好嗓子！
 
教务处
2024年3月13日",0,,,,,,
001035013309,https://jwch.fzu.edu.cn/content.jsp?urltype=news.NewsContentUrl&wbtreeid=1035&wbnewsid=13309,关于召开2023-2024学年春季学期期初本科教育教学工作会议的通知,【综合科】,2024-03-13,"各学院及相关教学单位：
兹定于2024年3月15日上午10:30在旗山校区行政南楼123会议室召开全校期初本科教育教学工作会议。请各学院及相关教学单位分管教学院长、教学办主任、教学干事、校教学督导组负责人届时参加，各学院教学干事负责通知本学院参会人员，并在3月14日下午5点前填写《福州大学2023-2024学年春季学期期初本科教育教学工作会议参会情况表》https://docs.qq.com/sheet/DSFhMZ0t0WlJKZHp4?tab=000001，联系人：王老师，联系电话：22866855。

福州大学教务处
2024年3月13日",0,,,,,,
001039013308,https://jwch.fzu.edu.cn/info/1039/13308.htm,关于转发《关于邀请省内高校大学生参与2024数字中国创新大赛的函》的通知,【实践科】,2024-03-12,"各学院：
现将数字中国建设峰会组委会秘书处《关于邀请省内高校大学生参与2024数字中国创新大赛的函》转发给你们，请根据文件要求组织师生积极参赛，具体报名事宜详见附件。
附件：数字中国建设峰会组委会秘书处《关于邀请省内高校大学生参与2024数字中国创新大赛的函》

福州大学教务处
2024年3月12日",1,0017449848580014583438,附件：数字中国建设峰会组委会秘书处关于商请邀请省内高校学生参与2024数字中国创新大赛的函.pdf,1371,https://jwch.fzu.edu.cn/system/_content/download.jsp?urltype=news.DownloadAttachUrl&owner=1744984858&wbfileid=14583438,14583438,1744984858
001036013306,https://jwch.fzu.edu.cn/info/1036/13306.htm,关于2023-2024学年第二学期重新学习选课、缴费的通知,【教学运行】,2024-03-11,"置顶提醒：
1、因未按规定时间进行选课、缴费，或因免听理由不充分，造成重新学习选课失效的，相应后果由学生本人承担。
2、有开设独立重修班的，原则上应选择独立重修班学习，特殊情况下需要跟班重新学习，则不接受免听申请。
3、为保证教学质量，重新学习学生须遵守课程考勤规范。

一、本学期重新学习报名采用网上报名形式，凡要参加重新学习的学生请在3月11日至4月1日下午24:00前登录教务处系统（https://jwch.fzu.edu.cn），进行网上报名。
所有重新学习的课程必须自行登录教务处网站，按所修学分主动缴费，缴费时间同上。未按时缴费的，选课无效。

二、学生上网报名时，请对照本学期自己正在修读的课表慎重选择重新学习课程，修读理论课程学分（含重新学习）合计不宜超过30学分；若发现选择的重新学习课程学分有误，或课程无法显示，请及时向所在学院教学办核实反馈。

三、若重新学习课程与其他课程的上课时间不可避免地发生冲突，学生可申请重新学习课程的免听，但思政、体育、德育、军事理论、实践类课程，以及毕业环节课程一般不接受免听。
具体办理流程如下：
1、学生申请：在教务处“本科教学系统”中的重修选课界面，学生对申请免听的重修课程对应的下拉框中选择免听，提出免听申请。
2、教师审核：学生系统提交重修免听申请后，应及时与任课老师联系，如实说明免听申请的具体原因，并按照任课老师的要求提供相应材料。任课教师根据课程的具体教学要求对学生的免听申请进行审核。
3、免听缴费：任课老师审核通过后，重修免听课程计入重修学分缴费，学生应及时关注课程的审核状态，及时缴费。

四、本学期已经开设的公共课独立重修班基本情况如下，供同学们选课时参考，具体信息以教务系统显示为准。专业课独立重修班基本情况应向开课学院咨询。

课程名称
学分
学时
上课时间地点

大学物理A（上）
3
33
周2:9-11节 旗山东2-100

大学物理A（下）
3.5
39
周6:1-3节 旗山东2-100

大学物理A（下）
3.5
39
周6:1-3节 旗山东2-209

大学物理B（上）
2.5
27
周2:9-11节 旗山东2-100

大学物理B（下）
2.5
27
周6:1-3节 旗山东2-100

大学物理B（下）
2.5
27
周6:1-3节 旗山东2-209

大学物理实验A（上）
1.5
36

概率论与数理统计
3
39
周2:9-11节 旗山东2-206

概率论与数理统计
3
48
周1:9-11节 旗山东2-207

高等数学A（上）
5
56
周6:5-8节 旗山东3-100

高等数学A（上）
5
56
周1:5-8节 铜盘B107

高等数学A（上）
5
60
周1:9-11节 铜盘B107

高等数学A（下）
3
40
周4:5-8节 旗山东3-201

高等数学A（中）
5
63
周2:9-11节 旗山东3-201

高等数学B（上）
5
56
周6:5-8节 旗山东3-100

高等数学B（上）
5
56
周1:5-8节 铜盘B107

高等数学B（上）
5
60
周1:9-11节 铜盘A110

高等数学B（下）
5
56
周6:5-8节 旗山东3-107

高等数学C（上）
4
40
周7:5-8节 旗山东2-508

高等数学C（上）
4
40
周4:5-8节 铜盘B108

高等数学C（下）
4
44
周4:5-8节 旗山东2-105

高等数学D
4
42
周5:9-11节 旗山东2-206

高等数学D
4
42
周7:9-11节 铜盘B105

思想政治实践课
2
32
周4:9-11节 旗山东3-404

体育（二）
1
30
周2:7-8节 旗山待定场所

体育（二）
1
30
周7:7-8节 旗山待定场所

体育（三）
1
30
周6:5-6节 旗山待定场所

体育（三）
1
30
周7:5-6节 旗山待定场所

体育（四）
1
30
周6:7-8节 旗山待定场所

体育（四）
1
30
周7:7-8节 旗山待定场所

体育（一）
1
30
周7:5-6节 旗山待定场所

体育（一）
1
30
周4:9-10节 旗山待定场所

线性代数
2
27
周3:9-11节 铜盘A210

线性代数
2
27
周4:9-11节 旗山东3-103

形势与政策（一至十四）
0
8
周7:1-8节 旗山西1-105

大学英语（二）
2
24
周6:2-4节 旗山东1-201

大学英语（三）
2
24
周6:1-3节 旗山东1-301

大学英语（四）
2
24
周3:9-11节 旗山东1-201

注册中心
2024.3.11",0,,,,,,
001038013305,https://jwch.fzu.edu.cn/info/1038/13305.htm,关于2023-2024学年第二学期爱课程平台参加通识教育选修课学习的重要提示,【计划科】,2024-03-11,"各位同学：
   根据《个人信息保护法》的要求，爱课程平台对参加MOOC平台学习的学生个人信息进行脱敏处理，只在MOOC平台参加学习，课程学习结束后将无法导出成绩，教务处系统也将无法获得相应学分！但只要加入该门课程的慕课堂参加学习即可同步MOOC平台的学习进度和数据，成绩也可以正常显示。
我校在2023-2024学年第二学期选用爱课程平台5门课程作为校内通识教育选修课，请本学期选修这些课程的同学务必尽快使用下表中的二维码加入相应课程的慕课堂参加学习。
具体操作步骤如下：
1、打开中国大学mooc app或者微信扫一扫
2、使用登录中国大学慕课网的账号登录
3、填写完善“学校”“学号”“姓名”等信息
如有疑问，请咨询教务处计划科：
林老师  0591-22866907/83700655。

序号
课程名称
慕课堂二维码

1
爱课程：网络空间安全概论
 

2
爱课程：财务报表编制
 

3
爱课程：市场营销学
 

4
爱课程：陶瓷工艺学
 

5
爱课程：美化嗓音 轻松讲课
 

教务处
2024年3月11日",0,,,,,,
001040013301,https://jwch.fzu.edu.cn/info/1040/13301.htm,关于组织教师参加第四届福建省教师教学创新大赛产教融合赛道的通知,【质量办】,2024-03-06,"各学院：
   根据中国高等教育学会《关于举办第四届全国高校教师教学创新大赛产教融合赛道赛事的通知》(高学会〔2024〕7号)文件要求，经研究决定开展福州大学教师教学创新大赛产教融合赛道校赛选拔工作，现将有关事项通知如下：
一、报名事项
1.报名对象：学校在职教师，主讲教师近5年讲授参赛课程（应为列入本科专业培养方案的课程）2轮及以上，国家急需战略性新兴领域和紧缺专业领域建设的新课程可适当放宽。
2.报名要求：以团队形式参赛，团队成员包括1名主讲教师和不超过3名团队成员（至少包含1名从行业企业聘请的兼职教师，且深度参与教育教学时间2年以上）。参赛课程的实践性教学内容比例应不少于30%。行业企业参与教学，需提供人事聘任协议或产教融合项目合同等，签订时间在2年及以上。
3.报名条件：高校教师教学创新大赛产教融合赛道为独立赛道，已代表福州大学参加第四届福建省高校教师教学创新大赛的主讲教师及课程不能重复参赛。
4.其他要求：参赛课程的实践教学应与生产实践对接，教学过程需在行业企业真实场景下进行。
二、比赛安排
1.根据全国赛文件要求，比赛分为两个阶段。第一阶段为网络评审，评审内容包括课堂教学实录视频、产教融合创新成果报告。第二阶段为现场评审，主要内容为教学设计创新汇报、提问交流。具体要求和评分标准详见国赛文件（附件1）。
2.全国赛网络评审拟于2024年9-10月举行，现场评审拟于2024年11月举行。福建省高校教师教学创新大赛产教融合赛道正式文件尚未发布，学校将根据参赛情况，择优选拔优秀教师参加第四届福建省高校教师教学创新大赛产教融合赛道。
三、其他事项
1.请各学院广泛动员，组织符合条件的优秀教师进行报名，学校将根据省赛正式文件及各学院申报情况开展后续选拔推荐工作，相关事宜另行通知。参赛选手可详细阅读国赛通知文件，了解评分标准，着手相关准备。
2.学院推荐名单汇总表（附件2）请于3月11日前报送教务处质量管理与认证科（行北西205），电子版发至10556425@qq.com。联系人：蒋麓，联系电话：0591-22860935。
附件1 关于举办第第四届全国高校教师教学创新大赛产教融合赛道赛事的通知
附件2 福州大学教师教学创新大赛产教融合赛道 学院推荐名单汇总表
福州大学教务处
2024年3月6日",2,0017449848580014581598,附件2 福州大学教师教学创新大赛产教融合赛道 学院推荐名单汇总表.docx,784,https://jwch.fzu.edu.cn/system/_content/download.jsp?urltype=news.DownloadAttachUrl&owner=1744984858&wbfileid=14581598,14581598,1744984858
001040013301,https://jwch.fzu.edu.cn/info/1040/13301.htm,关于组织教师参加第四届福建省教师教学创新大赛产教融合赛道的通知,【质量办】,2024-03-06,"各学院：
   根据中国高等教育学会《关于举办第四届全国高校教师教学创新大赛产教融合赛道赛事的通知》(高学会〔2024〕7号)文件要求，经研究决定开展福州大学教师教学创新大赛产教融合赛道校赛选拔工作，现将有关事项通知如下：
一、报名事项
1.报名对象：学校在职教师，主讲教师近5年讲授参赛课程（应为列入本科专业培养方案的课程）2轮及以上，国家急需战略性新兴领域和紧缺专业领域建设的新课程可适当放宽。
2.报名要求：以团队形式参赛，团队成员包括1名主讲教师和不超过3名团队成员（至少包含1名从行业企业聘请的兼职教师，且深度参与教育教学时间2年以上）。参赛课程的实践性教学内容比例应不少于30%。行业企业参与教学，需提供人事聘任协议或产教融合项目合同等，签订时间在2年及以上。
3.报名条件：高校教师教学创新大赛产教融合赛道为独立赛道，已代表福州大学参加第四届福建省高校教师教学创新大赛的主讲教师及课程不能重复参赛。
4.其他要求：参赛课程的实践教学应与生产实践对接，教学过程需在行业企业真实场景下进行。
二、比赛安排
1.根据全国赛文件要求，比赛分为两个阶段。第一阶段为网络评审，评审内容包括课堂教学实录视频、产教融合创新成果报告。第二阶段为现场评审，主要内容为教学设计创新汇报、提问交流。具体要求和评分标准详见国赛文件（附件1）。
2.全国赛网络评审拟于2024年9-10月举行，现场评审拟于2024年11月举行。福建省高校教师教学创新大赛产教融合赛道正式文件尚未发布，学校将根据参赛情况，择优选拔优秀教师参加第四届福建省高校教师教学创新大赛产教融合赛道。
三、其他事项
1.请各学院广泛动员，组织符合条件的优秀教师进行报名，学校将根据省赛正式文件及各学院申报情况开展后续选拔推荐工作，相关事宜另行通知。参赛选手可详细阅读国赛通知文件，了解评分标准，着手相关准备。
2.学院推荐名单汇总表（附件2）请于3月11日前报送教务处质量管理与认证科（行北西205），电子版发至10556425@qq.com。联系人：蒋麓，联系电话：0591-22860935。
附件1 关于举办第第四届全国高校教师教学创新大赛产教融合赛道赛事的通知
附件2 福州大学教师教学创新大赛产教融合赛道 学院推荐名单汇总表
福州大学教务处
2024年3月6日",2,0017449848580014581597,附件1 关于举办第第四届全国高校教师教学创新大赛产教融合赛道赛事的通知.pdf,1521,https://jwch.fzu.edu.cn/system/_content/download.jsp?urltype=news.DownloadAttachUrl&owner=1744984858&wbfileid=14581597,14581597,1744984858
001039013296,https://jwch.fzu.edu.cn/info/1039/13296.htm,关于参加2024年（第十届）全国大学生统计建模大赛的通知,【实践科】,2024-03-05,"2024年（第十届）全国大学生统计建模大赛福建赛区选拔赛（以下简称“大赛”）已于2024年2月正式启动。大赛由中国统计教育学会主办，国赛由西安财经大学承办，福建赛区选拔赛（以下简称“省赛”）由福州大学承办，福州大学选拔赛（以下简称“校赛”）由福州大学数学与统计学院和经济与管理学院共同承办。根据大赛组委会《中国统计教育学会关于举办2024年（第十届）全国大学生统计建模大赛的通知》，现将校赛组织实施的相关事宜通知如下：
一、 大赛主题
本届大赛主题为“大数据与人工智能时代的统计研究”，参赛队围绕主题自拟题目撰写论文。
二、 参赛资格及大赛分组
（一）参赛资格。各有关高等院校全日制在校本科生、研究生均可报名，专业不限。
（二）组别设置。大赛设本科生组和研究生组，本科生和研究生单独组队，不可跨组别组队。
三、 参赛流程
本届大赛分为八个阶段。
（一）参赛报名。各参赛队需指定1人为队长，登录全国大学生统计建模大赛官网(网址：tjjmds.ai-learning.net），填报本参赛队基本信息（报名流程见本通知附件4）。每支参赛队3人，不可跨校参赛，每名参赛者限报一支队，每队指导老师为1人，每位指导老师指导的参赛队伍总数不得超过4支。报名截止时间为3月15日20:00，最终报名信息将在大赛官网上公布。报名参赛不收取任何费用。
（二）主题解读。3月份将以线上形式举办主题解读培训。邀请各领域专家针对主题方向作解读指导。参赛队员通过直播链接参加培训，培训具体事宜另行通知。主题解读相关资料将登载在大赛官网。同时，大赛向参赛队员免费提供数据库及分析建模平台等部分资源，可在大赛官网“大赛资源”栏目中查询。
（三）论文撰写。各参赛队须于5月15日前完成论文撰写和“知网”查重。论文正文字符数（计空格）不得超过14000字，查重率不得超过20%。大赛组委会将对参赛论文进行“知网”查重复检，重复率超过20%的论文将取消参赛资格，超过40%的论文视为学术不端行为，大赛组委会将向参赛队所在院校通报批评。大赛结束前，如发现抄袭、舞弊等学术不端和违规行为，或违反大赛通知要求、承诺书条款等行为，大赛组委会将作出取消奖项、通报批评的处理（承诺书见附件2）。
（四）提交参赛论文等材料。各参赛队须于5月15日18:00前在大赛平台提交参赛材料，包括：论文全文、知网查重报告、承诺书、数据及其他参赛材料。
1. 论文全文。各参赛队上传的论文需分别提供Word完整版和PDF匿名版。Word完整版，包括：封面页、摘要与关键词、章节目录、表格与插图清单、论文正文、参考文献、附录、致谢等共八个部分。PDF匿名版，在Word完整版的基础上，去掉封面页和致谢两部分，其余六个部分与Word完整版完全一致，参赛队相关信息不得出现在封面页和致谢以外的任何位置，否则视为违规，将取消参赛资格。请各参赛队按照固定格式要求进行论文排版（见附件4）。
2. 知网查重报告。参赛队须提交查重报告，大赛组委会将对参赛论文进行“知网”查重复检，要求重复率不超过20%。
3. 承诺书。参赛队需承诺不发表不正当言论，承诺使用正版统计分析软件，承诺参赛论文为赛期内由本队所有队员共同创作等大赛相关事项。
4. 数据及其他参赛材料。参赛队须公开数据来源，以单个压缩包形式提交数据，应包括所收集、使用的数据，收集过程或数据出处，数据分析程序等。
各参赛队伍于5月15日18：00前通过大赛官网上传参赛材料。为避免论文提交截止日集中提交而造成的网络拥堵，请各参赛队注意合理安排时间，提前进行提交。
（五）校赛。5月20日至5月25日开展校赛。福州大学根据实际情况自行组织校赛，按照本校名额评选出入选省赛参赛队。5月27日前，福州大学通过大赛平台将入选省赛参赛队提交至省赛。
（六）省赛。6月1日至6月23日开展省赛，省赛采取论文评审+现场展示和实时答辩相结合的方式进行，具体安排如下：
第一阶段：论文评审。由省赛组委会组织各参赛院校推荐的评审专家和邀请省外专家进行评审，按大赛组委会制定的评分标准进行线上论文交叉盲评，评出省赛三等奖、部分二等奖及入围第二阶段答辩赛的参赛队。
第二阶段：现场展示和答辩。第二阶段比赛分为研究生组和本科生组，参加现场展示答辩的团队，由省赛组委会组织现场展示，入围参赛队须按照规定的时间和要求对参赛论文进行自述，并回答专家的提问。
福建赛区将根据实际情况确定省赛时间，依照国赛评审标准评选出福建赛区一、二、三等奖和入围国赛的参赛队。获奖信息和入围全国赛的参赛队信息将同时在福州大学经济与管理学院官网(https://jgxy.fzu.edu.cn/ )和数学与统计学院官网（https://math.fzu.edu.cn/）公布。6月24日前，福州大学通过大赛平台将比赛结果提交至国赛承办院校。6月底前，大赛组委会办公室公布省赛获奖名单、入围国赛的参赛队名单。
（七）国赛
1. 通讯评审、现场会议评审。7月份实施，评出国赛三等奖、部分二等奖及入围答辩赛的参赛队。入围答辩赛的参赛队名单将在大赛官网上公布。
2. 现场答辩。8月将在西安财经大学举行国赛现场答辩赛，入选参赛队须按照规定的时间和要求对参赛论文进行自述，并回答专家的提问，以考核参赛论文的原创性、科学性和合理性，评出国赛的部分二等奖及一等奖。答辩赛具体事宜另行通知。
（八）大赛总结会。答辩赛结束后举行，届时将为获奖队颁奖。
四、 奖项设置
（一）校赛。各学校自行组织校赛，按照本校名额将优秀队伍推荐至省赛。
（二）省赛。在入围省赛的参赛队中选拔出优秀队伍入围国赛，其余队伍评选省赛一、二、三等奖，获奖比例分别为10%、20%、30%。入围国赛的参赛队除角逐国赛奖项外，同时为该赛区一等奖（即国省双奖项）。
（三）国赛。在入围国赛的队伍中选拔出一、二、三等奖，比例为10%、20%、70%。获得全国赛一、二等奖的团队，指导教师还将荣获“全国大学生统计建模大赛优秀指导教师奖”证书。
（四）证书发放。省赛、国赛获奖证书、优秀指导教师奖证书将通过大赛平台以电子版方式发放，由院校负责人负责下载打印。
（五）论文出版。获奖论文将择优汇编公开出版。
五、 福州大学校赛联络
（一）福州大学参赛队长QQ群
请参赛队队长加入“2024年统计学建模大赛福州大学队长群” QQ群，群号：797750239。进群需实名申请，实名格式：所属学院+本科生组（研究生组）+姓名。
以上QQ群将由福州大学安排专人解答各类问题。群满员后，将随时公布最新群号，各参赛学院及参赛队员可随时关注。
（二）福州大学选拔赛由福州大学数学与统计学院和经济与管理学院两个学院共同承办。
负责人：吕老师，手机：18050401478，邮箱：wujispace@fzu.edu.cn
联系人：黄老师，手机：15880084019，邮箱：bear_23@163.com
周老师，手机：13788891911，邮箱：88891911@163.com
游老师，手机：18250166263，邮箱：hnstedu@163.com
卓老师，手机：15060069957，邮箱：zhuoxx1991@fzu.edu.cn
有关大赛的相关信息可发送邮件咨询大赛组委会办公室。本次活动最终解释权归大赛组委会所有。

附件：
1. 2024年（第十届）全国大学生统计建模大赛各省赛区承办院校名单
2. 全国大学生统计建模大赛国赛承办院校承诺书
3. 2024年（第十届）全国大学生统计建模大赛各赛区院校负责人、参赛队长QQ群号
4. 2024年（第十届）全国大学生统计建模大赛参赛须知
5. 全国大学生统计建模大赛简介

注：以上附件请登录全国大学生统计建模大赛官网进行查看或下载，网址http://tjjmds.ai-learning.net/。

福州大学教务处
福州大学研究生院
2024年3月5日",0,,,,,,
001039013294,https://jwch.fzu.edu.cn/info/1039/13294.htm,关于做好第三十期本科生科研训练计划项目立项申报工作的通知,【实践科】,2024-03-05,"各学院：
为了提高大学生科研水平、激发创新意识和培养实践动手能力，鼓励学生接触并了解学科的发展现状和前沿趋势，增进教师与学生之间的互动交流，锻炼学生思考问题与解决问题的能力。学校决定启动第三十期本科生科研训练计划项目立项工作。现将有关事项通知如下：
第三十期本科生科研训练计划项目分为创新训练项目、创业训练项目和创业实践项目。
一、项目内容
1.创新训练项目是本科生个人或团队在导师指导下，自主完成创新性实验方法的设计、实验条件的准备、实验的实施、数据处理与分析、撰写报告、成果（学术）交流等工作。
2.创业训练项目是本科生团队在导师指导下，团队中每个学生在项目实施过程中扮演一个或多个具体的角色，通过编制商业计划书、开展可行性研究、模拟企业运行、进行一定程度的验证试验，撰写创业报告等工作。
3.创业实践项目是学生团队在学校导师和企业导师共同指导下，采用前期创新训练项目的成果，提出一项具有市场前景的创新性产品或者服务，以此为基础开展创业实践活动。
二、申报对象
1.凡我校全日制本科学生均可申请，项目负责人应为非毕业班学生。
2.申请者要品学兼优、学有余力，有较强的独立思考能力和创新意识，具备初步的科研和动手能力，对科学研究、创新活动、学科竞赛、创业训练、创业实践或社会实践有浓厚的兴趣，并具有投入项目研究的课余时间保障。
3.每个学生只能申报一个项目，作为项目成员目前只参与一个在研项目的学生，本期可再申报一项。各学院要严格审核申报资格，有以下情况之一者本期不得申报：
（1）在研项目负责人不得申报；
（2）作为项目成员目前已参与两个在研项目的，本次不得申报；
（3）往期项目结题成绩不合格、逾期未结题（终止）的项目成员不得申报。
4.每个申报项目团队（包含项目负责人在内）人数不能超过5人。
三、项目指导教师资格
1.责任心强、学术水平高、学风正派、治学严谨且具有中级及以上职称或博士学位的教师。
2.每位教师指导项目不得超过3项（含在研及2022年以来未结题和结题不合格项目），各学院要严格审核指导教师资格。
3.优先支持近三年获得国家级、省级大学生创新创业训练计划和校级本科生科研训练计划优秀项目及学科竞赛全国二等奖（含）以上的指导教师。
四、项目来源
本计划鼓励学生自行选定研究项目。申报项目主要范围包括：小发明、小创作、小设计等项目；创意、创新、创业等项目；虚拟仿真实验教学项目；自制实验教学仪器设备项目；学科竞赛相关项目；有关教师科研课题中的子项目；企业技术需求项目；其他有研究与实践价值的项目。
五、项目研究时间
项目开始时间为2024年5月，执行时间原则上不超过两年（2026年5月止），其中项目负责人毕业前必须完成项目结题工作。
六、项目申报
1.有意向申报创新训练项目者可自行与指导老师联系，鼓励本科生积极申报创业训练项目和创业实践项目。
2.学校对有发展前景的项目（含虚拟仿真实验教学项目）将予以重点支持和资助，2024年度国家、省级大学生创新创业训练项目将从第三十期本科生科研训练计划申报项目中产生，学院进行评审并根据申报项目的质量排序推荐，学校将根据各学院申报项目推荐排序进行国家、省级大学生创新创业训练项目审核遴选，不再另行组织申报和答辩。
3.第三十期本科生科研训练计划项目立项申报时间从即日起至2024年3月29日止，有意向申报的学生可在规定期限内向学院教学办提交以下申报材料：
（1）《承诺书》（纸质版）；
（2）《福州大学第三十期本科生科研训练计划项目申报信息汇总表》（电子版）；
（3）《福州大学本科生科研训练计划项目（SRTP）申请表（创新训练项目）》（电子版和纸质版）；
（4）《福州大学本科生科研训练计划项目（SRTP）申请表（创业训练项目）》（电子版和纸质版）；
（5）《福州大学本科生科研训练计划项目（SRTP）申请表（创业实践项目）》（电子版和纸质版）；
（6）《福州大学第三十期本科生科研训练计划申报项目排序表》（电子版和纸质版）；
（7）《福州大学本科生科研训练计划项目选题来源情况一览表》（电子版，项目选题来源于指导教师科研课题的创新训练项目填写）。
4.各学院于2024年4月8日前完成评审和排序推荐工作，2024年4月10日前各学院教学办纸质版材料汇总后报送教务处实践科，电子版统一发送至电子邮箱jwcsjk@fzu.edu.cn。
5.自2022年以来项目结题评审中出现逾期未结题、终止、不合格的项目，将削减学院相应的国家级、省级大学生创新创业训练计划项目和校级本科生科研训练计划项目立项数。
6.申请项目获批后，不允许变更项目名称、项目组成员和项目指导教师。
七、项目资助经费
1.国家级项目：10000-20000元；
2.省级项目：5000-10000元；
3.校级项目
（1）创新训练项目：理工科类2000-3000元、文科类1000-2000元；
（2）创业训练项目：1000-2000元
（3）创业实践项目：2000-3000元
以上为初定的项目经费资助标准，实际标准将根据学校最终下达经费总额进行调整。
八、项目经费使用管理
1.项目经费专款专用，教师不得使用学生研究经费。学校对项目经费使用实行监督管理，保证经费使用科学、合理、规范。
2.项目经费由学校计财处按相关规定进行管理，项目经费报销工作应严格遵守学校财务制度，报销的总金额不得超过资助总额。具体报销程序：学生签字后的开支发票经指导教师审查所用经费并签字，校级、省级及以上项目报学院分管领导审核签字后由学生到校计财处报销。
3.项目经费的使用范围包括：开展实验所需的原材料（包括耗材、药品、化学试剂等）、低值品等购置费；完成项目所需要的资料费、加工费、打印费等；学生撰写的与项目有关的论文版面费；经指导教师和学院审核，确需外出调研的差旅费（包括来往车票、住宿费）等。
请各学院及时通知到相关人员，认真做好第三十期本科生科研训练计划的申报立项工作。

附件1：承诺书
附件2：福州大学第三十期本科生科研训练计划项目申报信息汇总表
附件3：福州大学本科生科研训练计划项目（SRTP）申请表（2024创新训练项目）
附件4：福州大学本科生科研训练计划项目（SRTP）申请表（2024创业训练项目）
附件5：福州大学本科生科研训练计划项目（SRTP）申请表（2024创业实践项目）
附件6：福州大学第三十期本科生科研训练计划申报项目排序表
附件7：专业类代码对照表
附件8：福州大学本科生科研训练项目选题来源情况一览表

福州大学教务处
      2024年3月5日",1,0017449848580014581442,第30期SRTP附件.zip,3941,https://jwch.fzu.edu.cn/system/_content/download.jsp?urltype=news.DownloadAttachUrl&owner=1744984858&wbfileid=14581442,14581442,1744984858
001038013293,https://jwch.fzu.edu.cn/info/1038/13293.htm,关于公布2023-2024学年第二学期通选课取消开课名单的通知,【计划科】,2024-03-04,"本学期通选课第二轮选课已结束，以下课程因未达到开班要求，将取消开课。请已选中这些课程的同学于第三轮选课时间（3月5日）及时改选其他课程。

序号
课程名称

1
证券投资理论与实务

2
计算机绘图入门（旗山周一）

3
数学文化欣赏

4
信息时代的知识产权案例解析

5
婚姻家庭的法律秘笈（旗山周三）

6
中级日语

7
论语英译赏析（旗山周三）

8
有趣的地理信息系统实验

9
初级日语

10
体育（广场舞）

11
英式橄榄球（旗山周四）

12
英语词汇进阶

13
女子足球提高班

14
新时代廉洁文化建设与惟廉修身

15
体育（游泳高级班）

16
小白学数据挖掘SPSS

17
地球科学的奇妙之旅

18
智能建筑与综合布线

19
增材制造技术（3D打印）

20
小纤维，大世界

21
匹克球运动

22
软体机器人力学实验

23
现代测试分析仪器技术与应用

24
奇妙材料

 
福州大学教务处
2024年3月4日",0,,,,,,
001035013280,https://jwch.fzu.edu.cn/info/1035/13280.htm,关于2023-2024学年第二学期本科生学生证和火车票优惠卡补办及火车票优惠卡更改区间的通知,【综合科】,2024-02-29,"各学院：
根据《福州大学学生证管理办法》（福大政【2019】25号），针对部分学生丢失学生证的情况，特安排本学期的学生证和火车票优惠卡补办等工作，具体工作安排如下：
一、补办学生证
1、补办范围
学生在校学习期间，学生证原则上只补办一次。本次补办仅限具有福州大学全日制学籍、首次丢失学生证学生。
2、申请时间
2024年3月1日-2024年3月11日
3、补办程序
（1）在福州大学教务处网站首页登陆“本科教学管理系统”，完成学生证补办申请。
（2）学院和教务处分别对学生的申请进行初核和复核，其中申请信息经审核发现不属实者不予受理。
（3）学生接到通知短信后，到学校行政北楼西208室领取补办的学生证。
二、补办火车票优惠卡和更改火车票优惠卡区间

1、补办范围
学生在校学习期间，火车票优惠卡原则上只补办一次。本次补办仅限具有福州大学全日制学籍、首次丢失或尚未申请火车票优惠卡的学生。
2、时间
2024年4月1日-2024年4月26日
3、程序
（1）在福州大学教务处网站首页登陆“本科教学管理系统”，完成火车票优惠卡补办申请或区间修改申请。
（2）学院和教务处分别对学生的申请进行初核和复核，其中申请信息经审核发现不属实者不予受理。
（3）学生接到通知短信后，到学校行政北楼西208室办理。
3、因家庭住址变更或父母工作地点发生变化而须改乘车区间的，必须交验家长工作单位或户籍管理部门提供的书面证明，方可办理变更手续；因火车站点变更等原因造成乘车区间改变的，无须提供证明，可直接办理变更手续。
三、请各学院认真做好学生证和火车票优惠卡补办的初核工作。各学院在审核学生补办申请时，要加强对学生的思想教育，教育学生重视、爱惜学生证和火车票优惠卡。学生要树立良好的诚信意识，不得擅自涂改学生证和火车票优惠卡内容，不得转借或抵押他人，不得在申领的过程中弄虚作假。如有违反者，一经查出，学校将收回违规学生证和火车票优惠卡，取消其补办资格，并追究学生本人责任。
四、因学生证和火车票优惠卡丢失而补办新证后又找回原证的，须将原证交至教务处注销。
教务处
2024年2月29日",0,,,,,,
001036013284,https://jwch.fzu.edu.cn/info/1036/13284.htm,关于做好2024年3月退役复学学生转专业的通知,【教学运行】,2024-02-27,"根据教育部令第41号《普通高等学校学生管理规定》、《福州大学本科生转专业管理实施办法（暂行）》(福大教〔2017〕46号) 及《福州大学应征入伍学生学籍管理补充规定》（福大教〔2018〕38号）文件精神，现将参军退役后复学学生转专业事宜通知如下:
一、基本条件
1.申请转专业的学生必须是参军时修读大一、大二的学生，且符合《福州大学本科生转专业管理实施办法（暂行）》(福大教〔2017〕46号)规定的基本条件。
2.本次转专业仅针对2024年3月退役复学学生。
二、时间安排及工作流程
1．3月11日前，申请转专业的学生打印《福州大学参军退伍复学后学生转专业审批表》及个人申请书，送交学生所在学院教学办签字盖章后报教务处注册中心。逾期不再受理。
2．3月12日前，教务处审核学生报名资格后将相关材料转送各接收学院。
3．3月19日前，接收学院考核、拟定接收名单并报教务处。
4．教务处对拟同意转专业学生进行汇总初审，报学校本科生学籍事务管理委员会审核通过后，在学校网站上对拟批准转专业的学生名单进行公示。
5.教务处发文，各学院通知相关学生并做好相应的转专业后续工作。
福州大学教务处
   2024年2月28日",2,0017449848580014580283,福州大学参军退伍复学后学生转专业审批表.doc,737,https://jwch.fzu.edu.cn/system/_content/download.jsp?urltype=news.DownloadAttachUrl&owner=1744984858&wbfileid=14580283,14580283,1744984858
001036013284,https://jwch.fzu.edu.cn/info/1036/13284.htm,关于做好2024年3月退役复学学生转专业的通知,【教学运行】,2024-02-27,"根据教育部令第41号《普通高等学校学生管理规定》、《福州大学本科生转专业管理实施办法（暂行）》(福大教〔2017〕46号) 及《福州大学应征入伍学生学籍管理补充规定》（福大教〔2018〕38号）文件精神，现将参军退役后复学学生转专业事宜通知如下:
一、基本条件
1.申请转专业的学生必须是参军时修读大一、大二的学生，且符合《福州大学本科生转专业管理实施办法（暂行）》(福大教〔2017〕46号)规定的基本条件。
2.本次转专业仅针对2024年3月退役复学学生。
二、时间安排及工作流程
1．3月11日前，申请转专业的学生打印《福州大学参军退伍复学后学生转专业审批表》及个人申请书，送交学生所在学院教学办签字盖章后报教务处注册中心。逾期不再受理。
2．3月12日前，教务处审核学生报名资格后将相关材料转送各接收学院。
3．3月19日前，接收学院考核、拟定接收名单并报教务处。
4．教务处对拟同意转专业学生进行汇总初审，报学校本科生学籍事务管理委员会审核通过后，在学校网站上对拟批准转专业的学生名单进行公示。
5.教务处发文，各学院通知相关学生并做好相应的转专业后续工作。
福州大学教务处
   2024年2月28日",2,0017449848580014580282,福州大学本科生转专业管理实施办法（暂行）.docx,1007,https://jwch.fzu.edu.cn/system/_content/download.jsp?urltype=news.DownloadAttachUrl&owner=1744984858&wbfileid=14580282,14580282,1744984858
001040013410,https://jwch.fzu.edu.cn/info/1040/13410.htm,关于举办福州大学第五十一场“教学有道” 研讨活动的通知,【质量办】,2024-04-26,"各学院、有关单位：
为深入贯彻落实习近平总书记关于高校思政课建设的重要讲话精神，进一步推动高校思政课教师队伍建设，促进思政课高质量发展。经研究，学校决定举办第五十一场“教学有道”专题研讨活动，具体安排如下：
一、研讨主题
思政课建设与教师发展
二、研讨时间
2024年4月29日（周一）上午9:00-11:30
三、主讲人
南京师范大学马克思主义学院院长  王刚教授
四、研讨地点
马克思主义学院301会议室
五、承办单位
马克思主义学院
六、参会人员
1.马克思主义学院教师；
2.全校其他感兴趣的教师。

主讲人简介：
    王刚，国家万人计划教学名师，南京师范大学马克思主义学院院长，二级教授，法学博士，博士后，博士生导师，博士后学术联系导师。教育部高等学校思想政治理论课分教学指导委员会委员，全国高校师生巡讲团成员。入选教育部首批“全国高校优秀中青年思想政治理论课教师择优资助计划”；入选教育部“马工程”重点教材“精彩一课”。全国高校形势与政策课教学能手，线上国家一流课程和线上线下混合式国家一流课程“形势与政策”课负责人，全国高校“形势与政策”教学创新中心负责人。国家社科基金重大招标项目首席专家，主持国家社科基金重大招标1项，国家社科基金重点1项，一般1项，省部级课题7项，出版学术著作3部， 在《人民日报》理论版、《光明日报》理论版、《红旗文稿》《当代世界与社会主义》、《中共党史研究》、《马克思主义与现实》、《教学与研究》、《思想理论教育导刊》等核心期刊上发表学术论文100余篇。

福州大学教务处
2024年4月26日",0,,,,,,
001036013409,https://jwch.fzu.edu.cn/info/1036/13409.htm,关于2024年五一劳动节放假课程调整的通知,【教学运行】,2024-04-26,"各学院、教学单位：

根据党政办有关2024年五一劳动节放假通知的精神，现将节日放假期间的教学安排调整如下：
1、5月1日（星期三）至5月5日（星期日）全校本科生课程（含通识教育选修课）停课，共5天。
2、4月28日（星期日）补上5月3日（星期五）的课，5月11日（星期六）补上5月2日（星期四）的课，原4月28日、5月11日的课程停课。
3、因停课受影响的教学内容，请任课老师自行调整或安排另外时间补课。

请各学院、教学单位及时通知相关的学生和老师。

教务处
    2024年4月26日",0,,,,,,
001040013408,https://jwch.fzu.edu.cn/info/1040/13408.htm,关于举办福州大学第五十场“教学有道” 研讨活动的通知,【质量办】,2024-04-24,"各学院、有关单位：
为深入贯彻福州大学教育教学思想与综合改革大讨论思想，增强教师教学研究与改革意识和创新思维，培养教师跨学科教学素养和能力，促进专业内涵式发展和人才培养质量。经研究，学校决定举办第五十场“教学有道”专题研讨活动，具体安排如下：
一、研讨主题
“混沌与非线性思维”在教学中的思考和实践
二、研讨时间
2024年4月28日（周日）15:00
三、主讲人
国家级教学名师 陈立群教授
四、研讨地点
机械工程及自动化学院南401会议室
五、承办单位
机械工程及自动化学院
六、参会人员
1、机械工程及自动化学院教师；
2、全校其他感兴趣的教师。

主讲人简介：
陈立群，上海大学力学与工程科学学院伟长学者特聘教授。长期从事一般力学类本科生课程教学并指导硕士生和博士生。曾获上海市教学成果一等奖和上海市研究生教学成果一等奖，获上海市教学名师奖和宝钢优秀教师特等奖，被表彰为“全国模范教师”和“全国先进工作者”，入选“长江学者”特聘教授和“万人计划”国家级教学名师，享受国务院政府特殊津贴。从事非线性动力学和振动控制的研究，曾受国家杰出青年科学基金和国家自然科学基金重点项目资助，被表彰为“全国优秀博士后”，获国家自然科学二等奖(第二完成人) ，近十年均入选“中国高被引学者”。兼任上海大学校学术委员会委员，力学与工程科学学院学术委员会主任委员和教学指导委员会主任委员。担任中国力学学会理性力学和力学中数学方法专业委员会主任委员、力学名词工作委员会副主任委员，中国振动工程学会非线性振动专业委员会副主任委员，《应用数学和力学(英文版)》副主编，Nonlinear Dynamics和Journal of Vibration Engineering & Technologies的Associate Editor。

福州大学教务处
2024年4月24日",0,,,,,,
001036013406,https://jwch.fzu.edu.cn/info/1036/13406.htm,关于2023-2024-02学期体育理论课安排的通知,【教学运行】,2024-04-24,"请体育课所有学生，带好体育理论教材，按指定的上课时间，任课老师，到对应的教室上课。

体育教务事宜咨询电话：13960709807

任课教师
上课时间地点
总人数
年级
备注
上课日期
上课教室
教室容量

何玮翔
01-16 星期1:3-4节 旗山游泳池
44
2022
篮球
5月27日
旗山西3-103
153

吴杰忠
01-16 星期1:3-4节 旗山游泳池
50
2022
桨板
5月27日
旗山西3-202
151

张翡娟
01-16 星期1:3-4节 旗山游泳池
52
2022
广场舞
5月27日
旗山西3-302
151

张玲
01-16 星期1:3-4节 旗山游泳池
55
2022
健美操
5月27日
旗山西3-503
151

张翡娟
01-16 星期1:5-6节 旗山游泳池
48
2022
广场舞
5月27日
旗山西3-204
151

王长琦
01-16 星期1:5-6节 旗山游泳池
53
2022
篮球
5月27日
旗山西3-302
151

吴杰忠
01-16 星期1:5-6节 旗山游泳池
54
2022
龙舟
5月27日
旗山西3-303
151

谢佳辉
01-16 星期1:5-6节 旗山游泳池
54
2022
舞龙舞狮
5月27日
旗山西3-304
151

林萌
01-16 星期1:5-6节 旗山游泳池
54
2022
足球
5月27日
旗山西3-401
153

宋永范
01-16 星期1:5-6节 旗山游泳池
55
2022
高尔夫
5月27日
旗山西3-402
151

何瑜
01-16 星期1:5-6节 旗山游泳池
55
2022
体能塑身
5月27日
旗山西3-403
151

张玲
01-16 星期1:5-6节 旗山游泳池
56
2022
健美操
5月27日
旗山西3-404
151

宋永范
01-16 星期1:7-8节 旗山游泳池
40
2022
高尔夫
5月27日
旗山西3-204
151

王长琦
01-16 星期1:7-8节 旗山游泳池
44
2022
篮球
5月27日
旗山西3-302
151

吴杰忠
01-16 星期1:7-8节 旗山游泳池
49
2022
飞盘
5月27日
旗山西3-303
151

谢佳辉
01-16 星期1:7-8节 旗山游泳池
51
2022
舞龙舞狮
5月27日
旗山西3-304
151

张玲
01-16 星期1:7-8节 旗山游泳池
54
2022
健美操
5月27日
旗山西3-401
153

李仕丰
01-16 星期2:3-4节 旗山游泳池
66
2022
保健班二年级
5月28日
旗山西1-403
122

黄衍存
01-16 星期2:3-4节 旗山游泳池
47
2022
跳绳
5月28日
旗山西1-406
136

王长琦
01-16 星期2:3-4节 旗山游泳池
49
2022
篮球
5月28日
旗山西2-105
88

官钟威
01-16 星期2:3-4节 旗山游泳池
50
2022
网球
5月28日
旗山西2-201
153

吴杰忠
01-16 星期2:3-4节 旗山游泳池
55
2022
桨板
5月28日
旗山西2-301
154

陈彤
01-16 星期2:3-4节 旗山游泳池
57
2022
乒乓球
5月28日
旗山西2-401
154

谢佳辉
01-16 星期2:3-4节 旗山游泳池
57
2022
武术
5月28日
旗山西2-404
88

吴能威
01-16 星期2:3-4节 旗山游泳池
57
2022
羽毛球
5月28日
旗山西3-101
152

李粲
01-16 星期2:3-4节 旗山游泳池
58
2022
健美操
5月28日
旗山西3-102
153

胡晟
01-16 星期2:3-4节 旗山游泳池
58
2022
乒乓球
5月28日
旗山西3-103
153

何瑜
01-16 星期2:3-4节 旗山游泳池
58
2022
体能塑身
5月28日
旗山西3-104
153

高明轩
01-16 星期2:3-4节 旗山游泳池
59
2022
足球
5月28日
旗山西3-201
153

黄巧奇
01-16 星期2:3-4节 旗山游泳池
60
2022
健身气功
5月28日
旗山西3-202
151

李粲
01-16 星期2:5-6节 旗山游泳池
23
2022
健美操
5月28日
旗山西1-101
153

黄巧奇
01-16 星期2:5-6节 旗山游泳池
45
2022
武术
5月28日
旗山西1-202
124

安嘉琦
01-16 星期2:5-6节 旗山游泳池
47
2022
篮球
5月28日
旗山西1-205
126

林松
01-16 星期2:5-6节 旗山游泳池
48
2022
排球
5月28日
旗山西1-206
136

李仕丰
01-16 星期2:5-6节 旗山游泳池
48
2022
桥牌
5月28日
旗山西1-306
119

何瑜
01-16 星期2:5-6节 旗山游泳池
48
2022
体能塑身
5月28日
旗山西1-401
153

官钟威
01-16 星期2:5-6节 旗山游泳池
48
2022
网球
5月28日
旗山西1-402
126

唐志松
01-16 星期2:5-6节 旗山游泳池
48
2022
足球
5月28日
旗山西1-403
122

何玮翔
01-16 星期2:5-6节 旗山游泳池
49
2022
篮球
5月28日
旗山西1-502
125

黄衍存
01-16 星期2:5-6节 旗山游泳池
49
2022
跳绳
5月28日
旗山西1-503
122

吴杰忠
01-16 星期2:5-6节 旗山游泳池
50
2022
龙舟
5月28日
旗山西1-505
126

赵炜锌
01-16 星期2:5-6节 旗山游泳池
51
2022
网球
5月28日
旗山西2-104
88

张玲
01-16 星期2:5-6节 旗山游泳池
52
2022
健美操
5月28日
旗山西2-106
88

胡晟
01-16 星期2:5-6节 旗山游泳池
54
2022
乒乓球
5月28日
旗山西2-201
153

黄巧奇
01-16 星期2:7-8节 旗山游泳池
37
2022
武术
5月28日
旗山西1-101
153

唐志松
01-16 星期2:7-8节 旗山游泳池
46
2022
足球
5月28日
旗山西1-202
124

张玲
01-16 星期2:7-8节 旗山游泳池
50
2022
健美操
5月28日
旗山西1-205
126

何玮翔
01-16 星期2:7-8节 旗山游泳池
52
2022
篮球
5月28日
旗山西1-206
136

林松
01-16 星期2:7-8节 旗山游泳池
52
2022
排球
5月28日
旗山西1-306
119

赵炜锌
01-16 星期2:7-8节 旗山游泳池
52
2022
网球
5月28日
旗山西1-401
153

李粲
01-16 星期2:7-8节 旗山游泳池
54
2022
广场舞
5月28日
旗山西1-402
126

何瑜
01-16 星期2:7-8节 旗山游泳池
55
2022
体能塑身
5月28日
旗山西1-403
122

黄衍存
01-16 星期3:3-4节 旗山游泳池
38
2022
跳绳
5月29日
旗山西1-101
153

林萌
01-16 星期3:3-4节 旗山游泳池
43
2022
足球
5月29日
旗山西1-102
127

官钟威
01-16 星期3:3-4节 旗山游泳池
49
2022
网球
5月29日
旗山西1-205
126

张翡娟
01-16 星期3:3-4节 旗山游泳池
51
2022
广场舞
5月29日
旗山西1-301
153

孙克双
01-16 星期3:3-4节 旗山游泳池
53
2022
羽毛球
5月29日
旗山西1-305
123

王长琦
01-16 星期3:3-4节 旗山游泳池
58
2022
篮球
5月29日
旗山西1-306
119

王然科
01-16 星期3:5-6节 旗山游泳池
32
2022
跳绳
5月29日
旗山西1-101
153

林萌
01-16 星期3:5-6节 旗山游泳池
44
2022
足球
5月29日
旗山西1-102
127

王长琦
01-16 星期3:5-6节 旗山游泳池
45
2022
篮球
5月29日
旗山西1-205
126

黄衍存
01-16 星期3:5-6节 旗山游泳池
45
2022
跳绳
5月29日
旗山西1-301
153

汪焱
01-16 星期3:5-6节 旗山游泳池
47
2022
排球
5月29日
旗山西1-305
123

李粲
01-16 星期3:5-6节 旗山游泳池
49
2022
健美操
5月29日
旗山西1-306
119

官钟威
01-16 星期3:5-6节 旗山游泳池
52
2022
网球
5月29日
旗山西1-401
153

黄巧奇
01-16 星期3:5-6节 旗山游泳池
53
2022
健身气功
5月29日
旗山西1-501
153

范新垲
01-16 星期3:5-6节 旗山游泳池
54
2022
篮球
5月29日
旗山西1-503
122

孙克双
01-16 星期3:5-6节 旗山游泳池
55
2022
羽毛球
5月29日
旗山西2-201
153

张翡娟
01-16 星期3:5-6节 旗山游泳池
57
2022
广场舞
5月29日
旗山西2-204
88

胡晟
01-16 星期3:5-6节 旗山游泳池
62
2022
乒乓球
5月29日
旗山西2-306
88

黄衍存
01-16 星期3:7-8节 旗山游泳池
29
2022
跳绳
5月29日
旗山西1-101
153

黄巧奇
01-16 星期3:7-8节 旗山游泳池
54
2022
健身气功
5月29日
旗山西1-102
127

范新垲
01-16 星期3:7-8节 旗山游泳池
54
2022
篮球
5月29日
旗山西1-205
126

章颖
01-16 星期3:7-8节 旗山游泳池
55
2022
太极拳
5月29日
旗山西1-301
153

胡晟
01-16 星期3:7-8节 旗山游泳池
56
2022
乒乓球
5月29日
旗山西1-305
123

张翡娟
01-16 星期3:7-8节 旗山游泳池
58
2022
广场舞
5月29日
旗山西1-306
119

汪焱
01-16 星期3:7-8节 旗山游泳池
58
2022
排球
5月29日
旗山西1-401
153

孙克双
01-16 星期3:7-8节 旗山游泳池
59
2022
羽毛球
5月29日
旗山西1-501
153

宋永范
01-16 星期4:3-4节 旗山游泳池
40
2022
高尔夫
5月30日
旗山西3-102
153

黄文敏
01-16 星期4:3-4节 旗山游泳池
41
2022
网球
5月30日
旗山西3-103
153

吴能威
01-16 星期4:3-4节 旗山游泳池
45
2022
羽毛球
5月30日
旗山西3-104
153

谢佳辉
01-16 星期4:5-6节 旗山游泳池
46
2022
舞龙舞狮
5月30日
旗山西3-201
153

王然科
01-16 星期4:5-6节 旗山游泳池
53
2022
跳绳
5月30日
旗山西3-202
151

黄文敏
01-16 星期4:5-6节 旗山游泳池
53
2022
网球
5月30日
旗山西3-204
151

范新垲
01-16 星期4:5-6节 旗山游泳池
54
2022
篮球
5月30日
旗山西3-301
153

宋永范
01-16 星期4:5-6节 旗山游泳池
55
2022
高尔夫
5月30日
旗山西3-302
151

林松
01-16 星期4:5-6节 旗山游泳池
55
2022
排球
5月30日
旗山西3-303
151

陈彤
01-16 星期4:5-6节 旗山游泳池
56
2022
乒乓球
5月30日
旗山西3-304
151

李仕丰
01-16 星期4:5-6节 旗山游泳池
56
2022
桥牌
5月30日
旗山西3-401
153

吴能威
01-16 星期4:5-6节 旗山游泳池
57
2022
羽毛球
5月30日
旗山西3-402
151

王然科
01-16 星期4:7-8节 旗山游泳池
42
2022
跳绳
5月30日
旗山西3-201
153

林松
01-16 星期4:7-8节 旗山游泳池
47
2022
排球
5月30日
旗山西3-202
151

黄文敏
01-16 星期4:7-8节 旗山游泳池
47
2022
网球
5月30日
旗山西3-204
151

谢佳辉
01-16 星期4:7-8节 旗山游泳池
47
2022
舞龙舞狮
5月30日
旗山西3-301
153

范新垲
01-16 星期4:7-8节 旗山游泳池
49
2022
篮球
5月30日
旗山西3-302
151

吴能威
01-16 星期4:7-8节 旗山游泳池
49
2022
羽毛球
5月30日
旗山西3-303
151

宋永范
01-16 星期4:7-8节 旗山游泳池
50
2022
高尔夫
5月30日
旗山西3-304
151

沈逸萍
01-16 星期5:5-6节 旗山游泳池
46
2022
形体塑身
5月31日
旗山西3-101
152

赵炜锌
01-16 星期5:5-6节 旗山游泳池
52
2022
网球
5月31日
旗山西3-103
153

陈彤
01-16 星期5:5-6节 旗山游泳池
59
2022
乒乓球
5月31日
旗山西3-202
151

陈彤
01-16 星期5:7-8节 旗山游泳池
42
2022
乒乓球
5月31日
旗山西3-101
152

沈逸萍
01-16 星期5:7-8节 旗山游泳池
45
2022
形体塑身
5月31日
旗山西3-103
153

吴能威
01-16 星期5:7-8节 旗山游泳池
46
2022
羽毛球
5月31日
旗山西3-202
151

李慧德
01-16 星期1:3-4节 铜盘田径场
28
2023
健康体能
5月27日
铜盘B107
88

黄丽涵
01-16 星期1:3-4节 铜盘田径场
43
2023
健康体能
5月27日
铜盘B108
88

李粲
01-16 星期1:3-4节 铜盘田径场
48
2023
健康体能
5月27日
铜盘B109
120

高明轩
01-16 星期1:5-6节 铜盘田径场
35
2023
健康体能
5月27日
铜盘B108
88

安嘉琦
01-16 星期1:5-6节 铜盘田径场
36
2023
健康体能
5月27日
铜盘B113
174

唐志松
01-16 星期1:5-6节 铜盘田径场
36
2023
健康体能
5月27日
铜盘B113
174

黄丽涵
01-16 星期1:5-6节 铜盘田径场
38
2023
健康体能
5月27日
铜盘B408
93

龚海
01-16 星期1:5-6节 铜盘田径场
39
2023
健康体能
5月27日
铜盘B505
117

胡晟
01-16 星期1:5-6节 铜盘田径场
39
2023
健康体能
5月27日
铜盘B507
93

王朝阳
01-16 星期1:5-6节 铜盘田径场
40
2023
健康体能
5月27日
铜盘B508
93

李慧德
01-16 星期1:5-6节 铜盘田径场
42
2023
健康体能
5月27日
铜盘B605
114

何玮翔
01-16 星期1:5-6节 铜盘田径场
44
2023
健康体能
5月27日
铜盘B606
93

李粲
01-16 星期1:5-6节 铜盘田径场
53
2023
健康体能
5月27日
铜盘B607
93

王朝阳
01-16 星期1:7-8节 铜盘田径场
39
2023
健康体能
5月27日
铜盘B108
88

胡晟
01-16 星期1:7-8节 铜盘田径场
41
2023
健康体能
5月27日
铜盘B113
174

龚海
01-16 星期1:7-8节 铜盘田径场
43
2023
健康体能
5月27日
铜盘B204
88

黄丽涵
01-16 星期1:7-8节 铜盘田径场
44
2023
健康体能
5月27日
铜盘B408
93

安嘉琦
01-16 星期1:7-8节 铜盘田径场
46
2023
健康体能
5月27日
铜盘B505
117

唐志松
01-16 星期1:7-8节 铜盘田径场
51
2023
健康体能
5月27日
铜盘B505
117

高明轩
01-16 星期1:7-8节 铜盘田径场
47
2023
健康体能
5月27日
铜盘B507
93

李粲
01-16 星期1:7-8节 铜盘田径场
49
2023
健康体能
5月27日
铜盘B508
93

何玮翔
01-16 星期1:7-8节 铜盘田径场
52
2023
健康体能
5月27日
铜盘B606
93

李慧德
01-16 星期2:3-4节 旗山风雨操场
43
2023
健康体能
5月28日
旗山西1-105
128

龚海
01-16 星期2:3-4节 旗山风雨操场
45
2023
健康体能
5月28日
旗山西1-106
126

林萌
01-16 星期2:3-4节 旗山风雨操场
47
2023
健康体能
5月28日
旗山西1-201
153

黄文敏
01-16 星期2:3-4节 旗山风雨操场
48
2023
健康体能
5月28日
旗山西1-203
138

范新垲
01-16 星期2:3-4节 旗山风雨操场
51
2023
健康体能
5月28日
旗山西1-204
40

何玮翔
01-16 星期2:3-4节 旗山风雨操场
52
2023
健康体能
5月28日
旗山西1-206
136

赵炜锌
01-16 星期2:3-4节 旗山风雨操场
56
2023
健康体能
5月28日
旗山西1-401
153

沈逸萍
01-16 星期2:5-6节 铜盘田径场
41
2023
健康体能
5月28日
铜盘A109
120

龚海
01-16 星期2:5-6节 铜盘田径场
42
2023
健康体能
5月28日
铜盘A110
120

王朝阳
01-16 星期2:5-6节 铜盘田径场
43
2023
健康体能
5月28日
铜盘A201
120

王然科
01-16 星期2:5-6节 铜盘田径场
44
2023
健康体能
5月28日
铜盘A212
60

黄丽涵
01-16 星期2:5-6节 铜盘田径场
45
2023
健康体能
5月28日
铜盘A213
60

孙克双
01-16 星期2:5-6节 铜盘田径场
45
2023
健康体能
5月28日
铜盘A315
60

高明轩
01-16 星期2:5-6节 铜盘田径场
47
2023
健康体能
5月28日
铜盘A316
60

宋永范
01-16 星期2:5-6节 铜盘田径场
47
2023
健康体能
5月28日
铜盘A317
60

陈彤
01-16 星期2:5-6节 铜盘田径场
48
2023
健康体能
5月28日
铜盘A409
120

黄文敏
01-16 星期2:5-6节 铜盘田径场
48
2023
健康体能
5月28日
铜盘A411
68

王长琦
01-16 星期2:5-6节 铜盘田径场
49
2023
健康体能
5月28日
铜盘A412
60

张翡娟
01-16 星期2:5-6节 铜盘田径场
50
2023
健康体能
5月28日
铜盘A413
60

范新垲
01-16 星期2:5-6节 铜盘田径场
51
2023
健康体能
5月28日
铜盘A414
60

谢佳辉
01-16 星期2:5-6节 铜盘田径场
55
2023
健康体能
5月28日
铜盘A415
60

王然科
01-16 星期2:7-8节 铜盘田径场
42
2023
健康体能
5月28日
铜盘A109
120

宋永范
01-16 星期2:7-8节 铜盘田径场
43
2023
健康体能
5月28日
铜盘A110
120

陈彤
01-16 星期2:7-8节 铜盘田径场
44
2023
健康体能
5月28日
铜盘A201
120

龚海
01-16 星期2:7-8节 铜盘田径场
44
2023
健康体能
5月28日
铜盘A212
60

高明轩
01-16 星期2:7-8节 铜盘田径场
46
2023
健康体能
5月28日
铜盘A213
60

孙克双
01-16 星期2:7-8节 铜盘田径场
47
2023
健康体能
5月28日
铜盘A315
60

谢佳辉
01-16 星期2:7-8节 铜盘田径场
49
2023
健康体能
5月28日
铜盘A316
60

王长琦
01-16 星期2:7-8节 铜盘田径场
50
2023
健康体能
5月28日
铜盘A317
60

范新垲
01-16 星期2:7-8节 铜盘田径场
51
2023
健康体能
5月28日
铜盘A409
120

沈逸萍
01-16 星期2:7-8节 铜盘田径场
53
2023
健康体能
5月28日
铜盘A411
68

王朝阳
01-16 星期2:7-8节 铜盘田径场
53
2023
健康体能
5月28日
铜盘A412
60

黄文敏
01-16 星期2:7-8节 铜盘田径场
54
2023
健康体能
5月28日
铜盘A413
60

黄丽涵
01-16 星期2:7-8节 铜盘田径场
56
2023
健康体能
5月28日
铜盘A414
60

张翡娟
01-16 星期2:7-8节 铜盘田径场
57
2023
健康体能
5月28日
铜盘A415
60

李慧德
01-16 星期3:3-4节 铜盘田径场
39
2023
健康体能
5月29日
铜盘B105
88

黄文敏
01-16 星期3:3-4节 铜盘田径场
43
2023
健康体能
5月29日
铜盘B107
88

龚海
01-16 星期3:3-4节 铜盘田径场
53
2023
健康体能
5月29日
铜盘B203
88

李仕丰
01-16 星期3:3-4节 铜盘田径场
71
2023
保健班一年级13950305835
5月29日
铜盘B207
120

黄文敏
01-16 星期3:5-6节 铜盘田径场
45
2023
健康体能
5月29日
铜盘B108
88

黄丽涵
01-16 星期3:5-6节 铜盘田径场
52
2023
健康体能
5月29日
铜盘B110
120

吴杰忠
01-16 星期3:5-6节 铜盘田径场
53
2023
健康体能
5月29日
铜盘B111
208

龚海
01-16 星期3:5-6节 铜盘田径场
56
2023
健康体能
5月29日
铜盘B112
208

何瑜
01-16 星期3:5-6节 铜盘田径场
56
2023
健康体能
5月29日
铜盘B207
120

李慧德
01-16 星期3:5-6节 铜盘田径场
56
2023
健康体能
5月29日
铜盘B208
120

李仕丰
01-16 星期3:5-6节 铜盘田径场
56
2023
健康体能
5月29日
铜盘B306
120

吴能威
01-16 星期3:5-6节 铜盘田径场
56
2023
健康体能
5月29日
铜盘B311
120

卞兰
01-16 星期3:5-6节 铜盘田径场
59
2023
健康体能
5月29日
铜盘B312
120

张玲
01-16 星期3:5-6节 铜盘田径场
60
2023
健康体能
5月29日
铜盘B314
208

卞兰
01-16 星期3:7-8节 铜盘田径场
31
2023
健康体能
5月29日
铜盘B108
88

吴杰忠
01-16 星期3:7-8节 铜盘田径场
34
2023
健康体能
5月29日
铜盘B110
120

龚海
01-16 星期3:7-8节 铜盘田径场
36
2023
健康体能
5月29日
铜盘B111
208

黄文敏
01-16 星期3:7-8节 铜盘田径场
39
2023
健康体能
5月29日
铜盘B112
208

黄丽涵
01-16 星期3:7-8节 铜盘田径场
40
2023
健康体能
5月29日
铜盘B207
120

吴能威
01-16 星期3:7-8节 铜盘田径场
41
2023
健康体能
5月29日
铜盘B208
120

张玲
01-16 星期3:7-8节 铜盘田径场
42
2023
健康体能
5月29日
铜盘B306
120

何瑜
01-16 星期3:7-8节 铜盘田径场
43
2023
健康体能
5月29日
铜盘B311
120

李仕丰
01-16 星期3:7-8节 铜盘田径场
44
2023
健康体能
5月29日
铜盘B312
120

李慧德
01-16 星期4:3-4节 铜盘田径场
32
2023
健康体能
5月30日
铜盘B105
88

官钟威
01-16 星期4:3-4节 铜盘田径场
35
2023
健康体能
5月30日
铜盘B106
88

林萌
01-16 星期4:3-4节 铜盘田径场
41
2023
健康体能
5月30日
铜盘B107
88

安嘉琦
01-16 星期4:3-4节 铜盘田径场
45
2023
健康体能
5月30日
铜盘B108
88

沈逸萍
01-16 星期4:3-4节 铜盘田径场
53
2023
健康体能
5月30日
铜盘B110
120

赵炜锌
01-16 星期4:5-6节 铜盘田径场
35
2023
健康体能
5月30日
铜盘B105
88

王朝阳
01-16 星期4:5-6节 铜盘田径场
40
2023
健康体能
5月30日
铜盘B106
88

卞兰
01-16 星期4:5-6节 铜盘田径场
51
2023
健康体能
5月30日
铜盘B108
88

官钟威
01-16 星期4:5-6节 铜盘田径场
56
2023
健康体能
5月30日
铜盘B204
88

李慧德
01-16 星期4:5-6节 铜盘田径场
56
2023
健康体能
5月30日
铜盘B205
93

林萌
01-16 星期4:5-6节 铜盘田径场
56
2023
健康体能
5月30日
铜盘B313
208

黄巧奇
01-16 星期4:5-6节 铜盘田径场
57
2023
健康体能
5月30日
铜盘B314
208

黄衍存
01-16 星期4:5-6节 铜盘田径场
57
2023
健康体能
5月30日
铜盘B408
93

沈逸萍
01-16 星期4:5-6节 铜盘田径场
58
2023
健康体能
5月30日
铜盘B505
117

安嘉琦
01-16 星期4:5-6节 铜盘田径场
60
2023
健康体能
5月30日
铜盘B507
93

卞兰
01-16 星期4:7-8节 铜盘田径场
42
2023
健康体能
5月30日
铜盘B105
88

安嘉琦
01-16 星期4:7-8节 铜盘田径场
49
2023
健康体能
5月30日
铜盘B106
88

黄巧奇
01-16 星期4:7-8节 铜盘田径场
49
2023
健康体能
5月30日
铜盘B108
88

王朝阳
01-16 星期4:7-8节 铜盘田径场
51
2023
健康体能
5月30日
铜盘B204
88

赵炜锌
01-16 星期4:7-8节 铜盘田径场
52
2023
健康体能
5月30日
铜盘B205
93

黄衍存
01-16 星期4:7-8节 铜盘田径场
53
2023
健康体能
5月30日
铜盘B313
208

沈逸萍
01-16 星期4:7-8节 铜盘田径场
54
2023
健康体能
5月30日
铜盘B314
208

章颖
01-16 星期5:3-4节 铜盘田径场
28
2023
健康体能
5月31日
铜盘B107
88

卞兰
01-16 星期5:3-4节 铜盘田径场
58
2023
健康体能
5月31日
铜盘B109
120

林松
01-16 星期5:3-4节 铜盘田径场
58
2023
健康体能
5月31日
铜盘B203
88

章颖
01-16 星期5:5-6节 铜盘田径场
44
2023
健康体能
5月31日
铜盘B107
88

卞兰
01-16 星期5:5-6节 铜盘田径场
59
2023
健康体能
5月31日
铜盘B109
120

林松
01-16 星期5:5-6节 铜盘田径场
60
2023
健康体能
5月31日
铜盘B203
88

章颖
01-16 星期5:7-8节 铜盘田径场
49
2023
健康体能
5月31日
铜盘B107
88

卞兰
01-16 星期5:7-8节 铜盘田径场
55
2023
健康体能
5月31日
铜盘B109
120

林松
01-16 星期5:7-8节 铜盘田径场
59
2023
健康体能
5月31日
铜盘B203
88",0,,,,,,
001039013405,https://jwch.fzu.edu.cn/info/1039/13405.htm,关于举办2024年福州大学第二十四届数学竞赛的通知,【实践科】,2024-04-23,"各学院：
为了培养人才、服务教学、促进福州大学数学课程的改革和建设，提高大学生学习数学的兴趣，培养学生分析、解决问题的能力，发现和选拔数学创新人才，为青年学子提供一个展示基础知识和思维能力的舞台，进一步激发学生学习数学的积极性，推动课程学习与课后实践紧密结合，同时挖掘数学人才代表学校参加第十六届全国大学生数学竞赛福建赛区选拔赛和全国总决赛，学校决定于2024年6月2日举办福州大学第二十四届数学竞赛，现将竞赛的相关事宜通知如下：
一、竞赛题型及内容
1.竞赛题型：选择题、填空题、计算题、判别题、证明题、应用题（竞赛组委会可根据需要选取其中的某些题型）。
2.竞赛内容：
（1）数学专业组：数学分析+高等代数+解析几何。
（2）非数学专业A组：高等数学。
（3）非数学专业B组：经济数学——微积分。
参赛者无须预先掌握深入的专门知识，只要学过数学基础课程即可参赛。重点在于考查参赛者的基本能力、创造力和实际应用能力。竞赛大纲详见附件3。
二、竞赛事宜
1.竞赛形式：采取集中闭卷考试方式（满分100分），竞赛组委会将提前发给参赛者准考证。考生入场竞赛时，应出示有效证件（学生证或身份证）。
2.竞赛时间：2024年6月2日上午9：00—11：00。
3.竞赛地点：福州大学旗山校区，铜盘校区，晋江校区。
4.竞赛对象：全日制本科生。
5.竞赛组别：数学专业组、非数学专业A组、非数学专业B组。
(1)数学专业组专业：应用数学专业、信息与计算科学专业、数理综合班、数理金融实验班；
(2)非数学专业A组学院（专业）：电气工程与自动化学院，机械工程及自动化学院，计算机与大数据学院，化学学院，化工学院，土木工程学院，环境与安全工程学院，紫金地质与矿业学院，材料科学与工程学院，物理与信息工程学院，生物科学与工程学院，经济与管理学院（电子商务、工业工程、信息管理与信息系统专业），梅努斯国际工程学院，先进制造学院与海洋学院（电子信息、生物工程等专业）；
(3)非数学专业B组学院（专业）：数学与统计学院经济统计学专业，经济与管理学院有关文科专业，建筑学院，法学院，人文社会科学学院，先进制造学院与海洋学院物流管理专业。
6.竞赛纪律：为保证竞赛的规范性和公正性，参赛者必须在120分钟内独立完成试卷，凡有违反考试规则行为，一经发现，取消参赛资格，所交答卷无效，并上报教务处，按照学生手册相关的考场纪律规定进行处罚。

三、组织形式
1.主办单位：福州大学教务处
2.协办单位：福州大学学生工作部（处）、校团委
3.承办单位：数学与统计学院、数学公共基础课教学研究中心
4.竞赛组委会：主持竞赛、负责报名、拟定赛题、评卷、评奖等。
5.各学院：负责做好竞赛的发动、组织、报名和协调等工作。
四、评选方法
1.按照数学专业组、非数学专业A组和非数学专业B组分别评奖，获奖总名额不超过总参赛人数的15%，其中一等奖、二等奖、三等奖分别占总获奖人数的20%、30%、50%，颁发获奖证书。
2.根据福州大学第二十四届数学竞赛组委会的有关规定，凡获奖的同学均可推荐参加第十五届全国大学生数学竞赛的预赛。
五、命题、阅卷、评奖工作
竞赛试题由竞赛组委会统一组织专家命题、阅卷。
竞赛的试卷印刷、保密、评奖工作，由数学与统计学院数学公共基础课教学研究中心统一安排。
六、报名方式
1.报名时间：自发文之日起至2024年5月28日截止。
2.报名方式：
（1）登录报名网址：https://www.saikr.com/vse/50056；
（2）注册账号；
（3）填写报名信息并确认报名；
（4）若之前就注册过账号，可直接使用原账号登录进行报名；
（5）报名成功后请加入各组的QQ群：数学A类（690096995）、非数学B类（756164289）
非数学A类1群（780037843）、非数学A类2群（830151309）
（6）各参赛者请于2024年5月31号后到赛氪网的公告查看考场安排，也可在QQ群中查看。
3.注意事项：
（1）报名参赛者如无特殊原因，必须参加比赛，否则将由学校给予通报；
（2）报名时，应详细填写报名表（附后）：学号、姓名、性别、身份证号、学院、专业、年级、电话等；
（3）报名费用：无。
4.咨询电话：周老师(13788891911)，曾老师（13599033946）。

附件1：福州大学第二十四届数学竞赛组织委员会成员名单
附件2：福州大学第二十四届数学竞赛执行小组成员名单
附件3：福州大学第二十四届数学竞赛大纲

福州大学教务处
2024年4月23日

附件1：
福州大学第二十四届数学竞赛组委会成员名单

主任：于岩
委员：夏岩、鲍星华、刘勇进、程航、沈庆斌、王晶海、刘月、权斌、周勇、曾勋勋

附件2：
福州大学第二十四届数学竞赛执行小组成员名单
 组长：周勇
   成员：曾勋勋、周燕、王平
   办公室：数学公共基础课教学研究中心
   电话：13788891911",1,0017449848580014602578,附件3：福州大学第二十四届数学竞赛大纲.pdf,2876,https://jwch.fzu.edu.cn/system/_content/download.jsp?urltype=news.DownloadAttachUrl&owner=1744984858&wbfileid=14602578,14602578,1744984858
001039013403,https://jwch.fzu.edu.cn/info/1039/13403.htm,福州大学关于公布第八届网络信息安全竞赛获奖名单的通知,【实践科】,2024-04-22,"校教〔2024〕10号
各学院：
我校计算机与大数据学院承办的福州大学第八届网络信息安全竞赛于2024年4月6日-4月7日顺利举行，现已圆满结束。共有计算机与大数据学院、环境与安全工程学院、先进制造学院(海洋学院)、数学与统计学院、物理与信息工程学院、梅努斯国际工程学院等68名学生报名参赛，采用国际CTF竞赛流行的Jeopardy解题，在线提交Flag即时打分模式，经过专家评审，评出一等奖1项，二等奖2项，三等奖3项。现将获奖名单公布如下：

获奖等级
学院
姓名

一等奖
计算机与大数据学院
胡杨树

计算机与大数据学院
郑智荣

计算机与大数据学院
黄孙宏

二等奖
计算机与大数据学院
黄建伟

计算机与大数据学院
杨兴

计算机与大数据学院
吴越敏

二等奖
计算机与大数据学院
彭强

计算机与大数据学院
黄子康

计算机与大数据学院
张彦斌

三等奖
计算机与大数据学院
潘毅

计算机与大数据学院
郑恩琦

环境与安全工程学院
罗铮

三等奖
计算机与大数据学院
何浩民

计算机与大数据学院
宋毓滢

计算机与大数据学院
陆世宇

三等奖
计算机与大数据学院
陈浩宁

计算机与大数据学院
陈振扬

计算机与大数据学院
谢泽彬

福州大学教务处
2024年4月22日",0,,,,,,
001039013397,https://jwch.fzu.edu.cn/info/1039/13397.htm,关于举办福州大学第六届大学生机器人竞赛的通知,【实践科】,2024-04-19,"各学院：
为提升大学生动手能力、创新能力和团队协作能力，提高我校大学生机器人参赛队伍竞争力，选拔竞赛成绩优异的队员参加集训，给全校学生提供一个科技交流学习的平台。经研究，决定举办福州大学第六届大学生机器人竞赛，现将有关事项通知如下。
  一、竞赛内容
本次竞赛分为《搬运机器人》与《创意机器人》两项比赛。
  二、竞赛时间和地点
时间：2024年6月1日
地点：福州大学机电工程实践中心创新实践基地（原三千创客楼）
  三、竞赛规则
《搬运机器人》规则详见附件二；《创意机器人》没有限定具体的比赛规则，由参赛选手自行发挥想象空间动手制作一个与电控有关的机器人，最终由评委对其创意、技术难度、现场演示等因素进行打分。
（一）参赛对象：全日制本科学生。参赛者必须以小组形式参赛，每组不得超过4人，建议不同学院组队，可聘请指导老师1名。
（二）参赛单位：学生自行组队，以小组为参赛单位。
（三）比赛申报：参赛队伍在指定时间内上交报名表格，之后按照规定规则完成参赛作品。参赛作品必须是学生自主完成设计的作品。参赛学生必须在比赛之前完成设计，准时上交作品完成规定动作，未按时上交者作自动放弃处理。
（四）现场演示：参赛小组按照工作人员的现场引导，在规定的场地内完成指定动作，指定任务。
（五）作品评审：专家委员会根据参赛作品指标的完成度，对作品进行初审和终审，并提出获奖名单。
四、竞赛报名
学生组队后确立一名队长，以小组为单位并由队长向机器人爱好者协会报名
报名时间：2024年4月19日起至2024年5月18日。
报名地点：将报名表电子版（见附件三）发送到Email：fzu_robot2024@163.com
 报名负责人：庄梓祺：18959781503 张木玫：18850610572
  竞赛官方QQ群：1140012091（参赛队员必须加入）最新规则等重要资料请加群后共享获取。
五、竞赛奖励
1.竞赛将分别评选出一等奖、二等奖、三等奖各若干项，获奖比例由竞赛组委会根据参赛的作品数来确定，并颁发证书。获得《搬运机器人》一等奖作品将有机会获得参加中国机器人大赛暨RoboCup公开赛、全国大学生工程实践与创新能力大赛参赛资格。
2.获得二等奖以上的同学可根据学校有关规定申请学分认定。
六、举办单位
主办单位：福州大学教务处
承办单位：福州大学机电工程实践中心
协办单位：福州大学机器人爱好者协会

                          福州大学教务处
                          2024年4月19日

附件1：
福州大学第六届大学生机器人竞赛组委会成员名单
主 任：于岩
委 员：向红亮 夏岩 陈钢 唐艳枫 林建忠 黄捷
     林华 张丽娇 蔡建国 姜明 高增法 林宝全
秘 书：林 华（兼）
技术指导处：福州大学机电工程实践中心创新实践基地（原三千创客楼）",1,0017449848580014601554,附件.zip,770,https://jwch.fzu.edu.cn/system/_content/download.jsp?urltype=news.DownloadAttachUrl&owner=1744984858&wbfileid=14601554,14601554,1744984858
001039013396,https://jwch.fzu.edu.cn/info/1039/13396.htm,关于举办福州大学第十八届数学建模竞赛的通知,【实践科】,2024-04-19,"各学院：
全国大学生数学建模竞赛是全国高校规模最大的基础性学科竞赛之一，是一项受到普遍重视的全国大学生课外科技活动，也是我校师生重点关注的学科竞赛。数学建模竞赛能够培养学生创新精神、实践能力和协作能力，提高学生解决实际问题的综合能力，同时推动我校大学数学教学体系、教学内容和教学方法的改革。为了做好我校2024年“高教社杯”全国大学生数学建模竞赛组织和选拔工作，特举办福州大学第十八届数学建模竞赛，现将有关事项通知如下。
一、参赛条件与报名方式
1.参赛条件
（1）资格：我校在读全日制本科生均可报名，专业不限；
（2）组队：竞赛以队为单位，每队3名学生，自由组队（鼓励跨学院、跨专业组队），每队设队长一名；
2.报名方式：每队由队长负责报名
（1）登录报名网址：https://www.saikr.com/vse/2024MCIM
（2）报名操作流程：本次校赛报名使用网上报名系统，每三人组成一个参赛队，以队为单位在报名网站上报名，每人只能参加一个队，不能重复报名。每队三名队员均需注册赛氪系统账号，由队长首先报名，创建队伍，队员再加入队长创建的队伍中。
3.完成报名后，请各支队伍的队长加入2024年福大校赛建模群：718482268；
4.校内报名截止时间：2024年5月19日17:00时；
5.报名费用：无；
6.咨询电话：周老师（13788891911），吕老师（18050401478）；
二、组织形式
1.主办单位：教务处
2.协办单位：学生工作部（处）
3.承办单位：数学与统计学院
4.各学院：负责做好竞赛的发动、组织和协调等工作
5.执行团队：数学与统计学院数学建模指导团队、福州大学数学建模协会
三、竞赛事宜
1.竞赛形式：全校统一竞赛题目，采取通讯竞赛方式，以相对集中的形式进行。
2.竞赛时间：2024年5月24日8:00至5月27日8:00（3天，72小时）。
3.竞赛题目：源于电气工程、近代数学、经济管理等相关领域、经适当加工、简化、提炼的实际问题。
4.竞赛规则：竞赛期间参赛队员可以使用各种图书资料、计算机和软件，在国际互联网上浏览查找所需学习资料，但不得与队外任何人（包括教师）讨论。
5.竞赛过程：参赛队在规定时间内完成答卷（每队3人共同完成（上交）一份答卷），并准时交卷。答卷以论文形式提交，论文中需写清楚整个建模思路、过程及其结果。
6.竞赛纪律：参赛队所在学院应责成有关职能部门负责竞赛的组织和纪律监督工作，保证本竞赛的规范性和公正性。对违反竞赛规则的参赛队，一经发现，取消参赛资格，所交答卷无效，并进行通报。
四、竞赛奖励
承办单位将根据各队伍的参赛成绩评选出校内一等奖、二等奖、三等奖各若干队，并颁发相应证书。
五、特别提醒
本次竞赛是我校组建2024年“高教社杯”全国大学生数学建模竞赛集训队的选拔赛，是参加国赛的基本条件，请有意参加今年国赛的学生积极报名参赛。
附件：1.福州大学第十八届数学建模竞赛组委会成员名单
 2.福州大学第十八届数学建模竞赛执行小组成员名单

福州大学教务处
2024年4月19日

附件1
福州大学第十八届数学建模竞赛组委会成员名单

主  任：于岩
委  员：夏岩、鲍星华、刘勇进、程航、沈庆斌、梁飞豹、吕书龙、周勇
秘 书：权斌
秘书处：福州大学数学建模协会 数学与统计学院团委
附件2
福州大学第十八届数学建模竞赛执行小组成员名单
组  长：梁飞豹
成  员：吕书龙、权 斌、周 勇
办公室：数学与统计学院4号楼-109",0,,,,,,
001039013391,https://jwch.fzu.edu.cn/info/1039/13391.htm,关于举办福州大学第二十一届程序设计竞赛暨校ACM/ICPC集训队选拔赛的通知,【实践科】,2024-04-17,"各学院：
为了展示和提高大学生的编程技能与应用计算机水平，经研究决定举办福州大学第二十一届程序设计竞赛暨校ACM/ICPC集训队选拔赛，现将有关事项通知如下：
一、竞赛目的
拓展学生知识面，丰富校园学术气氛，培养大学生的创新思维和实践动手能力，提高我校大学生应用计算机分析和解决实际问题的能力，选拔竞赛成绩优异的队员参加集训，为参加ACM/ICPC亚洲区选拔赛、中国大学生程序设计竞赛、中国高校计算机大赛（China Collegiate Computing Contest，简称 C4）、全国Java程序设计大赛、福建省大学生程序设计竞赛等相关比赛做准备。
二、竞赛事项
1.竞赛时间：2024年4月27日18:00-22:00
2.竞赛地点：福州大学铜盘机房、旗山东一机房（具体地点另行通知）
3.竞赛规则：
本次竞赛为个人赛；
竞赛题目10题，比赛时间为4个小时；
参赛人员可以使用书籍、手册、程序清单等纸质资料，但不得使用手机、计算器等其他与比赛无关的电子设备，不得访问其他与比赛无关的网站。
程序设计语言：C/C++，Java，Python；
参赛选手的源代码采用在线评测的方式进行现场评测，每道题目会有若干个测试点，通过测试点将得到相应的分数。
比赛全程将在OMS监考系统上进行，赛后会进行代码查重，请诚信比赛。
三、竞赛奖励
1.竞赛将评出专业组及非专业组个人一等奖、二等奖及三等奖各若干名（具体名额根据实际参赛情况来定），并颁发证书。
2.获得个人二等奖以上的学生可根据学校有关规定申请学分认定。同时根据个人意愿，成绩优秀的同学可以入选ACM/ICPC集训队，学校将对其进行强化训练，为参加亚洲区预选赛等比赛做准备。
四、举办单位
1.主办单位：福州大学教务处
2.协办单位：福州大学学生工作部（处）、福州大学团委
3.承办单位：福州大学计算机与大数据学院
五、竞赛报名
1.报名时间：从发文之日起至2024年4月22日
2.报名条件：各学院三年级以下本科生均可参加
3.报名方式：
请填写报名信息收集表： https://docs.qq.com/form/page/DS3NnWVRBbXJBanFa
4.报名费用：无。
七、其它注意事项
赛事答疑群：921871082，有关赛事详细信息将在群内及时通知。

附件：福州大学第二十一届程序设计竞赛组委会名单

附件：
福州大学第二十一届程序设计竞赛组委会名单
主  任：于岩
委  员：夏岩、叶阁泽、傅茂松、陈羽中、傅仰耿
秘  书：王涛",0,,,,,,
001040013390,https://jwch.fzu.edu.cn/info/1040/13390.htm,关于举办福州大学第四十九场“教学有道”研讨活动的通知,【质量办】,2024-04-17,"各学院、有关单位：
为深入贯彻以学生中心、产出导向、持续改进工程教育理念，强化教师对专业认证核心要素的认识与理解，进一步提升人才培养质量和专业建设水平。经研究，学校决定举办第四十九场“教学有道”专题研讨活动，具体安排如下：
一、研讨主题
工程教育认证自评报告撰写要点
二、研讨时间
2024年4月18日（周四）15:00
三、主讲人
国家级教学名师 赵莉萍教授
四、研讨地点
材料实验楼404会议室
五、承办单位
材料科学与工程学院
六、参会人员
1、材料科学与工程学院教师；
2、全校其他感兴趣的教师。

 主讲人简介：
赵莉萍，二级教授，国家级教学名师、内蒙古自治区突出贡献专家、宝钢优秀教师奖、包头市“五一”劳动奖章获得者，教育部工程教育专业认证骨干专家、全国高校教师教学创新大赛评审专家、教育部产学合作协同育人项目评审专家。
现任内蒙古科技大学OBE理念研究与实践中心常务副主任，兼任中国热处理学会理事、内蒙古热处理学会副理事长、内蒙古焊接学会理事、内蒙古核学会理事。主要从事高等学校材料类本科专业建设、课程建设及先进金属结构材料相变及性能调控研究。
主持完成了教育部工程教育专业认证、教育部产学合作协同育人项目、中国高等教育学会教育科学研究规划课题、自治区教育科学项目及校级教育研究项目10余项。作为主持人获自治区教学成果一等奖2项，作为第二完成人获自治区教学成果二等奖1项，作为第三完成人获原冶金部教学成果三等奖1项。主讲的《金属材料学》课程评为国家级线下“一流”课程，《材料与生活》课程评为自治区首批线上“一流”课程，发表教学研究论文20余篇。作为专业负责人，带领内蒙古科技大学金属材料工程专业率先通过工程教育专业认证，并成为国家级“一流专业”建设点。
先后完成国防科工委、内蒙古自治区创新引导项目、内蒙古自然科学基金、等科研项目20余项，发表科研学术论文100余篇。在钢铁材料的相变、质量控制、稀土在不锈钢中的作用以及镁合金的晶粒细化等方面开展了一定的研究。

福州大学教务处
2024年4月17日",0,,,,,,
001035013378,https://jwch.fzu.edu.cn/content.jsp?urltype=news.NewsContentUrl&wbtreeid=1035&wbnewsid=13378,关于第61届中国高等教育博览会的参会指南,【综合科】,2024-04-12,"各学院，机关各部门、各单位：
  第61届中国高等教育博览会的具体安排如下。特别提醒：私家车停车费自付。现场停车位有限，为避免交通拥堵，建议乘坐公共交通工具前往。

教务处
2024年4月12日

第61届中国高等教育博览会的参会指南
1. 已在专用报名系统内注册成功，且选择上午参观的观众，组委会提供免费午餐，凭当日餐券在指定区域用餐，地点见餐券背面。
2. 我校参展老师参观证和餐券将在乘坐大巴时发放，自行前往和至诚坐车的老师可联系每日教务处联系人领取。
3. 学校大巴上车地点：
①旗山校区东门口或②至诚学院子兴楼前；
因交通拥堵，建议乘坐公共交通工具前往。
4. 旗山校区东门口发车时间及联系人

日期
教务处联系人
联系电话
上午发车/返程时间
下午发车/返程时间

4月15日
林益港
18229905579
7:30-12:30
12:40-17:00

4月16日
王利伟
15280102151
8:10-12:30
12:40-17:00

4月17日
吴蓉蓉
15059666389
8:10-12:30

备注：已报名在至诚学院乘坐大巴的老师，请联系至诚学院潘老师，电话13950311312。
5. 展期（4 月 15-17 日）如有已注册报名未收到参观证的教师，可本人前往 9 号馆省内报到处补打代表证（具体位置见下图（1））。
6. 各院校大巴车统一停放在浦下洲路西侧停车场（具体位置见下图），步行至 9 号馆 “高校专区”进场。参观结束后原路返回停车场乘车。
7. 自驾前往导航地点及车辆停放：
8:30 之前，导航至月星家居建材馆地下停车场-出入口 ，可停至 9 号馆、 10 号馆地下停车场 ，及聚春园、金源停车场；
8:30 之后：展馆 P1、 P2、 P3、 P4 停车场（具体位置见下图（2））
注：私家车停车费自付。现场停车位有限，为避免交通拥堵 ，建议乘坐公共交通工具前往
 地铁四号线（会展中心站 C出口）下车 ，步行至福州海峡国际会展中心
 地铁六号线 (潘墩站)下车 ，步行至福州海峡国际会展中心
 公交 186（快线） 188、307、353 路到海峡国际会展中心东站
 公交 2、 136、 175 路到海峡国际会展中心西站
 公交 57、67、 177 路到海峡国际会展中心（潘墩）站

（1）

（2）",0,,,,,,
001038013379,https://jwch.fzu.edu.cn/info/1038/13379.htm,关于召开2024版本科人才培养方案修订工作专题会议的通知,【计划科】,2024-04-11,"各学院及相关教学单位：
为做好2024版本科人才培养方案修订工作，拟于4月12日（本周五）下午2点30分，在旗山校区东3-100教室召开专题会议，请各学院教学院长，系主任、专业负责人、教学干事务必届时参加。会议十分重要，请务必通知所有应参会人员按时参会。
福州大学教务处
2024年4月11日",0,,,,,,
001039013375,https://jwch.fzu.edu.cn/info/1039/13375.htm,关于对2024届本科毕业设计（论文）进行查重检测的通知,【实践科】,2024-04-10,"各学院：
为进一步加强学术道德和学术诚信教育，推进建立良好学术风气，杜绝抄袭、剽窃等学术不端行为，加强对毕业设计（论文）的过程管理，学校研究决定应用“维普论文检测系统”对2024届本科生毕业设计（论文）进行答辩前定稿和答辩后终稿进行查重检测，现将具体事宜通知如下:
一、检测对象
2024届毕业的所有本科生毕业设计（论文）均需分别进行答辩前定稿和答辩后终稿查重检测。
二、检测标准
学生毕业设计（论文）的比对对象为维普论文检测系统默认比对库和本届毕业所有学生的毕业设计（论文）。
学校规定本科毕业设计（论文）检测重复率应低于20%（含20%）。各学院可根据学科特点及毕业设计（论文）工作要求，制定更严格的重复率并事先告知学生。学生本科毕业设计（论文）必须符合学院的重复率要求方可参加答辩。
三、检测方法
1.答辨前定稿检测
学生须于答辩前在毕业设计（论文）模块中上传本人毕业设计（论文）答辩前定稿（文档格式：PDF）），定稿格式统一命名为“学号_姓名_毕业设计（论文）题目”。学生提交答辩前定稿后，指导老师须在系统上查看审核，审核通过后的答辩前定稿，系统将自动进行检测，检测完成后学生和指导教师即可查询毕业设计（论文）检测结果。重复率符合要求的，即通过查重检测并结束答辩前定稿查重工作。
答辩前定稿最多有2次检测机会，具体检测时间由各学院确定。答辨前定稿检测第一次查重未通过的学生，应对其毕业设计（论文）进行修改，并进行第二次查重，重复率符合要求的，即通过查重检测并结束查重工作。第二次还未通过者须经修改一个月后可提出第三次查重申请，经学院、教务处相关领导审批同意后给予第三次查重，第三次查重重复率符合要求的方能列入参加下一批次答辨，超过当年最后批次毕业审核未申请第三次查重和第三次查重仍不合格的毕业设计（论文）作不及格处理。
重复率不符合要求的，无法通过定稿查重检测，学生不能参加答辩。
2.答辩后终稿检测
学生参加答辩后，须在系统上提交答辩后终稿（文档格式：PDF），指导老师须在系统上查看审核，审核通过后的答辩后终稿，系统将自动进行检测，重复率符合要求的，即通过查重检测并结束答辩后终稿查重工作。终稿检测重复率不符合要求的，无法通过终稿查重检测，则须修改一个月后再次进行提交检测，学生上传的终稿经由指导老师审核通过后自动进行检测，重复率符合要求的，即通过查重检测并结束答辩后终稿查重工作。答辩后终稿第二次查重仍不合格的毕业设计（论文）作不及格处理，答辩后终稿第二次查重通过的毕业设计（论文）最终总评成绩按及格录入成绩。
检测通过后的终稿将作为最终上传教育部抽检平台的毕业设计（论文）材料。
四、注意事项
学生上传到系统进行检测的毕业论文（设计）必须与本人实际作品一致，否则不可参加答辩。
附件：维普论文检测系统查重标准及格式报告说明

福州大学教务处
2024年4月10日",1,0017449848580014592996,附件：维普论文检测系统查重标准及格式报告说明.doc,8363,https://jwch.fzu.edu.cn/system/_content/download.jsp?urltype=news.DownloadAttachUrl&owner=1744984858&wbfileid=14592996,14592996,1744984858
001036013374,https://jwch.fzu.edu.cn/info/1036/13374.htm,关于2024届预计毕业生补拍电子注册学历照片的通知,【教学运行】,2024-04-10,"各学院：
为确保今年我校毕业生电子注册工作顺利进行，经与新华社福建分社图像采集中心协商，决定对去年未能参加电子注册图像采集的2024届预计毕业生统一进行补拍，现将有关工作安排通知如下：
1.补拍时间：5月9日（星期四）下午14:30-16:00。具体分时段分学院安排详见下表：

序号
学院
人数
拍照时段

1
电气
52
14:30-14:50

2
建筑
33
14:50-15:00

3
计数/软件
28
15:00-15:05

4
化工
25
15:05-15:10

5
美院
24
15:10-15:15

6
人文
22
15:15-15:20

7
其他学院
91
15:20-16:00

2.补拍地点：旗山校区行政北楼西135教务处注册中心。各学院学生应提前在行政北楼南侧停车棚前排队，从左侧边门进场（详见附件1）。
3.收费标准：每生20元，由参加补拍的学生现场扫码支付给采集中心。
4.拍摄要求：参加补拍学生的着装、发型、妆容等要求，详见教务处网站2023年10月16日“关于做好2024届预计毕业生电子注册图像采集工作的通知”。
5.注意事项：
（1）凡去年未参加学校统一组织的电子注册图像采集的预计毕业生（含通过其他方式自行提交学历照片者），都必须参加本次补拍，无故未参加而导致学历学位信息无法注册者，责任自负。
（2）所有参加补拍的学生，都必须提前获得本人图像采集码，并下载保存到手机（采集码长期有效，获取途径详见附件2）。拍摄时，学生排队扫描采集码缴费获取拍摄序号，并按照拍摄序号依次进行拍摄，严禁擅自调整拍摄顺序或出走！
（3）去年已采集了电子注册图像的学生，不得再次参加补拍，以免影响毕业！

附件：1.行政北楼平面图
2.获得图像采集码途径

教务处注册中心
2024年4月10日",2,0017449848580014592958,附件2：获得图像采集码途径.pdf,981,https://jwch.fzu.edu.cn/system/_content/download.jsp?urltype=news.DownloadAttachUrl&owner=1744984858&wbfileid=14592958,14592958,1744984858
001036013374,https://jwch.fzu.edu.cn/info/1036/13374.htm,关于2024届预计毕业生补拍电子注册学历照片的通知,【教学运行】,2024-04-10,"各学院：
为确保今年我校毕业生电子注册工作顺利进行，经与新华社福建分社图像采集中心协商，决定对去年未能参加电子注册图像采集的2024届预计毕业生统一进行补拍，现将有关工作安排通知如下：
1.补拍时间：5月9日（星期四）下午14:30-16:00。具体分时段分学院安排详见下表：

序号
学院
人数
拍照时段

1
电气
52
14:30-14:50

2
建筑
33
14:50-15:00

3
计数/软件
28
15:00-15:05

4
化工
25
15:05-15:10

5
美院
24
15:10-15:15

6
人文
22
15:15-15:20

7
其他学院
91
15:20-16:00

2.补拍地点：旗山校区行政北楼西135教务处注册中心。各学院学生应提前在行政北楼南侧停车棚前排队，从左侧边门进场（详见附件1）。
3.收费标准：每生20元，由参加补拍的学生现场扫码支付给采集中心。
4.拍摄要求：参加补拍学生的着装、发型、妆容等要求，详见教务处网站2023年10月16日“关于做好2024届预计毕业生电子注册图像采集工作的通知”。
5.注意事项：
（1）凡去年未参加学校统一组织的电子注册图像采集的预计毕业生（含通过其他方式自行提交学历照片者），都必须参加本次补拍，无故未参加而导致学历学位信息无法注册者，责任自负。
（2）所有参加补拍的学生，都必须提前获得本人图像采集码，并下载保存到手机（采集码长期有效，获取途径详见附件2）。拍摄时，学生排队扫描采集码缴费获取拍摄序号，并按照拍摄序号依次进行拍摄，严禁擅自调整拍摄顺序或出走！
（3）去年已采集了电子注册图像的学生，不得再次参加补拍，以免影响毕业！

附件：1.行政北楼平面图
2.获得图像采集码途径

教务处注册中心
2024年4月10日",2,0017449848580014592957,附件1：行政北楼平面图.pdf,769,https://jwch.fzu.edu.cn/system/_content/download.jsp?urltype=news.DownloadAttachUrl&owner=1744984858&wbfileid=14592957,14592957,1744984858
001040013353,https://jwch.fzu.edu.cn/info/1040/13353.htm,关于开展2023年新上岗教师课堂授课达标考核的通知,【质量办】,2024-04-08,"各学院及相关教学单位：
根据《福州大学新上岗教师教学达标及助教工作管理实施办法》（福大教〔2020〕22号）及2023年新上岗教师教学达标培训相关工作安排，请各学院及相关教学单位根据培训班名单（见附件1）开展本学院新教师课堂授课达标考核，填写考核情况汇总表（见附件2），于5月15日前将签字盖章的考核情况汇总表（一式三份）报送至教务处质量管理与认证科（行北西205），教务处将于6月份组织专家对学院考核合格的新教师进行课堂授课达标校级考核。考核结束后教务处将课堂授课达标考核结果报送教师工作部。新教师可根据教师工作部的通知进行主讲教师资格申请。
联系人：蒋老师，0591-22860935
附件1：2023年新上岗教师达标培训班名单
附件2：2023年新上岗教师课堂授课达标考核情况汇总表

教务处
2024年4月8日",2,0017449848580014592375,附件1：2023年福州大学新上岗教师教学达标培训班名单汇总表.xlsx,975,https://jwch.fzu.edu.cn/system/_content/download.jsp?urltype=news.DownloadAttachUrl&owner=1744984858&wbfileid=14592375,14592375,1744984858
001040013353,https://jwch.fzu.edu.cn/info/1040/13353.htm,关于开展2023年新上岗教师课堂授课达标考核的通知,【质量办】,2024-04-08,"各学院及相关教学单位：
根据《福州大学新上岗教师教学达标及助教工作管理实施办法》（福大教〔2020〕22号）及2023年新上岗教师教学达标培训相关工作安排，请各学院及相关教学单位根据培训班名单（见附件1）开展本学院新教师课堂授课达标考核，填写考核情况汇总表（见附件2），于5月15日前将签字盖章的考核情况汇总表（一式三份）报送至教务处质量管理与认证科（行北西205），教务处将于6月份组织专家对学院考核合格的新教师进行课堂授课达标校级考核。考核结束后教务处将课堂授课达标考核结果报送教师工作部。新教师可根据教师工作部的通知进行主讲教师资格申请。
联系人：蒋老师，0591-22860935
附件1：2023年新上岗教师达标培训班名单
附件2：2023年新上岗教师课堂授课达标考核情况汇总表

教务处
2024年4月8日",2,0017449848580014592376,附件2：2023年新上岗教师课堂授课达标考核情况汇总表-学院一式三份报教务处.docx,743,https://jwch.fzu.edu.cn/system/_content/download.jsp?urltype=news.DownloadAttachUrl&owner=1744984858&wbfileid=14592376,14592376,1744984858
001036013352,https://jwch.fzu.edu.cn/info/1036/13352.htm,关于2023-2024学年第二学期《线性代数》课程半期考试安排的通知,【教学运行】,2024-04-07,"各有关学院：
定于4月27日上午进行《线性代数》课程半期考试，请有关协助监考学院按考表（见附件）安排监考老师并录入系统，及时通知监考老师和学生上系统查看考试信息，以免延误考试。
为保证考试的顺利进行，如其他教学安排时间或地点与此次考试冲突，请予以调整。

数统学院
教务处
2024年4月7日",1,0017449848580014591952,2302线代半期考4.27上午.xlsx,872,https://jwch.fzu.edu.cn/system/_content/download.jsp?urltype=news.DownloadAttachUrl&owner=1744984858&wbfileid=14591952,14591952,1744984858
001036013351,https://jwch.fzu.edu.cn/info/1036/13351.htm,关于2023-2024学年第二学期《大学物理A（上）》、《大学物理B（上）》课程半期考试安排的通知,【教学运行】,2024-04-07,"各有关学院：
定于4月21日下午进行《大学物理A（上）》、《大学物理B（上）》课程半期考试，请有关协助监考学院按考表（见附件）安排监考老师并录入系统，及时通知监考老师和学生上系统查看考试信息，以免延误考试。
为保证考试的顺利进行，如其他教学安排时间或地点与此次考试冲突，请予以调整。

物信学院
教务处
2024年4月7日",1,0017449848580014591958,2302大物半期考4.21下午.xlsx,856,https://jwch.fzu.edu.cn/system/_content/download.jsp?urltype=news.DownloadAttachUrl&owner=1744984858&wbfileid=14591958,14591958,1744984858
001036013349,https://jwch.fzu.edu.cn/info/1036/13349.htm,关于2023-2024学年第二学期《概率论与数理统计》课程半期考试安排的通知,【教学运行】,2024-04-03,"各有关学院：
定于4月14日下午进行《概率论与数理统计》课程半期考试，请有关协助监考学院按考表（见附件）安排监考老师并录入系统，及时通知监考老师和学生上系统查看考试信息，以免延误考试。
为保证考试的顺利进行，如其他教学安排时间或地点与此次考试冲突，请予以调整。

数统学院
教务处
2024年4月3日",1,0017449848580014591439,2302概率半期考4.14下午.xlsx,754,https://jwch.fzu.edu.cn/system/_content/download.jsp?urltype=news.DownloadAttachUrl&owner=1744984858&wbfileid=14591439,14591439,1744984858
001036013348,https://jwch.fzu.edu.cn/info/1036/13348.htm,关于2023-2024学年第二学期《高等数学A（中）》、《高等数学B（下）》、《高等数学C（下）》课程半期考试安排的通知,【教学运行】,2024-04-03,"各有关学院：
定于4月14日上午进行《高等数学A（中）》、《高等数学B（下）》、《高等数学C（下）》课程半期考试，请有关协助监考学院按考表（见附件）安排监考老师并录入系统，及时通知监考老师和学生上系统查看考试信息，以免延误考试。
为保证考试的顺利进行，如其他教学安排时间或地点与此次考试冲突，请予以调整。

数统学院
教务处
2024年4月3日",1,0017449848580014591438,2302高数半期考4.14上午.xlsx,988,https://jwch.fzu.edu.cn/system/_content/download.jsp?urltype=news.DownloadAttachUrl&owner=1744984858&wbfileid=14591438,14591438,1744984858
001035013347,https://jwch.fzu.edu.cn/content.jsp?urltype=news.NewsContentUrl&wbtreeid=1035&wbnewsid=13347,关于组织教师参加第61届中国高等教育博览会的通知,【综合科】,2024-04-02,"各学院、各相关单位：
由中国高等教育学会主办，福建省教育厅、福州市人民政府、厦门大学等承办的第61届中国高等教育博览会（以下简称“高博会”），将于4月15-17日在福州海峡国际会展中心举行。本届高博会以“职普融通·产教融合·科教融汇”为主题，包括“展览展示”“学术交流活动”两大部分。为加强对国内外高等教育最新发展趋势、政策和技术创新的学习和了解，深化同行之间的交流合作，按照教育厅的工作要求，我校现组织相关人员参会并学习交流，各学院具体名额分配和参展时间安排见附件1。
一、展览时间：2024年4月15-17日。
二、展览地点：福州海峡国际会展中心（福州市仓山区城门镇南江滨西大道198号）。
三、展览内容：见附件2。
四、报名方式
参加教师通过扫描二维码（附件3）在线注册报名，根据在线提示完成报名注册（一人一ID），注册截止时间为2024年4月5日（星期五）17:00。学校选派教师注册成功后均可免费参加所有学术活动。

各学院根据分配的参观名额，指定专人负责组织本单位教师注册报名和收集整理名单（附件4），于4月7日12点前将最终版名单发送教务处汇总jwch@fzu.edu.cn，表格里需明确指定至少一位学院领队在参观当天负责组织本院教师上车和签到。
学校将凭注册名单统一领取代表证（含餐券）及相关资料，并于参展前发放。展会期间组委会每日为名单内上午参观教师提供午餐一份，凭代表证和当日餐券在指定区域用餐，同时为名单内教师统一购买保险。
五、其他事项
（一）我校将于4月15日承办“拔尖创新人才培养学术活动”和“高等教育经管学科数字化资源与学科建设学术活动”，欢迎各位老师注册报名参加。
（二）往返交通。会议期间我校将安排大巴接送，由于交通管制，海峡会展中心禁止无出入证车辆通行，大巴接送时间、地点将另行通知。
（三）有序参观。严禁携带任何禁限物品，馆内严禁吸烟，禁止使用明火，自觉保持环境卫生，听从馆内工作人员现场引导。
教务处联系人：王老师，林老师；联系电话：22866855。

附件：1. 各单位选派教师参会名额安排表
2. 高博会日程总览
3. 报名二维码
4. 参会教师名单收集汇总表",4,0017449848580014590885,附件4：参会教师名单收集汇总表.xls,467,https://jwch.fzu.edu.cn/system/_content/download.jsp?urltype=news.DownloadAttachUrl&owner=1744984858&wbfileid=14590885,14590885,1744984858
001035013347,https://jwch.fzu.edu.cn/content.jsp?urltype=news.NewsContentUrl&wbtreeid=1035&wbnewsid=13347,关于组织教师参加第61届中国高等教育博览会的通知,【综合科】,2024-04-02,"各学院、各相关单位：
由中国高等教育学会主办，福建省教育厅、福州市人民政府、厦门大学等承办的第61届中国高等教育博览会（以下简称“高博会”），将于4月15-17日在福州海峡国际会展中心举行。本届高博会以“职普融通·产教融合·科教融汇”为主题，包括“展览展示”“学术交流活动”两大部分。为加强对国内外高等教育最新发展趋势、政策和技术创新的学习和了解，深化同行之间的交流合作，按照教育厅的工作要求，我校现组织相关人员参会并学习交流，各学院具体名额分配和参展时间安排见附件1。
一、展览时间：2024年4月15-17日。
二、展览地点：福州海峡国际会展中心（福州市仓山区城门镇南江滨西大道198号）。
三、展览内容：见附件2。
四、报名方式
参加教师通过扫描二维码（附件3）在线注册报名，根据在线提示完成报名注册（一人一ID），注册截止时间为2024年4月5日（星期五）17:00。学校选派教师注册成功后均可免费参加所有学术活动。

各学院根据分配的参观名额，指定专人负责组织本单位教师注册报名和收集整理名单（附件4），于4月7日12点前将最终版名单发送教务处汇总jwch@fzu.edu.cn，表格里需明确指定至少一位学院领队在参观当天负责组织本院教师上车和签到。
学校将凭注册名单统一领取代表证（含餐券）及相关资料，并于参展前发放。展会期间组委会每日为名单内上午参观教师提供午餐一份，凭代表证和当日餐券在指定区域用餐，同时为名单内教师统一购买保险。
五、其他事项
（一）我校将于4月15日承办“拔尖创新人才培养学术活动”和“高等教育经管学科数字化资源与学科建设学术活动”，欢迎各位老师注册报名参加。
（二）往返交通。会议期间我校将安排大巴接送，由于交通管制，海峡会展中心禁止无出入证车辆通行，大巴接送时间、地点将另行通知。
（三）有序参观。严禁携带任何禁限物品，馆内严禁吸烟，禁止使用明火，自觉保持环境卫生，听从馆内工作人员现场引导。
教务处联系人：王老师，林老师；联系电话：22866855。

附件：1. 各单位选派教师参会名额安排表
2. 高博会日程总览
3. 报名二维码
4. 参会教师名单收集汇总表",4,0017449848580014590884,附件2：高博会日程总览.jpg,437,https://jwch.fzu.edu.cn/system/_content/download.jsp?urltype=news.DownloadAttachUrl&owner=1744984858&wbfileid=14590884,14590884,1744984858
001035013347,https://jwch.fzu.edu.cn/content.jsp?urltype=news.NewsContentUrl&wbtreeid=1035&wbnewsid=13347,关于组织教师参加第61届中国高等教育博览会的通知,【综合科】,2024-04-02,"各学院、各相关单位：
由中国高等教育学会主办，福建省教育厅、福州市人民政府、厦门大学等承办的第61届中国高等教育博览会（以下简称“高博会”），将于4月15-17日在福州海峡国际会展中心举行。本届高博会以“职普融通·产教融合·科教融汇”为主题，包括“展览展示”“学术交流活动”两大部分。为加强对国内外高等教育最新发展趋势、政策和技术创新的学习和了解，深化同行之间的交流合作，按照教育厅的工作要求，我校现组织相关人员参会并学习交流，各学院具体名额分配和参展时间安排见附件1。
一、展览时间：2024年4月15-17日。
二、展览地点：福州海峡国际会展中心（福州市仓山区城门镇南江滨西大道198号）。
三、展览内容：见附件2。
四、报名方式
参加教师通过扫描二维码（附件3）在线注册报名，根据在线提示完成报名注册（一人一ID），注册截止时间为2024年4月5日（星期五）17:00。学校选派教师注册成功后均可免费参加所有学术活动。

各学院根据分配的参观名额，指定专人负责组织本单位教师注册报名和收集整理名单（附件4），于4月7日12点前将最终版名单发送教务处汇总jwch@fzu.edu.cn，表格里需明确指定至少一位学院领队在参观当天负责组织本院教师上车和签到。
学校将凭注册名单统一领取代表证（含餐券）及相关资料，并于参展前发放。展会期间组委会每日为名单内上午参观教师提供午餐一份，凭代表证和当日餐券在指定区域用餐，同时为名单内教师统一购买保险。
五、其他事项
（一）我校将于4月15日承办“拔尖创新人才培养学术活动”和“高等教育经管学科数字化资源与学科建设学术活动”，欢迎各位老师注册报名参加。
（二）往返交通。会议期间我校将安排大巴接送，由于交通管制，海峡会展中心禁止无出入证车辆通行，大巴接送时间、地点将另行通知。
（三）有序参观。严禁携带任何禁限物品，馆内严禁吸烟，禁止使用明火，自觉保持环境卫生，听从馆内工作人员现场引导。
教务处联系人：王老师，林老师；联系电话：22866855。

附件：1. 各单位选派教师参会名额安排表
2. 高博会日程总览
3. 报名二维码
4. 参会教师名单收集汇总表",4,0017449848580014590883,附件3：报名二维码.doc,373,https://jwch.fzu.edu.cn/system/_content/download.jsp?urltype=news.DownloadAttachUrl&owner=1744984858&wbfileid=14590883,14590883,1744984858
001035013347,https://jwch.fzu.edu.cn/content.jsp?urltype=news.NewsContentUrl&wbtreeid=1035&wbnewsid=13347,关于组织教师参加第61届中国高等教育博览会的通知,【综合科】,2024-04-02,"各学院、各相关单位：
由中国高等教育学会主办，福建省教育厅、福州市人民政府、厦门大学等承办的第61届中国高等教育博览会（以下简称“高博会”），将于4月15-17日在福州海峡国际会展中心举行。本届高博会以“职普融通·产教融合·科教融汇”为主题，包括“展览展示”“学术交流活动”两大部分。为加强对国内外高等教育最新发展趋势、政策和技术创新的学习和了解，深化同行之间的交流合作，按照教育厅的工作要求，我校现组织相关人员参会并学习交流，各学院具体名额分配和参展时间安排见附件1。
一、展览时间：2024年4月15-17日。
二、展览地点：福州海峡国际会展中心（福州市仓山区城门镇南江滨西大道198号）。
三、展览内容：见附件2。
四、报名方式
参加教师通过扫描二维码（附件3）在线注册报名，根据在线提示完成报名注册（一人一ID），注册截止时间为2024年4月5日（星期五）17:00。学校选派教师注册成功后均可免费参加所有学术活动。

各学院根据分配的参观名额，指定专人负责组织本单位教师注册报名和收集整理名单（附件4），于4月7日12点前将最终版名单发送教务处汇总jwch@fzu.edu.cn，表格里需明确指定至少一位学院领队在参观当天负责组织本院教师上车和签到。
学校将凭注册名单统一领取代表证（含餐券）及相关资料，并于参展前发放。展会期间组委会每日为名单内上午参观教师提供午餐一份，凭代表证和当日餐券在指定区域用餐，同时为名单内教师统一购买保险。
五、其他事项
（一）我校将于4月15日承办“拔尖创新人才培养学术活动”和“高等教育经管学科数字化资源与学科建设学术活动”，欢迎各位老师注册报名参加。
（二）往返交通。会议期间我校将安排大巴接送，由于交通管制，海峡会展中心禁止无出入证车辆通行，大巴接送时间、地点将另行通知。
（三）有序参观。严禁携带任何禁限物品，馆内严禁吸烟，禁止使用明火，自觉保持环境卫生，听从馆内工作人员现场引导。
教务处联系人：王老师，林老师；联系电话：22866855。

附件：1. 各单位选派教师参会名额安排表
2. 高博会日程总览
3. 报名二维码
4. 参会教师名单收集汇总表",4,0017449848580014590882,附件1：各单位选派教师参会名额安排表.xlsx,457,https://jwch.fzu.edu.cn/system/_content/download.jsp?urltype=news.DownloadAttachUrl&owner=1744984858&wbfileid=14590882,14590882,1744984858
001036013568,https://jwch.fzu.edu.cn/info/1036/13568.htm,关于2023-2024学年第二学期《大学英语（三）》课程期末考试安排的通知,【教学运行】,2024-06-17,"各有关学院：
定于6月23日上午进行《大学英语（三）》课程期末考试，请有关协助监考学院按考表（见附件）安排监考老师并录入系统，及时通知监考老师和学生上系统查看考试信息，以免延误考试。
为保证考试的顺利进行，如其他教学安排时间或地点与此次考试冲突，请予以调整。

外语学院
教务处
2024年6月17日",1,0017449848580014623875,2302 大学英语（三）期末考 6.23上午.xlsx,822,https://jwch.fzu.edu.cn/system/_content/download.jsp?urltype=news.DownloadAttachUrl&owner=1744984858&wbfileid=14623875,14623875,1744984858
001039013565,https://jwch.fzu.edu.cn/info/1039/13565.htm,关于转发组织申报福建省高等教育学会2024年度高等教育科学研究实验室研究专项课题的通知,【实践科】,2024-06-14,"各学院，有关单位：
现将闽高会[2024]1号《关于组织申报福建高等教育学会2024年度高等教育科学研究实验室研究专项课题的通知》（详见附件1）转发给你们，请按照通知要求，组织相关人员进行项目申报。相关事宜说明如下：
1、我校项目申报截止时间为：2024年6月21日（星期五）。
2、课题经费说明：确定并公布立项研究项目经费由课题牵头人所在单位自筹。
3、本课题实行限额申报、推荐与评审相结合的办法，我校限推荐8项。经实验室主管部门（教务处、实验室建设与设备管理处）组织审核推荐。
4、课题申报者需按要求填写《课题申报书》一式两份，《活页》一式五份，交至行政北楼西209。各申报单位按照推荐课题先后顺序提交《课题推荐汇总表》1份，同时将所有申报材料电子版（word版）报送至jwcsjk@fzu.edu.cn。

教务处
实验室建设与设备管理处
2024年6月14日

附件1  关于组织申报福建高等教育学会2024年度高等教育科学研究实验室研究专项课题的通知（闽高会[2024]1号）
附件2  申报材料",2,0017449848580014623545,附件1：关于组织申报福建高等教育学会2024年度高等教育科学研究实验室研究专项课题的通知（闽高会[2024]1号）.pdf,760,https://jwch.fzu.edu.cn/system/_content/download.jsp?urltype=news.DownloadAttachUrl&owner=1744984858&wbfileid=14623545,14623545,1744984858
001039013565,https://jwch.fzu.edu.cn/info/1039/13565.htm,关于转发组织申报福建省高等教育学会2024年度高等教育科学研究实验室研究专项课题的通知,【实践科】,2024-06-14,"各学院，有关单位：
现将闽高会[2024]1号《关于组织申报福建高等教育学会2024年度高等教育科学研究实验室研究专项课题的通知》（详见附件1）转发给你们，请按照通知要求，组织相关人员进行项目申报。相关事宜说明如下：
1、我校项目申报截止时间为：2024年6月21日（星期五）。
2、课题经费说明：确定并公布立项研究项目经费由课题牵头人所在单位自筹。
3、本课题实行限额申报、推荐与评审相结合的办法，我校限推荐8项。经实验室主管部门（教务处、实验室建设与设备管理处）组织审核推荐。
4、课题申报者需按要求填写《课题申报书》一式两份，《活页》一式五份，交至行政北楼西209。各申报单位按照推荐课题先后顺序提交《课题推荐汇总表》1份，同时将所有申报材料电子版（word版）报送至jwcsjk@fzu.edu.cn。

教务处
实验室建设与设备管理处
2024年6月14日

附件1  关于组织申报福建高等教育学会2024年度高等教育科学研究实验室研究专项课题的通知（闽高会[2024]1号）
附件2  申报材料",2,0017449848580014623544,附件2：申报材料.zip,630,https://jwch.fzu.edu.cn/system/_content/download.jsp?urltype=news.DownloadAttachUrl&owner=1744984858&wbfileid=14623544,14623544,1744984858
001036013563,https://jwch.fzu.edu.cn/info/1036/13563.htm,关于2023-2024学年第二学期《高等数学A（中）》、《高等数学B（下）》、《高等数学C（下）》课程期末考试安排的通知,【教学运行】,2024-06-12,"各有关学院：
定于6月23日下午进行《高等数学A（中）》、《高等数学B（下）》、《高等数学C（下）》课程期末考试，请有关协助监考学院按考表（见附件）安排监考老师并录入系统，及时通知监考老师和学生上系统查看考试信息，以免延误考试。
为保证考试的顺利进行，如其他教学安排时间或地点与此次考试冲突，请予以调整。

数统学院
教务处
2024年6月12日",3,0017449848580014622718,2302高等数学B（下）期末考 6.23下午.xlsx,825,https://jwch.fzu.edu.cn/system/_content/download.jsp?urltype=news.DownloadAttachUrl&owner=1744984858&wbfileid=14622718,14622718,1744984858
001036013563,https://jwch.fzu.edu.cn/info/1036/13563.htm,关于2023-2024学年第二学期《高等数学A（中）》、《高等数学B（下）》、《高等数学C（下）》课程期末考试安排的通知,【教学运行】,2024-06-12,"各有关学院：
定于6月23日下午进行《高等数学A（中）》、《高等数学B（下）》、《高等数学C（下）》课程期末考试，请有关协助监考学院按考表（见附件）安排监考老师并录入系统，及时通知监考老师和学生上系统查看考试信息，以免延误考试。
为保证考试的顺利进行，如其他教学安排时间或地点与此次考试冲突，请予以调整。

数统学院
教务处
2024年6月12日",3,0017449848580014622717,2302 高等数学C（下）期末考 6.23下午.xlsx,685,https://jwch.fzu.edu.cn/system/_content/download.jsp?urltype=news.DownloadAttachUrl&owner=1744984858&wbfileid=14622717,14622717,1744984858
001036013563,https://jwch.fzu.edu.cn/info/1036/13563.htm,关于2023-2024学年第二学期《高等数学A（中）》、《高等数学B（下）》、《高等数学C（下）》课程期末考试安排的通知,【教学运行】,2024-06-12,"各有关学院：
定于6月23日下午进行《高等数学A（中）》、《高等数学B（下）》、《高等数学C（下）》课程期末考试，请有关协助监考学院按考表（见附件）安排监考老师并录入系统，及时通知监考老师和学生上系统查看考试信息，以免延误考试。
为保证考试的顺利进行，如其他教学安排时间或地点与此次考试冲突，请予以调整。

数统学院
教务处
2024年6月12日",3,0017449848580014622719,2302 高等数学A（中）期末考 6.23下午.xlsx,721,https://jwch.fzu.edu.cn/system/_content/download.jsp?urltype=news.DownloadAttachUrl&owner=1744984858&wbfileid=14622719,14622719,1744984858
001039013560,https://jwch.fzu.edu.cn/info/1039/13560.htm,关于转发《关于举办第十四届海峡两岸信息服务创新大赛暨福建省第十八届计算机软件设计大赛的通知》的通知,【实践科】,2024-06-11,"各学院：
现将《关于举办第十四届海峡两岸信息服务创新大赛暨福建省第十八届计算机软件设计大赛的通知》（闽工信联软件〔2024〕41号）转发给你们，请根据文件要求积极组织相关专业学生报名参赛，具体报名事宜详见附件。
附件：闽工信联软件〔2024〕41号-福建省工业和信息化厅等八部门关于举办第十四届海峡两岸信息服务创新大赛暨福建省第十八届计算机软件设计大赛的通知

福州大学教务处
2024年6月11日",1,0017449848580014622014,闽工信联软件〔2024〕41号福建省工业和信息化厅等八部门关于举办第十四届海峡两岸信息服务创新大赛暨福建省第十八届计算机软件设计大赛的通知.pdf,1016,https://jwch.fzu.edu.cn/system/_content/download.jsp?urltype=news.DownloadAttachUrl&owner=1744984858&wbfileid=14622014,14622014,1744984858
001039013559,https://jwch.fzu.edu.cn/info/1039/13559.htm,关于公布第三十期本科生科研训练计划立项项目的通知,【实践科】,2024-06-07,"校教〔2024〕19号
各学院：
第三十期本科生科研训练计划项目经过学生申报，学院评审排序，学校共批准立项590项：其中校级444项，推荐省级及以上项目146项（含推荐国家级重点项目1项，国家级一般项目71项）。现予以公布（具体名单详见附件）。
各学院应积极为立项项目的顺利开展提供有利条件，加强过程规范化管理，关注项目进展情况，确保项目的顺利实施。学校将于2024年12月对项目进行中期检查。学生发表与项目相关的论文成果应注明福州大学本科生科研训练计划项目基金资助。
请各学院和项目负责人见文后尽快组织开展项目研究。
附件1：福州大学2024年国家级、省级大学生创新创业训练计划推荐立项项目汇总表
附件2：福州大学第30期本科生科研训练计划立项项目汇总表

                             福州大学教务处
                              2024年6月6日",2,0017449848580014622146,附件1：福州大学2024年国家级、省级大学生创新创业训练计划推荐立项项目汇总表 .doc,4087,https://jwch.fzu.edu.cn/system/_content/download.jsp?urltype=news.DownloadAttachUrl&owner=1744984858&wbfileid=14622146,14622146,1744984858
001039013559,https://jwch.fzu.edu.cn/info/1039/13559.htm,关于公布第三十期本科生科研训练计划立项项目的通知,【实践科】,2024-06-07,"校教〔2024〕19号
各学院：
第三十期本科生科研训练计划项目经过学生申报，学院评审排序，学校共批准立项590项：其中校级444项，推荐省级及以上项目146项（含推荐国家级重点项目1项，国家级一般项目71项）。现予以公布（具体名单详见附件）。
各学院应积极为立项项目的顺利开展提供有利条件，加强过程规范化管理，关注项目进展情况，确保项目的顺利实施。学校将于2024年12月对项目进行中期检查。学生发表与项目相关的论文成果应注明福州大学本科生科研训练计划项目基金资助。
请各学院和项目负责人见文后尽快组织开展项目研究。
附件1：福州大学2024年国家级、省级大学生创新创业训练计划推荐立项项目汇总表
附件2：福州大学第30期本科生科研训练计划立项项目汇总表

                             福州大学教务处
                              2024年6月6日",2,0017449848580014621349,附件2：福州大学第30期本科生科研训练计划立项项目汇总表.doc,9567,https://jwch.fzu.edu.cn/system/_content/download.jsp?urltype=news.DownloadAttachUrl&owner=1744984858&wbfileid=14621349,14621349,1744984858
001037013555,https://jwch.fzu.edu.cn/info/1037/13555.htm,关于组织申报福建省新文科教育研究中心第二批高校新文科建设优秀案例的通知,【教研教改】,2024-06-05,"各学院、有关教学单位：
为总结我省新文科建设取得的阶段性成效，宣传展示我省高校新文科建设的优秀经验和做法，推动全省高校新文科建设交流互鉴、创新发展，福建省新文科教育研究中心组织开展了第二批高校新文科建设优秀案例征集汇编工作。我校可推荐报送5个案例。
请各学院、各教学单位认真查阅文件通知及具体要求，踊跃申报，学校将择优推荐报送。请各教学单位于6月23日前将加盖单位公章的优秀案例和申报汇总表纸质版一式一份报送至教务处教研科，电子版发送至jyk@fzu.edu.cn。每个案例命名格式为：学院名称+省新文科第二批案例征集+案例名称+作者姓名；学院打包文件夹命名格式为：学院名称+省新文科第二批案例征集+案例个数。
联系人：王老师，联系电话：22866856

附件1.福建省新文科教育研究中心关于征集第二批高校新文科建设优秀案例的通知
附件2.福建省高校第二批新文科建设优秀案例编制范例
附件3.推荐案例汇总表

福州大学教务处
2024年6月5日",0,,,,,,
001037013554,https://jwch.fzu.edu.cn/info/1037/13554.htm,福州大学关于公布2022级数理综合班 专业分流学生名单及学科导师名单的通知,【教研教改】,2024-06-05,"福大教〔2024〕13号

各学院：
根据我校2022级数理综合班培养方案，2022级数理综合班学生经过两年的集中强化数理基础教育后，后两年由学生自主选择应用物理学、信息与计算科学或数学与应用数学专业，并在学科导师指导下实施个性化分流培养。现根据学生个人意愿，将专业分流培养学生名单及学科导师名单公布如下：

序号
学  号
姓  名
原录取专业
分流培养专业
学科导师

1
012201505
陈雅萍
电气工程及其自动化
信息与计算科学
陈晓锋

2
022201341
潘立鸣
机械设计制造及其自动化
应用物理学
杨开宇

3
022203017
余婷
材料成型及控制工程
应用物理学
吴鑫辉

4
022203023
陈辉
材料成型及控制工程
应用物理学
吴怀志

5
032201115
张驭龙
数学类
信息与计算科学
郭龙坤

6
032201131
翁子烨
数学类
数学与应用数学
黄书棋

序号
学  号
姓  名
原录取专业
分流培养专业
学科导师

7
032201208
李咏洁
数学类
信息与计算科学
魏凤英

8
032201306
李毓研
数学类
信息与计算科学
王靖岳

9
032201325
郑玮琦
数学类
应用物理学
黄衍堂

10
032201327
钟一朵
数学类
信息与计算科学
程航

11
042201123
王荣耀
化学工程与工艺
数学与应用数学
陈晓锋

12
042201407
黄盈予
化学工程与工艺
应用物理学
吴鑫辉

13
052201112
林泽
土木工程
应用物理学
吴凡

14
052201135
汪铭
土木工程
信息与计算科学
魏凤英

15
052201149
谢鑫
土木工程
数学与应用数学
沈明

16
052201150
黄佳炜
土木工程
信息与计算科学
邹长武

17
052201320
马熠楠
土木工程
数学与应用数学
黄书棋

18
052201326
杨耀彬
土木工程
应用物理学
胡进

19
052201338
刘毓晟
土木工程
信息与计算科学
侯建锋

20
052203115
柳伟健
给排水科学与工程
应用物理学
吴鑫辉

21
062200139
岳烨
环境工程
数学与应用数学
陈晓锋

22
062200212
李梓豪
安全工程
应用物理学
杨贞标

23
062200306
刘宁
人文地理与城乡规划
数学与应用数学
朱文兴

24
062200406
许文浩
资源循环科学与工程
信息与计算科学
郭龙坤

25
072203129
黄琼凤
信息管理与信息系统
数学与应用数学
朱文兴

26
072203323
郑舒洁
电子商务
信息与计算科学
张文钊

27
072203415
邱子杰
工业工程
数学与应用数学
程航

28
072207231
程睿
公共管理类
应用物理学
张彩霞

29
082200125
李宏杰
生物工程
应用物理学
黄衍堂

30
082200252
叶江廷
食品科学与工程
应用物理学
陈叶鸿

31
092200115
刘宇翔
英语
信息与计算科学
邹长武

32
092200414
孙城扬
日语
信息与计算科学
沈明

33
102201135
俞伟
计算机类
信息与计算科学
王靖岳

34
112200720
刘泽韬
光电信息科学与工程
信息与计算科学
邹长武

35
112201222
王宇宸
微电子科学与工程
数学与应用数学
朱文兴

36
112201404
陈晓磊
应用物理学
数学与应用数学
钟景洋

37
112201405
陈心怡
应用物理学
应用物理学
曾志平

38
112201419
李寻知
应用物理学
信息与计算科学
邹长武

39
112201425
林鑫
应用物理学
应用物理学
胡进

40
112201429
刘辉鑫
应用物理学
应用物理学
吴鑫辉

41
112201431
马伟烨
应用物理学
数学与应用数学
钟景洋

42
112201447
徐志博
应用物理学
应用物理学
黄碧华

43
112201448
杨飞龙
应用物理学
应用物理学
陈叶鸿

44
112201450
叶贵祥
应用物理学
应用物理学
余雪佳

45
112201457
钟屹豪
应用物理学
应用物理学
胡进

46
112201459
朱焱
应用物理学
应用物理学
吴怀志

47
132202132
张广强
制药工程
信息与计算科学
王靖岳

48
162204206
洪昭赋
地质工程
数学与应用数学
魏凤英

49
172209054
吴敏婷
工业设计
应用物理学
郑立玄

50
182200140
张庭健
高分子材料与工程
应用物理学
薛思玮

51
182200424
孙正怡
材料科学与工程
信息与计算科学
朱文兴

52
292200138
庄抒泽
社会学
数学与应用数学
刘勇进

                                   福  州  大  学

                                  2024年6月4日",0,,,,,,
001037013553,https://jwch.fzu.edu.cn/info/1037/13553.htm,福州大学关于公布2022级数理金融 实验班学生主辅修专业及导师名单的通知,【教研教改】,2024-06-05,"福大教〔2024〕12号

各有关学院：
根据我校2022级数理金融实验班培养方案，2022级数理金融实验班实行全程导师制，学生修满规定学分，满足本科阶段培养要求的可选择获得主修经济学学士学位和辅修理学学士学位，或主修理学学士学位和辅修经济学学士学位。现根据学生个人意愿，将2022级数理金融实验班学生主辅修专业及导师名单公布如下：

序号
学号
姓名
原专业
主修专业
辅修专业
导师

1
022201227
林杨坤
机械设计制造及其自动化
金融学
数学与应用数学
翁志超

2
032201107
朱伊欣
数学类
数学与应用数学
金融学
傅传锐

3
032201126
封鑫
数学类
金融学
数学与应用数学
许鋆

4
032201203
刘佳瑶
数学类
数学与应用数学
金融学
林朝颖

5
032201211
杨悦雯
数学类
数学与应用数学
金融学
李红

6
032201223
林婧
数学类
数学与应用数学
金融学
吴伟平

序号
学号
姓名
原专业
主修专业
辅修专业
导师

7
032201307
杨道亮
数学类
数学与应用数学
金融学
钟景洋

8
042203104
陈文烨
油气储运工程
金融学
数学与应用数学
许鋆

9
052201163
郑索菲
土木工程
金融学
数学与应用数学
徐泽林

10
052201216
肖光兴
土木工程
数学与应用数学
金融学
王靖岳

11
052201307
江子澄
土木工程
金融学
数学与应用数学
黄祥钟

12
052207109
周俊辰
智能建造
金融学
数学与应用数学
黄荣义

13
062200124
何思霖
环境工程
金融学
数学与应用数学
杨恶恶

14
062200229
陈晓威
安全工程
金融学
数学与应用数学
黄祥钟

15
062200307
孙旭洋
人文地理与城乡规划
金融学
数学与应用数学
郭亚伟

16
062200308
李羽
人文地理与城乡规划
金融学
数学与应用数学
郭亚伟

17
062200310
吴朝来
人文地理与城乡规划
金融学
数学与应用数学
高艺红

18
072201105
吕洋
工商管理
数学与应用数学
金融学
洪倩颖

19
072201114
肖欣柔
工商管理
数学与应用数学
金融学
黄荣义

20
072203137
蔡锦辉
信息管理与信息系统
数学与应用数学
金融学
杨恶恶

21
072203139
黎曼如
信息管理与信息系统
数学与应用数学
金融学
严佳佳

22
072203212
吴俊涛
信息管理与信息系统
金融学
数学与应用数学
林朝颖

23
072203233
李瑞杰
信息管理与信息系统
数学与应用数学
金融学
吴伟平

24
072203234
阮雨婷
信息管理与信息系统
数学与应用数学
金融学
唐勇

25
072203310
肖佳宜
电子商务
金融学
数学与应用数学
严佳佳

26
072203312
余文希
电子商务
数学与应用数学
金融学
傅传锐

27
072203313
汪茯苓
电子商务
金融学
数学与应用数学
方丽婷

28
072203315
陈诗颖
电子商务
金融学
数学与应用数学
林炳华

29
072203325
胡栋梁
电子商务
金融学
数学与应用数学
李红

30
072203427
黄榆韬
工业工程
数学与应用数学
金融学
吴伟平

31
072206101
马泽同
金融学
金融学
数学与应用数学
高艺红

32
072206104
王梓豪
金融学
金融学
数学与应用数学
许鋆

33
072206229
郑雯丹
金融学
金融学
数学与应用数学
黄祥钟

34
072206231
胡曼琦
金融学
金融学
数学与应用数学
唐勇

35
072206238
商骏之
金融学
金融学
数学与应用数学
严佳佳

36
072207106
刘陆怡璇
公共管理类
数学与应用数学
金融学
洪倩颖

37
072207209
吴佳容
公共管理类
金融学
数学与应用数学
林炳华

38
072207219
唐菲
公共管理类
金融学
数学与应用数学
林朝颖

39
072208128
郭志炜
物流工程
数学与应用数学
金融学
唐勇

40
082200132
刘欣玥
生物工程
金融学
数学与应用数学
杨恶恶

41
082200339
唐家正
生物医学工程
金融学
数学与应用数学
傅传锐

42
092200228
张泽刚
英语
金融学
数学与应用数学
洪倩颖

43
092200505
邓宇轩
德语
数学与应用数学
金融学
王靖岳

44
112201406
戴诗妍
应用物理学
金融学
数学与应用数学
黄荣义

45
132201258
庄妍诗
化学
金融学
数学与应用数学
徐泽林

46
182200213
林瑜翔
材料科学与工程
金融学
数学与应用数学
王靖岳

47
292200304
陈博轩
应用心理学
金融学
数学与应用数学
林炳华

                                   福  州  大  学

                                  2024年6月4日",0,,,,,,
001038013548,https://jwch.fzu.edu.cn/info/1038/13548.htm,关于2024-2025学年第一学期修读辅修专业学生名单的公示,【计划科】,2024-06-05,"各学院：
根据福大教[2021]18号《福州大学本科生辅修专业管理办法》所规定的基本原则和基本条件，经各学院审核、教务处审批，拟同意尤晟宇等八十九位同学的辅修专业修读申请。现将名单予以公示，公示期为2024年6月5日至2024年6月11日，如有异议可于公示期内的工作时间（上午8：30-12：00，下午2：00-5：00）拨打监督电话：22865580校纪委（监察专员办），22866907计划科进行反映。

序号
学号
姓名
主修专业
辅修专业

1
012303136
尤晟宇
智能电网信息工程
法学

2
022302109
杜一能
车辆工程
经济统计学

3
032102129
翁菁怡
经济统计学
数学与应用数学

4
032301101
毛凌云
数学类（实验班）
应用心理学

5
052201156
张俊森
土木工程
计算机科学与技术

6
052201158
田佳鑫
土木工程
国际经济与贸易

7
052201317
肖晨
土木工程
计算机科学与技术

8
052203111
凌奕
给排水科学与工程
金融学

9
052204138
黎梦辉
交通运输
会计学

10
052301209
欧子杰
土木工程
计算机科学与技术

11
052301217
冯昱钧
土木工程
计算机科学与技术

12
052301346
郑积超
土木工程
计算机科学与技术

13
052301427
邵志铭
土木工程
数学与应用数学

14
052302141
林子喻
水利水电工程
汉语言文学

15
052303113
梁薷丹
给排水科学与工程
信息管理与信息系统

16
052307106
陈晓雪
智能建造
数学与应用数学

17
062300229
李洺轩
安全工程
法学

18
071901220
米克拉李
市场营销
法学

19
072201206
李芯妍
市场营销
计算机科学与技术

20
072301118
黄永勋
工商管理
应用心理学

21
072305138
刘若婷
会计学
法学

22
072305144
张晓得
会计学
计算机科学与技术

23
072305201
刘楚楚
会计学
金融学

24
072305226
郭珮媛
会计学
计算机科学与技术

25
072305312
胡思涵
财务管理
英语

26
072307111
汪虹均
公共事业管理
会计学

27
072307232
石可可
行政管理
会计学

28
072308134
马臻遥
物流工程
计算机科学与技术

29
072308204
杨嘉豪
物流管理
计算机科学与技术

30
082300103
陈聚鑫
生物工程
数字媒体技术

31
082300133
宋悦
生物工程
数字媒体技术

32
082300138
王子菲
生物工程
国际经济与贸易

33
082300142
吴怡和
生物工程
会计学

34
082300157
赵德辉
生物工程
计算机科学与技术

35
082300206
陈渝含
食品科学与工程
法学

36
082300228
连羽柔
食品科学与工程
英语

37
082300245
王佳雨
食品科学与工程
金融学

38
082300247
王娜
食品科学与工程
电子商务

39
082300261
郑盛溦
食品科学与工程
会计学

40
082300328
刘雨玥
生物医学工程
数字媒体技术

41
082300329
罗健
生物医学工程
计算机科学与技术

42
092300208
黄芳玲
英语
汉语言文学

43
092300226
徐芊芊
英语
法学

44
092300415
林丰颖
日语
会计学

45
092300418
林悦
日语
计算机科学与技术

46
092300420
刘仙莲
日语
计算机科学与技术

47
092300432
钟雨欣
日语
数字媒体技术

48
092300503
陈雯萩
德语
国际经济与贸易

49
092300508
况林宏
德语
法学

50
092300516
吴璐熠
德语
英语

51
092300518
吴诗颖
德语
国际经济与贸易

52
102301641
陈怀侨
计算机类
经济统计学

53
112300513
张佳杰
微电子科学与工程
计算机科学与技术

54
112300707
龙紫林
集成电路设计与集成系统
数学与应用数学

55
112301226
金泽泰
数字媒体技术
计算机科学与技术

56
132301113
许子硕
化学
法学

57
132301146
黄浩泽
数据科学与大数据技术
日语

58
152101115
黄可杰
建筑学
数学与应用数学

59
152103125
欧阳凃雯
风景园林
计算机科学与技术

60
152303123
杨黔黔
风景园林
计算机科学与技术

61
162301109
江俊超
资源勘查工程
经济学

62
162302127
朱毅轩
资源勘查工程
计算机科学与技术

63
162303105
侯松超
矿物加工工程
计算机科学与技术

64
162303212
林诗淇
矿物加工工程
会计学

65
182300111
江孝天
高分子材料与工程
经济统计学

66
182300201
昂圣海
可持续能源
计算机科学与技术

67
182300308
黄祎
材料科学与工程
计算机科学与技术

68
192300332
章柳轩
法学（实验班）
金融学

69
292200321
林律凤
应用心理学
计算机科学与技术

70
292300132
田睿恺
社会学
英语

71
292300207
傅于桐
汉语言文学
计算机科学与技术

72
292300210
黄婧
汉语言文学
法学

73
292300251
杨春婷
汉语言文学
法学

74
292300304
陈鹭
应用心理学
计算机科学与技术

75
292300402
蔡馨逸
音乐学
汉语言文学

76
292300414
黄嘉靓
音乐学
数字媒体技术

77
292300422
连益田
音乐学
数字媒体技术

78
292300441
吴妤笔
音乐学
应用心理学

79
832202102
叶晗皓
自动化（中外合作办学）
经济统计学

80
832302108
王楷瑜
自动化（中外合作办学）
日语

81
832302112
乔秉天
自动化（中外合作办学）
法学

82
832302224
唐锐恒
自动化（中外合作办学）
日语

83
832302225
黄祉睿
自动化（中外合作办学）
数学与应用数学

84
832303116
李田甜
软件工程（中外合作办学）
数学与应用数学

85
832303128
陈汇田
软件工程（中外合作办学）
会计学

86
832304210
周哲茹
数字媒体技术（中外合作办学）
工业工程

87
852301225
陈可昕
物流管理（4+0）
法学

88
852301406
丁振乐
物流管理（4+0）
信息管理与信息系统

89
852302203
靳湜睿
生物技术（4+0）
数字媒体技术

 
福州大学教务处
2024年6月5日",0,,,,,,
001040013547,https://jwch.fzu.edu.cn/info/1040/13547.htm,关于举办福州大学第五十三场“教学有道” 研讨活动的通知,【质量办】,2024-06-05,"各学院、有关单位：
为深入贯彻福州大学教育教学思想与综合改革大讨论精神，深化产教融合、科教融汇，优化多元主体协同育人机制，强化校企合作，促进教师实现科研教学相长，全方位提升教育教学水平和人才培养质量。经研究，学校决定举办第五十三场“教学有道”专题研讨活动，具体安排如下：
一、研讨主题
公共安全科产教融合发展
二、研讨时间
2024年6月8日（星期六）9:00
三、主讲人
清华大学安全科学学院院长 袁宏永 研究员
四、研讨地点
嘉锡楼314
五、承办单位
环境与安全工程学院
六、参会人员
1、环境与安全工程学院教师；
2、全校其他感兴趣的教师。

主讲人简介：
袁宏永，研究员，2013年获聘教育部长江学者，2013年入选百千万人才工程，2020年获国务院特殊津贴。现任清华大学安全科学学院院长、清华大学合肥公共安全研究院执行院长、公共安全应急技术国家地方联合工程实验室主任。兼任中国公共安全科学技术学会常务副理事长/秘书长、中国消防协会火灾原因调查专业委员会第七届委员会主任委员、全国消防标准化技术委员会固定灭火系统分技术委员会副主任委员、住房和城乡建设部城市基础设施运行监测专家工作组副组长、全国公共安全基础标准化技术委员会应急管理工作组组长、亚太公共安全科学技术学会理事等职务。长期致力于长期从事火灾、燃气安全监测预警和综合应急的理论、方法和技术研究，是我国安全应急工程科技的重要开拓者，在火灾、燃气的安全探测预警和重大灾害事故应急的核心技术方面取得了重要的系统性创新成果，并得到成功应用。获国家科技进步一等奖1项、二等奖2项，中国专利金奖、优秀奖各1项，获国内外发明专利80项，出版著作4部，主编国家标准6项，发表SCI/EI收录论文179篇。

福州大学教务处
2024年6月5日",0,,,,,,
001042013546,https://jwch.fzu.edu.cn/info/1042/13546.htm,关于做好2024-2025学年第一学期教材选用及征订工作的通知（更新）,【教材中心】,2024-06-04,"各学院,相关教学单位：
为了确保2024-2025学年第一学期全校教学工作顺利进行，根据学校相关规定，现就2024年秋季教材选用及征订工作通知如下：
一、认真落实教材选用工作
（一）加强对教材选用的审核和管理
各学院要根据《福州大学教材管理实施细则（试行）》（福大政〔2022〕32号）《福州大学教材选用与供应管理办法》（福大教〔2020〕22号）相关文件精神，加强对教材选用的审核和管理，选用教材要坚持党的教育方针，把握正确方向和价值导向，体现思想性、科学性、时代性。选用外国教材时，要根据《教育部办公厅关于加强高等学校使用外国教材管理的通知》（教高厅〔2006〕5号）文件的要求进行严格审查。
（二）认真落实“马克思主义理论研究和建设工程重点教材”（以下简称“马工程教材”）统一使用工作
哲学社会科学类专业开设马工程重点建设相关课程，务必把马工程教材作为指定教材统一使用。请各学院认真核对本学院2024-2025学年第一学期所开设课程，如有开设马工程教材对应课程，必须统一选用马工程教材。已出版马工程教材名单见附件1。
二、教材选用程序

1.2024年6月4日—2024年6月6日，各学院任课教师或课程组（含通识教育必修课）根据开课计划，参考《全国大中专教材用书目录（2024秋）》（附件2），选用高质量、新版本优质教材，经所在教研室（系）讨论通过后登陆教务处系统（下称“系统”），在“教材申报”菜单下根据提示填报相应课程选用的教材信息。面向多个学院开课的课程教材信息由课程（组）负责人填写。
备注：所有课程（包括实践、实验课程等）任课老师均需上网填写选用教材信息，无需选用教材则选择“不选用正式出版物教材”并选择不选用原因。
2.2024年6月13日之前，各学院教学秘书从系统导出教师选用教材情况汇总表，提交学院教材工作小组审核。学院教材工作小组须组建教材选用审核小组（马克思主义理论和思想政治教育方面的专家须占有一定的比例）按照《福州大学教材管理实施细则（试行）》审核要求对所选用教材进行审核。各教学院长即时将审核意见通过系统提交，教学秘书导出并打印《2024-2025学年第一学期福州大学本科课程教材选用表》（一式两份），教材选用审核专家在《2024-2025学年第一学期福州大学本科课程教材选用表》表末填写审核意见并签字。学院在专家审核结束后应将选用结果在学院网站进行公示。各学院务必压实教材选用审核责任，把好教材选用关。
3.2024年6月17日之前，教材选用情况经公示无异议后，各学院教材工作小组组长在《2024-2025学年第一学期福州大学本科课程教材选用表》《2024-2025学年第一学期福州大学本科课程未选用教材情况汇总表》（一式两份）签字，并加盖学院公章，其中一份交至教务处教材建设与行政科（联系人：苏老师；电话：22866893；地点：行政北楼西210室），电子版发送至jwchjck@fzu.edu.cn，另一份学院留底。
4.2024年6月20日之前，学校教材委员会归口办公室（教务处）汇总全校教材选用信息报学校教材委员会审议。
5.选用的教材如果被学校驳回修改，相关学院应重复上述选用流程。

三、教材征订程序
1.学生于选课期间登陆教务处系统进行选课时，可自愿选择委托供应商统一订购教材、自行购买教材或不购买而从其他渠道获取教材三种方式之一；
2.待学生选课结束后（具体时间见选课相关通知），学生所在学院教学秘书应从系统导出教材征订情况表提交对应的教材供应商，并直接与其对接处理学生教材征订各项事宜。
备注：学生如需退订教材可自行联系供应商。
附件：
        1.已出版马克思主义理论研究和建设工程重点教材目录
        2.全国大中专教材用书目录（2024秋）
                                                  
                                                          福州大学教务处
                                                           2024年6月4日",2,0017449848580014620416,附件1：已出版马克思主义理论研究和建设工程重点教材目录（截至2024年05月，共计116种）.xlsx,958,https://jwch.fzu.edu.cn/system/_content/download.jsp?urltype=news.DownloadAttachUrl&owner=1744984858&wbfileid=14620416,14620416,1744984858
001042013546,https://jwch.fzu.edu.cn/info/1042/13546.htm,关于做好2024-2025学年第一学期教材选用及征订工作的通知（更新）,【教材中心】,2024-06-04,"各学院,相关教学单位：
为了确保2024-2025学年第一学期全校教学工作顺利进行，根据学校相关规定，现就2024年秋季教材选用及征订工作通知如下：
一、认真落实教材选用工作
（一）加强对教材选用的审核和管理
各学院要根据《福州大学教材管理实施细则（试行）》（福大政〔2022〕32号）《福州大学教材选用与供应管理办法》（福大教〔2020〕22号）相关文件精神，加强对教材选用的审核和管理，选用教材要坚持党的教育方针，把握正确方向和价值导向，体现思想性、科学性、时代性。选用外国教材时，要根据《教育部办公厅关于加强高等学校使用外国教材管理的通知》（教高厅〔2006〕5号）文件的要求进行严格审查。
（二）认真落实“马克思主义理论研究和建设工程重点教材”（以下简称“马工程教材”）统一使用工作
哲学社会科学类专业开设马工程重点建设相关课程，务必把马工程教材作为指定教材统一使用。请各学院认真核对本学院2024-2025学年第一学期所开设课程，如有开设马工程教材对应课程，必须统一选用马工程教材。已出版马工程教材名单见附件1。
二、教材选用程序

1.2024年6月4日—2024年6月6日，各学院任课教师或课程组（含通识教育必修课）根据开课计划，参考《全国大中专教材用书目录（2024秋）》（附件2），选用高质量、新版本优质教材，经所在教研室（系）讨论通过后登陆教务处系统（下称“系统”），在“教材申报”菜单下根据提示填报相应课程选用的教材信息。面向多个学院开课的课程教材信息由课程（组）负责人填写。
备注：所有课程（包括实践、实验课程等）任课老师均需上网填写选用教材信息，无需选用教材则选择“不选用正式出版物教材”并选择不选用原因。
2.2024年6月13日之前，各学院教学秘书从系统导出教师选用教材情况汇总表，提交学院教材工作小组审核。学院教材工作小组须组建教材选用审核小组（马克思主义理论和思想政治教育方面的专家须占有一定的比例）按照《福州大学教材管理实施细则（试行）》审核要求对所选用教材进行审核。各教学院长即时将审核意见通过系统提交，教学秘书导出并打印《2024-2025学年第一学期福州大学本科课程教材选用表》（一式两份），教材选用审核专家在《2024-2025学年第一学期福州大学本科课程教材选用表》表末填写审核意见并签字。学院在专家审核结束后应将选用结果在学院网站进行公示。各学院务必压实教材选用审核责任，把好教材选用关。
3.2024年6月17日之前，教材选用情况经公示无异议后，各学院教材工作小组组长在《2024-2025学年第一学期福州大学本科课程教材选用表》《2024-2025学年第一学期福州大学本科课程未选用教材情况汇总表》（一式两份）签字，并加盖学院公章，其中一份交至教务处教材建设与行政科（联系人：苏老师；电话：22866893；地点：行政北楼西210室），电子版发送至jwchjck@fzu.edu.cn，另一份学院留底。
4.2024年6月20日之前，学校教材委员会归口办公室（教务处）汇总全校教材选用信息报学校教材委员会审议。
5.选用的教材如果被学校驳回修改，相关学院应重复上述选用流程。

三、教材征订程序
1.学生于选课期间登陆教务处系统进行选课时，可自愿选择委托供应商统一订购教材、自行购买教材或不购买而从其他渠道获取教材三种方式之一；
2.待学生选课结束后（具体时间见选课相关通知），学生所在学院教学秘书应从系统导出教材征订情况表提交对应的教材供应商，并直接与其对接处理学生教材征订各项事宜。
备注：学生如需退订教材可自行联系供应商。
附件：
        1.已出版马克思主义理论研究和建设工程重点教材目录
        2.全国大中专教材用书目录（2024秋）
                                                  
                                                          福州大学教务处
                                                           2024年6月4日",2,0017449848580014620417,附件2：全国大中专教学用书目录(2024秋季).xlsx,1089,https://jwch.fzu.edu.cn/system/_content/download.jsp?urltype=news.DownloadAttachUrl&owner=1744984858&wbfileid=14620417,14620417,1744984858
001036013545,https://jwch.fzu.edu.cn/info/1036/13545.htm,关于2023-2024学年第二学期《马克思主义基本原理》课程期末考试安排的通知,【教学运行】,2024-06-04,"各有关学院：
定于16周进行《马克思主义基本原理》课程期末考试，请有关协助监考学院按考表（见附件）安排监考老师并录入系统，及时通知监考老师和学生上系统查看考试信息，以免延误考试。
为保证考试的顺利进行，如其他教学安排时间或地点与此次考试冲突，请予以调整。

马克思主义学院
教务处
2024年6月4日",1,0017449848580014620411,2302  马克思主义基本原理 期末考试.xlsx,742,https://jwch.fzu.edu.cn/system/_content/download.jsp?urltype=news.DownloadAttachUrl&owner=1744984858&wbfileid=14620411,14620411,1744984858
001036013544,https://jwch.fzu.edu.cn/info/1036/13544.htm,关于2023-2024学年第二学期《毛泽东思想和中国特色社会主义理论体系概论》课程期末考试安排的通知,【教学运行】,2024-06-04,"各有关学院：
定于16周进行《毛泽东思想和中国特色社会主义理论体系概论》课程期末考试，请有关协助监考学院按考表（见附件）安排监考老师并录入系统，及时通知监考老师和学生上系统查看考试信息，以免延误考试。
为保证考试的顺利进行，如其他教学安排时间或地点与此次考试冲突，请予以调整。

马克思主义学院
教务处
2024年6月4日",1,0017449848580014620410,2302 毛泽东思想和中国特色社会主义理论体系概论  期末考.xlsx,725,https://jwch.fzu.edu.cn/system/_content/download.jsp?urltype=news.DownloadAttachUrl&owner=1744984858&wbfileid=14620410,14620410,1744984858
001012013538,https://jwch.fzu.edu.cn/info/1012/13538.htm,福州大学关于推荐新一届教育部高等学校教学指导委员会专家的通知,【教学通知】,2024-05-30,"各学院、相关单位：
为深入学习贯彻习近平总书记关于教育的重要论述，贯彻落实党的二十大精神，全面落实立德树人根本任务，有力推动高校人才自主培养能力提升和高等教育高质量发展，进一步发挥专家组织对高等教育教学改革的研究、咨询和指导作用，根据《教育部办公厅关于推荐新一届教育部高等学校教学指导委员会委员的通知》（教高厅函〔2024〕4号）文件要求，学校现开展新一届教育部高等学校教学指导委员会(以下简称教学指导委员会)委员推荐工作，有关事项具体通知如下。
一、教学指导委员会性质和主要任务
教学指导委员会是教育部聘请并领导的专家组织，具有非常设学术机构的性质，接受教育部的委托，开展高等学校本科教学的研究、咨询、指导、评估、服务等工作。每届任期五年。主要任务包括：
(一)组织和开展本科教育教学领域的理论与实践研究。
(二)就高等学校的专业建设、教材建设、课程建设、教学实验室建设和教育教学改革等工作向教育部提出咨询意见和建议。
(三)制订专业规范或教学质量标准。
(四)承担有关本科教学评估以及本科专业设置的咨询工作。
(五)组织教师培训、学术研讨和信息交流，开展国际交流等。
(六)承担教育部委托的其他任务。
二、组建方案
新一届教学指导委员会名单及教学指导委员会组织设定等详见附件1。
三、委员组成
（一）教学指导委员会委员组成以高等学校从事教育教学工作的教师为主。
（二）根据工作需要，聘请部分相关行业、企业、科研院所专家。
四、任职条件
（一）政治立场坚定，能够全面贯彻党的教育方针，深刻理解高等教育有关政策，遵纪守法。
（二）师德高尚，教风端正，治学严谨，教学能力强。
（三）熟悉本科教育教学规律和人才培养工作，具有丰富的教学或教学管理等相关工作经验。近五年来坚持为本科生上课。专业建设负责人、教学名师、教学成果奖获得者、全国高校教师教学创新大赛获奖者、教学改革项目负责人优先。主任委员、副主任委员应具有教授职称；其他委员应具有教授或其他相应专业技术职称。
（四）组织协调能力较强，能够保证参与教学指导委员会工作的时间。原则上一人不能在多个教学指导委员会任职。
（五）身体健康，具有胜任教学指导委员会工作的身心条件。鼓励各地各校推荐45岁及以下专家和女性专家加入教学指导委员会。
（六）专项工作指导委员会专家应具有较丰富的相关工作经验，职称要求可适当放宽。
五、推荐办法
（一）本次推荐分为教育部教学指导委员会推荐和学校推荐两个途径。请各单位做好与上一届教育部教学指导委员会沟通联络，鼓励原教育部教学指导委员会委员通过所在教育部教学指导委员会进行推荐，力争我校更多优秀专家参与本届评选。
（二）对照《新一届教育部高等学校教学指导委员会名单》，各单位推荐同一教学指导委员会（或分委员会）的专家限1人。
（三）积极动员并推荐45岁及以下专家参与评选，学校推荐的所有教学指导委员会专家中45岁及以下比例不低于30%。
（四）各单位推荐专家人选时，应标注是否推荐其担任主任委员、副主任委员、监督委员，如推荐其担任主任委员，需一并推荐相应秘书长人选，协助主任委员处理日常工作。
（五）推荐专家人选须进行排序。
六、材料报送
各单位务必于6月5日16：00前将本单位《专家推荐信息表》、《推荐委员汇总表》、《推荐委员信息一览表》电子版发至jwch@fzu.edu.cn，纸质版签字盖章后送至行政北楼西210办公室，其中《专家推荐信息表》“单位承诺意见”由单位负责人签字并加盖公章，“单位政治审查意见”由单位党委负责人签字并加盖单位党委章。
联系人：教务处王利伟 电话：22866855

附件1：《教育部办公厅关于推荐新一届教育部高等学校教学指导委员会委员的通知》（教高厅函[2024]4号）
附件2：《专家推荐信息表》
附件3：《推荐委员汇总表》
附件4：《推荐委员信息一览表》

教务处
2024年5月30日",4,0017449848580014619035,附件4：推荐委员信息一览表.xlsx,828,https://jwch.fzu.edu.cn/system/_content/download.jsp?urltype=news.DownloadAttachUrl&owner=1744984858&wbfileid=14619035,14619035,1744984858
001012013538,https://jwch.fzu.edu.cn/info/1012/13538.htm,福州大学关于推荐新一届教育部高等学校教学指导委员会专家的通知,【教学通知】,2024-05-30,"各学院、相关单位：
为深入学习贯彻习近平总书记关于教育的重要论述，贯彻落实党的二十大精神，全面落实立德树人根本任务，有力推动高校人才自主培养能力提升和高等教育高质量发展，进一步发挥专家组织对高等教育教学改革的研究、咨询和指导作用，根据《教育部办公厅关于推荐新一届教育部高等学校教学指导委员会委员的通知》（教高厅函〔2024〕4号）文件要求，学校现开展新一届教育部高等学校教学指导委员会(以下简称教学指导委员会)委员推荐工作，有关事项具体通知如下。
一、教学指导委员会性质和主要任务
教学指导委员会是教育部聘请并领导的专家组织，具有非常设学术机构的性质，接受教育部的委托，开展高等学校本科教学的研究、咨询、指导、评估、服务等工作。每届任期五年。主要任务包括：
(一)组织和开展本科教育教学领域的理论与实践研究。
(二)就高等学校的专业建设、教材建设、课程建设、教学实验室建设和教育教学改革等工作向教育部提出咨询意见和建议。
(三)制订专业规范或教学质量标准。
(四)承担有关本科教学评估以及本科专业设置的咨询工作。
(五)组织教师培训、学术研讨和信息交流，开展国际交流等。
(六)承担教育部委托的其他任务。
二、组建方案
新一届教学指导委员会名单及教学指导委员会组织设定等详见附件1。
三、委员组成
（一）教学指导委员会委员组成以高等学校从事教育教学工作的教师为主。
（二）根据工作需要，聘请部分相关行业、企业、科研院所专家。
四、任职条件
（一）政治立场坚定，能够全面贯彻党的教育方针，深刻理解高等教育有关政策，遵纪守法。
（二）师德高尚，教风端正，治学严谨，教学能力强。
（三）熟悉本科教育教学规律和人才培养工作，具有丰富的教学或教学管理等相关工作经验。近五年来坚持为本科生上课。专业建设负责人、教学名师、教学成果奖获得者、全国高校教师教学创新大赛获奖者、教学改革项目负责人优先。主任委员、副主任委员应具有教授职称；其他委员应具有教授或其他相应专业技术职称。
（四）组织协调能力较强，能够保证参与教学指导委员会工作的时间。原则上一人不能在多个教学指导委员会任职。
（五）身体健康，具有胜任教学指导委员会工作的身心条件。鼓励各地各校推荐45岁及以下专家和女性专家加入教学指导委员会。
（六）专项工作指导委员会专家应具有较丰富的相关工作经验，职称要求可适当放宽。
五、推荐办法
（一）本次推荐分为教育部教学指导委员会推荐和学校推荐两个途径。请各单位做好与上一届教育部教学指导委员会沟通联络，鼓励原教育部教学指导委员会委员通过所在教育部教学指导委员会进行推荐，力争我校更多优秀专家参与本届评选。
（二）对照《新一届教育部高等学校教学指导委员会名单》，各单位推荐同一教学指导委员会（或分委员会）的专家限1人。
（三）积极动员并推荐45岁及以下专家参与评选，学校推荐的所有教学指导委员会专家中45岁及以下比例不低于30%。
（四）各单位推荐专家人选时，应标注是否推荐其担任主任委员、副主任委员、监督委员，如推荐其担任主任委员，需一并推荐相应秘书长人选，协助主任委员处理日常工作。
（五）推荐专家人选须进行排序。
六、材料报送
各单位务必于6月5日16：00前将本单位《专家推荐信息表》、《推荐委员汇总表》、《推荐委员信息一览表》电子版发至jwch@fzu.edu.cn，纸质版签字盖章后送至行政北楼西210办公室，其中《专家推荐信息表》“单位承诺意见”由单位负责人签字并加盖公章，“单位政治审查意见”由单位党委负责人签字并加盖单位党委章。
联系人：教务处王利伟 电话：22866855

附件1：《教育部办公厅关于推荐新一届教育部高等学校教学指导委员会委员的通知》（教高厅函[2024]4号）
附件2：《专家推荐信息表》
附件3：《推荐委员汇总表》
附件4：《推荐委员信息一览表》

教务处
2024年5月30日",4,0017449848580014619038,附件2：专家推荐信息表.docx,631,https://jwch.fzu.edu.cn/system/_content/download.jsp?urltype=news.DownloadAttachUrl&owner=1744984858&wbfileid=14619038,14619038,1744984858
001012013538,https://jwch.fzu.edu.cn/info/1012/13538.htm,福州大学关于推荐新一届教育部高等学校教学指导委员会专家的通知,【教学通知】,2024-05-30,"各学院、相关单位：
为深入学习贯彻习近平总书记关于教育的重要论述，贯彻落实党的二十大精神，全面落实立德树人根本任务，有力推动高校人才自主培养能力提升和高等教育高质量发展，进一步发挥专家组织对高等教育教学改革的研究、咨询和指导作用，根据《教育部办公厅关于推荐新一届教育部高等学校教学指导委员会委员的通知》（教高厅函〔2024〕4号）文件要求，学校现开展新一届教育部高等学校教学指导委员会(以下简称教学指导委员会)委员推荐工作，有关事项具体通知如下。
一、教学指导委员会性质和主要任务
教学指导委员会是教育部聘请并领导的专家组织，具有非常设学术机构的性质，接受教育部的委托，开展高等学校本科教学的研究、咨询、指导、评估、服务等工作。每届任期五年。主要任务包括：
(一)组织和开展本科教育教学领域的理论与实践研究。
(二)就高等学校的专业建设、教材建设、课程建设、教学实验室建设和教育教学改革等工作向教育部提出咨询意见和建议。
(三)制订专业规范或教学质量标准。
(四)承担有关本科教学评估以及本科专业设置的咨询工作。
(五)组织教师培训、学术研讨和信息交流，开展国际交流等。
(六)承担教育部委托的其他任务。
二、组建方案
新一届教学指导委员会名单及教学指导委员会组织设定等详见附件1。
三、委员组成
（一）教学指导委员会委员组成以高等学校从事教育教学工作的教师为主。
（二）根据工作需要，聘请部分相关行业、企业、科研院所专家。
四、任职条件
（一）政治立场坚定，能够全面贯彻党的教育方针，深刻理解高等教育有关政策，遵纪守法。
（二）师德高尚，教风端正，治学严谨，教学能力强。
（三）熟悉本科教育教学规律和人才培养工作，具有丰富的教学或教学管理等相关工作经验。近五年来坚持为本科生上课。专业建设负责人、教学名师、教学成果奖获得者、全国高校教师教学创新大赛获奖者、教学改革项目负责人优先。主任委员、副主任委员应具有教授职称；其他委员应具有教授或其他相应专业技术职称。
（四）组织协调能力较强，能够保证参与教学指导委员会工作的时间。原则上一人不能在多个教学指导委员会任职。
（五）身体健康，具有胜任教学指导委员会工作的身心条件。鼓励各地各校推荐45岁及以下专家和女性专家加入教学指导委员会。
（六）专项工作指导委员会专家应具有较丰富的相关工作经验，职称要求可适当放宽。
五、推荐办法
（一）本次推荐分为教育部教学指导委员会推荐和学校推荐两个途径。请各单位做好与上一届教育部教学指导委员会沟通联络，鼓励原教育部教学指导委员会委员通过所在教育部教学指导委员会进行推荐，力争我校更多优秀专家参与本届评选。
（二）对照《新一届教育部高等学校教学指导委员会名单》，各单位推荐同一教学指导委员会（或分委员会）的专家限1人。
（三）积极动员并推荐45岁及以下专家参与评选，学校推荐的所有教学指导委员会专家中45岁及以下比例不低于30%。
（四）各单位推荐专家人选时，应标注是否推荐其担任主任委员、副主任委员、监督委员，如推荐其担任主任委员，需一并推荐相应秘书长人选，协助主任委员处理日常工作。
（五）推荐专家人选须进行排序。
六、材料报送
各单位务必于6月5日16：00前将本单位《专家推荐信息表》、《推荐委员汇总表》、《推荐委员信息一览表》电子版发至jwch@fzu.edu.cn，纸质版签字盖章后送至行政北楼西210办公室，其中《专家推荐信息表》“单位承诺意见”由单位负责人签字并加盖公章，“单位政治审查意见”由单位党委负责人签字并加盖单位党委章。
联系人：教务处王利伟 电话：22866855

附件1：《教育部办公厅关于推荐新一届教育部高等学校教学指导委员会委员的通知》（教高厅函[2024]4号）
附件2：《专家推荐信息表》
附件3：《推荐委员汇总表》
附件4：《推荐委员信息一览表》

教务处
2024年5月30日",4,0017449848580014619036,附件1：教育部办公厅关于推荐新一届教指委委员的通知.pdf,545,https://jwch.fzu.edu.cn/system/_content/download.jsp?urltype=news.DownloadAttachUrl&owner=1744984858&wbfileid=14619036,14619036,1744984858
001012013538,https://jwch.fzu.edu.cn/info/1012/13538.htm,福州大学关于推荐新一届教育部高等学校教学指导委员会专家的通知,【教学通知】,2024-05-30,"各学院、相关单位：
为深入学习贯彻习近平总书记关于教育的重要论述，贯彻落实党的二十大精神，全面落实立德树人根本任务，有力推动高校人才自主培养能力提升和高等教育高质量发展，进一步发挥专家组织对高等教育教学改革的研究、咨询和指导作用，根据《教育部办公厅关于推荐新一届教育部高等学校教学指导委员会委员的通知》（教高厅函〔2024〕4号）文件要求，学校现开展新一届教育部高等学校教学指导委员会(以下简称教学指导委员会)委员推荐工作，有关事项具体通知如下。
一、教学指导委员会性质和主要任务
教学指导委员会是教育部聘请并领导的专家组织，具有非常设学术机构的性质，接受教育部的委托，开展高等学校本科教学的研究、咨询、指导、评估、服务等工作。每届任期五年。主要任务包括：
(一)组织和开展本科教育教学领域的理论与实践研究。
(二)就高等学校的专业建设、教材建设、课程建设、教学实验室建设和教育教学改革等工作向教育部提出咨询意见和建议。
(三)制订专业规范或教学质量标准。
(四)承担有关本科教学评估以及本科专业设置的咨询工作。
(五)组织教师培训、学术研讨和信息交流，开展国际交流等。
(六)承担教育部委托的其他任务。
二、组建方案
新一届教学指导委员会名单及教学指导委员会组织设定等详见附件1。
三、委员组成
（一）教学指导委员会委员组成以高等学校从事教育教学工作的教师为主。
（二）根据工作需要，聘请部分相关行业、企业、科研院所专家。
四、任职条件
（一）政治立场坚定，能够全面贯彻党的教育方针，深刻理解高等教育有关政策，遵纪守法。
（二）师德高尚，教风端正，治学严谨，教学能力强。
（三）熟悉本科教育教学规律和人才培养工作，具有丰富的教学或教学管理等相关工作经验。近五年来坚持为本科生上课。专业建设负责人、教学名师、教学成果奖获得者、全国高校教师教学创新大赛获奖者、教学改革项目负责人优先。主任委员、副主任委员应具有教授职称；其他委员应具有教授或其他相应专业技术职称。
（四）组织协调能力较强，能够保证参与教学指导委员会工作的时间。原则上一人不能在多个教学指导委员会任职。
（五）身体健康，具有胜任教学指导委员会工作的身心条件。鼓励各地各校推荐45岁及以下专家和女性专家加入教学指导委员会。
（六）专项工作指导委员会专家应具有较丰富的相关工作经验，职称要求可适当放宽。
五、推荐办法
（一）本次推荐分为教育部教学指导委员会推荐和学校推荐两个途径。请各单位做好与上一届教育部教学指导委员会沟通联络，鼓励原教育部教学指导委员会委员通过所在教育部教学指导委员会进行推荐，力争我校更多优秀专家参与本届评选。
（二）对照《新一届教育部高等学校教学指导委员会名单》，各单位推荐同一教学指导委员会（或分委员会）的专家限1人。
（三）积极动员并推荐45岁及以下专家参与评选，学校推荐的所有教学指导委员会专家中45岁及以下比例不低于30%。
（四）各单位推荐专家人选时，应标注是否推荐其担任主任委员、副主任委员、监督委员，如推荐其担任主任委员，需一并推荐相应秘书长人选，协助主任委员处理日常工作。
（五）推荐专家人选须进行排序。
六、材料报送
各单位务必于6月5日16：00前将本单位《专家推荐信息表》、《推荐委员汇总表》、《推荐委员信息一览表》电子版发至jwch@fzu.edu.cn，纸质版签字盖章后送至行政北楼西210办公室，其中《专家推荐信息表》“单位承诺意见”由单位负责人签字并加盖公章，“单位政治审查意见”由单位党委负责人签字并加盖单位党委章。
联系人：教务处王利伟 电话：22866855

附件1：《教育部办公厅关于推荐新一届教育部高等学校教学指导委员会委员的通知》（教高厅函[2024]4号）
附件2：《专家推荐信息表》
附件3：《推荐委员汇总表》
附件4：《推荐委员信息一览表》

教务处
2024年5月30日",4,0017449848580014619037,附件3：推荐委员汇总表.xlsx,518,https://jwch.fzu.edu.cn/system/_content/download.jsp?urltype=news.DownloadAttachUrl&owner=1744984858&wbfileid=14619037,14619037,1744984858
001036013536,https://jwch.fzu.edu.cn/info/1036/13536.htm,关于2024年端午放假课程调整的通知,【教学运行】,2024-05-30,"各学院、教学单位：
根据党政办有关2024年端午节放假通知的精神，现将节日放假期间的教学安排调整如下：
6月10日（星期一）全校本科生课程（含通识教育选修课）停课。因停课受影响的教学内容，请任课老师自行调整或安排另外时间补课。
请各学院、教学单位及时通知相关的学生和老师。
教务处
2024年5月30日",0,,,,,,
001036013533,https://jwch.fzu.edu.cn/info/1036/13533.htm,关于2023-2024学年第二学期《工程制图（C）》课程期末考试安排的通知,【教学运行】,2024-05-29,"各有关学院：
定于6月16日下午进行《工程制图（C）》课程期末考试，请有关协助监考学院按考表（见附件）安排监考老师并录入系统，及时通知监考老师和学生上系统查看考试信息，以免延误考试。
为保证考试的顺利进行，如其他教学安排时间或地点与此次考试冲突，请予以调整。

机械学院
教务处
2024年5月29日",1,0017449848580014618057,2302 工程制图C（下）期末考试 6.16下午.xlsx,644,https://jwch.fzu.edu.cn/system/_content/download.jsp?urltype=news.DownloadAttachUrl&owner=1744984858&wbfileid=14618057,14618057,1744984858
001036013532,https://jwch.fzu.edu.cn/info/1036/13532.htm,关于2023-2024学年第二学期《思想道德与法治》课程期末考试安排的通知,【教学运行】,2024-05-29,"各有关学院：
定于16周进行《思想道德与法治》课程期末考试，请有关协助监考学院按考表（见附件）安排监考老师并录入系统，及时通知监考老师和学生上系统查看考试信息，以免延误考试。
为保证考试的顺利进行，如其他教学安排时间或地点与此次考试冲突，请予以调整。

马克思主义学院
教务处
2024年5月29日",1,0017449848580014618055,2302 德法 期末考.xlsx,692,https://jwch.fzu.edu.cn/system/_content/download.jsp?urltype=news.DownloadAttachUrl&owner=1744984858&wbfileid=14618055,14618055,1744984858
001036013531,https://jwch.fzu.edu.cn/info/1036/13531.htm,关于2023-2024学年第二学期《概率论与数理统计》课程期末考试安排的通知,【教学运行】,2024-05-27,"各有关学院：
定于6月2日下午进行《概率论与数理统计》课程期末考试，请有关协助监考学院按考表（见附件）安排监考老师并录入系统，及时通知监考老师和学生上系统查看考试信息，以免延误考试。
为保证考试的顺利进行，如其他教学安排时间或地点与此次考试冲突，请予以调整。

数统学院
教务处
2024年5月27日",1,0017449848580014615348,2302 概率期末考 6.2下午.xlsx,718,https://jwch.fzu.edu.cn/system/_content/download.jsp?urltype=news.DownloadAttachUrl&owner=1744984858&wbfileid=14615348,14615348,1744984858
001036013530,https://jwch.fzu.edu.cn/info/1036/13530.htm,关于2023-2024学年第二学期《中国近现代史纲要》课程期末考试安排的通知,【教学运行】,2024-05-24,"各有关学院：
定于14-15周进行《中国近现代史纲要》课程期末考试，请有关协助监考学院按考表（见附件）安排监考老师并录入系统，及时通知监考老师和学生上系统查看考试信息，以免延误考试。
为保证考试的顺利进行，如其他教学安排时间或地点与此次考试冲突，请予以调整。

马克思主义学院
教务处
2024年5月24日",1,0017449848580014613665,2302 近现代 期末考试.xlsx,898,https://jwch.fzu.edu.cn/system/_content/download.jsp?urltype=news.DownloadAttachUrl&owner=1744984858&wbfileid=14613665,14613665,1744984858
001036013529,https://jwch.fzu.edu.cn/info/1036/13529.htm,关于2023-2024学年第二学期《线性代数》课程期末考试安排的通知,【教学运行】,2024-05-24,"各有关学院：
定于6月2日下午进行《线性代数》课程期末考试，请有关协助监考学院按考表（见附件）安排监考老师并录入系统，及时通知监考老师和学生上系统查看考试信息，以免延误考试。
为保证考试的顺利进行，如其他教学安排时间或地点与此次考试冲突，请予以调整。

数统学院
教务处
2024年5月24日",1,0017449848580014613663,2302 线性代数期末考 6.2下午.xlsx,773,https://jwch.fzu.edu.cn/system/_content/download.jsp?urltype=news.DownloadAttachUrl&owner=1744984858&wbfileid=14613663,14613663,1744984858
001036013210,https://jwch.fzu.edu.cn/info/1036/13210.htm,关于2023-2024学年第一学期《大学英语（二）》课程期末考试安排的通知,【教学运行】,2024-01-02,"各有关学院：
定于1月15日进行《大学英语（二）》课程期末考试，请有关协助监考学院按考表（见附件）安排监考老师并录入系统，及时通知监考老师和学生上系统查看考试信息，以免延误考试。
为保证考试的顺利进行，如其他教学安排时间或地点与此次考试冲突，请予以调整。

外语学院
教务处
2024年1月2日",1,0017449848580014571711,2301大学英语（二）期末考试 1.15上午、下午.xlsx,1028,https://jwch.fzu.edu.cn/system/_content/download.jsp?urltype=news.DownloadAttachUrl&owner=1744984858&wbfileid=14571711,14571711,1744984858
001036013209,https://jwch.fzu.edu.cn/info/1036/13209.htm,关于2023-2024学年第一学期《大学英语（一）》、《大学英语（三）》课程期末考试安排的通知,【教学运行】,2024-01-02,"各有关学院：
定于1月14日上午进行《大学英语（一）》、《大学英语（三）》课程期末考试，请有关协助监考学院按考表（见附件）安排监考老师并录入系统，及时通知监考老师和学生上系统查看考试信息，以免延误考试。
为保证考试的顺利进行，如其他教学安排时间或地点与此次考试冲突，请予以调整。

外语学院
教务处
2024年1月2日",1,0017449848580014571710,2301大学英语（一）、（三）期末考试 1.14上午.xlsx,763,https://jwch.fzu.edu.cn/system/_content/download.jsp?urltype=news.DownloadAttachUrl&owner=1744984858&wbfileid=14571710,14571710,1744984858
001036013208,https://jwch.fzu.edu.cn/info/1036/13208.htm,关于2023-2024学年第一学期《工程制图A（上）》、《工程制图C（上）》、《工程制图D》、《工程制图F》课程期末考试安排的通知,【教学运行】,2024-01-02,"各有关学院：
定于1月13日上午进行《工程制图A（上）》、《工程制图C（上）》、《工程制图D》、《工程制图F》课程期末考试，请有关协助监考学院按考表（见附件）安排监考老师并录入系统，及时通知监考老师和学生上系统查看考试信息，以免延误考试。
为保证考试的顺利进行，如其他教学安排时间或地点与此次考试冲突，请予以调整。

机械学院
教务处
2024年1月2日",1,0017449848580014571709,2301制图A(上）、C（上）、D、F期末考试 1.13上午.xlsx,819,https://jwch.fzu.edu.cn/system/_content/download.jsp?urltype=news.DownloadAttachUrl&owner=1744984858&wbfileid=14571709,14571709,1744984858
001039013207,https://jwch.fzu.edu.cn/info/1039/13207.htm,关于公布大学生校外实践教学基地检查结果的通知,【实践科】,2023-12-29,"校教〔2023〕46号

各学院：
根据《福州大学关于开展大学生校外实践教学基地检查评估的通知》文件精神，我校开展了大学生校外实践教学基地检查评估工作，本次共收到各学院上报的基地557个，经过学院逐一自查，学校认真评估审核，现将检查结果予以公布：继续使用的基地347个，整改留用的基地76个，取消的基地134个。具体名单详见附件。
附件：福州大学大学生校外实践教学基地检查评估结果汇总表

             福州大学教务处
               2023年12月29日",1,0017449848580014569528,附件：福州大学大学生校外实践教学基地检查评估结果汇总表.xlsx,1302,https://jwch.fzu.edu.cn/system/_content/download.jsp?urltype=news.DownloadAttachUrl&owner=1744984858&wbfileid=14569528,14569528,1744984858
001039013206,https://jwch.fzu.edu.cn/info/1039/13206.htm,关于公布首批大学生示范性校外实践教学基地名单的通知,【实践科】,2023-12-28,"校教〔2023〕44号

各学院：
根据学校《关于开展大学生校外实践教学基地检查评估的通知》的文件精神，在学院检查评估基础上，组织校外专家函评，同意紫金矿业集团股份有限公司等7个大学生校外实践教学基地为福州大学首批大学生示范性校外实践教学基地，现将基地名单公布如下：

福州大学首批大学生示范性校外实践教学基地名单

序号
基地名称
主要面向校内专业（大类）名称
学院

1
紫金矿业集团股份有限公司
资源勘查工程、采矿工程、矿物加工工程
地矿

2
福建仙芝楼生物科技有限公司
制药工程
化学

3
福建福融新材料有限公司
高分子材料与工程
材料

4
福州市水务投资发展有限公司
给排水科学与工程
土木

5
福建华兴会计师事务所（特殊普通合伙）
会计学、财务管理
经管

6
高意集团公司
应用物理学
物信

7
厦门市园林植物园
风景园林
建筑

福州大学教务处
2023年12月28日",0,,,,,,
001037013204,https://jwch.fzu.edu.cn/info/1037/13204.htm,关于开展福建省第二批新工科教育优秀教学案例征集、实践平台共建共享推荐工作的通知,【教研教改】,2023-12-26,"各相关学院：
根据《福建省新工科教育联盟关于开展第二批新工科教育优秀教学案例征集、实践平台共建共享工作的通知》（见附件1）文件精神，经研究，决定开展福建省第二批新工科优秀教学案例征集、实践平台共建共享推荐工作，现将有关事项通知如下：
一、申报数量
申报条件等详见附件通知文件，原则上每个学院推荐不超过3项。
二、评审程序

学校根据各相关学院申报情况，组织专家评审，择优上报。

三、材料提交
请各相关学院于2024年1月15日前提交申报材料，将每个案例按“单位名称+案例名称+案例形式（图文案例/视频案例等）+作者姓名”格式命名，连同各单位案例申报汇总表一起放入文件夹（文件夹命名方式： 第二批新工科教育优秀案例征集+单位名称+征集到的案例数量）打包、《福建省高校新工科共建共享实践平台建设任务书》按“单位名称+平台名称+平台类型”格式命名，连同各单位实践平台申报汇总表一起放入文件夹（文件夹命名方式：第二批新工科共建共享实践平台建设+单位名称+申报数量）打包发送至指定邮箱，纸质版材料一式1份。

联系人：黄少钦  电话：0591-22866859
邮  箱：jyk@fzu.edu.cn

附件：1.福建省新工科教育联盟关于开展第二批新工科教育优秀教学案例
    征集、实践平台共建共享工作的通知
      2.第二批福建省新工科教育联盟新工科教育优秀教学案例征集、实践平台共建共享工作附件3-附件6

   教务处      
2023年12月26日",2,0017449848580013183994,第二批福建省新工科教育联盟新工科教育优秀教学案例征集、实践平台共建共享工作附件3——附件6.rar,841,https://jwch.fzu.edu.cn/system/_content/download.jsp?urltype=news.DownloadAttachUrl&owner=1744984858&wbfileid=13183994,13183994,1744984858
001037013204,https://jwch.fzu.edu.cn/info/1037/13204.htm,关于开展福建省第二批新工科教育优秀教学案例征集、实践平台共建共享推荐工作的通知,【教研教改】,2023-12-26,"各相关学院：
根据《福建省新工科教育联盟关于开展第二批新工科教育优秀教学案例征集、实践平台共建共享工作的通知》（见附件1）文件精神，经研究，决定开展福建省第二批新工科优秀教学案例征集、实践平台共建共享推荐工作，现将有关事项通知如下：
一、申报数量
申报条件等详见附件通知文件，原则上每个学院推荐不超过3项。
二、评审程序

学校根据各相关学院申报情况，组织专家评审，择优上报。

三、材料提交
请各相关学院于2024年1月15日前提交申报材料，将每个案例按“单位名称+案例名称+案例形式（图文案例/视频案例等）+作者姓名”格式命名，连同各单位案例申报汇总表一起放入文件夹（文件夹命名方式： 第二批新工科教育优秀案例征集+单位名称+征集到的案例数量）打包、《福建省高校新工科共建共享实践平台建设任务书》按“单位名称+平台名称+平台类型”格式命名，连同各单位实践平台申报汇总表一起放入文件夹（文件夹命名方式：第二批新工科共建共享实践平台建设+单位名称+申报数量）打包发送至指定邮箱，纸质版材料一式1份。

联系人：黄少钦  电话：0591-22866859
邮  箱：jyk@fzu.edu.cn

附件：1.福建省新工科教育联盟关于开展第二批新工科教育优秀教学案例
    征集、实践平台共建共享工作的通知
      2.第二批福建省新工科教育联盟新工科教育优秀教学案例征集、实践平台共建共享工作附件3-附件6

   教务处      
2023年12月26日",2,0017449848580013183995,福建省新工科教育联盟关于开展第二批新工科教育优秀教学案例征集、实践平台共建共享工作的通知（含章）.pdf,1193,https://jwch.fzu.edu.cn/system/_content/download.jsp?urltype=news.DownloadAttachUrl&owner=1744984858&wbfileid=13183995,13183995,1744984858
001037013203,https://jwch.fzu.edu.cn/info/1037/13203.htm,关于开展福建省高校第二批课程思政优秀教学案例推荐工作的通知,【教研教改】,2023-12-26,"各学院，相关教学单位：
根据《福建省高校课程思政教育联盟关于开展第二批课程思政优秀教学案例征集工作的通知》（见附件）文件精神，经研究，决定开展福建省高校第二批课程思政优秀教学案例推荐工作，有关事项通知如下：
一、案例推荐
根据文件规定，我校可推荐福建省课程思政优秀教学案例不超过8个。申报条件等详见附件通知文件。请各学院根据文件要求做好遴选及推荐工作，原则上每个学院推荐不超过3项。
二、评审程序
学校根据申报情况，组织专家评审，择优上报。
三、材料提交
请各学院及相关教学单位于2024年1月15日前，将每个案例（按“单位名称+案例名称+作者姓名”格式命名）及《课程负责人承诺及单位政治审查意见书》（每个案例单独一个文件夹），连同各单位案例申报汇总表一并放入文件夹(文件夹命名方式：2023年课程思政优秀教学案例征集+单位名称+征集到的案例数量）打包发送至指定邮箱，纸质版材料一式1份。

联系人：苏淑珍  电话：0591-22866893
邮  箱：jwchjck@fzu.edu.cn

附件：福建省高校课程思政教育联盟关于开展第二批课程思政优秀教学案例
       征集工作的通知

  教务处        
2023年12月26日",2,0017449848580013183975,福建省高校课程思政教育联盟关于开展第二批课程思政优秀教学案例征集工作的通知20231127.docx,1151,https://jwch.fzu.edu.cn/system/_content/download.jsp?urltype=news.DownloadAttachUrl&owner=1744984858&wbfileid=13183975,13183975,1744984858
001037013203,https://jwch.fzu.edu.cn/info/1037/13203.htm,关于开展福建省高校第二批课程思政优秀教学案例推荐工作的通知,【教研教改】,2023-12-26,"各学院，相关教学单位：
根据《福建省高校课程思政教育联盟关于开展第二批课程思政优秀教学案例征集工作的通知》（见附件）文件精神，经研究，决定开展福建省高校第二批课程思政优秀教学案例推荐工作，有关事项通知如下：
一、案例推荐
根据文件规定，我校可推荐福建省课程思政优秀教学案例不超过8个。申报条件等详见附件通知文件。请各学院根据文件要求做好遴选及推荐工作，原则上每个学院推荐不超过3项。
二、评审程序
学校根据申报情况，组织专家评审，择优上报。
三、材料提交
请各学院及相关教学单位于2024年1月15日前，将每个案例（按“单位名称+案例名称+作者姓名”格式命名）及《课程负责人承诺及单位政治审查意见书》（每个案例单独一个文件夹），连同各单位案例申报汇总表一并放入文件夹(文件夹命名方式：2023年课程思政优秀教学案例征集+单位名称+征集到的案例数量）打包发送至指定邮箱，纸质版材料一式1份。

联系人：苏淑珍  电话：0591-22866893
邮  箱：jwchjck@fzu.edu.cn

附件：福建省高校课程思政教育联盟关于开展第二批课程思政优秀教学案例
       征集工作的通知

  教务处        
2023年12月26日",2,0017449848580013183976,福建省高校课程思政教育联盟关于开展第二批课程思政优秀教学案例征集工作的通知（含章）.pdf,1496,https://jwch.fzu.edu.cn/system/_content/download.jsp?urltype=news.DownloadAttachUrl&owner=1744984858&wbfileid=13183976,13183976,1744984858
001040013201,https://jwch.fzu.edu.cn/info/1040/13201.htm,福州大学关于公布2023年教师教学创新大赛获奖名单的通知,【质量办】,2023-12-26,"福大教〔2023〕37号

各学院，机关各部门、各单位：
根据《福建省教育厅关于举办第四届福建省高校教师教学创新大赛的通知》（闽教高〔2023〕23号）的精神，为选拔优秀选手参加第四届福建省高校教师教学创新大赛，学校组织开展了2023年教师教学创新大赛工作。经个人申报、专家函评、现场评审，共评选出福州大学2023年教师教学创新大赛特等奖7项、一等奖9项、二等奖11项。现将名单公布如下：
一、特等奖（7项）

序号
参赛主讲教师
学院
团队成员
课程名称
课程类别
参赛组别

1
贾丽萍
法学院
无
知识产权法
新文科
正高

2
张进
石油化工学院
无
生物医用高分子材料
新工科
正高

3
曾勋勋
数学与统计学院
王 平周 勇吕书龙
高等数学B（上）
基础课
副高

4
王炜
建筑与城乡规划学院
林志森郑 媛
场地设计
新工科
副高

5
刘莞玲
计算机与大数据学院
傅仰耿王一蕾孙 岚
数据结构与算法分析
新工科
中级及以下

6
高斯琦
厦门工艺美术学院
无
色彩构成
新文科
中级及以下

7
吴海东
经济与管理学院
徐泽林 陈海汉
大数据分析
课程思政
中级及以下

二、一等奖（9项）

序号
参赛主讲教师
学院
团队成员
课程名称
课程类别
参赛组别

1
赵秋
土木工程学院
杨 艳陈友杰
钢桥
新工科
正高

2
李德彪
经济与管理学院
陈可嘉杨立熙
生产运作管理
新文科
正高

3
田军
人文社会科学学院
无
美学与日常生活
新文科
副高

4
洪昕晨
建筑与城乡规划学院
洪婷婷张雪葳王文奎
种植设计
新工科
副高

5
郑鹏
环境与安全工程学院
潘文斌陈晓晨
环境微生物学
新工科
副高

6
林翠英
化学学院
付凤富林子俺林振宇
分析化学J
新工科
副高

7
张滢
环境与安全工程学院
许玉东张新颖
排水管网工程
新工科
中级及以下

8
李劲林
机械工程及自动化学院
无
微机原理与接口技术
新工科
中级及以下

9
茅宇虹
生物科学与工程学院
无
六个瓶子里的故事
课程思政
中级及以下

三、二等奖（11项）

序号
参赛主讲教师
学院
团队成员
课程名称
课程类别
参赛组别

1
李昭庆
厦门工艺美术学院
林 伟刘晓宏王舒祺
服装材料学
新文科
正高

2
吴靖
机械工程及自动化学院
无
工程流体力学
新工科
正高

3
靳艳巧
材料科学与工程学院
郭智勇林腾飞邓 平
高分子化学
新工科
副高

4
张延吉
人文社会科学学院
无
城市社会学
新文科
副高

5
吴元子
生物科学与工程学院
翁祖铨严 芬李建华
组织工程学
新医科
副高

6
张丽萍
机械工程及自动化学院
刘锦春刘扭扭徐圣瑶
控制工程基础
新工科
副高

7
黄明清
紫金地质与矿业学院
刘青灵
采矿工程生产实习
新工科
副高

8
高方然
外国语学院
张晓露
德语综合课4
新文科
中级及以下

9
刘金艳
紫金地质与矿业学院
无
生物冶金原理与技术
新工科
中级及以下

10
林翔
生物科学与工程学院
无
生物化学
基础课
中级及以下

11
林忠麟
机械工程及自动化学院
无
微机原理与接口技术
新工科
中级及以下

福 州 大 学

2023年12月18日",0,,,,,,
001036013198,https://jwch.fzu.edu.cn/info/1036/13198.htm,关于2023-2024学年第二学期本科生学期选课的通知,【教学运行】,2023-12-25,"各学院、全体本科同学：
一、选课对象及范围
本次选课对象为全校本一学生，选课范围为2023-2024学年第二学期各专业开设的所有课程。
所有学生均必须登录系统，进入选课界面确认选课，否则选课记录无效，所有选课记录不会保存（包括只有一个默认选项的课程）。
二、选课时间
   第一轮：12月26日～12月28日24:00（投积分方式）
   第二轮：12月30日～1月1日24:00（投积分方式）
   第三轮：1月3日～1月5日24:00（即选即中方式）
三、积分选课原则
本次选课仍采用投积分、分轮次进行的方式，先预选后由系统统一处理选课结果，第一轮与第二轮选课期间不管先选或者后选所有学生机会一致，均在每轮结束后由系统统一处理，因此不必集中在某天的某个时间段内同时选课（例如最后一天的最后几分钟）。
四、具体方法
1.根据各专业教学计划2023-2024学年第二学期的开课情况，每门课程给予20个积分，必修课积分和选修课积分分开计算，不能合并使用（例如电气专业有7门必修课2门选修课，则该专业学生的选课积分就有必修7×20＝140分、选修2×20＝40分）。
2.选课期间系统列出本学期本专业开设的课程，以及相应课程各时间段各开课班的信息（包含任课教师、上课地点、上课时间、学分、学时等，即一门课程同一个时间段可能会有多个上课班级）。
3.选课要求每位学生对自己的必修课程（公共必修、学科必修、专业必修、实践环节）都必须投下积分进行选择，不得缺选某门必修课，具体投下积分可高可低，但所有投下积分的和不得大于总积分，因此请合理分配总积分（注：对于某门只有一个上课班级的课程，如为必选课则点击“学期选课”后系统将自动选中，且不必为该课程分配积分）。
4.每位学生对欲选课程所投下的积分必须大于0小于总积分且为整数，通常投下积分越多，选中的概率就越大。
五、系统处理原则
1.由于各专业开课门数不一致，为了更能体现公平，处理过程系统自动将各同学每门课程投下的积分除以该同学的总积分形成积分比。
2.系统的选中处理：根据各课程具体上课班级的投分情况和限选人数，从高积分比往低积分比依次提取名单。对于未达到限选人数的上课班级，系统将形成人数差额，供同学下一轮继续选课，对于超过限选人数的上课班级，系统将依次从高积分比往低积分比抽取名单直至达到限选人数，对于相同积分比但超过限选人数的同学将采取随机抽取的办法。
3.第一轮选课结束后未选满课程的同学，可以参与第二轮的选课。积分算法将根据具体未选上课程总数重新分配总积分，前两轮选课过程和结果处理方法都一致。第二轮还未选满课程的同学可以参加第三轮选课，第三轮选课采用即选即中的方式。
六、选课流程
1.访问福州大学教务处网站（http://jwch.fzu.edu.cn）。
2.在网站“本科教学系统”的用户登陆框中输入账号和密码，点击登陆按钮进入系统（第一次登陆请务必立即点击【个人助理】下的【修改密码】菜单修改个人密码并牢记新密码）。
3.点击【基础信息】下的相关菜单，查看并核对个人信息以及个人培养计划，如有疑义请及时与相关学院学工组或教学办核实，再点击【基础信息】下的【排课查询】菜单，初步了解本专业2023-2024学年第二学期的排课情况（注：此步骤在选课前即可进行）。
4.点击【网上选课】下的【学期选课】菜单，系统将在页面右侧窗口列出本专业2023-2024学年第二学期专业开设的所有课程，学生可以根据各课程具体的排课情况，点击单选按钮并在单选按钮后的文本框中输入拟投下的积分，直到选完所有课程后，再点击窗口最下方的“确定选课”按钮。
5.每轮选课结果公布后，所有学生务必查看各自的选课结果，对照教学计划，如有课程未选上请继续下一轮的选课。第三轮选课结束后务必进入【我的选课】查看核对选课结果，对于未选中的课程，可在补退选时间进行调整。如最终仍未选中课程，则该课程无效。
七、其他
第三轮选课之后每位同学必须打印课表，或将自己的选课结果截屏保存，作为下个学期上课时间安排的依据。

注册中心
2023年12月25日",0,,,,,,
001036013197,https://jwch.fzu.edu.cn/info/1036/13197.htm,关于2024年元旦放假课程调整的通知,【教学运行】,2023-12-25,"各学院、教学单位：
根据党政办有关2024年元旦放假通知的精神，现将节日放假期间的教学安排调整如下：
1、2024年1月1日（周一）放假，原安排的课程停上。
2、因停课受影响的教学内容，请任课老师自行调整或安排另外时间补课。

请各学院及时通知相关的学生和老师。

教务处
    2023年12月25日",0,,,,,,
001037013196,https://jwch.fzu.edu.cn/info/1037/13196.htm,关于转发教育部高等教育司《关于公布2023年产学合作协同育人项目立项名单的通知》的通知,【教研教改】,2023-12-21,"各学院、有关单位：
根据《教育部产学合作协同育人项目管理办法》（教高厅〔2020〕1号）要求（以下简称《项目管理办法》），教育部高等教育司日前公布了2023年产学合作协同育人项目立项结果，请登录项目平台（https://cxhz.hep.com.cn），通过“产学合作”—“立项证书下载（2023年）”页面查看项目立项情况并下载立项证书。
项目负责人要与相关企业加强联系，按照要求高质量高效推进项目实施，并按照《项目管理办法》的要求和合作协议的约定，及时完成项目结题验收工作。

附件：1.教育部高等教育司关于公布2023年产学合作协同育人项目立项名单的通知（教高司函〔2023〕11号）
2.2023年产学合作协同育人项目立项名单（55项）

福州大学教务处
2023年12月21日",0,,,,,,
001036013195,https://jwch.fzu.edu.cn/info/1036/13195.htm,关于2023-2024学年第一学期《大学英语（四）》课程期末考试安排的通知,【教学运行】,2023-12-21,"各有关学院：
定于1月7日下午进行《大学英语（四）》课程期末考试，请有关协助监考学院按考表（见附件）安排监考老师并录入系统，及时通知监考老师和学生上系统查看考试信息，以免延误考试。
为保证考试的顺利进行，如其他教学安排时间或地点与此次考试冲突，请予以调整。

外语学院
教务处
2023年12月21日",1,0017449848580013182804,2301英语四期末考试 1.7下午.xlsx,998,https://jwch.fzu.edu.cn/system/_content/download.jsp?urltype=news.DownloadAttachUrl&owner=1744984858&wbfileid=13182804,13182804,1744984858
001036013194,https://jwch.fzu.edu.cn/info/1036/13194.htm,关于2023-2024学年第一学期《线性代数》、《线性代数与解析几何》课程期末考试安排的通知,【教学运行】,2023-12-21,"各有关学院：
定于1月7日上午进行《线性代数》、《线性代数与解析几何》课程期末考试，请有关协助监考学院按考表（见附件）安排监考老师并录入系统，及时通知监考老师和学生上系统查看考试信息，以免延误考试。
为保证考试的顺利进行，如其他教学安排时间或地点与此次考试冲突，请予以调整。

数统学院
教务处
2023年12月21日",1,0017449848580013182803,2301线代期末考试 1.7上午.xlsx,878,https://jwch.fzu.edu.cn/system/_content/download.jsp?urltype=news.DownloadAttachUrl&owner=1744984858&wbfileid=13182803,13182803,1744984858
001036013193,https://jwch.fzu.edu.cn/info/1036/13193.htm,关于2023-2024学年第一学期计算机语言类课程期末考试安排的通知,【教学运行】,2023-12-21,"各有关学院：
定于1月6日上午进行计算机语言类课程期末考试，请有关协助监考学院按考表（见附件）安排监考老师并录入系统，及时通知监考老师和学生上系统查看考试信息，以免延误考试。
为保证考试的顺利进行，如其他教学安排时间或地点与此次考试冲突，请予以调整。

计数学院
教务处
2023年12月21日",1,0017449848580013182800,2301 计算机语言期末考试 1.6上午.xlsx,760,https://jwch.fzu.edu.cn/system/_content/download.jsp?urltype=news.DownloadAttachUrl&owner=1744984858&wbfileid=13182800,13182800,1744984858
001039013191,https://jwch.fzu.edu.cn/info/1039/13191.htm,关于做好2023年省级以上大学生创新创业训练计划项目和第二十九期本科生科研训练计划项目中期检查工作的通知,【实践科】,2023-12-19,"各学院：
为确保我校大学生创新创业训练计划和本科生科研训练计划（SRTP）的顺利实施，学校将对2023年立项的省级（含）以上大学生创新创业训练计划项目和第二十九期本科生科研训练计划项目进行中期检查，现将有关事项通知如下：
一、检查对象
1．第二十九期本科生科研训练计划立项项目；
2．2023年立项的省级（含）以上大学生创新创业训练计划项目。
二、材料报送
1．第二十九期本科生科研训练计划（SRTP）项目负责人于2023年12月29日前填写并向学院提交纸质版《福州大学第29期本科生科研训练计划项目中期检查表》（见附件1），以上纸质材料由学院留档备查。
2．2023年立项的国家级、省级大学生创新创业训练计划项目负责人于2023年12月29日前分别填写并向学院提交纸质版《福州大学国家级大学生创新创业训练计划项目中期进展报告表》（见附件2）、《福州大学省级大学生创新创业训练计划项目中期进展报告表》（见附件3）。
3．各学院于2024年1月5日前向教务处实践教学管理科提交纸质版《福州大学国家级大学生创新创业训练计划项目中期进展报告表》（见附件2）、《福州大学省级大学生创新创业训练计划项目中期进展报告表》（见附件3）、《福州大学第29期本科生科研训练计划项目中期检查情况汇总表》（见附件4）。
附件：
1.《福州大学第29期本科生科研训练计划项目中期检查表》
2.《福州大学国家级大学生创新创业训练计划项目中期进展报告表》
3.《福州大学省级大学生创新创业训练计划项目中期进展报告表》
4.《福州大学第29期本科生科研训练计划项目中期检查情况汇总表》

 福州大学教务处
           2023年12月19日",1,0017449848580013181295,附件.zip,2440,https://jwch.fzu.edu.cn/system/_content/download.jsp?urltype=news.DownloadAttachUrl&owner=1744984858&wbfileid=13181295,13181295,1744984858
001036013182,https://jwch.fzu.edu.cn/info/1036/13182.htm,关于2023-2024学年第一学期《思想道德与法治》课程期末考试安排的通知,【教学运行】,2023-12-18,"各有关学院：
定于20周进行《思想道德与法治》课程期末随堂考试，请有关协助监考学院按考表（见附件）安排监考老师并录入系统，及时通知监考老师和学生上系统查看考试信息，以免延误考试。
为保证考试的顺利进行，如其他教学安排时间或地点与此次考试冲突，请予以调整。

马克思主义学院
教务处
2023年12月18日",1,0017449848580013180641,2301思法随堂考.xlsx,1425,https://jwch.fzu.edu.cn/system/_content/download.jsp?urltype=news.DownloadAttachUrl&owner=1744984858&wbfileid=13180641,13180641,1744984858
001036013181,https://jwch.fzu.edu.cn/info/1036/13181.htm,关于2023-2024学年第一学期《中国近现代史纲要》课程期末考试安排的通知,【教学运行】,2023-12-18,"各有关学院：
定于17-18周进行《中国近现代史纲要》课程期末随堂考试，请有关协助监考学院按考表（见附件）安排监考老师并录入系统，及时通知监考老师和学生上系统查看考试信息，以免延误考试。
为保证考试的顺利进行，如其他教学安排时间或地点与此次考试冲突，请予以调整。

马克思主义学院
教务处
2023年12月18日",1,0017449848580013180640,2301 近现代史纲要期末考 .xlsx,1244,https://jwch.fzu.edu.cn/system/_content/download.jsp?urltype=news.DownloadAttachUrl&owner=1744984858&wbfileid=13180640,13180640,1744984858
001040013173,https://jwch.fzu.edu.cn/info/1040/13173.htm,关于2023年新上岗教师教学达标培训班教师配备导师的通知,【质量办】,2023-12-15,"各学院，有关单位：
根据培训工作安排及分工，请各学院严把教学质量关，为新上岗教师配备优秀导师。现将有关事项通知如下：
1.导师配备要求：
（1）导师需为副教授及以上职称，教学效果良好；
（2）原则上每名导师最多只能指导2名新教师；
（3）辅导员承担思政课由马克思主义学院负责配备导师，承担职业生涯规划类课程由学工部负责配备导师。
2．各学院、单位教学干事填写《2023年福州大学新上岗教师达标培训班名单（配导师）》（附件），于2023年12月20日前将签字盖章的纸质版材料交至行政北楼西205办公室，电子版汇总表发至10556425@qq.com，联系人：蒋麓，电话：0591-22860935。
3.教务处对各学院上报的导师配备情况进行汇总统计，并报党委教师工作部。

附件：2023年福州大学新上岗教师达标培训班名单（配导师）

教务处、党委教师工作部
2023年12月15日",1,0017449848580013179265,2023年福州大学新上岗教师教学达标培训班名单（配导师）.xlsx,1593,https://jwch.fzu.edu.cn/system/_content/download.jsp?urltype=news.DownloadAttachUrl&owner=1744984858&wbfileid=13179265,13179265,1744984858
001039013167,https://jwch.fzu.edu.cn/info/1039/13167.htm,关于举办福州大学第十届桥梁设计大赛的通知,【实践科】,2023-12-06,"各学院：
为鼓励大学生创新创作，展示大学生动手动脑能力，提升桥梁技术创新水平，培养创新能力及团队合作意识，造就更多的创新型、实用型、复合型人才，学校决定举办福州大学第十届桥梁设计大赛。赛后，将推荐获奖学生组队参加由我校与北京茅以升科技教育基金会共同主办的第六届全国大学生“茅以升公益桥——小桥工程”创新设计大赛，现将比赛事项通知如下：
一、竞赛目的
桥梁设计大赛旨在培养大学生的创新设计意识、综合设计能力与团队协作精神；加强学生动手能力的培养和工程实践的训练，提高学生针对实际需求，通过创新思维进行桥梁结构和桥梁施工设计；吸引、鼓励广大学生踊跃参加课外科技实践活动，为优秀人才脱颖而出创造条件；发现并培养更多的桥梁工程方向专业人才，为推动桥梁建设进步提供更多人才储备。
二、组织形式
1.主办单位：福州大学教务处、福建省公路学会
2.协办单位：福州大学学生工作部（处）、团委
3.承办单位：福州大学学生桥梁科创与文创协会
4.竞赛组委会：筹备、主持竞赛，负责发动报名、拟定竞赛细则、组成专家组评奖等
5.赞助单位：厦门市市政工程设计院有限公司等
三、大赛理念
1.公益性:加强专业实践教育，了解国情民情，助力乡村振兴，培养家国情怀。
2.科学性:在遵循安全、耐久等要求下，体现专业水准，鼓励新结构、新材料、新工艺、新技术的应用。
3.先进性:鼓励通过专业设计助力国家“双碳”战略，鼓励智能建造、绿色建造等技术应用。
4.实用性:重视设计方案的可实施性和实用价值，兼顾景观美学价值，与当地人文风貌、民风民俗相适应。
5.经济性:提倡低成本、高效益，与当地经济发展水平相适应。
参赛团队应本着诚实守信的态度提交参赛作品，不抄袭，不作弊，无产权争议，对其作品的真实性及产生的一切法律后果负责。组委会对于因弄虚作假而获奖的团队取缔其所获奖项并收回证书和奖金。

四、参赛对象与方式
1.竞赛对象：全日制本科生
2.参赛方式：
1）以团队形式参赛
2）每个参赛队由3-4人组成，如参赛队总人数4人，其中至少1人为非土木工程学院学生。参赛队每队有一名队长，且每队必须有1名指导老师。

五、竞赛事宜
1.竞赛形式：
1）初赛：参赛队伍提交作品，由专家对作品进行筛选，并评出进入决赛的队伍。
2）决赛：采取现场公开讲解与展示，专家进行评审的形式。
2.竞赛时间：竞赛分为初赛和决赛两个阶段。
参赛报名开始日与截止日：自发文之日起至2024年1月10日。
初赛阶段（自发文之日起——2024年3月24日）：作品提交截止日期为2024年3月18日，2024年3月19日——2024年3月23日进入评审期，由专家组对选手提交的材料进行筛选，2024年3月24日公布进入决赛名单。
决赛阶段（2024年3月25日—— 2024年4月28日）：作品提交截止日期为2024年4月25日，2023年4月27日进行决赛，决赛小组以PPT或其它多媒体形式进行介绍，现场专家投票，决赛现场即公布获奖名单。
参加第六届全国大学生“茅以升公益桥——小桥工程”创新设计大赛（比赛时间见具体通知）
在福州大学教务处网站与“桥梁工程课程群”网站上公示初赛选拔结果和决赛的成绩和获奖名单。
3.竞赛地点：福州大学旗山校区土木工程学院多功能厅。

六、指导方式
本次竞赛鼓励跨专业教师合作、共同指导学生。
学生也可以自行联系相关的专业老师指导或相关专业技术人士。
本赛事已建QQ群（群号：677596387），欢迎参赛师生加入。

七、评审与奖励
（一）评审
为了提高竞赛的水平，竞赛筹备组将聘请多位知名业内专家组成竞赛专家组，并设一名组长。对参赛作品分别按照下列标准进行综合评审：
作品需考虑安全、适用、耐久、创新、美观、环保、节能等理念，同时还应兼顾作品设计主旨、设计理念、设计效果、设计价值等。
（二）奖项
1.奖项设置拟定如下：
一等奖：证书及奖金2000元
二等奖：证书及奖金1000元
三等奖：证书及奖金600元
优秀奖：奖金300元
（具体组数视进入决赛队伍数量而定）
2.获奖学生可按照学校规定申请学分认定。
八、报名方式
1.报名：填写福州大学第十届桥梁设计大赛报名表（附件1）并以电子版形式（以便数据处理备份）发邮件到：3453775292@qq.com。
2.注意事项：
（1）报名时，应详细填写报名表（附件1）：参赛人员姓名、学号、年级、专业及班级、QQ号和联系手机等；
（2）报名费用：无。
九、重要时间
参赛报名开始日与截止日：自发文之日起至2024年1月10日；
初赛作品提交截止日：2024年3月18号；
初赛选拔结果日：2024年3月24日；
决赛作品提交截止日：2024年4月25日；
决赛作品决赛日：2024年4月27日。
附件：
 1、福州大学第十届桥梁设计大赛报名表
 2、福州大学第十届桥梁设计大赛竞赛细则
 3、福州大学第十届桥梁设计大赛桥址信息
 

                                                                 福州大学教务处
                                                                 2023年12月13日

福州大学第十届桥梁设计大赛竞赛组委会
主任：于岩
委员：Bruno Briseghella、夏岩、郑寿、黄冀卓、谷音
秘书：赵秋，杨艳",3,0017449848580013176359,附件1：福州大学第十届桥梁设计大赛报名表20231126.doc,861,https://jwch.fzu.edu.cn/system/_content/download.jsp?urltype=news.DownloadAttachUrl&owner=1744984858&wbfileid=13176359,13176359,1744984858
001039013167,https://jwch.fzu.edu.cn/info/1039/13167.htm,关于举办福州大学第十届桥梁设计大赛的通知,【实践科】,2023-12-06,"各学院：
为鼓励大学生创新创作，展示大学生动手动脑能力，提升桥梁技术创新水平，培养创新能力及团队合作意识，造就更多的创新型、实用型、复合型人才，学校决定举办福州大学第十届桥梁设计大赛。赛后，将推荐获奖学生组队参加由我校与北京茅以升科技教育基金会共同主办的第六届全国大学生“茅以升公益桥——小桥工程”创新设计大赛，现将比赛事项通知如下：
一、竞赛目的
桥梁设计大赛旨在培养大学生的创新设计意识、综合设计能力与团队协作精神；加强学生动手能力的培养和工程实践的训练，提高学生针对实际需求，通过创新思维进行桥梁结构和桥梁施工设计；吸引、鼓励广大学生踊跃参加课外科技实践活动，为优秀人才脱颖而出创造条件；发现并培养更多的桥梁工程方向专业人才，为推动桥梁建设进步提供更多人才储备。
二、组织形式
1.主办单位：福州大学教务处、福建省公路学会
2.协办单位：福州大学学生工作部（处）、团委
3.承办单位：福州大学学生桥梁科创与文创协会
4.竞赛组委会：筹备、主持竞赛，负责发动报名、拟定竞赛细则、组成专家组评奖等
5.赞助单位：厦门市市政工程设计院有限公司等
三、大赛理念
1.公益性:加强专业实践教育，了解国情民情，助力乡村振兴，培养家国情怀。
2.科学性:在遵循安全、耐久等要求下，体现专业水准，鼓励新结构、新材料、新工艺、新技术的应用。
3.先进性:鼓励通过专业设计助力国家“双碳”战略，鼓励智能建造、绿色建造等技术应用。
4.实用性:重视设计方案的可实施性和实用价值，兼顾景观美学价值，与当地人文风貌、民风民俗相适应。
5.经济性:提倡低成本、高效益，与当地经济发展水平相适应。
参赛团队应本着诚实守信的态度提交参赛作品，不抄袭，不作弊，无产权争议，对其作品的真实性及产生的一切法律后果负责。组委会对于因弄虚作假而获奖的团队取缔其所获奖项并收回证书和奖金。

四、参赛对象与方式
1.竞赛对象：全日制本科生
2.参赛方式：
1）以团队形式参赛
2）每个参赛队由3-4人组成，如参赛队总人数4人，其中至少1人为非土木工程学院学生。参赛队每队有一名队长，且每队必须有1名指导老师。

五、竞赛事宜
1.竞赛形式：
1）初赛：参赛队伍提交作品，由专家对作品进行筛选，并评出进入决赛的队伍。
2）决赛：采取现场公开讲解与展示，专家进行评审的形式。
2.竞赛时间：竞赛分为初赛和决赛两个阶段。
参赛报名开始日与截止日：自发文之日起至2024年1月10日。
初赛阶段（自发文之日起——2024年3月24日）：作品提交截止日期为2024年3月18日，2024年3月19日——2024年3月23日进入评审期，由专家组对选手提交的材料进行筛选，2024年3月24日公布进入决赛名单。
决赛阶段（2024年3月25日—— 2024年4月28日）：作品提交截止日期为2024年4月25日，2023年4月27日进行决赛，决赛小组以PPT或其它多媒体形式进行介绍，现场专家投票，决赛现场即公布获奖名单。
参加第六届全国大学生“茅以升公益桥——小桥工程”创新设计大赛（比赛时间见具体通知）
在福州大学教务处网站与“桥梁工程课程群”网站上公示初赛选拔结果和决赛的成绩和获奖名单。
3.竞赛地点：福州大学旗山校区土木工程学院多功能厅。

六、指导方式
本次竞赛鼓励跨专业教师合作、共同指导学生。
学生也可以自行联系相关的专业老师指导或相关专业技术人士。
本赛事已建QQ群（群号：677596387），欢迎参赛师生加入。

七、评审与奖励
（一）评审
为了提高竞赛的水平，竞赛筹备组将聘请多位知名业内专家组成竞赛专家组，并设一名组长。对参赛作品分别按照下列标准进行综合评审：
作品需考虑安全、适用、耐久、创新、美观、环保、节能等理念，同时还应兼顾作品设计主旨、设计理念、设计效果、设计价值等。
（二）奖项
1.奖项设置拟定如下：
一等奖：证书及奖金2000元
二等奖：证书及奖金1000元
三等奖：证书及奖金600元
优秀奖：奖金300元
（具体组数视进入决赛队伍数量而定）
2.获奖学生可按照学校规定申请学分认定。
八、报名方式
1.报名：填写福州大学第十届桥梁设计大赛报名表（附件1）并以电子版形式（以便数据处理备份）发邮件到：3453775292@qq.com。
2.注意事项：
（1）报名时，应详细填写报名表（附件1）：参赛人员姓名、学号、年级、专业及班级、QQ号和联系手机等；
（2）报名费用：无。
九、重要时间
参赛报名开始日与截止日：自发文之日起至2024年1月10日；
初赛作品提交截止日：2024年3月18号；
初赛选拔结果日：2024年3月24日；
决赛作品提交截止日：2024年4月25日；
决赛作品决赛日：2024年4月27日。
附件：
 1、福州大学第十届桥梁设计大赛报名表
 2、福州大学第十届桥梁设计大赛竞赛细则
 3、福州大学第十届桥梁设计大赛桥址信息
 

                                                                 福州大学教务处
                                                                 2023年12月13日

福州大学第十届桥梁设计大赛竞赛组委会
主任：于岩
委员：Bruno Briseghella、夏岩、郑寿、黄冀卓、谷音
秘书：赵秋，杨艳",3,0017449848580013178630,附件2：福州大学第十届桥梁设计大赛-竞赛细则20231126.doc,896,https://jwch.fzu.edu.cn/system/_content/download.jsp?urltype=news.DownloadAttachUrl&owner=1744984858&wbfileid=13178630,13178630,1744984858
001039013167,https://jwch.fzu.edu.cn/info/1039/13167.htm,关于举办福州大学第十届桥梁设计大赛的通知,【实践科】,2023-12-06,"各学院：
为鼓励大学生创新创作，展示大学生动手动脑能力，提升桥梁技术创新水平，培养创新能力及团队合作意识，造就更多的创新型、实用型、复合型人才，学校决定举办福州大学第十届桥梁设计大赛。赛后，将推荐获奖学生组队参加由我校与北京茅以升科技教育基金会共同主办的第六届全国大学生“茅以升公益桥——小桥工程”创新设计大赛，现将比赛事项通知如下：
一、竞赛目的
桥梁设计大赛旨在培养大学生的创新设计意识、综合设计能力与团队协作精神；加强学生动手能力的培养和工程实践的训练，提高学生针对实际需求，通过创新思维进行桥梁结构和桥梁施工设计；吸引、鼓励广大学生踊跃参加课外科技实践活动，为优秀人才脱颖而出创造条件；发现并培养更多的桥梁工程方向专业人才，为推动桥梁建设进步提供更多人才储备。
二、组织形式
1.主办单位：福州大学教务处、福建省公路学会
2.协办单位：福州大学学生工作部（处）、团委
3.承办单位：福州大学学生桥梁科创与文创协会
4.竞赛组委会：筹备、主持竞赛，负责发动报名、拟定竞赛细则、组成专家组评奖等
5.赞助单位：厦门市市政工程设计院有限公司等
三、大赛理念
1.公益性:加强专业实践教育，了解国情民情，助力乡村振兴，培养家国情怀。
2.科学性:在遵循安全、耐久等要求下，体现专业水准，鼓励新结构、新材料、新工艺、新技术的应用。
3.先进性:鼓励通过专业设计助力国家“双碳”战略，鼓励智能建造、绿色建造等技术应用。
4.实用性:重视设计方案的可实施性和实用价值，兼顾景观美学价值，与当地人文风貌、民风民俗相适应。
5.经济性:提倡低成本、高效益，与当地经济发展水平相适应。
参赛团队应本着诚实守信的态度提交参赛作品，不抄袭，不作弊，无产权争议，对其作品的真实性及产生的一切法律后果负责。组委会对于因弄虚作假而获奖的团队取缔其所获奖项并收回证书和奖金。

四、参赛对象与方式
1.竞赛对象：全日制本科生
2.参赛方式：
1）以团队形式参赛
2）每个参赛队由3-4人组成，如参赛队总人数4人，其中至少1人为非土木工程学院学生。参赛队每队有一名队长，且每队必须有1名指导老师。

五、竞赛事宜
1.竞赛形式：
1）初赛：参赛队伍提交作品，由专家对作品进行筛选，并评出进入决赛的队伍。
2）决赛：采取现场公开讲解与展示，专家进行评审的形式。
2.竞赛时间：竞赛分为初赛和决赛两个阶段。
参赛报名开始日与截止日：自发文之日起至2024年1月10日。
初赛阶段（自发文之日起——2024年3月24日）：作品提交截止日期为2024年3月18日，2024年3月19日——2024年3月23日进入评审期，由专家组对选手提交的材料进行筛选，2024年3月24日公布进入决赛名单。
决赛阶段（2024年3月25日—— 2024年4月28日）：作品提交截止日期为2024年4月25日，2023年4月27日进行决赛，决赛小组以PPT或其它多媒体形式进行介绍，现场专家投票，决赛现场即公布获奖名单。
参加第六届全国大学生“茅以升公益桥——小桥工程”创新设计大赛（比赛时间见具体通知）
在福州大学教务处网站与“桥梁工程课程群”网站上公示初赛选拔结果和决赛的成绩和获奖名单。
3.竞赛地点：福州大学旗山校区土木工程学院多功能厅。

六、指导方式
本次竞赛鼓励跨专业教师合作、共同指导学生。
学生也可以自行联系相关的专业老师指导或相关专业技术人士。
本赛事已建QQ群（群号：677596387），欢迎参赛师生加入。

七、评审与奖励
（一）评审
为了提高竞赛的水平，竞赛筹备组将聘请多位知名业内专家组成竞赛专家组，并设一名组长。对参赛作品分别按照下列标准进行综合评审：
作品需考虑安全、适用、耐久、创新、美观、环保、节能等理念，同时还应兼顾作品设计主旨、设计理念、设计效果、设计价值等。
（二）奖项
1.奖项设置拟定如下：
一等奖：证书及奖金2000元
二等奖：证书及奖金1000元
三等奖：证书及奖金600元
优秀奖：奖金300元
（具体组数视进入决赛队伍数量而定）
2.获奖学生可按照学校规定申请学分认定。
八、报名方式
1.报名：填写福州大学第十届桥梁设计大赛报名表（附件1）并以电子版形式（以便数据处理备份）发邮件到：3453775292@qq.com。
2.注意事项：
（1）报名时，应详细填写报名表（附件1）：参赛人员姓名、学号、年级、专业及班级、QQ号和联系手机等；
（2）报名费用：无。
九、重要时间
参赛报名开始日与截止日：自发文之日起至2024年1月10日；
初赛作品提交截止日：2024年3月18号；
初赛选拔结果日：2024年3月24日；
决赛作品提交截止日：2024年4月25日；
决赛作品决赛日：2024年4月27日。
附件：
 1、福州大学第十届桥梁设计大赛报名表
 2、福州大学第十届桥梁设计大赛竞赛细则
 3、福州大学第十届桥梁设计大赛桥址信息
 

                                                                 福州大学教务处
                                                                 2023年12月13日

福州大学第十届桥梁设计大赛竞赛组委会
主任：于岩
委员：Bruno Briseghella、夏岩、郑寿、黄冀卓、谷音
秘书：赵秋，杨艳",3,0017449848580013176358,附件3：福州大学第十届桥梁设计大赛-桥址信息20231126.docx,985,https://jwch.fzu.edu.cn/system/_content/download.jsp?urltype=news.DownloadAttachUrl&owner=1744984858&wbfileid=13176358,13176358,1744984858
001037013166,https://jwch.fzu.edu.cn/info/1037/13166.htm,福州大学关于开展第三批国家级一流本科课程申报推荐工作的通知,【教研教改】,2023-12-06,"各学院、有关教学单位：
根据《教育部办公厅关于开展第三批国家级一流本科课程认定工作的通知》（教高厅函〔2023〕24 号，以下简称《通知》，附件1）和福建省教育厅办公室相关工作安排，学校将开展第三批国家级一流本科课程申报推荐工作，现将有关事项通知如下。
一、 申报条件
符合《通知》规定的基本要求，同时满足以下条件
1．申报课程需满足《教育部关于一流本科课程建设的实施意见》（教高〔2019〕8号，附件2）文件规定和《第三批国家级一流本科课程申报说明》（见附件3）的要求。
2．申报课程需已认定为省级一流本科课程，且只能申报对应类别的国家级一流本科课程认定。
二、申报程序
1．课程团队填写《第三批国家级一流本科课程申报书》（附件4），学院汇总后填写第三批国家级一流本科课程申报推荐汇总表
【腾讯文档】第三批国家级一流本科课程申报推荐汇总表
https://docs.qq.com/sheet/DZXNOV0JweFpzUEdW?tab=BB08J2；
2．学校组织评审，并根据省教育厅后续下达的推荐申报名额择优向省厅推荐；
3．待推荐课程名单确定后，学校将组织专家进行面对面咨询指导，申报教师按要求打磨完善材料并通过福建省高校在线教育联盟网站（www.fooc.org.cn）进行填报。（具体办法另行通知）
4．经省教育厅组织评审遴选后，获得正式申报资格后的课程登陆教育部国家级一流本科课程建设工作网（www.chinaooc.cn）进行申报。（具体办法另行通知）
三、其它事项
1．申报材料12月14日11:00时前提交至行北西204；其中线上、线下、线上线下混合、社会实践课程提交至行北西204张老师处；虚拟仿真实验教学课程提交至行北西209刘老师处。
2．需提交的纸质版材料为汇总表、每门课程的申报书和政审材料,一式一份，签字和公章齐全。
3．电子版材料（申报书和支撑材料）通过学校本科教学管理系统提交，途径为教师模块-教研教改-教研教改项目申报-项目申请-填报申请；系统已经开通，12月13日17:00时关闭，请教师及时填报，学院及时审核。
4.课程负责人10分钟“说课”视频、教学（课堂或实践）40分钟实录视频、虚拟仿真实验教学项目简介视频及教学引导视频请提前做好准备，待获学校推荐后按规定时间在网上报送。
5．各类材料由学院汇总后统一提交，不接收个人提交或替换，逾期不接收材料。
福州大学教务处
2023年12月5日

附件1：《福建省教育厅办公室关于开展2021年一流本科课程认定及推荐工作的通知》（闽教办高〔2021〕3号）；
附件2：《教育部关于一流本科课程建设的实施意见》（教高〔2019〕8号）；
附件3：《第三批国家级一流本科课程申报说明》；
附件4：《第三批国家级一流本科课程申报书》。",9,0017449848580013176112,附件2：教育部关于一流本科课程建设的实施意见（教高〔2019〕8号）.doc,971,https://jwch.fzu.edu.cn/system/_content/download.jsp?urltype=news.DownloadAttachUrl&owner=1744984858&wbfileid=13176112,13176112,1744984858
001037013166,https://jwch.fzu.edu.cn/info/1037/13166.htm,福州大学关于开展第三批国家级一流本科课程申报推荐工作的通知,【教研教改】,2023-12-06,"各学院、有关教学单位：
根据《教育部办公厅关于开展第三批国家级一流本科课程认定工作的通知》（教高厅函〔2023〕24 号，以下简称《通知》，附件1）和福建省教育厅办公室相关工作安排，学校将开展第三批国家级一流本科课程申报推荐工作，现将有关事项通知如下。
一、 申报条件
符合《通知》规定的基本要求，同时满足以下条件
1．申报课程需满足《教育部关于一流本科课程建设的实施意见》（教高〔2019〕8号，附件2）文件规定和《第三批国家级一流本科课程申报说明》（见附件3）的要求。
2．申报课程需已认定为省级一流本科课程，且只能申报对应类别的国家级一流本科课程认定。
二、申报程序
1．课程团队填写《第三批国家级一流本科课程申报书》（附件4），学院汇总后填写第三批国家级一流本科课程申报推荐汇总表
【腾讯文档】第三批国家级一流本科课程申报推荐汇总表
https://docs.qq.com/sheet/DZXNOV0JweFpzUEdW?tab=BB08J2；
2．学校组织评审，并根据省教育厅后续下达的推荐申报名额择优向省厅推荐；
3．待推荐课程名单确定后，学校将组织专家进行面对面咨询指导，申报教师按要求打磨完善材料并通过福建省高校在线教育联盟网站（www.fooc.org.cn）进行填报。（具体办法另行通知）
4．经省教育厅组织评审遴选后，获得正式申报资格后的课程登陆教育部国家级一流本科课程建设工作网（www.chinaooc.cn）进行申报。（具体办法另行通知）
三、其它事项
1．申报材料12月14日11:00时前提交至行北西204；其中线上、线下、线上线下混合、社会实践课程提交至行北西204张老师处；虚拟仿真实验教学课程提交至行北西209刘老师处。
2．需提交的纸质版材料为汇总表、每门课程的申报书和政审材料,一式一份，签字和公章齐全。
3．电子版材料（申报书和支撑材料）通过学校本科教学管理系统提交，途径为教师模块-教研教改-教研教改项目申报-项目申请-填报申请；系统已经开通，12月13日17:00时关闭，请教师及时填报，学院及时审核。
4.课程负责人10分钟“说课”视频、教学（课堂或实践）40分钟实录视频、虚拟仿真实验教学项目简介视频及教学引导视频请提前做好准备，待获学校推荐后按规定时间在网上报送。
5．各类材料由学院汇总后统一提交，不接收个人提交或替换，逾期不接收材料。
福州大学教务处
2023年12月5日

附件1：《福建省教育厅办公室关于开展2021年一流本科课程认定及推荐工作的通知》（闽教办高〔2021〕3号）；
附件2：《教育部关于一流本科课程建设的实施意见》（教高〔2019〕8号）；
附件3：《第三批国家级一流本科课程申报说明》；
附件4：《第三批国家级一流本科课程申报书》。",9,0017449848580013176113,附件1：教育部办公厅关于开展第三批国家级 一流本科课程认定工作的通知（教高厅函〔2023〕24 号）.pdf,830,https://jwch.fzu.edu.cn/system/_content/download.jsp?urltype=news.DownloadAttachUrl&owner=1744984858&wbfileid=13176113,13176113,1744984858
001037013166,https://jwch.fzu.edu.cn/info/1037/13166.htm,福州大学关于开展第三批国家级一流本科课程申报推荐工作的通知,【教研教改】,2023-12-06,"各学院、有关教学单位：
根据《教育部办公厅关于开展第三批国家级一流本科课程认定工作的通知》（教高厅函〔2023〕24 号，以下简称《通知》，附件1）和福建省教育厅办公室相关工作安排，学校将开展第三批国家级一流本科课程申报推荐工作，现将有关事项通知如下。
一、 申报条件
符合《通知》规定的基本要求，同时满足以下条件
1．申报课程需满足《教育部关于一流本科课程建设的实施意见》（教高〔2019〕8号，附件2）文件规定和《第三批国家级一流本科课程申报说明》（见附件3）的要求。
2．申报课程需已认定为省级一流本科课程，且只能申报对应类别的国家级一流本科课程认定。
二、申报程序
1．课程团队填写《第三批国家级一流本科课程申报书》（附件4），学院汇总后填写第三批国家级一流本科课程申报推荐汇总表
【腾讯文档】第三批国家级一流本科课程申报推荐汇总表
https://docs.qq.com/sheet/DZXNOV0JweFpzUEdW?tab=BB08J2；
2．学校组织评审，并根据省教育厅后续下达的推荐申报名额择优向省厅推荐；
3．待推荐课程名单确定后，学校将组织专家进行面对面咨询指导，申报教师按要求打磨完善材料并通过福建省高校在线教育联盟网站（www.fooc.org.cn）进行填报。（具体办法另行通知）
4．经省教育厅组织评审遴选后，获得正式申报资格后的课程登陆教育部国家级一流本科课程建设工作网（www.chinaooc.cn）进行申报。（具体办法另行通知）
三、其它事项
1．申报材料12月14日11:00时前提交至行北西204；其中线上、线下、线上线下混合、社会实践课程提交至行北西204张老师处；虚拟仿真实验教学课程提交至行北西209刘老师处。
2．需提交的纸质版材料为汇总表、每门课程的申报书和政审材料,一式一份，签字和公章齐全。
3．电子版材料（申报书和支撑材料）通过学校本科教学管理系统提交，途径为教师模块-教研教改-教研教改项目申报-项目申请-填报申请；系统已经开通，12月13日17:00时关闭，请教师及时填报，学院及时审核。
4.课程负责人10分钟“说课”视频、教学（课堂或实践）40分钟实录视频、虚拟仿真实验教学项目简介视频及教学引导视频请提前做好准备，待获学校推荐后按规定时间在网上报送。
5．各类材料由学院汇总后统一提交，不接收个人提交或替换，逾期不接收材料。
福州大学教务处
2023年12月5日

附件1：《福建省教育厅办公室关于开展2021年一流本科课程认定及推荐工作的通知》（闽教办高〔2021〕3号）；
附件2：《教育部关于一流本科课程建设的实施意见》（教高〔2019〕8号）；
附件3：《第三批国家级一流本科课程申报说明》；
附件4：《第三批国家级一流本科课程申报书》。",9,0017449848580013176114,附件3：第三批国家级一流本科课程申报说明.pdf,2037,https://jwch.fzu.edu.cn/system/_content/download.jsp?urltype=news.DownloadAttachUrl&owner=1744984858&wbfileid=13176114,13176114,1744984858
001037013166,https://jwch.fzu.edu.cn/info/1037/13166.htm,福州大学关于开展第三批国家级一流本科课程申报推荐工作的通知,【教研教改】,2023-12-06,"各学院、有关教学单位：
根据《教育部办公厅关于开展第三批国家级一流本科课程认定工作的通知》（教高厅函〔2023〕24 号，以下简称《通知》，附件1）和福建省教育厅办公室相关工作安排，学校将开展第三批国家级一流本科课程申报推荐工作，现将有关事项通知如下。
一、 申报条件
符合《通知》规定的基本要求，同时满足以下条件
1．申报课程需满足《教育部关于一流本科课程建设的实施意见》（教高〔2019〕8号，附件2）文件规定和《第三批国家级一流本科课程申报说明》（见附件3）的要求。
2．申报课程需已认定为省级一流本科课程，且只能申报对应类别的国家级一流本科课程认定。
二、申报程序
1．课程团队填写《第三批国家级一流本科课程申报书》（附件4），学院汇总后填写第三批国家级一流本科课程申报推荐汇总表
【腾讯文档】第三批国家级一流本科课程申报推荐汇总表
https://docs.qq.com/sheet/DZXNOV0JweFpzUEdW?tab=BB08J2；
2．学校组织评审，并根据省教育厅后续下达的推荐申报名额择优向省厅推荐；
3．待推荐课程名单确定后，学校将组织专家进行面对面咨询指导，申报教师按要求打磨完善材料并通过福建省高校在线教育联盟网站（www.fooc.org.cn）进行填报。（具体办法另行通知）
4．经省教育厅组织评审遴选后，获得正式申报资格后的课程登陆教育部国家级一流本科课程建设工作网（www.chinaooc.cn）进行申报。（具体办法另行通知）
三、其它事项
1．申报材料12月14日11:00时前提交至行北西204；其中线上、线下、线上线下混合、社会实践课程提交至行北西204张老师处；虚拟仿真实验教学课程提交至行北西209刘老师处。
2．需提交的纸质版材料为汇总表、每门课程的申报书和政审材料,一式一份，签字和公章齐全。
3．电子版材料（申报书和支撑材料）通过学校本科教学管理系统提交，途径为教师模块-教研教改-教研教改项目申报-项目申请-填报申请；系统已经开通，12月13日17:00时关闭，请教师及时填报，学院及时审核。
4.课程负责人10分钟“说课”视频、教学（课堂或实践）40分钟实录视频、虚拟仿真实验教学项目简介视频及教学引导视频请提前做好准备，待获学校推荐后按规定时间在网上报送。
5．各类材料由学院汇总后统一提交，不接收个人提交或替换，逾期不接收材料。
福州大学教务处
2023年12月5日

附件1：《福建省教育厅办公室关于开展2021年一流本科课程认定及推荐工作的通知》（闽教办高〔2021〕3号）；
附件2：《教育部关于一流本科课程建设的实施意见》（教高〔2019〕8号）；
附件3：《第三批国家级一流本科课程申报说明》；
附件4：《第三批国家级一流本科课程申报书》。",9,0017449848580013176115,附件4：社会实践课程申报书（第三批）.docx,763,https://jwch.fzu.edu.cn/system/_content/download.jsp?urltype=news.DownloadAttachUrl&owner=1744984858&wbfileid=13176115,13176115,1744984858
001037013166,https://jwch.fzu.edu.cn/info/1037/13166.htm,福州大学关于开展第三批国家级一流本科课程申报推荐工作的通知,【教研教改】,2023-12-06,"各学院、有关教学单位：
根据《教育部办公厅关于开展第三批国家级一流本科课程认定工作的通知》（教高厅函〔2023〕24 号，以下简称《通知》，附件1）和福建省教育厅办公室相关工作安排，学校将开展第三批国家级一流本科课程申报推荐工作，现将有关事项通知如下。
一、 申报条件
符合《通知》规定的基本要求，同时满足以下条件
1．申报课程需满足《教育部关于一流本科课程建设的实施意见》（教高〔2019〕8号，附件2）文件规定和《第三批国家级一流本科课程申报说明》（见附件3）的要求。
2．申报课程需已认定为省级一流本科课程，且只能申报对应类别的国家级一流本科课程认定。
二、申报程序
1．课程团队填写《第三批国家级一流本科课程申报书》（附件4），学院汇总后填写第三批国家级一流本科课程申报推荐汇总表
【腾讯文档】第三批国家级一流本科课程申报推荐汇总表
https://docs.qq.com/sheet/DZXNOV0JweFpzUEdW?tab=BB08J2；
2．学校组织评审，并根据省教育厅后续下达的推荐申报名额择优向省厅推荐；
3．待推荐课程名单确定后，学校将组织专家进行面对面咨询指导，申报教师按要求打磨完善材料并通过福建省高校在线教育联盟网站（www.fooc.org.cn）进行填报。（具体办法另行通知）
4．经省教育厅组织评审遴选后，获得正式申报资格后的课程登陆教育部国家级一流本科课程建设工作网（www.chinaooc.cn）进行申报。（具体办法另行通知）
三、其它事项
1．申报材料12月14日11:00时前提交至行北西204；其中线上、线下、线上线下混合、社会实践课程提交至行北西204张老师处；虚拟仿真实验教学课程提交至行北西209刘老师处。
2．需提交的纸质版材料为汇总表、每门课程的申报书和政审材料,一式一份，签字和公章齐全。
3．电子版材料（申报书和支撑材料）通过学校本科教学管理系统提交，途径为教师模块-教研教改-教研教改项目申报-项目申请-填报申请；系统已经开通，12月13日17:00时关闭，请教师及时填报，学院及时审核。
4.课程负责人10分钟“说课”视频、教学（课堂或实践）40分钟实录视频、虚拟仿真实验教学项目简介视频及教学引导视频请提前做好准备，待获学校推荐后按规定时间在网上报送。
5．各类材料由学院汇总后统一提交，不接收个人提交或替换，逾期不接收材料。
福州大学教务处
2023年12月5日

附件1：《福建省教育厅办公室关于开展2021年一流本科课程认定及推荐工作的通知》（闽教办高〔2021〕3号）；
附件2：《教育部关于一流本科课程建设的实施意见》（教高〔2019〕8号）；
附件3：《第三批国家级一流本科课程申报说明》；
附件4：《第三批国家级一流本科课程申报书》。",9,0017449848580013176116,附件4：课程数据信息表（线上课程申报书附件）.docx,937,https://jwch.fzu.edu.cn/system/_content/download.jsp?urltype=news.DownloadAttachUrl&owner=1744984858&wbfileid=13176116,13176116,1744984858
001037013166,https://jwch.fzu.edu.cn/info/1037/13166.htm,福州大学关于开展第三批国家级一流本科课程申报推荐工作的通知,【教研教改】,2023-12-06,"各学院、有关教学单位：
根据《教育部办公厅关于开展第三批国家级一流本科课程认定工作的通知》（教高厅函〔2023〕24 号，以下简称《通知》，附件1）和福建省教育厅办公室相关工作安排，学校将开展第三批国家级一流本科课程申报推荐工作，现将有关事项通知如下。
一、 申报条件
符合《通知》规定的基本要求，同时满足以下条件
1．申报课程需满足《教育部关于一流本科课程建设的实施意见》（教高〔2019〕8号，附件2）文件规定和《第三批国家级一流本科课程申报说明》（见附件3）的要求。
2．申报课程需已认定为省级一流本科课程，且只能申报对应类别的国家级一流本科课程认定。
二、申报程序
1．课程团队填写《第三批国家级一流本科课程申报书》（附件4），学院汇总后填写第三批国家级一流本科课程申报推荐汇总表
【腾讯文档】第三批国家级一流本科课程申报推荐汇总表
https://docs.qq.com/sheet/DZXNOV0JweFpzUEdW?tab=BB08J2；
2．学校组织评审，并根据省教育厅后续下达的推荐申报名额择优向省厅推荐；
3．待推荐课程名单确定后，学校将组织专家进行面对面咨询指导，申报教师按要求打磨完善材料并通过福建省高校在线教育联盟网站（www.fooc.org.cn）进行填报。（具体办法另行通知）
4．经省教育厅组织评审遴选后，获得正式申报资格后的课程登陆教育部国家级一流本科课程建设工作网（www.chinaooc.cn）进行申报。（具体办法另行通知）
三、其它事项
1．申报材料12月14日11:00时前提交至行北西204；其中线上、线下、线上线下混合、社会实践课程提交至行北西204张老师处；虚拟仿真实验教学课程提交至行北西209刘老师处。
2．需提交的纸质版材料为汇总表、每门课程的申报书和政审材料,一式一份，签字和公章齐全。
3．电子版材料（申报书和支撑材料）通过学校本科教学管理系统提交，途径为教师模块-教研教改-教研教改项目申报-项目申请-填报申请；系统已经开通，12月13日17:00时关闭，请教师及时填报，学院及时审核。
4.课程负责人10分钟“说课”视频、教学（课堂或实践）40分钟实录视频、虚拟仿真实验教学项目简介视频及教学引导视频请提前做好准备，待获学校推荐后按规定时间在网上报送。
5．各类材料由学院汇总后统一提交，不接收个人提交或替换，逾期不接收材料。
福州大学教务处
2023年12月5日

附件1：《福建省教育厅办公室关于开展2021年一流本科课程认定及推荐工作的通知》（闽教办高〔2021〕3号）；
附件2：《教育部关于一流本科课程建设的实施意见》（教高〔2019〕8号）；
附件3：《第三批国家级一流本科课程申报说明》；
附件4：《第三批国家级一流本科课程申报书》。",9,0017449848580013176117,附件4：线上课程申报书（第三批）.docx,1100,https://jwch.fzu.edu.cn/system/_content/download.jsp?urltype=news.DownloadAttachUrl&owner=1744984858&wbfileid=13176117,13176117,1744984858
001037013166,https://jwch.fzu.edu.cn/info/1037/13166.htm,福州大学关于开展第三批国家级一流本科课程申报推荐工作的通知,【教研教改】,2023-12-06,"各学院、有关教学单位：
根据《教育部办公厅关于开展第三批国家级一流本科课程认定工作的通知》（教高厅函〔2023〕24 号，以下简称《通知》，附件1）和福建省教育厅办公室相关工作安排，学校将开展第三批国家级一流本科课程申报推荐工作，现将有关事项通知如下。
一、 申报条件
符合《通知》规定的基本要求，同时满足以下条件
1．申报课程需满足《教育部关于一流本科课程建设的实施意见》（教高〔2019〕8号，附件2）文件规定和《第三批国家级一流本科课程申报说明》（见附件3）的要求。
2．申报课程需已认定为省级一流本科课程，且只能申报对应类别的国家级一流本科课程认定。
二、申报程序
1．课程团队填写《第三批国家级一流本科课程申报书》（附件4），学院汇总后填写第三批国家级一流本科课程申报推荐汇总表
【腾讯文档】第三批国家级一流本科课程申报推荐汇总表
https://docs.qq.com/sheet/DZXNOV0JweFpzUEdW?tab=BB08J2；
2．学校组织评审，并根据省教育厅后续下达的推荐申报名额择优向省厅推荐；
3．待推荐课程名单确定后，学校将组织专家进行面对面咨询指导，申报教师按要求打磨完善材料并通过福建省高校在线教育联盟网站（www.fooc.org.cn）进行填报。（具体办法另行通知）
4．经省教育厅组织评审遴选后，获得正式申报资格后的课程登陆教育部国家级一流本科课程建设工作网（www.chinaooc.cn）进行申报。（具体办法另行通知）
三、其它事项
1．申报材料12月14日11:00时前提交至行北西204；其中线上、线下、线上线下混合、社会实践课程提交至行北西204张老师处；虚拟仿真实验教学课程提交至行北西209刘老师处。
2．需提交的纸质版材料为汇总表、每门课程的申报书和政审材料,一式一份，签字和公章齐全。
3．电子版材料（申报书和支撑材料）通过学校本科教学管理系统提交，途径为教师模块-教研教改-教研教改项目申报-项目申请-填报申请；系统已经开通，12月13日17:00时关闭，请教师及时填报，学院及时审核。
4.课程负责人10分钟“说课”视频、教学（课堂或实践）40分钟实录视频、虚拟仿真实验教学项目简介视频及教学引导视频请提前做好准备，待获学校推荐后按规定时间在网上报送。
5．各类材料由学院汇总后统一提交，不接收个人提交或替换，逾期不接收材料。
福州大学教务处
2023年12月5日

附件1：《福建省教育厅办公室关于开展2021年一流本科课程认定及推荐工作的通知》（闽教办高〔2021〕3号）；
附件2：《教育部关于一流本科课程建设的实施意见》（教高〔2019〕8号）；
附件3：《第三批国家级一流本科课程申报说明》；
附件4：《第三批国家级一流本科课程申报书》。",9,0017449848580013176118,附件4：线下课程申报书（第三批）.docx,892,https://jwch.fzu.edu.cn/system/_content/download.jsp?urltype=news.DownloadAttachUrl&owner=1744984858&wbfileid=13176118,13176118,1744984858
001037013166,https://jwch.fzu.edu.cn/info/1037/13166.htm,福州大学关于开展第三批国家级一流本科课程申报推荐工作的通知,【教研教改】,2023-12-06,"各学院、有关教学单位：
根据《教育部办公厅关于开展第三批国家级一流本科课程认定工作的通知》（教高厅函〔2023〕24 号，以下简称《通知》，附件1）和福建省教育厅办公室相关工作安排，学校将开展第三批国家级一流本科课程申报推荐工作，现将有关事项通知如下。
一、 申报条件
符合《通知》规定的基本要求，同时满足以下条件
1．申报课程需满足《教育部关于一流本科课程建设的实施意见》（教高〔2019〕8号，附件2）文件规定和《第三批国家级一流本科课程申报说明》（见附件3）的要求。
2．申报课程需已认定为省级一流本科课程，且只能申报对应类别的国家级一流本科课程认定。
二、申报程序
1．课程团队填写《第三批国家级一流本科课程申报书》（附件4），学院汇总后填写第三批国家级一流本科课程申报推荐汇总表
【腾讯文档】第三批国家级一流本科课程申报推荐汇总表
https://docs.qq.com/sheet/DZXNOV0JweFpzUEdW?tab=BB08J2；
2．学校组织评审，并根据省教育厅后续下达的推荐申报名额择优向省厅推荐；
3．待推荐课程名单确定后，学校将组织专家进行面对面咨询指导，申报教师按要求打磨完善材料并通过福建省高校在线教育联盟网站（www.fooc.org.cn）进行填报。（具体办法另行通知）
4．经省教育厅组织评审遴选后，获得正式申报资格后的课程登陆教育部国家级一流本科课程建设工作网（www.chinaooc.cn）进行申报。（具体办法另行通知）
三、其它事项
1．申报材料12月14日11:00时前提交至行北西204；其中线上、线下、线上线下混合、社会实践课程提交至行北西204张老师处；虚拟仿真实验教学课程提交至行北西209刘老师处。
2．需提交的纸质版材料为汇总表、每门课程的申报书和政审材料,一式一份，签字和公章齐全。
3．电子版材料（申报书和支撑材料）通过学校本科教学管理系统提交，途径为教师模块-教研教改-教研教改项目申报-项目申请-填报申请；系统已经开通，12月13日17:00时关闭，请教师及时填报，学院及时审核。
4.课程负责人10分钟“说课”视频、教学（课堂或实践）40分钟实录视频、虚拟仿真实验教学项目简介视频及教学引导视频请提前做好准备，待获学校推荐后按规定时间在网上报送。
5．各类材料由学院汇总后统一提交，不接收个人提交或替换，逾期不接收材料。
福州大学教务处
2023年12月5日

附件1：《福建省教育厅办公室关于开展2021年一流本科课程认定及推荐工作的通知》（闽教办高〔2021〕3号）；
附件2：《教育部关于一流本科课程建设的实施意见》（教高〔2019〕8号）；
附件3：《第三批国家级一流本科课程申报说明》；
附件4：《第三批国家级一流本科课程申报书》。",9,0017449848580013176119,附件4：虚拟仿真实验教学课程申报书（第三批）.docx,1089,https://jwch.fzu.edu.cn/system/_content/download.jsp?urltype=news.DownloadAttachUrl&owner=1744984858&wbfileid=13176119,13176119,1744984858
001037013166,https://jwch.fzu.edu.cn/info/1037/13166.htm,福州大学关于开展第三批国家级一流本科课程申报推荐工作的通知,【教研教改】,2023-12-06,"各学院、有关教学单位：
根据《教育部办公厅关于开展第三批国家级一流本科课程认定工作的通知》（教高厅函〔2023〕24 号，以下简称《通知》，附件1）和福建省教育厅办公室相关工作安排，学校将开展第三批国家级一流本科课程申报推荐工作，现将有关事项通知如下。
一、 申报条件
符合《通知》规定的基本要求，同时满足以下条件
1．申报课程需满足《教育部关于一流本科课程建设的实施意见》（教高〔2019〕8号，附件2）文件规定和《第三批国家级一流本科课程申报说明》（见附件3）的要求。
2．申报课程需已认定为省级一流本科课程，且只能申报对应类别的国家级一流本科课程认定。
二、申报程序
1．课程团队填写《第三批国家级一流本科课程申报书》（附件4），学院汇总后填写第三批国家级一流本科课程申报推荐汇总表
【腾讯文档】第三批国家级一流本科课程申报推荐汇总表
https://docs.qq.com/sheet/DZXNOV0JweFpzUEdW?tab=BB08J2；
2．学校组织评审，并根据省教育厅后续下达的推荐申报名额择优向省厅推荐；
3．待推荐课程名单确定后，学校将组织专家进行面对面咨询指导，申报教师按要求打磨完善材料并通过福建省高校在线教育联盟网站（www.fooc.org.cn）进行填报。（具体办法另行通知）
4．经省教育厅组织评审遴选后，获得正式申报资格后的课程登陆教育部国家级一流本科课程建设工作网（www.chinaooc.cn）进行申报。（具体办法另行通知）
三、其它事项
1．申报材料12月14日11:00时前提交至行北西204；其中线上、线下、线上线下混合、社会实践课程提交至行北西204张老师处；虚拟仿真实验教学课程提交至行北西209刘老师处。
2．需提交的纸质版材料为汇总表、每门课程的申报书和政审材料,一式一份，签字和公章齐全。
3．电子版材料（申报书和支撑材料）通过学校本科教学管理系统提交，途径为教师模块-教研教改-教研教改项目申报-项目申请-填报申请；系统已经开通，12月13日17:00时关闭，请教师及时填报，学院及时审核。
4.课程负责人10分钟“说课”视频、教学（课堂或实践）40分钟实录视频、虚拟仿真实验教学项目简介视频及教学引导视频请提前做好准备，待获学校推荐后按规定时间在网上报送。
5．各类材料由学院汇总后统一提交，不接收个人提交或替换，逾期不接收材料。
福州大学教务处
2023年12月5日

附件1：《福建省教育厅办公室关于开展2021年一流本科课程认定及推荐工作的通知》（闽教办高〔2021〕3号）；
附件2：《教育部关于一流本科课程建设的实施意见》（教高〔2019〕8号）；
附件3：《第三批国家级一流本科课程申报说明》；
附件4：《第三批国家级一流本科课程申报书》。",9,0017449848580013176120,附件4；线上线下混合式课程申报书（第三批）.docx,894,https://jwch.fzu.edu.cn/system/_content/download.jsp?urltype=news.DownloadAttachUrl&owner=1744984858&wbfileid=13176120,13176120,1744984858
001039013525,https://jwch.fzu.edu.cn/info/1039/13525.htm,关于公布2024年本科生创新创业实践与素质拓展学分认定结果的通知,【实践科】,2024-05-22,"校教〔2024〕17号

各学院：
根据《福州大学本科生创新创业实践与素质拓展学分认定管理实施办法》的规定，由学生本人申请，经指导教师同意，学生所在学院审核，学校审批。现批准薛宗延等388位同学通过认定获得学分，请各学院及时将学分记入学生成绩档案。
  附件：福州大学本科生创新创业实践与素质拓展学分认定汇总表

                                                                                                福州大学教务处
                                                                                                        2024年5月22日",1,0017449848580014613260,附件：福州大学本科生创新创业实践与素质拓展学分认定汇总表.doc,2853,https://jwch.fzu.edu.cn/system/_content/download.jsp?urltype=news.DownloadAttachUrl&owner=1744984858&wbfileid=14613260,14613260,1744984858
001037013524,https://jwch.fzu.edu.cn/info/1037/13524.htm,福州大学关于开展优秀拔尖创新人才培养案例征集的通知,【教研教改】,2024-05-22,"各学院：
为探索我省高校优秀拔尖创新人才培养模式，总结成功经验、分析典型做法，福建省教育厅正在开展“福建高校拔尖创新人才培养经典案例研究”工作（附件1），征集编写“优秀教育案例集锦”，入选“集锦”将是学校推动教学成果宣传、推广、应用的有力抓手。根据通知精神现向全校征集“优秀拔尖创新人才培养案例”，有关事项通知如下：
一、征集范围
我校近20年来在优秀拔尖创新人才培养实践上形成的优秀典型案例，主要类型包括：
1.专家教授个人或团队培养优秀拔尖创新人才的成功做法；
2.专任教师、班主任或辅导员等的育才之道；
3.优秀拔尖创新人才的成才故事。
二、撰写要求
1.案例内容需包括推荐学校、院系专业特色、办学主要经验、人才培养成效、案例摘要、案例亮点、主要启示等；
2.案例选择需要充分展现案例人物和事件的典型性、可读性、专业性、历史性、多学科性和时代性特点；
3.案例题目自拟，篇幅控制在2000-5000字，撰写格式详见附件1。
三、征集时间。从自即日起至2024年6月28日。
四、征集方式
1.采取学院推荐、教师自主申报相结合的方式进行征集；
2.各学院推荐案例不少于4个，其中本科领域不少于2个，研究生领域不少于2个；
3.申报教师提交案例申报表（附件3）和案例至所在学院，由学院汇总并确定推荐意见，在6月28日前将所有材料发送至3424125910@qq.com（本科）和yjsyjyjg@fzu.edu.cn（研究生）
具体要求：汇总表（附件4）以“学院”命名；案例申报表以“学院+姓名+申报表”命名；案例以“学院+姓名+福建高校优秀拔尖创新人才培养案例”命名，打包压缩后发送。同时提交一份加盖公章的汇总表至行北西204。
咨询电话：
本科领域案例：电话22866898，张老师
研究生领域案例：电话22865510，何老师
附件：
1.福建省教育厅办公室关于开展高校优秀拔尖创新人才培养案例研究工作的通知（闽教办高〔2024〕6号）
2.福建高校优秀拔尖创新人才培养案例撰写格式
3.福建高校优秀拔尖创新人才培养案例申报表
4.福建高校优秀拔尖创新人才培养案例汇总表

教务处、研究生院
2024年5月21日",4,0017449848580014613252,附件1：福建省教育厅办公室关于开展高校优秀拔尖创新人才培养案例研究工作的通知.pdf,799,https://jwch.fzu.edu.cn/system/_content/download.jsp?urltype=news.DownloadAttachUrl&owner=1744984858&wbfileid=14613252,14613252,1744984858
001037013524,https://jwch.fzu.edu.cn/info/1037/13524.htm,福州大学关于开展优秀拔尖创新人才培养案例征集的通知,【教研教改】,2024-05-22,"各学院：
为探索我省高校优秀拔尖创新人才培养模式，总结成功经验、分析典型做法，福建省教育厅正在开展“福建高校拔尖创新人才培养经典案例研究”工作（附件1），征集编写“优秀教育案例集锦”，入选“集锦”将是学校推动教学成果宣传、推广、应用的有力抓手。根据通知精神现向全校征集“优秀拔尖创新人才培养案例”，有关事项通知如下：
一、征集范围
我校近20年来在优秀拔尖创新人才培养实践上形成的优秀典型案例，主要类型包括：
1.专家教授个人或团队培养优秀拔尖创新人才的成功做法；
2.专任教师、班主任或辅导员等的育才之道；
3.优秀拔尖创新人才的成才故事。
二、撰写要求
1.案例内容需包括推荐学校、院系专业特色、办学主要经验、人才培养成效、案例摘要、案例亮点、主要启示等；
2.案例选择需要充分展现案例人物和事件的典型性、可读性、专业性、历史性、多学科性和时代性特点；
3.案例题目自拟，篇幅控制在2000-5000字，撰写格式详见附件1。
三、征集时间。从自即日起至2024年6月28日。
四、征集方式
1.采取学院推荐、教师自主申报相结合的方式进行征集；
2.各学院推荐案例不少于4个，其中本科领域不少于2个，研究生领域不少于2个；
3.申报教师提交案例申报表（附件3）和案例至所在学院，由学院汇总并确定推荐意见，在6月28日前将所有材料发送至3424125910@qq.com（本科）和yjsyjyjg@fzu.edu.cn（研究生）
具体要求：汇总表（附件4）以“学院”命名；案例申报表以“学院+姓名+申报表”命名；案例以“学院+姓名+福建高校优秀拔尖创新人才培养案例”命名，打包压缩后发送。同时提交一份加盖公章的汇总表至行北西204。
咨询电话：
本科领域案例：电话22866898，张老师
研究生领域案例：电话22865510，何老师
附件：
1.福建省教育厅办公室关于开展高校优秀拔尖创新人才培养案例研究工作的通知（闽教办高〔2024〕6号）
2.福建高校优秀拔尖创新人才培养案例撰写格式
3.福建高校优秀拔尖创新人才培养案例申报表
4.福建高校优秀拔尖创新人才培养案例汇总表

教务处、研究生院
2024年5月21日",4,0017449848580014613251,附件2：案例撰写格式.docx,653,https://jwch.fzu.edu.cn/system/_content/download.jsp?urltype=news.DownloadAttachUrl&owner=1744984858&wbfileid=14613251,14613251,1744984858
001037013524,https://jwch.fzu.edu.cn/info/1037/13524.htm,福州大学关于开展优秀拔尖创新人才培养案例征集的通知,【教研教改】,2024-05-22,"各学院：
为探索我省高校优秀拔尖创新人才培养模式，总结成功经验、分析典型做法，福建省教育厅正在开展“福建高校拔尖创新人才培养经典案例研究”工作（附件1），征集编写“优秀教育案例集锦”，入选“集锦”将是学校推动教学成果宣传、推广、应用的有力抓手。根据通知精神现向全校征集“优秀拔尖创新人才培养案例”，有关事项通知如下：
一、征集范围
我校近20年来在优秀拔尖创新人才培养实践上形成的优秀典型案例，主要类型包括：
1.专家教授个人或团队培养优秀拔尖创新人才的成功做法；
2.专任教师、班主任或辅导员等的育才之道；
3.优秀拔尖创新人才的成才故事。
二、撰写要求
1.案例内容需包括推荐学校、院系专业特色、办学主要经验、人才培养成效、案例摘要、案例亮点、主要启示等；
2.案例选择需要充分展现案例人物和事件的典型性、可读性、专业性、历史性、多学科性和时代性特点；
3.案例题目自拟，篇幅控制在2000-5000字，撰写格式详见附件1。
三、征集时间。从自即日起至2024年6月28日。
四、征集方式
1.采取学院推荐、教师自主申报相结合的方式进行征集；
2.各学院推荐案例不少于4个，其中本科领域不少于2个，研究生领域不少于2个；
3.申报教师提交案例申报表（附件3）和案例至所在学院，由学院汇总并确定推荐意见，在6月28日前将所有材料发送至3424125910@qq.com（本科）和yjsyjyjg@fzu.edu.cn（研究生）
具体要求：汇总表（附件4）以“学院”命名；案例申报表以“学院+姓名+申报表”命名；案例以“学院+姓名+福建高校优秀拔尖创新人才培养案例”命名，打包压缩后发送。同时提交一份加盖公章的汇总表至行北西204。
咨询电话：
本科领域案例：电话22866898，张老师
研究生领域案例：电话22865510，何老师
附件：
1.福建省教育厅办公室关于开展高校优秀拔尖创新人才培养案例研究工作的通知（闽教办高〔2024〕6号）
2.福建高校优秀拔尖创新人才培养案例撰写格式
3.福建高校优秀拔尖创新人才培养案例申报表
4.福建高校优秀拔尖创新人才培养案例汇总表

教务处、研究生院
2024年5月21日",4,0017449848580014613254,附件4：案例汇总表.docx,652,https://jwch.fzu.edu.cn/system/_content/download.jsp?urltype=news.DownloadAttachUrl&owner=1744984858&wbfileid=14613254,14613254,1744984858
001037013524,https://jwch.fzu.edu.cn/info/1037/13524.htm,福州大学关于开展优秀拔尖创新人才培养案例征集的通知,【教研教改】,2024-05-22,"各学院：
为探索我省高校优秀拔尖创新人才培养模式，总结成功经验、分析典型做法，福建省教育厅正在开展“福建高校拔尖创新人才培养经典案例研究”工作（附件1），征集编写“优秀教育案例集锦”，入选“集锦”将是学校推动教学成果宣传、推广、应用的有力抓手。根据通知精神现向全校征集“优秀拔尖创新人才培养案例”，有关事项通知如下：
一、征集范围
我校近20年来在优秀拔尖创新人才培养实践上形成的优秀典型案例，主要类型包括：
1.专家教授个人或团队培养优秀拔尖创新人才的成功做法；
2.专任教师、班主任或辅导员等的育才之道；
3.优秀拔尖创新人才的成才故事。
二、撰写要求
1.案例内容需包括推荐学校、院系专业特色、办学主要经验、人才培养成效、案例摘要、案例亮点、主要启示等；
2.案例选择需要充分展现案例人物和事件的典型性、可读性、专业性、历史性、多学科性和时代性特点；
3.案例题目自拟，篇幅控制在2000-5000字，撰写格式详见附件1。
三、征集时间。从自即日起至2024年6月28日。
四、征集方式
1.采取学院推荐、教师自主申报相结合的方式进行征集；
2.各学院推荐案例不少于4个，其中本科领域不少于2个，研究生领域不少于2个；
3.申报教师提交案例申报表（附件3）和案例至所在学院，由学院汇总并确定推荐意见，在6月28日前将所有材料发送至3424125910@qq.com（本科）和yjsyjyjg@fzu.edu.cn（研究生）
具体要求：汇总表（附件4）以“学院”命名；案例申报表以“学院+姓名+申报表”命名；案例以“学院+姓名+福建高校优秀拔尖创新人才培养案例”命名，打包压缩后发送。同时提交一份加盖公章的汇总表至行北西204。
咨询电话：
本科领域案例：电话22866898，张老师
研究生领域案例：电话22865510，何老师
附件：
1.福建省教育厅办公室关于开展高校优秀拔尖创新人才培养案例研究工作的通知（闽教办高〔2024〕6号）
2.福建高校优秀拔尖创新人才培养案例撰写格式
3.福建高校优秀拔尖创新人才培养案例申报表
4.福建高校优秀拔尖创新人才培养案例汇总表

教务处、研究生院
2024年5月21日",4,0017449848580014613253,附件3：案例申报表.docx,607,https://jwch.fzu.edu.cn/system/_content/download.jsp?urltype=news.DownloadAttachUrl&owner=1744984858&wbfileid=14613253,14613253,1744984858
001037013513,https://jwch.fzu.edu.cn/info/1037/13513.htm,福州大学关于开展第八届远志创业实验班招生工作的通知,【教研教改】,2024-05-17,"校教〔2024〕16号
各学院：
为推进我校创新创业教育的深入开展，探索专业教育与创新创业教育深度融合的教育模式，培养能够适应当前国家战略转型与区域经济发展需要，有使命感和责任意识，具备较强创新思维、创业精神和创新创业能力的复合型卓越人才，经研究，决定举办福州大学第八届远志创业实验班，请各学院积极做好宣传报名工作，鼓励有创新创业潜质且有较强烈创业意愿的学生参加报名，具体有关事项见《福州大学第八届远志创业实验班招生简章》。
特此通知。

附件1：福州大学第八届远志创业实验班招生简章
附件2：远志创业实验班修读申请表

福州大学教务处
                                                 2024年5月17日",2,0017449848580014612014,附件1：福州大学第八届远志创业实验班招生简章.docx,1624,https://jwch.fzu.edu.cn/system/_content/download.jsp?urltype=news.DownloadAttachUrl&owner=1744984858&wbfileid=14612014,14612014,1744984858
001037013513,https://jwch.fzu.edu.cn/info/1037/13513.htm,福州大学关于开展第八届远志创业实验班招生工作的通知,【教研教改】,2024-05-17,"校教〔2024〕16号
各学院：
为推进我校创新创业教育的深入开展，探索专业教育与创新创业教育深度融合的教育模式，培养能够适应当前国家战略转型与区域经济发展需要，有使命感和责任意识，具备较强创新思维、创业精神和创新创业能力的复合型卓越人才，经研究，决定举办福州大学第八届远志创业实验班，请各学院积极做好宣传报名工作，鼓励有创新创业潜质且有较强烈创业意愿的学生参加报名，具体有关事项见《福州大学第八届远志创业实验班招生简章》。
特此通知。

附件1：福州大学第八届远志创业实验班招生简章
附件2：远志创业实验班修读申请表

福州大学教务处
                                                 2024年5月17日",2,0017449848580014612015,附件2：远志创业实验班修读申请表.docx,889,https://jwch.fzu.edu.cn/system/_content/download.jsp?urltype=news.DownloadAttachUrl&owner=1744984858&wbfileid=14612015,14612015,1744984858
001036013501,https://jwch.fzu.edu.cn/info/1036/13501.htm,关于2023-2024学年第二学期《习近平新时代中国特色社会主义思想概论》课程期末考试安排的通知,【教学运行】,2024-05-15,"各有关学院：
定于13-14周进行《习近平新时代中国特色社会主义思想概论》课程期末考试，请有关协助监考学院按考表（见附件）安排监考老师并录入系统，及时通知监考老师和学生上系统查看考试信息，以免延误考试。
为保证考试的顺利进行，如其他教学安排时间或地点与此次考试冲突，请予以调整。

马克思主义学院
教务处
2024年5月15日",1,0017449848580014611555,2302习概论期末考试.xlsx,854,https://jwch.fzu.edu.cn/system/_content/download.jsp?urltype=news.DownloadAttachUrl&owner=1744984858&wbfileid=14611555,14611555,1744984858
001036013497,https://jwch.fzu.edu.cn/info/1036/13497.htm,关于2025届预计毕业生核对电子注册学历信息的通知,【教学运行】,2024-05-15,"各学院：
根据教育部学历注册相关要求，为确保我校2025届预计本科毕业生学历注册信息准确无误，现决定开展学历注册信息核对工作，具体通知如下：
一、核对对象
我校拟于2025年毕业的应届本科普通全日制在校生，含2020级五年制、2021级四年制以及2023级第二学士学位录取的各专业学生。外校访学学生、2024年及之前已核对过信息的往届预计毕业生不在本次核对范围之列。
二、核对内容
注册中心下发的信息表中所有字段都必须仔细核对，包括：学号、姓名、姓名拼音、性别、出生日期、身份证号、民族、政治面貌、当前所在级、分院、专业名称、学制、入学日期等。
以上身份证号字段中，港澳学生使用港澳居民身份证号，台湾学生使用台胞证号，华侨学生使用护照号或居留证号。
三、核对流程
1.学历注册信息核对要求必须由学生本人签字确认，以示对个人学历信息负完全责任。各学院根据注册中心下发的学历电子注册信息，打印2025届预计毕业生信息核对表，然后组织学生认真核对并签字确认，本人不核对或不签字而影响信息准确者，责任自负。
2.信息表中的姓名、性别、出生日期、身份证号、民族均属于关键字段，个人不得随意修改。因特殊原因确需修改的，请尽快联系注册中心工作人员，办理相关变更申请手续。
3.信息表中的政治面貌字段，数据源自当年招生录取信息和学校组织部提供的党员统计信息，如有修改，必须经辅导员签字确认后再上报。党员信息（含中共党员、中共预备党员）在学生明年六月毕业时，会根据最新的党员统计信息统一进行更新，不再另行组织核对。
4.信息表中的姓名拼音字段，并非英文姓名，请严格按照汉语拼音进行核对（每个汉语拼音首字母大写，中间不加空格）。
5.各学院根据学生反馈意见，直接在信息表中的相关内容上进行修改，并将其字体设置为红色，突出显示（如下例所示）。因病休学后拟编入下一级的学生可将其记录删除。赴境内(外)其他院校联合培养的学生，应通过远程方式进行确认。

学号
姓名
姓名拼音
性别
……
政治面貌
……

121900101
李四
LiSi
男
……
共青团员
……

四、注意事项
根据有关规定，学历注册信息核对工作每届只进行一次，核准后原则上不得再修改。此信息作为保研推免、图像采集、证书打印、学历认证等诸多后续工作的重要依据，关系到学生能否顺利毕业和注册。请各学院务必高度重视，认真组织，并于6月30日前将修改完善后的信息表（电子版，Excel格式）上报注册中心。
联系人：宋老师，电话：22866874。

教务处注册中心
2024年5月15日",0,,,,,,
001036013491,https://jwch.fzu.edu.cn/info/1036/13491.htm,关于2023-2024学年第二学期计算机语言类课程期末考试安排的通知,【教学运行】,2024-05-15,"各有关学院：
定于6月1日进行计算机语言类课程期末考试，请有关协助监考学院按考表（见附件）安排监考老师并录入系统，及时通知监考老师和学生上系统查看考试信息，以免延误考试。
为保证考试的顺利进行，如其他教学安排时间或地点与此次考试冲突，请予以调整。

计数学院
教务处
2024年5月15日",1,0017449848580014611191,2302计算机语言课期末考试6.1.xlsx,881,https://jwch.fzu.edu.cn/system/_content/download.jsp?urltype=news.DownloadAttachUrl&owner=1744984858&wbfileid=14611191,14611191,1744984858
001039013481,https://jwch.fzu.edu.cn/info/1039/13481.htm,关于公布第十届桥梁设计大赛获奖名单的通知,【实践科】,2024-05-11,"校教〔2024〕15号

各学院：
由我校土木工程学院承办的福州大学第十届桥梁设计大赛决赛于2024年4月27日在旗山校区土木学院一楼多功能厅举行。共有来自土木工程学院、建筑与城乡规划学院、物理与信息工程学院的28支队伍85位同学参加了比赛。经过初赛和决赛，共评出一等奖1项，二等奖2项，三等奖4项，现将获奖名单公布如下：

奖项
作品名称
成员
学院

一等奖
遂愿桥
徐文琪
土木工程学院

李鑫
土木工程学院

傅健鑫
土木工程学院

李宸晔
建筑与城乡规划学院

二等奖
明珠桥
陈静瑜
土木工程学院

黄锦辉
土木工程学院

林少楠
土木工程学院

王斯佳
建筑与城乡规划学院

长渡桥
江昊
土木工程学院

王静婷
土木工程学院

刘涵冰
土木工程学院

陈匡
物理与信息工程学院

三等奖
万安桥
陈星海
土木工程学院

郑卫东
土木工程学院

唐凌峰
土木工程学院

瑞雪桥
夏宇航
土木工程学院

耿宇
土木工程学院

蔡家浩
土木工程学院

王嘉莹
建筑与城乡规划学院

普通的桥
林子阳
土木工程学院

伍勤萌
土木工程学院

陈伟锋
土木工程学院

卧虹
代伟
土木工程学院

陈雅婷
土木工程学院

施欣枚
土木工程学院

邱巧婷
物理与信息工程学院

福州大学教务处
2024年5月11日",0,,,,,,
001039013479,https://jwch.fzu.edu.cn/info/1039/13479.htm,关于做好国家、省级大学生创新创业训练计划项目结题工作的通知,【实践科】,2024-05-10,"各学院：
根据《福州大学大学生创新创业训练计划项目管理实施办法》规定，学校将对国家级、省级大学生创新创业训练计划项目进行结题评审，现将有关事项通知如下：
一、结题对象
1.2022年度国家、省级大学生创新创业训练计划所有未结题项目；
2.2023年度国家、省级大学生创新创业训练计划一年期项目；
3.2023年度国家、省级大学生创新创业训练计划两年期项目已完成的可申请提前结题；
4.2023年度国家、省级大学生创新创业训练计划项目负责人为毕业班学生的项目必须结题。
二、结题报送材料
1.项目结题表、项目主要成果简明表、项目简介；
2.国家、福建省大学生创新创业训练计划项目验收信息表；
3.有实物成果的需提供照片；
4.项目研究报告；
5.项目组正式发表的论文、申请的专利、获奖证书等研究成果的电子文档或照片；
6.项目实施过程照片5张（开展实验过程、指导教师指导过程及参加学术会议情况等）；
7.项目组学生开展计划项目过程记录；
8.项目组学生开展计划项目的心得体会与经验；
9.项目指导教师指导计划项目的经验与建议；
10.项目结题PPT；
11.福州大学国家、省级大学生创新创业训练计划项目结题成绩汇总表（此表由学院汇总）。
各项目负责人须在2024年5月31日前将以上结题材料纸质版和电子版同时提交给各学院教学办，文件夹命名统一格式为“项目编号+项目名称+项目负责人姓名”。同时登录福建省大学生创新创业训练计划平台：http://114.220.75.43:93/fjcxcy/Index/Login?mode=school填报结题材料。
2024年6月10日前各学院完成评审工作，并将所有材料电子版统一发送至E-mail:jwcsjk@fzu.edu.cn，纸质版报送教务处实践科。
三、结题评审
本次结题项目由学院组织三位（含）以上具有副高及以上职称的专家对申请结题项目进行答辩评审并确定结题成绩等级。学校将对所有项目的结题成绩进行复核审查，重点检查结题项目是否按计划完成，并取得预期成果；是否存在抄袭和学术不端行为；项目成果是否与评审等级相符；对不符合评审等级规定要求的将取消成绩并降低等级处理，对终止或结题不合格的项目，学校将相应削减下一年度学院立项数，同时暂停项目指导教师下一年度指导资格。
请各学院及时通知有关项目负责人及指导教师按时完成结题工作。

                                            福州大学教务处
                                               2024年5月10日",1,0017449848580014608195,国创省创结题附件.zip,1326,https://jwch.fzu.edu.cn/system/_content/download.jsp?urltype=news.DownloadAttachUrl&owner=1744984858&wbfileid=14608195,14608195,1744984858
001039013478,https://jwch.fzu.edu.cn/info/1039/13478.htm,关于做好第二十八期、二十九期本科生科研训练计划项目结题工作的通知,【实践科】,2024-05-10,"各学院：
根据《福州大学本科生科研训练计划（SRTP）项目管理实施办法》规定，学校将对第二十八期和第二十九期项目进行结题评审。现将有关事项通知如下：
一、项目结题对象
1.第二十八期本科生科研训练计划所有未结题项目；
2.第二十九期本科生科研训练计划一年期项目；
3.第二十九期本科生科研训练计划两年期项目已完成的可申请提前结题；
4.第二十九期项目负责人为毕业班学生的项目必须结题。
二、项目结题材料
1.福州大学本科生科研训练计划（SRTP）项目结题表；
2.项目实施过程照片（参加学术会议、实物成果等照片3-5张）；
3.研究报告、科研论文（如有发表文章、申请专利等，需提交电子文档或照片）；
4.福州大学本科生科研训练计划项目验收信息表；
5.福州大学本科生科研训练计划项目结题评审汇总表（学院汇总）
三、项目结题评审
本次结题项目由学院组织三位（含）以上具有副高及以上职称的专家对申请结题项目进行答辩评审并确定结题成绩等级。学校将对所有项目的结题成绩进行复核审查，重点检查结题项目是否按计划完成，并取得预期成果；是否存在抄袭和学术不端行为；项目成果是否与评审等级相符；对不符合评审等级规定要求的将取消成绩并降低等级处理，对终止或结题不合格的项目，学校将相应削减下一年度学院立项数，同时暂停项目指导教师下一年度指导资格。
第二十八期、二十九期所有拟申请结题项目于2024年5月31日前提交结题材料，2024年6月10日前各学院完成评审工作统一将项目全套结题材料电子版发送至E-mail:jwcsjk@fzu.edu.cn，《福州大学本科生科研训练计划项目结题评审汇总表》纸质版报送教务处实践科。请各学院及时通知有关项目负责人及指导教师按时完成结题工作。

                                          福州大学教务处
                                          2024年5月10日",0,,,,,,
001042013477,https://jwch.fzu.edu.cn/info/1042/13477.htm,关于举办福州大学第五十二场“教学有道” 研讨活动的通知,【教材中心】,2024-05-09,"各学院，有关单位：
为认真贯彻习近平总书记关于教材建设的重要指示批示精神，根据教育部《普通高等学校教材管理办法》《“十四五”普通高等教育本科国家级规划教材建设实施方案》《关于开展首届全国教材建设奖评选工作的通知》等文件精神，为创新教材建设理念，提升教材建设水平，助力新质生产力发展，学校决定举办第五十二场“教学有道”专题研讨活动，具体安排如下：
一、研讨主题
高水平教材建设研讨会
二、研讨时间
2024年5月12日（周日）上午9:00-11:30
三、主讲人
    1.西安交通大学电气工程学院 罗先觉教授
    2.东南大学电气工程学院 徐志科副教授
四、活动地点
福州市旗山梅园酒店F楼多功能厅(地址：福建省福州市闽侯上街国宾大道350号，联系电话：0591 -62332999)
五、参加人员
1.各本科高校有意申报国家教材建设奖的课程负责人与专任教师，以及使用或有意采用《电器理论基础》等相关教材的行业或企事业单位工程技术人员。
2.其他感兴趣的教师。
六、主办单位和承办单位
支持单位：福建省新工科教育联盟
主办单位：福州大学教务处
承办单位：福州大学电气工程与自动化学院

主讲人简介：
1. 罗先觉，西安交通大学电气工程学院教授、博士生导师，国家级教学名师，高等学校电路和信号系统教学与教材研究会副理事长。主持建设的《电路》课程获国家级精品课程、国家精品在线开放课程、国家级线下一流课程共4门，4次获国家级教学成果奖二等奖，主编的教材《电路（第5版）》获首届全国教材建设奖全国优秀教材奖一等奖。
2. 徐志科，工学博士，副教授。主要从事特种电机设计、振动能量收集、大功率电力电子等方面的研究工作，主持国家自然科学基金项目1项、参与4项，主持参与省部级科研项目6项，发表论文60余篇，获得发明专利10余项，获省部级科研奖励2项。参与编著教材《电机学（第三版）》获首届全国优秀教材一等奖，讲授“电机学”课程获第二批国家级一流本科课程、江苏省省级一流本科课程。

福州大学教务处
2024年5月9日",0,,,,,,
001035013475,https://jwch.fzu.edu.cn/info/1035/13475.htm,关于2023-2024学年第二学期再次开放本科生学生证和火车票优惠卡补办及火车票优惠卡更改区间的通知,【综合科】,2024-05-08,"各学院：
根据《福州大学学生证管理办法》（福大政【2019】25号），针对部分学生丢失学生证的情况，特安排本学期的学生证和火车票优惠卡补办等工作，具体工作安排如下：
一、补办学生证
1、补办范围
学生在校学习期间，学生证原则上只补办一次。本次补办仅限具有福州大学全日制学籍、首次丢失学生证学生。
2、申请时间
2024年5月10日-2024年5月19日
3、补办程序
（1）在福州大学教务处网站首页登陆“本科教学管理系统”，完成学生证补办申请。
（2）学院和教务处分别对学生的申请进行初核和复核，其中申请信息经审核发现不属实者不予受理。
（3）学生接到通知短信后，到学校行政北楼西208室领取补办的学生证。
二、补办火车票优惠卡和更改火车票优惠卡区间

1、补办范围
学生在校学习期间，火车票优惠卡原则上只补办一次。本次补办仅限具有福州大学全日制学籍、首次丢失或尚未申请火车票优惠卡的学生。
2、时间
2024年6月6日-2024年7月6日16:00
3、程序
（1）在福州大学教务处网站首页登陆“本科教学管理系统”，完成火车票优惠卡补办申请或区间修改申请。
（2）学院和教务处分别对学生的申请进行初核和复核，其中申请信息经审核发现不属实者不予受理。
（3）学生接到通知短信后，到学校行政北楼西208室办理。
3、因家庭住址变更或父母工作地点发生变化而须改乘车区间的，必须交验家长工作单位或户籍管理部门提供的书面证明，方可办理变更手续；因火车站点变更等原因造成乘车区间改变的，无须提供证明，可直接办理变更手续。
三、请各学院认真做好学生证和火车票优惠卡补办的初核工作。各学院在审核学生补办申请时，要加强对学生的思想教育，教育学生重视、爱惜学生证和火车票优惠卡。学生要树立良好的诚信意识，不得擅自涂改学生证和火车票优惠卡内容，不得转借或抵押他人，不得在申领的过程中弄虚作假。如有违反者，一经查出，学校将收回违规学生证和火车票优惠卡，取消其补办资格，并追究学生本人责任。
四、因学生证和火车票优惠卡丢失而补办新证后又找回原证的，须将原证交至教务处注销。
教务处
2024年5月8日",0,,,,,,
001038013473,https://jwch.fzu.edu.cn/info/1038/13473.htm,2023-2024学年第二学期在校学生申请辅修专业的通知,【计划科】,2024-05-07,"各学院：
本学期在校本科学生申请修读辅修专业工作已经开始，现将有关事项通知如下：
一、申请程序
1.5月13日至5月19日，申请修读辅修专业(含“远志创业实验班”)的学生进行网上报名申请（登录教务处“本科教学管理系统”点击“辅修申请”），每位学生最多可以报名两个顺序志愿，于5月19日（含）前在系统确认申请结果。报名“远志创业实验班”所需材料详见教务处通知。
2.5月20日至5月22日，主修专业学院对申请进行审核，并将审核结果录入系统。
3.5月23日至5月27日，辅修专业学院对第一志愿申请进行审核，并将审核结果录入系统。
4.5月28日至5月31日，辅修专业学院对第二志愿申请进行审核，将审核结果录入系统，并将一、二志愿审核结果以汇总表形式送交教务处。
5.6月3日至6月7日，教务处对辅修专业申请进行最后审核，并将拟录取名单进行公示，在公示期结束后发文公布名单。
二、选课与缴费
1.公布名单之后，录取学生可以查看辅修专业培养方案，根据方案要求在网上进行辅修专业选课（具体时间请关注辅修专业网上选课通知）。
2. 辅修专业实行网上缴费，学生根据选课情况，按所选课程学分进行网上缴费，超过通知规定时间逾期未缴费者，选课无效。收费标准： 121元/学分（根据学校文件 福大财[2009]1号文件执行）。
三、辅修专业录取计划及接收条件
 

辅修学院
专业
计划人数
接收条件
联系电话

数学与统计学院
数学与应用数学
无限制
按绩点排名
梁老师228603552065554665@qq.com

信息与计算科学
无限制
按绩点排名

经济统计学
无限制
按绩点排名

经济与管理学院
工商管理
无限制
按绩点排名
吴老师228664051942901627@QQ.com

会计学
50
按绩点排名

市场营销
无限制
按绩点排名

国际经济与贸易
无限制
按绩点排名

金融学
60
按绩点排名

经济学
无限制
按绩点排名

电子商务
无限制
按绩点排名

信息管理与信息系统
无限制
按绩点排名

物流管理
无限制
按绩点排名

公共事业管理
无限制
按绩点排名

行政管理
无限制
按绩点排名

工业工程
无限制
按绩点排名

物流工程
无限制
按绩点排名

经济与管理学院
远志创业实验班
详见“福州大学关于开展第八届远志创业实验班招生工作的通知”

外国语学院
英语
25（20人以上独立开班）
英语四六级成绩按绩点排名
陈老师22866250474118077@qq.com

日语
25（20人以上独立开班）
按绩点排名

计算机与大数据学院
计算机科学与技术
25
按绩点排名
曹老师22865169395176456@qq.com

物理信息与工程学院
数字媒体技术
无限制
按绩点排名
游老师22865131137967300@qq.com

法学院
法学
15
按绩点排名
郑老师22866291423869129@qq.com

人文社会科学学院
社会学
无限制
按绩点排名
余老师2286656731368849@qq.com

汉语言文学
无限制
按绩点排名

应用心理学
无限制
按绩点排名

 
备注：
1.以下专业不能互相修读：信息管理与信息系统专业与计算机科学与技术专业，数字媒体技术（中外合作办学）不能辅修数字媒体技术专业；
2.根据福大教[2021]18号《福州大学关于印发本科生辅修专业管理暂行办法的通知》规定的修读条件，拟修读辅修专业的学生在入学半年后的每一个学期均可提出申请。各辅修专业录取计划及接收条件以当学期教务处通知公布为准。
   
 
　　　　　　　　　　　　　　　　　　　　　　　　　　福州大学教务处
           　　2024年5月7日",0,,,,,,
001038013472,https://jwch.fzu.edu.cn/info/1038/13472.htm,关于组织申报2024-2025学年第一学期通识教育选修课的通知,【计划科】,2024-05-06,"各学院、各单位：
根据《福州大学本科生通识教育选修课管理办法》文件精神，为扩大我校学生知识面、开拓视野、推进文理渗透、理工结合、提高大学生各方面素质，现决定开展2024-2025学年第一学期本科生通识教育选修课（以下简称“通选课”）组织申报工作，有关事项通知如下：
一、申报对象
开设通选课的教师必须是学有专长、热心教学、具有校内主讲教师资格的教师。
二、学分要求及时间安排
每门通选课控制在1-2学分，原则上16学时/学分，体育类课程24学时/学分。授课时间一般安排在周一至周五晚上及周六上、下午。
三、申报流程
请准备在2024-2025学年第一学期开设通选课的教师于6月7日前在本科教学管理系统“通选课申报”模块完成开课信息填报及审核提交工作（填报后需各单位教学干事和分管教学副院长分别审核），教务处将根据各位老师所填报的开课计划安排授课时间和地点。
填报位置：教师模块——教师专栏——通选课申报。
申报结束后，各位教师需于本学期末前登录教务系统核对开课信息，并于下学期开学前完成授课计划和教学大纲的录入工作，具体时间以教务通知为准。
四、注意事项
1、每学期开设的通选课门数将纳入学院本科教学基本情况通报，请各学院务必认真对待，积极组织教师申报。
2、通选课的学生选课工作安排在下学期开学初进行，具体时间安排以教务处通知为准。
 
如有疑问请咨询教务处林老师，电话：22866907/83700655
    
 
教务处
2024年5月6日",0,,,,,,
001039013470,https://jwch.fzu.edu.cn/info/1039/13470.htm,关于公布第四届福州大学大学生先进成图技术与产品信息建模创新大赛获奖名单的通知,【实践科】,2024-04-30,"校教〔2024〕14号
各学院：
由我校机械工程及自动化学院承办的福州大学第四届大学生先进成图技术与产品信息建模创新大赛于2024年4月27日顺利结束。本次比赛共有46名学生报名参加比赛，根据学生的零件构型和三维建模综合成绩，最终决出一等奖4项，二等奖7项，三等奖10项。现将获奖名单公布如下：

获奖等级
姓名
学院

一等奖
吕慧敏
机械工程及自动化学院

一等奖
邵铭宇
机械工程及自动化学院

一等奖
吴虎章
机械工程及自动化学院

一等奖
孙翊涵
机械工程及自动化学院

二等奖
何坤
机械工程及自动化学院

二等奖
林静雯
机械工程及自动化学院

二等奖
黄明
机械工程及自动化学院

二等奖
张鑫畑
机械工程及自动化学院

二等奖
杨育臣
机械工程及自动化学院

二等奖
万欣鹭
机械工程及自动化学院

二等奖
陈海平
机械工程及自动化学院

三等奖
苏仰源
机械工程及自动化学院

三等奖
单文卓
机械工程及自动化学院

三等奖
陶艺文
机械工程及自动化学院

三等奖
黄蒋骏凯
机械工程及自动化学院

三等奖
蔡宇源
机械工程及自动化学院

三等奖
张鸿彬
机械工程及自动化学院

三等奖
许嘉杰
机械工程及自动化学院

三等奖
刘礼硕
机械工程及自动化学院

三等奖
黄超杰
机械工程及自动化学院

三等奖
陈磊
机械工程及自动化学院

福州大学教务处
2024年4月30日",0,,,,,,
001039013469,https://jwch.fzu.edu.cn/info/1039/13469.htm,福州大学关于公布第二十一届程序设计竞赛获奖名单的通知,【实践科】,2024-04-30,"校教〔2024〕13号

各学院：
  由计算机与大数据学院承办的福州大学第二十一届程序设计竞赛暨校ACM/ICPC集训队选拔赛于2024年4月27日圆满结束。本次竞赛共有计算机与大数据学院、梅努斯国际工程学院、环境与安全工程学院、机械工程及自动化学院、数学与统计学院、物理与信息工程学院、材料科学与工程学院、土木工程学院、先进制造学院、经济与管理学院等学院的212名学生报名参赛。本次竞赛采取考试现场测试评分的方式，经过专家评审，评出专业组一等奖5名，二等奖10，三等奖15名；非专业组一等奖1名，二等奖2名，三等奖3名。现将获奖名单公布如下：

一、专业组：（计算机类、软件工程、大数据、信息安全、人工智能专业）

一等奖（5人）

学院
姓名

计算机与大数据学院
陈宇

计算机与大数据学院
方林升

计算机与大数据学院
黄旭

计算机与大数据学院
郑恩琦

梅努斯国际工程学院
黄思睿

二等奖（10人）

学院
姓名

梅努斯国际工程学院
郎易恒

计算机与大数据学院
吴羽晗

计算机与大数据学院
吴清伟

计算机与大数据学院
林伟豪

计算机与大数据学院
廖棋灿

计算机与大数据学院
叶志杰

计算机与大数据学院
邱维嘉

计算机与大数据学院
潘凌峰

计算机与大数据学院
苏郑熙凡

计算机与大数据学院
林宇

三等奖（15人）

学院
姓名

计算机与大数据学院
刁冉基

计算机与大数据学院
叶沈煜

计算机与大数据学院
张仁杰

计算机与大数据学院
饶凯辰

计算机与大数据学院
冀瑞昊

计算机与大数据学院
连文桢

梅努斯国际工程学院
王曹俨

计算机与大数据学院
詹思榕

计算机与大数据学院
林堂钦

计算机与大数据学院
俞烨

梅努斯国际工程学院
郑铖杰

计算机与大数据学院
鲍宇轩

计算机与大数据学院
谢博文

计算机与大数据学院
陈彦哲

计算机与大数据学院
施乐山

二、非专业组：
一等奖（1人）

学院
姓名

物理与信息工程学院
丁杰

二等奖（2人）

学院
姓名

数学与统计学院
陈程忞

机械工程及自动化学院
何楚杰

三等奖（3人）

学院
姓名

物理与信息工程学院
官瑜

物理与信息工程学院
李智杭

梅努斯国际工程学院
王志浩

福州大学教务处
2024年4月30日",0,,,,,,
001042013417,https://jwch.fzu.edu.cn/info/1042/13417.htm,关于开展2024年拟出版本科教材审核工作的通知,【教材中心】,2024-04-29,"各学院，相关教学单位：
根据教育部《普通高等学校教材管理办法》《福建省普通高等学校教材管理实施细则》和《福州大学教材管理实施细则（试行）》文件要求，为进一步规范学校教材编写管理工作，落实教材“凡编必审”相关要求，提高教材建设质量，现组织各学院及相关教学单位对2024年拟出版本科教材进行审核，具体要求和安排如下：
一、审核范围
2024年由我校教师担任主编或参编人员拟编写、正在编写、即将出版的本科教材（新编或修订）。
二、审核内容及要求
（一）教材编写人员审核
1.各学院及相关教学单位党组织应依据《福州大学教材管理实施细则（试行）》（以下简称《实施细则》）（附件1）第十二条相关规定，对本单位教师参与教材编写（包含主编、参编）的人员进行重点审核，审核内容包括政治立场、师德师风、思想品德、学术功底、学术不端等；
2.教材主编需具有高级专业技术职务。
（二）教材内容审核
1.各学院及相关教学单位教材工作小组应依据《实施细则》第三、十一、十七条条相关规定，负责对本单位教师为第一主编的教材内容进行审核。多学院或单位联合编写的教材，由第一主编所在单位组织审核；
2.各学院及相关教学单位教材工作小组组织相关学科专业领域专家、一线教师以及校外专家对拟出版教材的政治方向、价值导向、知识内容等方面进行审核。审核专家应具备高级专业技术职务，人数应不少于3人，其中校外专家不少于1人。审核人员需经所在单位党组织审核同意；
3.教材审核坚持凡编必审并实行盲审制度。
三、审核程序
（一）教材编写人员条件审核
1.参与本校教师为第一主编的教材编写任务。由第一主编填写《福州大学本科教材编写人员汇总表》（附件2）（一式二份），并提供全体教材编写人员所在单位党委政治审查意见（本校编写人员填写附件3、校外编写人员填写附件4）。各学院及相关教学单位党组织按照审核要求对本单位教材编写人员进行审核，并报党委教师工作部复核。复核通过后在学院网站公示，公示无异议后方可进行教材编写任务。
2.参与外单位组织的教材编写任务。参编人员应填写《福州大学本科教材编写人员审核表》，由所在单位党组织按照审核要求进行审核并报党委教师工作部复核，复核通过后在学院网站公示，公示无异议后方可进行教材编写任务。
（二）教材内容审核
  1.教材第一主编提出申请
第一主编应于教材书稿交付出版社出版前三个月向所在学院或相关教学单位教材工作小组提出审核申请并提供教材书稿。
2.学院组织教材审核
（1）学院或相关教学单位教材工作小组组织教材审核小组（教材审核人员需满足《实施细则》第十九条相关要求）严格按照《实施细则》具体要求对教材内容进行全面审核，严把政治关、学术关，并形成书面审核意见（附件5），得出审核结论（通过/重新送审/不予通过）。
学院或相关教学单位教材审核工作原则上每季度组织一次，且应于每季度第三个月15日前完成。
（2）教材坚持凡编必审，并实行盲审和编审分离制度，同时应遵循回避原则。教材编写人员不得参与教材审核。
  3.学校组织复审并得出审核结论。
四、其他要求
1.教材编写实行主编负责制。主编主持编写工作并负责统稿，对教材总体质量负责，参编人员对所编写内容负责；多个主编编写的教材，由第一主编负全责。专家学者个人编写的教材，由编写者对教材质量负全责；
2.拟出版教材第一主编应提交交付出版社出版前的最终书稿，由所在学院或相关教学单位教材工作小组统一组织专家审核。审核结论为“重新送审”和“不予通过”的教材不得出版；
3.各学院及相关教学单位要高度重视教师编写教材的审核工作，遵守有关纪律和程序；
4.各学院及相关教学单位需做好教材审核材料的存档工作，包括教材编写人员汇总表、编写人员审核表、教材审核表以及教材书稿等。
五、材料报送
1.请各教学单位于2024年5月10日前上报《2024年福州大学拟出版教材汇总表》（附件6），纸质版送至学校教材委员会本科教材办公室（教务处），电子材料请发至邮箱：jwchjck@fzu.edu.cn。
2.请各学院及相关教学单位于每季度第三个月15日前完成本单位2024年拟出版教材的审核工作并进行公示，公示结束后提交《福州大学本科教材编写人员汇总表》《编写人员审核表》及《福州大学教材编写审核表》一式二份以及书稿一起提交至学校教材委员会本科教材办公室（教务处），另一份留本单位备查。

联系人：苏淑珍 联系电话：0591-22866893  
地点：行政北楼西210

附件：1.福州大学教材管理实施细则（试行）
      2.福州大学本科教材编写人员汇总表
      3.福州大学本科教材编写人员审核表
      4.福州大学本科教材编写审核表
5.福州大学本科教材校外编写人员审核表
6.2024年福州大学拟出版教材汇总表

教务处
2024年4月29日
窗体底端",6,0017449848580014620223,附件1：福州大学教材管理实施细则（试行）.pdf,927,https://jwch.fzu.edu.cn/system/_content/download.jsp?urltype=news.DownloadAttachUrl&owner=1744984858&wbfileid=14620223,14620223,1744984858
001042013417,https://jwch.fzu.edu.cn/info/1042/13417.htm,关于开展2024年拟出版本科教材审核工作的通知,【教材中心】,2024-04-29,"各学院，相关教学单位：
根据教育部《普通高等学校教材管理办法》《福建省普通高等学校教材管理实施细则》和《福州大学教材管理实施细则（试行）》文件要求，为进一步规范学校教材编写管理工作，落实教材“凡编必审”相关要求，提高教材建设质量，现组织各学院及相关教学单位对2024年拟出版本科教材进行审核，具体要求和安排如下：
一、审核范围
2024年由我校教师担任主编或参编人员拟编写、正在编写、即将出版的本科教材（新编或修订）。
二、审核内容及要求
（一）教材编写人员审核
1.各学院及相关教学单位党组织应依据《福州大学教材管理实施细则（试行）》（以下简称《实施细则》）（附件1）第十二条相关规定，对本单位教师参与教材编写（包含主编、参编）的人员进行重点审核，审核内容包括政治立场、师德师风、思想品德、学术功底、学术不端等；
2.教材主编需具有高级专业技术职务。
（二）教材内容审核
1.各学院及相关教学单位教材工作小组应依据《实施细则》第三、十一、十七条条相关规定，负责对本单位教师为第一主编的教材内容进行审核。多学院或单位联合编写的教材，由第一主编所在单位组织审核；
2.各学院及相关教学单位教材工作小组组织相关学科专业领域专家、一线教师以及校外专家对拟出版教材的政治方向、价值导向、知识内容等方面进行审核。审核专家应具备高级专业技术职务，人数应不少于3人，其中校外专家不少于1人。审核人员需经所在单位党组织审核同意；
3.教材审核坚持凡编必审并实行盲审制度。
三、审核程序
（一）教材编写人员条件审核
1.参与本校教师为第一主编的教材编写任务。由第一主编填写《福州大学本科教材编写人员汇总表》（附件2）（一式二份），并提供全体教材编写人员所在单位党委政治审查意见（本校编写人员填写附件3、校外编写人员填写附件4）。各学院及相关教学单位党组织按照审核要求对本单位教材编写人员进行审核，并报党委教师工作部复核。复核通过后在学院网站公示，公示无异议后方可进行教材编写任务。
2.参与外单位组织的教材编写任务。参编人员应填写《福州大学本科教材编写人员审核表》，由所在单位党组织按照审核要求进行审核并报党委教师工作部复核，复核通过后在学院网站公示，公示无异议后方可进行教材编写任务。
（二）教材内容审核
  1.教材第一主编提出申请
第一主编应于教材书稿交付出版社出版前三个月向所在学院或相关教学单位教材工作小组提出审核申请并提供教材书稿。
2.学院组织教材审核
（1）学院或相关教学单位教材工作小组组织教材审核小组（教材审核人员需满足《实施细则》第十九条相关要求）严格按照《实施细则》具体要求对教材内容进行全面审核，严把政治关、学术关，并形成书面审核意见（附件5），得出审核结论（通过/重新送审/不予通过）。
学院或相关教学单位教材审核工作原则上每季度组织一次，且应于每季度第三个月15日前完成。
（2）教材坚持凡编必审，并实行盲审和编审分离制度，同时应遵循回避原则。教材编写人员不得参与教材审核。
  3.学校组织复审并得出审核结论。
四、其他要求
1.教材编写实行主编负责制。主编主持编写工作并负责统稿，对教材总体质量负责，参编人员对所编写内容负责；多个主编编写的教材，由第一主编负全责。专家学者个人编写的教材，由编写者对教材质量负全责；
2.拟出版教材第一主编应提交交付出版社出版前的最终书稿，由所在学院或相关教学单位教材工作小组统一组织专家审核。审核结论为“重新送审”和“不予通过”的教材不得出版；
3.各学院及相关教学单位要高度重视教师编写教材的审核工作，遵守有关纪律和程序；
4.各学院及相关教学单位需做好教材审核材料的存档工作，包括教材编写人员汇总表、编写人员审核表、教材审核表以及教材书稿等。
五、材料报送
1.请各教学单位于2024年5月10日前上报《2024年福州大学拟出版教材汇总表》（附件6），纸质版送至学校教材委员会本科教材办公室（教务处），电子材料请发至邮箱：jwchjck@fzu.edu.cn。
2.请各学院及相关教学单位于每季度第三个月15日前完成本单位2024年拟出版教材的审核工作并进行公示，公示结束后提交《福州大学本科教材编写人员汇总表》《编写人员审核表》及《福州大学教材编写审核表》一式二份以及书稿一起提交至学校教材委员会本科教材办公室（教务处），另一份留本单位备查。

联系人：苏淑珍 联系电话：0591-22866893  
地点：行政北楼西210

附件：1.福州大学教材管理实施细则（试行）
      2.福州大学本科教材编写人员汇总表
      3.福州大学本科教材编写人员审核表
      4.福州大学本科教材编写审核表
5.福州大学本科教材校外编写人员审核表
6.2024年福州大学拟出版教材汇总表

教务处
2024年4月29日
窗体底端",6,0017449848580014620221,附件2：福州大学本科教材编写人员汇总表.docx,711,https://jwch.fzu.edu.cn/system/_content/download.jsp?urltype=news.DownloadAttachUrl&owner=1744984858&wbfileid=14620221,14620221,1744984858
001042013417,https://jwch.fzu.edu.cn/info/1042/13417.htm,关于开展2024年拟出版本科教材审核工作的通知,【教材中心】,2024-04-29,"各学院，相关教学单位：
根据教育部《普通高等学校教材管理办法》《福建省普通高等学校教材管理实施细则》和《福州大学教材管理实施细则（试行）》文件要求，为进一步规范学校教材编写管理工作，落实教材“凡编必审”相关要求，提高教材建设质量，现组织各学院及相关教学单位对2024年拟出版本科教材进行审核，具体要求和安排如下：
一、审核范围
2024年由我校教师担任主编或参编人员拟编写、正在编写、即将出版的本科教材（新编或修订）。
二、审核内容及要求
（一）教材编写人员审核
1.各学院及相关教学单位党组织应依据《福州大学教材管理实施细则（试行）》（以下简称《实施细则》）（附件1）第十二条相关规定，对本单位教师参与教材编写（包含主编、参编）的人员进行重点审核，审核内容包括政治立场、师德师风、思想品德、学术功底、学术不端等；
2.教材主编需具有高级专业技术职务。
（二）教材内容审核
1.各学院及相关教学单位教材工作小组应依据《实施细则》第三、十一、十七条条相关规定，负责对本单位教师为第一主编的教材内容进行审核。多学院或单位联合编写的教材，由第一主编所在单位组织审核；
2.各学院及相关教学单位教材工作小组组织相关学科专业领域专家、一线教师以及校外专家对拟出版教材的政治方向、价值导向、知识内容等方面进行审核。审核专家应具备高级专业技术职务，人数应不少于3人，其中校外专家不少于1人。审核人员需经所在单位党组织审核同意；
3.教材审核坚持凡编必审并实行盲审制度。
三、审核程序
（一）教材编写人员条件审核
1.参与本校教师为第一主编的教材编写任务。由第一主编填写《福州大学本科教材编写人员汇总表》（附件2）（一式二份），并提供全体教材编写人员所在单位党委政治审查意见（本校编写人员填写附件3、校外编写人员填写附件4）。各学院及相关教学单位党组织按照审核要求对本单位教材编写人员进行审核，并报党委教师工作部复核。复核通过后在学院网站公示，公示无异议后方可进行教材编写任务。
2.参与外单位组织的教材编写任务。参编人员应填写《福州大学本科教材编写人员审核表》，由所在单位党组织按照审核要求进行审核并报党委教师工作部复核，复核通过后在学院网站公示，公示无异议后方可进行教材编写任务。
（二）教材内容审核
  1.教材第一主编提出申请
第一主编应于教材书稿交付出版社出版前三个月向所在学院或相关教学单位教材工作小组提出审核申请并提供教材书稿。
2.学院组织教材审核
（1）学院或相关教学单位教材工作小组组织教材审核小组（教材审核人员需满足《实施细则》第十九条相关要求）严格按照《实施细则》具体要求对教材内容进行全面审核，严把政治关、学术关，并形成书面审核意见（附件5），得出审核结论（通过/重新送审/不予通过）。
学院或相关教学单位教材审核工作原则上每季度组织一次，且应于每季度第三个月15日前完成。
（2）教材坚持凡编必审，并实行盲审和编审分离制度，同时应遵循回避原则。教材编写人员不得参与教材审核。
  3.学校组织复审并得出审核结论。
四、其他要求
1.教材编写实行主编负责制。主编主持编写工作并负责统稿，对教材总体质量负责，参编人员对所编写内容负责；多个主编编写的教材，由第一主编负全责。专家学者个人编写的教材，由编写者对教材质量负全责；
2.拟出版教材第一主编应提交交付出版社出版前的最终书稿，由所在学院或相关教学单位教材工作小组统一组织专家审核。审核结论为“重新送审”和“不予通过”的教材不得出版；
3.各学院及相关教学单位要高度重视教师编写教材的审核工作，遵守有关纪律和程序；
4.各学院及相关教学单位需做好教材审核材料的存档工作，包括教材编写人员汇总表、编写人员审核表、教材审核表以及教材书稿等。
五、材料报送
1.请各教学单位于2024年5月10日前上报《2024年福州大学拟出版教材汇总表》（附件6），纸质版送至学校教材委员会本科教材办公室（教务处），电子材料请发至邮箱：jwchjck@fzu.edu.cn。
2.请各学院及相关教学单位于每季度第三个月15日前完成本单位2024年拟出版教材的审核工作并进行公示，公示结束后提交《福州大学本科教材编写人员汇总表》《编写人员审核表》及《福州大学教材编写审核表》一式二份以及书稿一起提交至学校教材委员会本科教材办公室（教务处），另一份留本单位备查。

联系人：苏淑珍 联系电话：0591-22866893  
地点：行政北楼西210

附件：1.福州大学教材管理实施细则（试行）
      2.福州大学本科教材编写人员汇总表
      3.福州大学本科教材编写人员审核表
      4.福州大学本科教材编写审核表
5.福州大学本科教材校外编写人员审核表
6.2024年福州大学拟出版教材汇总表

教务处
2024年4月29日
窗体底端",6,0017449848580014918142,附件3：福州大学本科教材编写人员审核表.docx,539,https://jwch.fzu.edu.cn/system/_content/download.jsp?urltype=news.DownloadAttachUrl&owner=1744984858&wbfileid=14918142,14918142,1744984858
001042013417,https://jwch.fzu.edu.cn/info/1042/13417.htm,关于开展2024年拟出版本科教材审核工作的通知,【教材中心】,2024-04-29,"各学院，相关教学单位：
根据教育部《普通高等学校教材管理办法》《福建省普通高等学校教材管理实施细则》和《福州大学教材管理实施细则（试行）》文件要求，为进一步规范学校教材编写管理工作，落实教材“凡编必审”相关要求，提高教材建设质量，现组织各学院及相关教学单位对2024年拟出版本科教材进行审核，具体要求和安排如下：
一、审核范围
2024年由我校教师担任主编或参编人员拟编写、正在编写、即将出版的本科教材（新编或修订）。
二、审核内容及要求
（一）教材编写人员审核
1.各学院及相关教学单位党组织应依据《福州大学教材管理实施细则（试行）》（以下简称《实施细则》）（附件1）第十二条相关规定，对本单位教师参与教材编写（包含主编、参编）的人员进行重点审核，审核内容包括政治立场、师德师风、思想品德、学术功底、学术不端等；
2.教材主编需具有高级专业技术职务。
（二）教材内容审核
1.各学院及相关教学单位教材工作小组应依据《实施细则》第三、十一、十七条条相关规定，负责对本单位教师为第一主编的教材内容进行审核。多学院或单位联合编写的教材，由第一主编所在单位组织审核；
2.各学院及相关教学单位教材工作小组组织相关学科专业领域专家、一线教师以及校外专家对拟出版教材的政治方向、价值导向、知识内容等方面进行审核。审核专家应具备高级专业技术职务，人数应不少于3人，其中校外专家不少于1人。审核人员需经所在单位党组织审核同意；
3.教材审核坚持凡编必审并实行盲审制度。
三、审核程序
（一）教材编写人员条件审核
1.参与本校教师为第一主编的教材编写任务。由第一主编填写《福州大学本科教材编写人员汇总表》（附件2）（一式二份），并提供全体教材编写人员所在单位党委政治审查意见（本校编写人员填写附件3、校外编写人员填写附件4）。各学院及相关教学单位党组织按照审核要求对本单位教材编写人员进行审核，并报党委教师工作部复核。复核通过后在学院网站公示，公示无异议后方可进行教材编写任务。
2.参与外单位组织的教材编写任务。参编人员应填写《福州大学本科教材编写人员审核表》，由所在单位党组织按照审核要求进行审核并报党委教师工作部复核，复核通过后在学院网站公示，公示无异议后方可进行教材编写任务。
（二）教材内容审核
  1.教材第一主编提出申请
第一主编应于教材书稿交付出版社出版前三个月向所在学院或相关教学单位教材工作小组提出审核申请并提供教材书稿。
2.学院组织教材审核
（1）学院或相关教学单位教材工作小组组织教材审核小组（教材审核人员需满足《实施细则》第十九条相关要求）严格按照《实施细则》具体要求对教材内容进行全面审核，严把政治关、学术关，并形成书面审核意见（附件5），得出审核结论（通过/重新送审/不予通过）。
学院或相关教学单位教材审核工作原则上每季度组织一次，且应于每季度第三个月15日前完成。
（2）教材坚持凡编必审，并实行盲审和编审分离制度，同时应遵循回避原则。教材编写人员不得参与教材审核。
  3.学校组织复审并得出审核结论。
四、其他要求
1.教材编写实行主编负责制。主编主持编写工作并负责统稿，对教材总体质量负责，参编人员对所编写内容负责；多个主编编写的教材，由第一主编负全责。专家学者个人编写的教材，由编写者对教材质量负全责；
2.拟出版教材第一主编应提交交付出版社出版前的最终书稿，由所在学院或相关教学单位教材工作小组统一组织专家审核。审核结论为“重新送审”和“不予通过”的教材不得出版；
3.各学院及相关教学单位要高度重视教师编写教材的审核工作，遵守有关纪律和程序；
4.各学院及相关教学单位需做好教材审核材料的存档工作，包括教材编写人员汇总表、编写人员审核表、教材审核表以及教材书稿等。
五、材料报送
1.请各教学单位于2024年5月10日前上报《2024年福州大学拟出版教材汇总表》（附件6），纸质版送至学校教材委员会本科教材办公室（教务处），电子材料请发至邮箱：jwchjck@fzu.edu.cn。
2.请各学院及相关教学单位于每季度第三个月15日前完成本单位2024年拟出版教材的审核工作并进行公示，公示结束后提交《福州大学本科教材编写人员汇总表》《编写人员审核表》及《福州大学教材编写审核表》一式二份以及书稿一起提交至学校教材委员会本科教材办公室（教务处），另一份留本单位备查。

联系人：苏淑珍 联系电话：0591-22866893  
地点：行政北楼西210

附件：1.福州大学教材管理实施细则（试行）
      2.福州大学本科教材编写人员汇总表
      3.福州大学本科教材编写人员审核表
      4.福州大学本科教材编写审核表
5.福州大学本科教材校外编写人员审核表
6.2024年福州大学拟出版教材汇总表

教务处
2024年4月29日
窗体底端",6,0017449848580014620634,附件4：福州大学本科教材校外编写人员审核表.docx,669,https://jwch.fzu.edu.cn/system/_content/download.jsp?urltype=news.DownloadAttachUrl&owner=1744984858&wbfileid=14620634,14620634,1744984858
001042013417,https://jwch.fzu.edu.cn/info/1042/13417.htm,关于开展2024年拟出版本科教材审核工作的通知,【教材中心】,2024-04-29,"各学院，相关教学单位：
根据教育部《普通高等学校教材管理办法》《福建省普通高等学校教材管理实施细则》和《福州大学教材管理实施细则（试行）》文件要求，为进一步规范学校教材编写管理工作，落实教材“凡编必审”相关要求，提高教材建设质量，现组织各学院及相关教学单位对2024年拟出版本科教材进行审核，具体要求和安排如下：
一、审核范围
2024年由我校教师担任主编或参编人员拟编写、正在编写、即将出版的本科教材（新编或修订）。
二、审核内容及要求
（一）教材编写人员审核
1.各学院及相关教学单位党组织应依据《福州大学教材管理实施细则（试行）》（以下简称《实施细则》）（附件1）第十二条相关规定，对本单位教师参与教材编写（包含主编、参编）的人员进行重点审核，审核内容包括政治立场、师德师风、思想品德、学术功底、学术不端等；
2.教材主编需具有高级专业技术职务。
（二）教材内容审核
1.各学院及相关教学单位教材工作小组应依据《实施细则》第三、十一、十七条条相关规定，负责对本单位教师为第一主编的教材内容进行审核。多学院或单位联合编写的教材，由第一主编所在单位组织审核；
2.各学院及相关教学单位教材工作小组组织相关学科专业领域专家、一线教师以及校外专家对拟出版教材的政治方向、价值导向、知识内容等方面进行审核。审核专家应具备高级专业技术职务，人数应不少于3人，其中校外专家不少于1人。审核人员需经所在单位党组织审核同意；
3.教材审核坚持凡编必审并实行盲审制度。
三、审核程序
（一）教材编写人员条件审核
1.参与本校教师为第一主编的教材编写任务。由第一主编填写《福州大学本科教材编写人员汇总表》（附件2）（一式二份），并提供全体教材编写人员所在单位党委政治审查意见（本校编写人员填写附件3、校外编写人员填写附件4）。各学院及相关教学单位党组织按照审核要求对本单位教材编写人员进行审核，并报党委教师工作部复核。复核通过后在学院网站公示，公示无异议后方可进行教材编写任务。
2.参与外单位组织的教材编写任务。参编人员应填写《福州大学本科教材编写人员审核表》，由所在单位党组织按照审核要求进行审核并报党委教师工作部复核，复核通过后在学院网站公示，公示无异议后方可进行教材编写任务。
（二）教材内容审核
  1.教材第一主编提出申请
第一主编应于教材书稿交付出版社出版前三个月向所在学院或相关教学单位教材工作小组提出审核申请并提供教材书稿。
2.学院组织教材审核
（1）学院或相关教学单位教材工作小组组织教材审核小组（教材审核人员需满足《实施细则》第十九条相关要求）严格按照《实施细则》具体要求对教材内容进行全面审核，严把政治关、学术关，并形成书面审核意见（附件5），得出审核结论（通过/重新送审/不予通过）。
学院或相关教学单位教材审核工作原则上每季度组织一次，且应于每季度第三个月15日前完成。
（2）教材坚持凡编必审，并实行盲审和编审分离制度，同时应遵循回避原则。教材编写人员不得参与教材审核。
  3.学校组织复审并得出审核结论。
四、其他要求
1.教材编写实行主编负责制。主编主持编写工作并负责统稿，对教材总体质量负责，参编人员对所编写内容负责；多个主编编写的教材，由第一主编负全责。专家学者个人编写的教材，由编写者对教材质量负全责；
2.拟出版教材第一主编应提交交付出版社出版前的最终书稿，由所在学院或相关教学单位教材工作小组统一组织专家审核。审核结论为“重新送审”和“不予通过”的教材不得出版；
3.各学院及相关教学单位要高度重视教师编写教材的审核工作，遵守有关纪律和程序；
4.各学院及相关教学单位需做好教材审核材料的存档工作，包括教材编写人员汇总表、编写人员审核表、教材审核表以及教材书稿等。
五、材料报送
1.请各教学单位于2024年5月10日前上报《2024年福州大学拟出版教材汇总表》（附件6），纸质版送至学校教材委员会本科教材办公室（教务处），电子材料请发至邮箱：jwchjck@fzu.edu.cn。
2.请各学院及相关教学单位于每季度第三个月15日前完成本单位2024年拟出版教材的审核工作并进行公示，公示结束后提交《福州大学本科教材编写人员汇总表》《编写人员审核表》及《福州大学教材编写审核表》一式二份以及书稿一起提交至学校教材委员会本科教材办公室（教务处），另一份留本单位备查。

联系人：苏淑珍 联系电话：0591-22866893  
地点：行政北楼西210

附件：1.福州大学教材管理实施细则（试行）
      2.福州大学本科教材编写人员汇总表
      3.福州大学本科教材编写人员审核表
      4.福州大学本科教材编写审核表
5.福州大学本科教材校外编写人员审核表
6.2024年福州大学拟出版教材汇总表

教务处
2024年4月29日
窗体底端",6,0017449848580014620225,附件5：福州大学本科教材编写审核表.docx,747,https://jwch.fzu.edu.cn/system/_content/download.jsp?urltype=news.DownloadAttachUrl&owner=1744984858&wbfileid=14620225,14620225,1744984858
001042013417,https://jwch.fzu.edu.cn/info/1042/13417.htm,关于开展2024年拟出版本科教材审核工作的通知,【教材中心】,2024-04-29,"各学院，相关教学单位：
根据教育部《普通高等学校教材管理办法》《福建省普通高等学校教材管理实施细则》和《福州大学教材管理实施细则（试行）》文件要求，为进一步规范学校教材编写管理工作，落实教材“凡编必审”相关要求，提高教材建设质量，现组织各学院及相关教学单位对2024年拟出版本科教材进行审核，具体要求和安排如下：
一、审核范围
2024年由我校教师担任主编或参编人员拟编写、正在编写、即将出版的本科教材（新编或修订）。
二、审核内容及要求
（一）教材编写人员审核
1.各学院及相关教学单位党组织应依据《福州大学教材管理实施细则（试行）》（以下简称《实施细则》）（附件1）第十二条相关规定，对本单位教师参与教材编写（包含主编、参编）的人员进行重点审核，审核内容包括政治立场、师德师风、思想品德、学术功底、学术不端等；
2.教材主编需具有高级专业技术职务。
（二）教材内容审核
1.各学院及相关教学单位教材工作小组应依据《实施细则》第三、十一、十七条条相关规定，负责对本单位教师为第一主编的教材内容进行审核。多学院或单位联合编写的教材，由第一主编所在单位组织审核；
2.各学院及相关教学单位教材工作小组组织相关学科专业领域专家、一线教师以及校外专家对拟出版教材的政治方向、价值导向、知识内容等方面进行审核。审核专家应具备高级专业技术职务，人数应不少于3人，其中校外专家不少于1人。审核人员需经所在单位党组织审核同意；
3.教材审核坚持凡编必审并实行盲审制度。
三、审核程序
（一）教材编写人员条件审核
1.参与本校教师为第一主编的教材编写任务。由第一主编填写《福州大学本科教材编写人员汇总表》（附件2）（一式二份），并提供全体教材编写人员所在单位党委政治审查意见（本校编写人员填写附件3、校外编写人员填写附件4）。各学院及相关教学单位党组织按照审核要求对本单位教材编写人员进行审核，并报党委教师工作部复核。复核通过后在学院网站公示，公示无异议后方可进行教材编写任务。
2.参与外单位组织的教材编写任务。参编人员应填写《福州大学本科教材编写人员审核表》，由所在单位党组织按照审核要求进行审核并报党委教师工作部复核，复核通过后在学院网站公示，公示无异议后方可进行教材编写任务。
（二）教材内容审核
  1.教材第一主编提出申请
第一主编应于教材书稿交付出版社出版前三个月向所在学院或相关教学单位教材工作小组提出审核申请并提供教材书稿。
2.学院组织教材审核
（1）学院或相关教学单位教材工作小组组织教材审核小组（教材审核人员需满足《实施细则》第十九条相关要求）严格按照《实施细则》具体要求对教材内容进行全面审核，严把政治关、学术关，并形成书面审核意见（附件5），得出审核结论（通过/重新送审/不予通过）。
学院或相关教学单位教材审核工作原则上每季度组织一次，且应于每季度第三个月15日前完成。
（2）教材坚持凡编必审，并实行盲审和编审分离制度，同时应遵循回避原则。教材编写人员不得参与教材审核。
  3.学校组织复审并得出审核结论。
四、其他要求
1.教材编写实行主编负责制。主编主持编写工作并负责统稿，对教材总体质量负责，参编人员对所编写内容负责；多个主编编写的教材，由第一主编负全责。专家学者个人编写的教材，由编写者对教材质量负全责；
2.拟出版教材第一主编应提交交付出版社出版前的最终书稿，由所在学院或相关教学单位教材工作小组统一组织专家审核。审核结论为“重新送审”和“不予通过”的教材不得出版；
3.各学院及相关教学单位要高度重视教师编写教材的审核工作，遵守有关纪律和程序；
4.各学院及相关教学单位需做好教材审核材料的存档工作，包括教材编写人员汇总表、编写人员审核表、教材审核表以及教材书稿等。
五、材料报送
1.请各教学单位于2024年5月10日前上报《2024年福州大学拟出版教材汇总表》（附件6），纸质版送至学校教材委员会本科教材办公室（教务处），电子材料请发至邮箱：jwchjck@fzu.edu.cn。
2.请各学院及相关教学单位于每季度第三个月15日前完成本单位2024年拟出版教材的审核工作并进行公示，公示结束后提交《福州大学本科教材编写人员汇总表》《编写人员审核表》及《福州大学教材编写审核表》一式二份以及书稿一起提交至学校教材委员会本科教材办公室（教务处），另一份留本单位备查。

联系人：苏淑珍 联系电话：0591-22866893  
地点：行政北楼西210

附件：1.福州大学教材管理实施细则（试行）
      2.福州大学本科教材编写人员汇总表
      3.福州大学本科教材编写人员审核表
      4.福州大学本科教材编写审核表
5.福州大学本科教材校外编写人员审核表
6.2024年福州大学拟出版教材汇总表

教务处
2024年4月29日
窗体底端",6,0017449848580014620226,附件6：2024年福州大学拟出版教材汇总表.xlsx,679,https://jwch.fzu.edu.cn/system/_content/download.jsp?urltype=news.DownloadAttachUrl&owner=1744984858&wbfileid=14620226,14620226,1744984858
001039013415,https://jwch.fzu.edu.cn/content.jsp?urltype=news.NewsContentUrl&wbtreeid=1039&wbnewsid=13415,关于对2024届本科毕业设计（论文）试行AIGC检测的通知,【实践科】,2024-04-28,"各学院：
根据《中华人民共和国学位法》（中华人民共和国主席令第二十二号）第三十七条之规定：学位论文或者实践成果被认定为存在代写、剽窃、伪造等学术不端行为，经学位评定委员会决议，学位授予单位不授予学位或者撤销学位。
为进一步加强学术道德和学术诚信教育，营造良好的学术生态，规范学生科学合理使用AIGC技术，杜绝人工智能代写、剽窃、伪造等学术不端行为，加强对毕业设计（论文）质量监控与管理，学校研究决定应用“维普AIGC检测系统”对2024届本科生毕业设计（论文）进行答辩前定稿和答辩后终稿进行AIGC检测，现将具体事宜通知如下:
一、检测对象
2024届毕业的所有本科生毕业设计（论文）答辩前定稿和答辩后终稿均分别进行AIGC检测。
二、检测方法
“维普AIGC检测系统”已经嵌入本科教学管理系统毕业设计（论文）模块中，学生在毕业设计（论文）模块中上传的本人毕业设计（论文）答辩前定稿（文档格式：PDF））和答辩后终稿（文档格式：PDF）经指导老师在系统上查看审核通过后，系统将自动分别进行查重检测和AIGC检测，检测完成后学生和指导教师即可分别查询到毕业设计（论文）检测结果。
2024届本科生毕业设计（论文）AIGC检测结果（疑似AIGC全文占比数值较高）将作为学生毕业设计（论文）成绩评定和校级优秀本科生毕业设计（论文）评选参考依据。

福州大学教务处
2024年4月28日",0,,,,,,
001036013414,https://jwch.fzu.edu.cn/info/1036/13414.htm,关于2023-2024学年第二学期《工程制图E》课程期末考试安排的通知,【教学运行】,2024-04-28,"各有关学院：
定于5月12日上午进行《工程制图E》课程期末考试，请有关协助监考学院按考表（见附件）安排监考老师并录入系统，及时通知监考老师和学生上系统查看考试信息，以免延误考试。
为保证考试的顺利进行，如其他教学安排时间或地点与此次考试冲突，请予以调整。

机械学院
教务处
2024年4月28日",1,0017449848580014604454,2302 工程制图E期末考试 5.12上午.xlsx,746,https://jwch.fzu.edu.cn/system/_content/download.jsp?urltype=news.DownloadAttachUrl&owner=1744984858&wbfileid=14604454,14604454,1744984858
001039013413,https://jwch.fzu.edu.cn/info/1039/13413.htm,关于公布福州大学第十四届大学生节能减排社会实践与科技竞赛暨第十届材料创新、设计及应用竞赛获奖名单的通知,【实践科】,2024-04-26,"校教〔2024〕11号
各学院：
由福州大学教务处、研究生院主办，材料科学与工程学院承办的福州大学第十四届大学生节能减排社会实践与科技竞赛暨第十届材料创新、设计及应用竞赛现已圆满结束，本次竞赛共有来自土木工程学院、环境与安全工程学院、生物科学与工程学院、材料科学与工程学院、紫金地质与矿业学院、先进制造学院等共计38支队伍参赛。经过专家评审，分别评出一等奖4项、二等奖7项、三等奖10项，现将获奖名单公布如下：
一、节能减排社会实践与科技竞赛
（一）本科生组

获奖等级
项目名称
作者
指导老师
学院

一等奖
I净界-新型高效工业废水处理器件
杨嘉、王坤、曾文毅、吴丹茹、王小露
吕秋丰
材料科学与工程学院

二等奖
“云节涓滴”——智能云控喷溉系统
程力航、钟力帆、吕宁睿、吕子婧、董桐旭
林珊玲
先进制造学院

二等奖
复合机械整流式和永磁摆式的新型波浪能发电装置
苏城杭、张皓元、朱政锋、杨东方、常思远
徐普、方舟
土木工程学院

三等奖
一种抗污染的Janus型蒸馏膜垃圾渗滤液处理技术
叶静涵、王思程、张思宇、池怡、李楠淇
鄢忠森
土木工程学院

三等奖
减排还是漂绿？蓝天保卫战弥合幸福感知差异的有效路径
游祺杰、黄俊熙、陈茜涟、方文杰、郑炜城
苏世彬
经济与管理学院

三等奖
一种景观水体的自动化检测净化系统
刘伟、潘智强、何镇炫、王子彦、吴凡思
蔡枫
土木工程学院

（二）研究生组

获奖等级
项目名称
作者
指导老师
学院

一等奖
“绿识”垃圾分类助手
林天柱、李生尧
孙化强
先进制造学院

二等奖
齐心砼力——基于建筑垃圾的全废弃再生地聚物砌块
康思享、凌磊明、黄孟熙、郭佳、李文杰
吴文达
先进制造学院

二等奖
新型内外双循环养殖池高效去污节水装置
林臻忻、傅晨明、范小芳、廖伟良、吴黛萱
蒋北寒、蔡枫
土木工程学院

三等奖
云端驱动：食用菌培育一体机的高效节能革新
宋瑞楠、吴威、王斯佳、张可、宋运壕
高旻、张双焘
生物科学与工程学院

三等奖
森林守护者——新型柔性自支撑金属有机框架纳米纸的研制及应用
杨勇、杨哲、何宇鹏
陈飞飞
材料科学与工程学院

三等奖
利用蛋壳催化技术处理后的橡胶制备绿色低碳水泥
王纪泽、钟国庆、施伟渠、彭紫萱
吴文达
先进制造学院

二、材料创新、设计及应用竞赛
（一）本科生组

获奖等级
项目名称
作者
指导老师
学院

一等奖
“膜”法玻璃——新型有机材料电致变色玻璃
刑湘玉、林奕好、刘桢炜、杨璐源、张佳倩
郭智勇
材料科学与工程学院

二等奖
智凝源泉——紧急救援与自然探索的便携水源
叶子豪、王炜圩
罗中箴
材料科学与工程学院

二等奖
具有致密晶态/非晶态界面位点的氧掺杂钴钒硒纳米片修饰锂硫电池隔膜
林嘉辉、章璞、陈静茹
陈奇俤、蔡道平
材料科学与工程学院

三等奖
卡林型金矿热压余酸与固废尾砂制备中和渣改性充填材料
林孜、黄永俊、胡桐瑞
黄明清
紫金地质与矿业学院

三等奖
新一代零维固态节能发光材料
洪煜楠、马惟一、陈董辉、陈镟宇、黄伟强
黄瀚林
材料科学与工程学院

三等奖
酸灵——机械力化学制备单组分碱矿渣粉煤灰胶凝材料
胡妙佳、张敏浩、罗国钰、陈静茹、黄于毅
吴文达
土木工程学院

（二）研究生组

获奖等级
项目名称
作者
指导老师
学院

一等奖
极速守护——新型氧化石墨烯火灾预警传感器
何茜、许耀铮、袁成功、陈孔健
陈飞飞
材料科学与工程学院

二等奖
鱼思在藻——海藻酸基改性鱼鳞单组分膨胀型阻燃剂
黎智扬、杨馨、李谦、洪家辉、贾芯蕊
熊雷、靳艳巧
先进制造学院

三等奖
光影交织，色彩随变——免油墨可擦写多色光打印纸
林雅兰、董伟龙、黄新炼、邵文磊
庄赞勇
材料科学与工程学院

福州大学教务处
福州大学研究生院
2024年4月26日",0,,,,,,
001039013411,https://jwch.fzu.edu.cn/info/1039/13411.htm,关于开展2024届本科毕业设计（论文）抽检送审工作的通知,【实践科】,2024-04-26,"各学院：
本科毕业设计（论文）是检验学生掌握本专业理论知识、基本技能和创新精神的重要环节，也是检验本科教学水平和人才培养质量的重要指标。为了加强学士学位授予质量监督，提高本科人才培养基本质量，根据《教育部关于印发<本科毕业论文（设计）抽检办法（试行）>的通知》（教督〔2020〕5号）和《福建省教育厅关于印发<福建省本科毕业论文（设计）抽检实施细则（试行）>的通知》（闽教高〔2021〕45号）等文件要求，经研究，学校决定开展2024届本科毕业设计（论文）抽检送审工作，现将具体事项通知如下：
一、抽检送审对象
2024届各专业本科生毕业设计（论文）
二、毕业设计（论文）抽检送审规则
1.抽检范围与数量
（1）抽检对象为2024届各学院所有专业本科毕业设计（论文）。
（2）2022届教育部抽检出现不合格的专业（国际经济与贸易、汉语言、数字媒体技术）抽检送审数量不得少于该专业毕业生总数的20%，其它各专业抽检送审数量不得少于该专业毕业生总数的10%。
2.抽检规则
按照学号先后顺序抽取该专业学号尾数为“1”的毕业设计（论文），当被抽检人数达不到该专业毕业人数的10%时，继续抽取该专业学号尾数为“4”的毕业设计（论文），若抽检人数仍不能满足要求，则继续抽取该专业学号尾数为“5”的毕业设计（论文）。
三、毕业设计（论文）送审要求
毕业设计（论文）评审重点必须涵盖政治方向、学术诚信、选题意义、写作安排、逻辑构建、专业能力、学术规范等评议要素。各专业可在《福建省本科毕业论文（设计）抽检评议要素（试行）》(见附件1)的基础上制订适合本学科专业特点的评审细则。
1.抽检送审的毕业设计（论文）被认定为合格的方可参加毕业设计（论文）答辩，被认定为“存在问题毕业设计（论文）”不得进入答辩环节。
2.各学院将抽检的每篇毕业设计（论文）均应聘请三位校内外本专业具有副高（含）以上职称的同行专家担任评审（至少2位为校外专家），校外评审专家原则上应从“双一流”建设高校中学科专业与我校相当的高校中选聘，评审专家按照“合格”和“不合格”两档评定毕业设计（论文），并提出评议意见，对评议为“不合格”的毕业设计（论文），须明确指出存在的问题。每篇论文送3位同行专家评审，3位专家中有2位以上（含2位）专家评议意见为“不合格”的毕业设计（论文），将认定为“存在问题毕业设计（论文）”。3位专家中有1位专家评议意见为“不合格”，将再送2位同行专家（2位为校外专家）进行复评。2位复评专家中有1位以上（含1位）专家评议意见为“不合格”，将认定为“存在问题毕业设计（论文）”。对政治方向或学术诚信存在问题的，将直接评议为“存在问题毕业设计（论文）”。
3.在本科毕业设计（论文）抽检送审中，若被认定为“存在问题毕业设计（论文）”（含送审前查重检测不符合学校要求者），不得进入应届毕业生第一批次正常答辩和毕业审核环节。学生须认真修改，修改期不少于1个月，修改完成后，需再次按照学校抽检送审程序和要求，再送三位校外专家评审，评审结果合格且符合学校查重复检要求者方能参加下一批次答辨，依此类推最多给予2次修改送审机会。若至当年第三批次毕业设计（论文）抽检送审（含复检）结束仍不符合要求者，均须重修。
四、结果反馈与使用
各学院应于毕业设计（论文）答辩开始前完成抽检送审工作，并将2024届本科毕业设计（论文）抽检送审评议汇总表（附件2）报送教务处实践科，电子版发送至：jwcsjk@fzu.edu.cn。各学院应组织被抽检毕业设计（论文）的指导教师、学生根据评审意见进行认真整改，并进一步完善本科毕业设计（论文）指导和管理工作。
根据教育部抽检办法，抽检结果将影响招生计划、学士学位授权点建设等；对涉嫌存在抄袭、剽窃、伪造、篡改、买卖、代写等学术不端行为的毕业设计（论文），高校应按照相关程序进行调查核实，对查实的应依法撤销已授予学位，并注销学位证书；抽检结果将作为本科教育教学评估、一流本科专业建设、本科专业认证以及专业建设经费投入等教育资源配置的重要参考依据。
附件1：福建省本科毕业论文（设计）抽检评议要素（试行）
附件2：2024届福州大学本科毕业设计（论文）抽检情况汇总表

     福州大学教务处
     2024年4月26日",2,0017449848580014604109,附件2：2024届福州大学本科毕业设计（论文）抽检情况汇总表.xls,3262,https://jwch.fzu.edu.cn/system/_content/download.jsp?urltype=news.DownloadAttachUrl&owner=1744984858&wbfileid=14604109,14604109,1744984858
001039013411,https://jwch.fzu.edu.cn/info/1039/13411.htm,关于开展2024届本科毕业设计（论文）抽检送审工作的通知,【实践科】,2024-04-26,"各学院：
本科毕业设计（论文）是检验学生掌握本专业理论知识、基本技能和创新精神的重要环节，也是检验本科教学水平和人才培养质量的重要指标。为了加强学士学位授予质量监督，提高本科人才培养基本质量，根据《教育部关于印发<本科毕业论文（设计）抽检办法（试行）>的通知》（教督〔2020〕5号）和《福建省教育厅关于印发<福建省本科毕业论文（设计）抽检实施细则（试行）>的通知》（闽教高〔2021〕45号）等文件要求，经研究，学校决定开展2024届本科毕业设计（论文）抽检送审工作，现将具体事项通知如下：
一、抽检送审对象
2024届各专业本科生毕业设计（论文）
二、毕业设计（论文）抽检送审规则
1.抽检范围与数量
（1）抽检对象为2024届各学院所有专业本科毕业设计（论文）。
（2）2022届教育部抽检出现不合格的专业（国际经济与贸易、汉语言、数字媒体技术）抽检送审数量不得少于该专业毕业生总数的20%，其它各专业抽检送审数量不得少于该专业毕业生总数的10%。
2.抽检规则
按照学号先后顺序抽取该专业学号尾数为“1”的毕业设计（论文），当被抽检人数达不到该专业毕业人数的10%时，继续抽取该专业学号尾数为“4”的毕业设计（论文），若抽检人数仍不能满足要求，则继续抽取该专业学号尾数为“5”的毕业设计（论文）。
三、毕业设计（论文）送审要求
毕业设计（论文）评审重点必须涵盖政治方向、学术诚信、选题意义、写作安排、逻辑构建、专业能力、学术规范等评议要素。各专业可在《福建省本科毕业论文（设计）抽检评议要素（试行）》(见附件1)的基础上制订适合本学科专业特点的评审细则。
1.抽检送审的毕业设计（论文）被认定为合格的方可参加毕业设计（论文）答辩，被认定为“存在问题毕业设计（论文）”不得进入答辩环节。
2.各学院将抽检的每篇毕业设计（论文）均应聘请三位校内外本专业具有副高（含）以上职称的同行专家担任评审（至少2位为校外专家），校外评审专家原则上应从“双一流”建设高校中学科专业与我校相当的高校中选聘，评审专家按照“合格”和“不合格”两档评定毕业设计（论文），并提出评议意见，对评议为“不合格”的毕业设计（论文），须明确指出存在的问题。每篇论文送3位同行专家评审，3位专家中有2位以上（含2位）专家评议意见为“不合格”的毕业设计（论文），将认定为“存在问题毕业设计（论文）”。3位专家中有1位专家评议意见为“不合格”，将再送2位同行专家（2位为校外专家）进行复评。2位复评专家中有1位以上（含1位）专家评议意见为“不合格”，将认定为“存在问题毕业设计（论文）”。对政治方向或学术诚信存在问题的，将直接评议为“存在问题毕业设计（论文）”。
3.在本科毕业设计（论文）抽检送审中，若被认定为“存在问题毕业设计（论文）”（含送审前查重检测不符合学校要求者），不得进入应届毕业生第一批次正常答辩和毕业审核环节。学生须认真修改，修改期不少于1个月，修改完成后，需再次按照学校抽检送审程序和要求，再送三位校外专家评审，评审结果合格且符合学校查重复检要求者方能参加下一批次答辨，依此类推最多给予2次修改送审机会。若至当年第三批次毕业设计（论文）抽检送审（含复检）结束仍不符合要求者，均须重修。
四、结果反馈与使用
各学院应于毕业设计（论文）答辩开始前完成抽检送审工作，并将2024届本科毕业设计（论文）抽检送审评议汇总表（附件2）报送教务处实践科，电子版发送至：jwcsjk@fzu.edu.cn。各学院应组织被抽检毕业设计（论文）的指导教师、学生根据评审意见进行认真整改，并进一步完善本科毕业设计（论文）指导和管理工作。
根据教育部抽检办法，抽检结果将影响招生计划、学士学位授权点建设等；对涉嫌存在抄袭、剽窃、伪造、篡改、买卖、代写等学术不端行为的毕业设计（论文），高校应按照相关程序进行调查核实，对查实的应依法撤销已授予学位，并注销学位证书；抽检结果将作为本科教育教学评估、一流本科专业建设、本科专业认证以及专业建设经费投入等教育资源配置的重要参考依据。
附件1：福建省本科毕业论文（设计）抽检评议要素（试行）
附件2：2024届福州大学本科毕业设计（论文）抽检情况汇总表

     福州大学教务处
     2024年4月26日",2,0017449848580014604108,附件1：福建省本科毕业论文（设计）抽检评议要素（试行）.docx,2703,https://jwch.fzu.edu.cn/system/_content/download.jsp?urltype=news.DownloadAttachUrl&owner=1744984858&wbfileid=14604108,14604108,1744984858
001040012935,https://jwch.fzu.edu.cn/info/1040/12935.htm,关于开学第一周集中听课的通知,【质量办】,2023-08-27,"各学院、各有关单位：

根据《福州大学党政领导听课管理实施办法》（福大教〔2022〕27号）文件精神，开学第一周为党政领导集中听课周，请各级党政领导按文件要求深入本科生课堂听课，了解教师教学和学生学习情况，发现问题、分析问题、解决问题，并认真填写《福州大学课堂教学质量评估表》。
特此通知。

附件：
1.《福州大学课堂教学质量评估表》
2．2023—2024学年第一学期第一周课表
3.《福州大学党政领导听课管理实施办法》（福大教〔2022〕27号）

教务处
2023年8月27日",3,0017449848580013049655,附件1：福州大学课堂教学质量评估表.doc,1094,https://jwch.fzu.edu.cn/system/_content/download.jsp?urltype=news.DownloadAttachUrl&owner=1744984858&wbfileid=13049655,13049655,1744984858
001040012935,https://jwch.fzu.edu.cn/info/1040/12935.htm,关于开学第一周集中听课的通知,【质量办】,2023-08-27,"各学院、各有关单位：

根据《福州大学党政领导听课管理实施办法》（福大教〔2022〕27号）文件精神，开学第一周为党政领导集中听课周，请各级党政领导按文件要求深入本科生课堂听课，了解教师教学和学生学习情况，发现问题、分析问题、解决问题，并认真填写《福州大学课堂教学质量评估表》。
特此通知。

附件：
1.《福州大学课堂教学质量评估表》
2．2023—2024学年第一学期第一周课表
3.《福州大学党政领导听课管理实施办法》（福大教〔2022〕27号）

教务处
2023年8月27日",3,0017449848580013049656,附件2：2023-2024学年第一学期第一周课表.xlsx,1235,https://jwch.fzu.edu.cn/system/_content/download.jsp?urltype=news.DownloadAttachUrl&owner=1744984858&wbfileid=13049656,13049656,1744984858
001040012935,https://jwch.fzu.edu.cn/info/1040/12935.htm,关于开学第一周集中听课的通知,【质量办】,2023-08-27,"各学院、各有关单位：

根据《福州大学党政领导听课管理实施办法》（福大教〔2022〕27号）文件精神，开学第一周为党政领导集中听课周，请各级党政领导按文件要求深入本科生课堂听课，了解教师教学和学生学习情况，发现问题、分析问题、解决问题，并认真填写《福州大学课堂教学质量评估表》。
特此通知。

附件：
1.《福州大学课堂教学质量评估表》
2．2023—2024学年第一学期第一周课表
3.《福州大学党政领导听课管理实施办法》（福大教〔2022〕27号）

教务处
2023年8月27日",3,0017449848580013049657,附件3：福州大学党政领导听课管理实施办法（福大教〔2022〕27号）.doc,898,https://jwch.fzu.edu.cn/system/_content/download.jsp?urltype=news.DownloadAttachUrl&owner=1744984858&wbfileid=13049657,13049657,1744984858
001035012934,https://jwch.fzu.edu.cn/info/1035/12934.htm,关于2023级福州大学本科生学生证信息采集的通知,【综合科】,2023-08-27,"各学院：
根据《福州大学学生证管理办法》（福大政【2019】25号），特安排2023级本科生学生证及火车票优惠卡办理活动，现将相关事项通知如下：
一、办理程序
2023新生在福州大学教务处网站(http://jwch.fzu.edu.cn/)首页登陆“本科教学管理系统”，登陆后进入“学生证及附卡”系统中完善信息采集，包括本人电话、家庭所在地、目的站点、照片等。
新生须根据实际家庭住址填写火车优惠区间信息。请务必填写 “乘车目的站点”的正式名称（可上铁路客户服务中心查询），乘车站点一经确认原则上不允许变更。
二、图像采集规范及信息标准
1、基本要求
（1）图像应使用学生本人近期（一般为入学前后）正面免冠彩色头像的数字化文件。
（2）图像应真实表达学生本人相貌。禁止对图像整体或局部进行镜像、旋转等变换操作。不得对人像特征（如伤疤、痣、发型等）进行技术处理，严禁使用任何美颜特效。
（3）图像应对焦准确、层次清晰、色彩真实、无明显畸变。
（4）除头像外，不得添加边框、文字、图案等其他内容。
2、拍摄要求
（1）背景：采用白色（参考值RGB<255 ,255,255>），应均匀无渐变，不得有阴影、其他人或物体。
（2）人物姿态与表情：坐姿端正，表情自然，双眼自然睁开并平视，耳朵对称，左右肩膀平衡，嘴唇自然闭合。
（3）衣着：学生仪表装束应大方庄重，避免复杂的图案、条纹。衣服要有领子，建议穿深色带有标准领的衬衫、T恤或者西装，不得穿制服，也不要穿与拍摄背景相近的白色衣服。
（4）头发：不能梳得高耸，不得遮挡眉毛、眼睛和耳朵，长发者应将头发置于肩膀后。
（5）眼镜：常戴眼镜者应佩戴眼镜，但不得戴有色（含隐形）眼镜，镜框不得遮挡眼睛，眼镜不能有反光。
（6）佩饰：不得使用假发、头巾、帽子等头部覆盖物（宗教、医疗和文化需要时，不得遮挡脸部或造成阴影），不得佩戴任何饰品（包括耳环、项链、非黑色的钢丝发卡等）。
（7）妆容：不宜化妆，尤其严禁浓妆艳抹。拍摄前应洗净脸上的汗渍、油污，保持脸部整洁，不能使用润肤露、防晒霜等带有反光效果的护肤品，以免造成脸部高光。
3、图像规范
（1）数字化图像文件规格为宽480像素×高640像素，分辨率300dpi，24位真彩色。应符合JPEG标准，压缩品质系数不低于60，压缩后文件大小一般在20KB至40KB。文件名为9位纯数字的学号，扩展名为JPG（如：012200101.JPG）。
（2）人像在图像矩形框内水平居中，左右对称。头顶发际距上边沿50-110像素；眼睛所在位置距上边沿200-300像素；脸部宽度（两脸颊之间）180-300像素。
4、注意事项
（1）本次采集的新生图像将用于学校教学管理系统、学生证制作、相关证明、成绩单打印以及全国大学英语四、六级考试报名等，事关每位学生的切身利益，请同学们务必严格遵照上述要求规范提供数字化图像文件。凡不符合要求者，均不予接收(图像采集要求详见《2023年本科新生入学指南》)。
（2）学生可自行到有正规资质的照相馆拍照，摄像前应明确告知对方所需的是“白底彩色证件照”，并要求其关闭相机中的所有美颜特效，后期也不得使用任何技术手段美图。

请在2023年8月28日-9月6日登录学生证及附卡系统，如实填写学生信息采集内容并保存。逾期视为自动放弃，不予受理。

联系电话：22866873 联系人:李老师
福州大学教务处
2023年8月27日",0,,,,,,
001036012933,https://jwch.fzu.edu.cn/info/1036/12933.htm,关于2023-2024第一学期学期选课补退选的通知,【教学运行】,2023-08-26,"各学院：
    本学期学期选课的补退选时间为8月27日至9月1日24：00，请有需要补选、退选、改选课程的同学自行登录“本科教学系统”进行操作。补退选课程后需进入“我的选课”进行最后确认，以“我的选课”里所显示的结果为最终选课结果（及时打印课表以备上课使用）。
    补退选流程请务必在该时间段内完成。

教务处注册管理科
2023年8月26日",0,,,,,,
001038012932,https://jwch.fzu.edu.cn/info/1038/12932.htm,关于2023-2024学年第一学期港澳台侨学生思政课和军事课程退选替代的通知,【计划科】,2023-08-26,"各学院：
根据《校教〔2019〕56号关于印发港澳台侨学生思政课和军事课程学分替代方案的通知》的要求，我校2019级起新入学港澳台侨学生开始实行相关国情类课程替代方案：现行培养方案中的《马克思主义基本原理》《毛泽东思想和中国特色社会主义理论体系概论》《中国近现代史纲要》《思想道德修养与法律基础》《形势与政策》《思政课实践》《军事理论》《军事技能》等课程可以直接修习或以国情类课程替代。
现就2019级起新入学港澳台侨学生国情类课程替代事项通知如下：
一、根据教务处选课通知，完成学期选课。
1.在规定时间内登录本科教学管理系统（以下简称“系统”）完成本学期学期选课（含思政课和军事课程）。
2.需用国情类课程学分替代思政课和军事课程学分的学生，应于本学期初全校性通识选修课（以下简称“通选课”）选课期间登录系统，退选思政课和军事课程，同时选修国情类课程。
3. 2023级港澳台侨学生第一学期仅安排课程退选，不安排国情类课程的选课。2023级港澳台侨新生需于10月6日（含）前填写“港澳台侨学生思政课和军事课程退选申请表”交所在学院教学办办理退选事宜（尤其注意是否退选“形势与政策”），未在规定时间内办理或者选择不退选课程的，需按照培养计划要求参加这些课程的学习和考试。
二、课程退选替代以学期为单位进行，未在规定时间内办理或者选择不退选课程的，需按照培养计划要求参加这些课程的学习和考试。
三、根据“形势与政策”课程每学期都必须修读且全部通过考核后方能获得学分的要求，需要替代该课程的学生必须在第一学期进行退选。
四、修业年限内学生累计选修的国情类课程总学分不得低于其所退选的思政课和军事课程总学分。若所修国情类课程总学分超过退选的思政课和军事课程总学分，不可认定为其它课程类型学分。
五、学生每学期选修的国情类课程不得超过8学分。
六、学生可选择参加国家教育行政学院国情教育网络培训用以替代思政课和军事课程学分，具体实施方案以后续通知为准。
七、国情类课程不安排补考或重修，考核不及格需选修其它国情类课程。
 
附：2023-2024学年第一学期国情课列表
    港澳台侨学生思政课和军事课程退选申请表
 
教务处
2023年8月26日",2,0017449848580013049258,港澳台侨学生思政课和军事课程退选申请表.docx,1528,https://jwch.fzu.edu.cn/system/_content/download.jsp?urltype=news.DownloadAttachUrl&owner=1744984858&wbfileid=13049258,13049258,1744984858
001038012932,https://jwch.fzu.edu.cn/info/1038/12932.htm,关于2023-2024学年第一学期港澳台侨学生思政课和军事课程退选替代的通知,【计划科】,2023-08-26,"各学院：
根据《校教〔2019〕56号关于印发港澳台侨学生思政课和军事课程学分替代方案的通知》的要求，我校2019级起新入学港澳台侨学生开始实行相关国情类课程替代方案：现行培养方案中的《马克思主义基本原理》《毛泽东思想和中国特色社会主义理论体系概论》《中国近现代史纲要》《思想道德修养与法律基础》《形势与政策》《思政课实践》《军事理论》《军事技能》等课程可以直接修习或以国情类课程替代。
现就2019级起新入学港澳台侨学生国情类课程替代事项通知如下：
一、根据教务处选课通知，完成学期选课。
1.在规定时间内登录本科教学管理系统（以下简称“系统”）完成本学期学期选课（含思政课和军事课程）。
2.需用国情类课程学分替代思政课和军事课程学分的学生，应于本学期初全校性通识选修课（以下简称“通选课”）选课期间登录系统，退选思政课和军事课程，同时选修国情类课程。
3. 2023级港澳台侨学生第一学期仅安排课程退选，不安排国情类课程的选课。2023级港澳台侨新生需于10月6日（含）前填写“港澳台侨学生思政课和军事课程退选申请表”交所在学院教学办办理退选事宜（尤其注意是否退选“形势与政策”），未在规定时间内办理或者选择不退选课程的，需按照培养计划要求参加这些课程的学习和考试。
二、课程退选替代以学期为单位进行，未在规定时间内办理或者选择不退选课程的，需按照培养计划要求参加这些课程的学习和考试。
三、根据“形势与政策”课程每学期都必须修读且全部通过考核后方能获得学分的要求，需要替代该课程的学生必须在第一学期进行退选。
四、修业年限内学生累计选修的国情类课程总学分不得低于其所退选的思政课和军事课程总学分。若所修国情类课程总学分超过退选的思政课和军事课程总学分，不可认定为其它课程类型学分。
五、学生每学期选修的国情类课程不得超过8学分。
六、学生可选择参加国家教育行政学院国情教育网络培训用以替代思政课和军事课程学分，具体实施方案以后续通知为准。
七、国情类课程不安排补考或重修，考核不及格需选修其它国情类课程。
 
附：2023-2024学年第一学期国情课列表
    港澳台侨学生思政课和军事课程退选申请表
 
教务处
2023年8月26日",2,0017449848580013049257,2023-2024学年第一学期国情课列表.docx,1684,https://jwch.fzu.edu.cn/system/_content/download.jsp?urltype=news.DownloadAttachUrl&owner=1744984858&wbfileid=13049257,13049257,1744984858
001038012931,https://jwch.fzu.edu.cn/info/1038/12931.htm,关于2023-2024学年第一学期通识教育选修课选课的通知,【计划科】,2023-08-26,"通识教育选修课(以下简称通选课，原称全校性公共选修课)是为扩大学生知识面、开拓视野、推进文理渗透、理工结合、提高各方面素质而开设的跨院系全校性选修课，各专业学生应根据专业需要确定修读类别并修满相应学分。请同学们登陆教务处主页的本科教学系统进行选课。
 
一、选课时间：
第一轮：8月28日—8月31日，
第二轮：9月2日—9月3日，
第三轮：9月5日。
 
二、投分原则及积分计算方法：
1、选课采用投积分、分轮次进行的方式，先预选后由系统统一处理选课结果。每轮选课初始，系统给予每位同学100个积分，同学根据自己的选课计划自由划分这些积分。每轮选课结束后系统根据最终积分（详见积分计算方法）大小按从高到低排序以确定中选名单，对于积分相同但超过限选人数的同学将采取随机抽取的办法。已选中的课程在选课时间内均可自由退选。
 
2、每门课最终积分=所投积分╳年级基数
所投积分：必须为大于0且小等于100的整数；
年级基数：毕业班为100%、三年级和五年制专业四年级为85%、其它年级为70%。
 
三、选课规则
1、每轮选课结束后，对于未达到限选人数的课程将形成人数差额，供下一轮继续选课。第二轮选课结果后，选课人数未达到20人的课程将取消开课，已选中这些课程的同学请于第三轮选课开放后选择其他课程。
 
2、已取得及格以上成绩的校选课，不得再次重选；若已修过与校选课相同的课程（即使学时或学分不同），也不应再次选修，否则不予认可学分。另其他任意两门课程冲突，或与校选课时间冲突的，都会导致不中选。若在本系或跨系中已修过的相同的课程学分可抵校选课学分，但不再计入本院、系其它课程模块学分。
特别注意：以上限制与排除条件均为投分后系统方可判断处理，因此请同学们先行判断自身情况再针对性投分，以免浪费选课机会。
 
3、第二轮选课开始将增加智慧树、超星尔雅、学银在线及爱课程等平台开设的在线开放共享课程供同学选课，课程名称前缀分别标注为“智慧树”、“超星尔雅”、“学银在线”、“爱课程”，请同学们注意识别。在线开放课程由学生自愿选择，限选一门，选课方法与第一轮相同。选中课程的同学需在9月11日至9月17日登陆相应平台进行注册报到方可参加在线学习。成绩合格者，课程学分期末计入校选课相应类别学分,未在教务处选课系统选课而自行报名在线学习者不予认定学分。
 
常用授课平台网址为：
 
福州大学课程中心：http://met2.fzu.edu.cn/meol/index.do；
 
智慧树：https://portals.zhihuishu.com/fzu；（手机端用户打开知到APP，选择学号登录，输入福州大学、学号及初始密码：Zhihuishu@学号后六位。请注意：打开APP后，点击【学习】查看已选择的课程，课程角标必须为“学分课”，若角标显示为“兴趣课”或“公开课”，则说明认证不正确，这个课看完是没有学分的！）
附：智慧树学生端操作手册
 
超星尔雅：http://fzdx.fanya.chaoxing.com/portal，(首次使用学习通的同学，需要注册并绑定单位（单位UC码1799）及学号才能查看并学习课程，注册及使用方式详见附件使用手册)；
附：超星尔雅使用手册（学生版）
 
学银在线：http://www.xueyinonline.com/；
 
学堂在线：https://next.xuetangx.com/；
 
中国大学MOOC：https://www.icourse163.org/；
 
爱课程：http://www.icourses.cn/school/FZU。(爱课程网站需注意：（1）使用邮箱注册成功后，需将用户昵称命名为：FZU+学号+姓名，如张三，注册用户名为：FZU学号张三；（2）注册成功后，必须加入相应课程的慕课堂参加学习，才能最终获取成绩)   
附：爱课程慕课堂学生操作手册
 
四、注意事项
1、请仔细阅读各网课平台的操作手册，按要求完成注册认证后再参加课程学习。
 
福州大学教务处
2023年8月26日",3,0017449848580013049254,超星尔雅使用手册（学生版）.pdf,3459,https://jwch.fzu.edu.cn/system/_content/download.jsp?urltype=news.DownloadAttachUrl&owner=1744984858&wbfileid=13049254,13049254,1744984858
001038012931,https://jwch.fzu.edu.cn/info/1038/12931.htm,关于2023-2024学年第一学期通识教育选修课选课的通知,【计划科】,2023-08-26,"通识教育选修课(以下简称通选课，原称全校性公共选修课)是为扩大学生知识面、开拓视野、推进文理渗透、理工结合、提高各方面素质而开设的跨院系全校性选修课，各专业学生应根据专业需要确定修读类别并修满相应学分。请同学们登陆教务处主页的本科教学系统进行选课。
 
一、选课时间：
第一轮：8月28日—8月31日，
第二轮：9月2日—9月3日，
第三轮：9月5日。
 
二、投分原则及积分计算方法：
1、选课采用投积分、分轮次进行的方式，先预选后由系统统一处理选课结果。每轮选课初始，系统给予每位同学100个积分，同学根据自己的选课计划自由划分这些积分。每轮选课结束后系统根据最终积分（详见积分计算方法）大小按从高到低排序以确定中选名单，对于积分相同但超过限选人数的同学将采取随机抽取的办法。已选中的课程在选课时间内均可自由退选。
 
2、每门课最终积分=所投积分╳年级基数
所投积分：必须为大于0且小等于100的整数；
年级基数：毕业班为100%、三年级和五年制专业四年级为85%、其它年级为70%。
 
三、选课规则
1、每轮选课结束后，对于未达到限选人数的课程将形成人数差额，供下一轮继续选课。第二轮选课结果后，选课人数未达到20人的课程将取消开课，已选中这些课程的同学请于第三轮选课开放后选择其他课程。
 
2、已取得及格以上成绩的校选课，不得再次重选；若已修过与校选课相同的课程（即使学时或学分不同），也不应再次选修，否则不予认可学分。另其他任意两门课程冲突，或与校选课时间冲突的，都会导致不中选。若在本系或跨系中已修过的相同的课程学分可抵校选课学分，但不再计入本院、系其它课程模块学分。
特别注意：以上限制与排除条件均为投分后系统方可判断处理，因此请同学们先行判断自身情况再针对性投分，以免浪费选课机会。
 
3、第二轮选课开始将增加智慧树、超星尔雅、学银在线及爱课程等平台开设的在线开放共享课程供同学选课，课程名称前缀分别标注为“智慧树”、“超星尔雅”、“学银在线”、“爱课程”，请同学们注意识别。在线开放课程由学生自愿选择，限选一门，选课方法与第一轮相同。选中课程的同学需在9月11日至9月17日登陆相应平台进行注册报到方可参加在线学习。成绩合格者，课程学分期末计入校选课相应类别学分,未在教务处选课系统选课而自行报名在线学习者不予认定学分。
 
常用授课平台网址为：
 
福州大学课程中心：http://met2.fzu.edu.cn/meol/index.do；
 
智慧树：https://portals.zhihuishu.com/fzu；（手机端用户打开知到APP，选择学号登录，输入福州大学、学号及初始密码：Zhihuishu@学号后六位。请注意：打开APP后，点击【学习】查看已选择的课程，课程角标必须为“学分课”，若角标显示为“兴趣课”或“公开课”，则说明认证不正确，这个课看完是没有学分的！）
附：智慧树学生端操作手册
 
超星尔雅：http://fzdx.fanya.chaoxing.com/portal，(首次使用学习通的同学，需要注册并绑定单位（单位UC码1799）及学号才能查看并学习课程，注册及使用方式详见附件使用手册)；
附：超星尔雅使用手册（学生版）
 
学银在线：http://www.xueyinonline.com/；
 
学堂在线：https://next.xuetangx.com/；
 
中国大学MOOC：https://www.icourse163.org/；
 
爱课程：http://www.icourses.cn/school/FZU。(爱课程网站需注意：（1）使用邮箱注册成功后，需将用户昵称命名为：FZU+学号+姓名，如张三，注册用户名为：FZU学号张三；（2）注册成功后，必须加入相应课程的慕课堂参加学习，才能最终获取成绩)   
附：爱课程慕课堂学生操作手册
 
四、注意事项
1、请仔细阅读各网课平台的操作手册，按要求完成注册认证后再参加课程学习。
 
福州大学教务处
2023年8月26日",3,0017449848580013049255,智慧树学生端操作手册.pdf,1768,https://jwch.fzu.edu.cn/system/_content/download.jsp?urltype=news.DownloadAttachUrl&owner=1744984858&wbfileid=13049255,13049255,1744984858
001038012931,https://jwch.fzu.edu.cn/info/1038/12931.htm,关于2023-2024学年第一学期通识教育选修课选课的通知,【计划科】,2023-08-26,"通识教育选修课(以下简称通选课，原称全校性公共选修课)是为扩大学生知识面、开拓视野、推进文理渗透、理工结合、提高各方面素质而开设的跨院系全校性选修课，各专业学生应根据专业需要确定修读类别并修满相应学分。请同学们登陆教务处主页的本科教学系统进行选课。
 
一、选课时间：
第一轮：8月28日—8月31日，
第二轮：9月2日—9月3日，
第三轮：9月5日。
 
二、投分原则及积分计算方法：
1、选课采用投积分、分轮次进行的方式，先预选后由系统统一处理选课结果。每轮选课初始，系统给予每位同学100个积分，同学根据自己的选课计划自由划分这些积分。每轮选课结束后系统根据最终积分（详见积分计算方法）大小按从高到低排序以确定中选名单，对于积分相同但超过限选人数的同学将采取随机抽取的办法。已选中的课程在选课时间内均可自由退选。
 
2、每门课最终积分=所投积分╳年级基数
所投积分：必须为大于0且小等于100的整数；
年级基数：毕业班为100%、三年级和五年制专业四年级为85%、其它年级为70%。
 
三、选课规则
1、每轮选课结束后，对于未达到限选人数的课程将形成人数差额，供下一轮继续选课。第二轮选课结果后，选课人数未达到20人的课程将取消开课，已选中这些课程的同学请于第三轮选课开放后选择其他课程。
 
2、已取得及格以上成绩的校选课，不得再次重选；若已修过与校选课相同的课程（即使学时或学分不同），也不应再次选修，否则不予认可学分。另其他任意两门课程冲突，或与校选课时间冲突的，都会导致不中选。若在本系或跨系中已修过的相同的课程学分可抵校选课学分，但不再计入本院、系其它课程模块学分。
特别注意：以上限制与排除条件均为投分后系统方可判断处理，因此请同学们先行判断自身情况再针对性投分，以免浪费选课机会。
 
3、第二轮选课开始将增加智慧树、超星尔雅、学银在线及爱课程等平台开设的在线开放共享课程供同学选课，课程名称前缀分别标注为“智慧树”、“超星尔雅”、“学银在线”、“爱课程”，请同学们注意识别。在线开放课程由学生自愿选择，限选一门，选课方法与第一轮相同。选中课程的同学需在9月11日至9月17日登陆相应平台进行注册报到方可参加在线学习。成绩合格者，课程学分期末计入校选课相应类别学分,未在教务处选课系统选课而自行报名在线学习者不予认定学分。
 
常用授课平台网址为：
 
福州大学课程中心：http://met2.fzu.edu.cn/meol/index.do；
 
智慧树：https://portals.zhihuishu.com/fzu；（手机端用户打开知到APP，选择学号登录，输入福州大学、学号及初始密码：Zhihuishu@学号后六位。请注意：打开APP后，点击【学习】查看已选择的课程，课程角标必须为“学分课”，若角标显示为“兴趣课”或“公开课”，则说明认证不正确，这个课看完是没有学分的！）
附：智慧树学生端操作手册
 
超星尔雅：http://fzdx.fanya.chaoxing.com/portal，(首次使用学习通的同学，需要注册并绑定单位（单位UC码1799）及学号才能查看并学习课程，注册及使用方式详见附件使用手册)；
附：超星尔雅使用手册（学生版）
 
学银在线：http://www.xueyinonline.com/；
 
学堂在线：https://next.xuetangx.com/；
 
中国大学MOOC：https://www.icourse163.org/；
 
爱课程：http://www.icourses.cn/school/FZU。(爱课程网站需注意：（1）使用邮箱注册成功后，需将用户昵称命名为：FZU+学号+姓名，如张三，注册用户名为：FZU学号张三；（2）注册成功后，必须加入相应课程的慕课堂参加学习，才能最终获取成绩)   
附：爱课程慕课堂学生操作手册
 
四、注意事项
1、请仔细阅读各网课平台的操作手册，按要求完成注册认证后再参加课程学习。
 
福州大学教务处
2023年8月26日",3,0017449848580013049256,慕课堂学生操作手册.pdf,4492,https://jwch.fzu.edu.cn/system/_content/download.jsp?urltype=news.DownloadAttachUrl&owner=1744984858&wbfileid=13049256,13049256,1744984858
001037012929,https://jwch.fzu.edu.cn/info/1037/12929.htm,福州大学关于开展2023级“嘉锡化学拔尖班”招生工作的通知,【教研教改】,2023-08-26,"各学院：
2020年我校化学专业入选教育部基础学科拔尖学生培养计划2.0的化学拔尖学生培养基地。举办“嘉锡化学拔尖班”是培养化学拔尖学生的重要举措之一。为深入实施这项特色鲜明的人才培养模式，经研究，决定从2023级高考理科 (或选考物理化学)新生中选拔部分优异生继续组建“嘉锡化学拔尖班”。请各学院相关负责人组织做好宣传报名工作，积极鼓励有创新潜质、综合素质优秀的学生参加报名，有关事项见附件。
特此通知。

附件1：福州大学2023级“嘉锡化学拔尖班”招生简章
附件2：福州大学2023级“嘉锡化学拔尖班”选拔方案

福州大学教务处
                                              2023年8月25日",2,0017449848580013049235,附件1：福州大学2023级“嘉锡化学拔尖班”招生简章.doc,2353,https://jwch.fzu.edu.cn/system/_content/download.jsp?urltype=news.DownloadAttachUrl&owner=1744984858&wbfileid=13049235,13049235,1744984858
001037012929,https://jwch.fzu.edu.cn/info/1037/12929.htm,福州大学关于开展2023级“嘉锡化学拔尖班”招生工作的通知,【教研教改】,2023-08-26,"各学院：
2020年我校化学专业入选教育部基础学科拔尖学生培养计划2.0的化学拔尖学生培养基地。举办“嘉锡化学拔尖班”是培养化学拔尖学生的重要举措之一。为深入实施这项特色鲜明的人才培养模式，经研究，决定从2023级高考理科 (或选考物理化学)新生中选拔部分优异生继续组建“嘉锡化学拔尖班”。请各学院相关负责人组织做好宣传报名工作，积极鼓励有创新潜质、综合素质优秀的学生参加报名，有关事项见附件。
特此通知。

附件1：福州大学2023级“嘉锡化学拔尖班”招生简章
附件2：福州大学2023级“嘉锡化学拔尖班”选拔方案

福州大学教务处
                                              2023年8月25日",2,0017449848580013049236,附件2：福州大学2023级“嘉锡化学拔尖班”选拔方案.doc,1907,https://jwch.fzu.edu.cn/system/_content/download.jsp?urltype=news.DownloadAttachUrl&owner=1744984858&wbfileid=13049236,13049236,1744984858
001037012927,https://jwch.fzu.edu.cn/info/1037/12927.htm,福州大学关于开展2023级“数理综合班”招生工作的通知,【教研教改】,2023-08-26,"校教〔2023〕30号

各学院：
   举办“数理综合班”是我校培养拔尖创新人才的重要举措之一。为继续推动这项特色鲜明的英才培养模式改革，经研究，决定从2023级高考理科(或选考物理)新生中选拔部分优异生组建第二十届“数理综合班”。请各学院相关负责人组织做好宣传报名等招生工作，积极鼓励有创新潜质、综合素质优秀的学生报名参加，有关事项见附件。
   特此通知。

附件1：福州大学2023级“数理综合班”招生简章
附件2：承诺书

                                  福州大学教务处
                                  2023年8月25日",2,0017449848580013049232,附件2：承诺书.doc,1213,https://jwch.fzu.edu.cn/system/_content/download.jsp?urltype=news.DownloadAttachUrl&owner=1744984858&wbfileid=13049232,13049232,1744984858
001037012927,https://jwch.fzu.edu.cn/info/1037/12927.htm,福州大学关于开展2023级“数理综合班”招生工作的通知,【教研教改】,2023-08-26,"校教〔2023〕30号

各学院：
   举办“数理综合班”是我校培养拔尖创新人才的重要举措之一。为继续推动这项特色鲜明的英才培养模式改革，经研究，决定从2023级高考理科(或选考物理)新生中选拔部分优异生组建第二十届“数理综合班”。请各学院相关负责人组织做好宣传报名等招生工作，积极鼓励有创新潜质、综合素质优秀的学生报名参加，有关事项见附件。
   特此通知。

附件1：福州大学2023级“数理综合班”招生简章
附件2：承诺书

                                  福州大学教务处
                                  2023年8月25日",2,0017449848580013049231,附件1：福州大学2023级“数理综合班”招生简章.doc,2715,https://jwch.fzu.edu.cn/system/_content/download.jsp?urltype=news.DownloadAttachUrl&owner=1744984858&wbfileid=13049231,13049231,1744984858
001037012926,https://jwch.fzu.edu.cn/info/1037/12926.htm,福州大学关于开展2023级“数理金融实验班”招生工作的通知,【教研教改】,2023-08-26,"校教〔2023〕29号

各学院：
   举办“数理金融实验班”是我校培养拔尖创新人才的重要举措之一。为推动这项特色鲜明的英才培养模式改革，经研究，决定从2023级高考新生中选拔部分优异生组建第十届“数理金融实验班”。请各学院相关负责人组织做好宣传报名等招生工作，积极鼓励有创新潜质、综合素质优秀的学生报名参加，有关事项见附件。
   特此通知。

附件1：福州大学2023级“数理金融实验班”招生简章
附件2：福州大学2023级“数理金融实验班”选拔方案
附件3：2023级数理金融实验班申请表
附件4：承诺书

福州大学教务处
2023年8月25日",4,0017449848580013049229,附件3：2023级数理金融实验班申请表.doc,1095,https://jwch.fzu.edu.cn/system/_content/download.jsp?urltype=news.DownloadAttachUrl&owner=1744984858&wbfileid=13049229,13049229,1744984858
001037012926,https://jwch.fzu.edu.cn/info/1037/12926.htm,福州大学关于开展2023级“数理金融实验班”招生工作的通知,【教研教改】,2023-08-26,"校教〔2023〕29号

各学院：
   举办“数理金融实验班”是我校培养拔尖创新人才的重要举措之一。为推动这项特色鲜明的英才培养模式改革，经研究，决定从2023级高考新生中选拔部分优异生组建第十届“数理金融实验班”。请各学院相关负责人组织做好宣传报名等招生工作，积极鼓励有创新潜质、综合素质优秀的学生报名参加，有关事项见附件。
   特此通知。

附件1：福州大学2023级“数理金融实验班”招生简章
附件2：福州大学2023级“数理金融实验班”选拔方案
附件3：2023级数理金融实验班申请表
附件4：承诺书

福州大学教务处
2023年8月25日",4,0017449848580013049230,附件4：承诺书.doc,1107,https://jwch.fzu.edu.cn/system/_content/download.jsp?urltype=news.DownloadAttachUrl&owner=1744984858&wbfileid=13049230,13049230,1744984858
001037012926,https://jwch.fzu.edu.cn/info/1037/12926.htm,福州大学关于开展2023级“数理金融实验班”招生工作的通知,【教研教改】,2023-08-26,"校教〔2023〕29号

各学院：
   举办“数理金融实验班”是我校培养拔尖创新人才的重要举措之一。为推动这项特色鲜明的英才培养模式改革，经研究，决定从2023级高考新生中选拔部分优异生组建第十届“数理金融实验班”。请各学院相关负责人组织做好宣传报名等招生工作，积极鼓励有创新潜质、综合素质优秀的学生报名参加，有关事项见附件。
   特此通知。

附件1：福州大学2023级“数理金融实验班”招生简章
附件2：福州大学2023级“数理金融实验班”选拔方案
附件3：2023级数理金融实验班申请表
附件4：承诺书

福州大学教务处
2023年8月25日",4,0017449848580013049228,附件1：福州大学2023级“数理金融实验班”招生简章.doc,2141,https://jwch.fzu.edu.cn/system/_content/download.jsp?urltype=news.DownloadAttachUrl&owner=1744984858&wbfileid=13049228,13049228,1744984858
001037012926,https://jwch.fzu.edu.cn/info/1037/12926.htm,福州大学关于开展2023级“数理金融实验班”招生工作的通知,【教研教改】,2023-08-26,"校教〔2023〕29号

各学院：
   举办“数理金融实验班”是我校培养拔尖创新人才的重要举措之一。为推动这项特色鲜明的英才培养模式改革，经研究，决定从2023级高考新生中选拔部分优异生组建第十届“数理金融实验班”。请各学院相关负责人组织做好宣传报名等招生工作，积极鼓励有创新潜质、综合素质优秀的学生报名参加，有关事项见附件。
   特此通知。

附件1：福州大学2023级“数理金融实验班”招生简章
附件2：福州大学2023级“数理金融实验班”选拔方案
附件3：2023级数理金融实验班申请表
附件4：承诺书

福州大学教务处
2023年8月25日",4,0017449848580013049227,附件2：福州大学2023级“数理金融实验班”选拔方案.doc,1874,https://jwch.fzu.edu.cn/system/_content/download.jsp?urltype=news.DownloadAttachUrl&owner=1744984858&wbfileid=13049227,13049227,1744984858
001039012923,https://jwch.fzu.edu.cn/info/1039/12923.htm,福州大学关于公布2023年本科生开放探索性实验项目（课程）评选结果的通知,【实践科】,2023-08-23,"校教〔2023〕28号
各学院：
根据教务处《关于组织申报2023年本科生开放探索性实验项目（课程）的通知》的文件精神，在项目申报、学院评议排序基础上，组织校外专家函评，同意推荐2023年本科生开放探索性实验项目（课程）立项项目35项，其中立项福州大学2023年本科生开放探索性实验课程10门、立项福州大学2023年本科生开放探索性实验项目25项，现将立项项目名单公布如下：
 
福州大学2023年本科生开放探索性实验项目（课程）立项项目名单

序号
项目（课程）名称
项目负责人
实验学时
纳入培养方案课程名称
是否独立设置实验课
资助金额（元）
学院

1
机器视觉的图像与几何基础实践
朱明珠
24
机器视觉的图像与几何基础实践
是
50000
机械

2
虚实结合的开放式项目制机电液（气）一体化综合集成实验
宋泽云
48
机电液智能控制综合创新实践
是
50000
机械

3
面向智能软体机器人的力学探索实验
魏发南
24
软体机器人力学实验
是
50000
机械

4
金融科技实验课程
陈梦曦
24
金融科技实验
是
50000
经管

5
酶理性优化工程实验
张龙斌
48
酶理性优化工程实验
是
50000
生工

6
ACM竞赛算法实践
傅仰耿
48
ACM竞赛算法实践
是
50000
计数

7
物联网开发与应用创新实践
许志猛
24
物联网开发与应用创新实践
是
50000
物信

8
数字图像处理开放性实验
陈良琴
24
数字图像处理开放性实验
是
50000
物信

9
三维建模在结晶学中的应用
黄丽亚
24
三维建模在结晶学中的应用
是
50000
紫金

10
热电材料与器件制备和表征实验
罗中箴
24
热电材料与器件制备和表征实验
是
50000
材料

11
多路信号发生器的设计与研制
陈亦文
24
数字及电子技术综合实验
否
20000
电气

12
先进控制系统设计与实践
黄宴委
48
自动化综合实践
否
20000
电气

13
基于MATLAB自动代码生成的智能控制算法研究
蔡逢煌
48
自动化综合实践
否
20000
电气

14
智能加工过程几何误差在线检测-《互换性与技术测量》课程实验
黄惠
8
互换性与技术测量
否
20000
机械

15
典型机械零件的材料设计—加工—组织—性能全流程实验
卢月美
8
工程材料及成形技术
否
20000
机械

16
智能制造中复合控制算法的设计与实现
张丽萍
6
控制工程基础
否
20000
机械

17
《数控技术》课程实验
黄异
8
《数控技术》课程实验
否
20000
机械

18
基于先进流体测量技术的开放探索性流体力学实验
刘曦
16
专业综合实验
否
20000
化工

19
微试样测试技术研究
张经伟
16
专业实验
否
20000
化工

20
双网络导电凝胶电解质的制备及应用
江献财
16
化工综合型实验
否
20000
化工

21
基于小型振动台的工程结构动态参数测量与物联网控制
沈圣
4
《传感器与检测监测技术实验》
否
20000
土木

22
智能型天然高分子材料的生态设计及性能研究
林春香
12
环境材料学实验
否
20000
环安

23
利用DGT技术测定河口湿地As生物有效性实验
曾悦
12
环境科学实验课
否
20000
环安

24
物流智能仓系统数字孪生与仿真
张玲
8
物流系统建模与仿真
否
20000
经管

25
基于机器学习的网络流量信息检测实验项目
张浩
12学时
网络程序设计实践
否
20000
计数

26
面向医疗大数据分析的机器学习科研实训
朱丹红
4学时
机器学习综合实训
否
20000
计数

27
AI+信创助力医学影像分析开放探索性实验
杨明静
16
人工智能算法及应用
否
20000
物信

28
基于基质辅助激光解吸电离质谱的疾病标志物筛查与鉴定
林子俺
16
综合实验（二）
否
20000
化学

29
人参皂苷的分离提取、精制纯化及含量测定
邵敬伟
16
天然产物提取与分离实验
否
20000
化学

30
衍生化气相色谱质谱法测定饮料中的糖醇类甜味剂
王建
6
仪器分析实验
否
20000
化学

31
具有异构发光变色的铜(I)配合物的制备、表征及结构和发光性能研究
魏巧华
14
《综合化学实验（1）》
否
20000
化学

32
金属材料热处理设计及其模拟仿真实验
陈俊锋
6
热处理原理
否
20000
材料

33
锂离子电池制备及性能研究
陈奇俤
16
材料综合实验C
否
20000
材料

34
3D打印成型工艺与性能分析
陈玉龙
6
材料制备与加工实验
否
20000
材料

35
智能交互创意设计与制作
张丽娇
16
《机电工程训练》
否
20000
机电中心

 
 
请各立项项目负责人按申报要求将2023年本科生开放探索性实验项目（课程）及时纳入人才培养方案（即独立设置的实验课应成为某专业的实验必修或选修课，非独立设置的实验项目应成为某实验课的实验项目），并确保于2023-2024学年内向本科生开出。

福州大学教务处
2023年8月23日",0,,,,,,
001035012913,https://jwch.fzu.edu.cn/info/1035/12913.htm,关于开展智慧教室使用培训工作的通知,【综合科】,2023-08-21,"各学院、教学单位：
为落实高等教育数字化战略行动，推动校园数字化转型，重构教学环境、创新教学模式、辅助教师的发展、提升教学数字化管理，形成具有福州大学特色的教管一体化平台，暑期，我校对旗山公共教学楼、文科楼共计206间教室进行7种类型智慧教学空间构建，以满足不同教学场景需求（详见下表）。

序号
智慧教学空间类型
数量
功能与特点
地点

1
研讨型智慧教室
14间
可移动自由拼接组合桌椅；具备常态化录播、直播、教学互动、分组研讨、多媒体及物联网管控等功能
中楼一至五层

2
报告厅型智慧教室
2间
每间可容纳300人左右；固定桌椅，配备电力轨道；具备常态化录播、直播、转播、教学互动等功能
东2-100   东3-100

3
简易互动型智慧教室
77间
保留原有桌椅；更新原有多媒体设备，取消传统黑板与投影相结合模式，新设电子黑板与中间屏；具备常态化录播、直播，互动教学、多媒体及物联网管控等功能
西1楼   西2楼   西3楼

4
普通多媒体教室的智慧化改造
109间
保留原有桌椅、黑板、投影等普通多媒体教室设施；增建常态化录播系统、音效系统及教学互动系统；具备常态化录播、直播，互动教学、多媒体及物联网管控等功能
东2楼   东3楼   文科楼

5
全自动精品录播教室
1间
可容纳120人；为单向可视教室；具备全自动跟踪、录制课程等功能，可与非编系统无缝对接，满足老师们优课、精品课程及校本课程资源建设的需求。
中503

6
全自动普通录播教室
2间
每间可容纳133人，增设电子黑板；具备全自动跟踪、录制课程、互动教学、多媒体及物联网管控等功能，可满足普通教学、教师竞赛、各类活动等多样化需求
西1-201   西1-301

7
智慧教室多功能管理中心
1间
面积约161平米，可展示教学及管理一体化平台，具备数据管控、物联网管控、录播资源管控、督导巡课、信息发布、巡考展示等功能，可满足各类竞赛、考试、远程会议等需求。
中303

为做好我校智慧教学技术推广，保障新学期正常的教学秩序，教务处对智慧教室使用培训安排如下：
一、智慧教室基础操作培训：
1.培训时间：8月25至27日每日两场培训。时间为上午9：30—10：30，下午3：00—4:00。
2.培训内容：（1）上、下课一键操作；（2）电子黑板使用；（3）其它多媒体设备的操作。
3.培训地点：西2-301。
二、智慧教学系统使用培训：
1.培训时间：初定10月，具体时间另行通知。
2.培训内容：（1）研讨型智慧教室使用；（2）报告厅型智慧教室使用；（3）全自动录播教室使用；（4）智慧教学系统使用培训。
3.培训地点：中106、中503、东2-100。
三、请各学院负责将培训通知传达到学院所有任课教师，并加入“现教中心智慧教室培训QQ群”，群号：837451657，以便即时沟通交流。对开学第一、二周在公共教学楼上课的教师，应重点通知到位并确认。
四、请各学院通知相关老师于8月23日21：00前完成培训报名链接填写工作。培训报名链接：【腾讯文档】福州大学智慧教室使用培训表https://docs.qq.com/form/page/DSkRTa2dMVGdhaldV
五、培训联系人：阮老师，联系电话：13067351020；陈老师，联系电话：18906917953
   
教务处
 2023年8月21日",0,,,,,,
001039012912,https://jwch.fzu.edu.cn/info/1039/12912.htm,关于转发《关于举办第十三届海峡两岸信息服务创新大赛暨福建省第十七届计算机软件设计大赛的通知》的通知,【实践科】,2023-08-21,"各学院：
现将《关于举办第十三届海峡两岸信息服务创新大赛暨福建省第十七届计算机软件设计大赛的通知》（闽工信联软件〔2023〕31号）转发给你们，请根据文件要求积极组织相关专业学生报名参赛，具体报名事宜详见附件。
附件：闽工信联软件〔2023〕31号关于举办第十三届海峡两岸信息服务创新大赛暨福建省第十七届计算机软件设计大赛的通知

福州大学教务处
2023年8月21日",1,0017449848580013048683,闽工信联软件〔2023〕31号关于举办第十三届海峡两岸信息服务创新大赛暨福建省第十七届计算机软件设计大赛的通知.pdf,1122,https://jwch.fzu.edu.cn/system/_content/download.jsp?urltype=news.DownloadAttachUrl&owner=1744984858&wbfileid=13048683,13048683,1744984858
001039012903,https://jwch.fzu.edu.cn/info/1039/12903.htm,关于开展大学生校外实践教学基地检查评估的通知,【实践科】,2023-08-14,"各学院：
实践教学基地是支撑实践教学环节的重要保障，是产学研合作教育的重要内容，是产教融合的重要基础。目前我校大学生校外实践教学基地建设已具备了一定的规模和基础，但仍存在基地管理不够规范、利用不够充分、闲置率较高，实习实践效果不够明显，对基地的考核评价不够完善等问题。为不断深化产教融合和校企合作，持续加强我校大学生校外实践教学基地建设和规范化管理，进一步梳理和统筹我校校外实践教学资源，充分发挥实践教学基地在本科人才培养方面的重要作用，根据《福州大学实践教学基地建设与管理办法》（福大教〔2019〕37号）和审核评估专家意见要求，特制定《福州大学大学生校外实践教学基地检查评估表》，现将检查评估有关事项通知如下：
一、检查评估目的
以评估促进基地条件建设、师资队伍建设、实践教学体系与实践内容建设、管理规章制度建设和信息化建设；以实践教育基地为平台，通过模式改革、实践提升、成果驱动、校企共建等方式培养大学生的创新创业能力，促进人才培养与社会需求紧密结合，推动实践教学改革与创新。
二、检查评估对象
2022年9月本科教学状态数据填报的所有基地。
三、检查评估重点
1.基地建设情况：
（1）基地是否与学校签订合作协议、协议是否在有效期内；
（2）基地是否已正式挂牌；
（3）基地中的企业（事业）单位是否处于正常生产经营状态、是否涉及更名；
（4）所属行业是否与实习专业对口；
（5）实习管理相关规章制度是否齐备；
（6）能否满足完成实践教学任务的各种要求；
（7）产教融合情况，卓越工程师培养成效，工程经验导师聘任数量等。
2.基地运行情况：
（1）基地近三年是否每年正常接纳我校学生开展实践教学；
（2）提供的实践岗位是否与专业人才培养目标要求相匹配；
（3）是否为我校学生的实习实践活动配备专门的指导老师；
（4）在基地开展的各类实践教学活动相关支撑材料是否完整。
四、主要检查评估资料
1.校外实践教学基地协议书复印件；
2.实践教学基地简介及资质证明；
3.基地的实习管理相关制度；
4.基地的指导教师情况；
5.每年在基地开展的实践教学工作的具体安排（含三方实习协议、具体的实施方案或教学计划、面向专业、接纳的学生人数和名单、校企双方的指导教师安排等等）；
6.在基地开展实践教学的相关资料和成果（含实习教学活动记录（文字、照片、视频材料）、学生实践日志、实践成果、实践总结、鉴定表等等）；
7.基地录用我校毕业生情况、接受教师挂职锻炼情况、与学校开展的项目合作、参与学校人才培养相关工作的情况；
8.其他（如实习基地对学生实习实践情况的反馈和评价、学院赴实践教学基地开展的检查活动、有关新闻稿件等等）。
五、检查评估计划
为全面检查评估校外实践教学基地，将检查评估分为三个阶段。
（一）学院自查，8月28日-9月11日
各学院负责本学院所有的实践教学基地自查工作（各学院基地单位名单见附件1）。各学院对照《福州大学大学生校外实践教学基地检查评估表》（见附件2）进行自评，并收集保存相关支撑材料（协议书、管理制度、相关实习资料、图片等）。对于条件差、利用率低（原则上每年接纳实习生人数低于5人次）或连续3年没有接纳过我校本科生的基地，要终止协议；对于合作基础好，利用率高，签约到期的要履行续签手续，对离校较近，实习条件好，接纳学生多的基地要重点巩固建设，不断提高基地的建设水平。
（二）学院总结，9月11日-9月18日
学院自查完毕后，所有基地须填写《福州大学大学生校外实践教学基地检查评估表》（每个基地一份），学院要根据整体核查情况撰写自查报告，并填写相应的统计表格（见附件3）。自查报告应描述本学院目前所有的校外教学实习基地的利用及管理情况，存在的问题及建议，以及下一步基地建设三年发展规划。
（三）学校评估，9月19日-10月13日
在学院自查和总结基础上，学校将成立检查评估组，通过检查资料和实地抽查相结合对基地进行评估，优秀的实践教学基地可优先申报福州大学示范性校外实践教学基地；不合格的实践教学基地应进行整改或取消。
六、检查评估要求
（一）全面摸查校外实践教学基地，清理无效实践教学基地
各学院全面梳理本学院2022年本科教学状态数据填报的所有大学生校外实践教学基地，摸清并准确掌握基地实际运行情况。对近三年均未接纳本科生开展实践教学的基地予以取消；对未超过签约有效期但无实际运转、无实质合作可能的校外实践教学基地予以清理；对已超过签约有效期但还在有效运行的基地予以续签。
（二）加强实践教学基地建设与管理，提升基地建设质量和实效
各学院应根据各专业人才培养方案、学生人数和专业特点等，按照就地就近、相对稳定、节省经费的原则，选择与专业对口、设施完备、技术先进、管理规范、符合安全生产等法律法规要求的单位建立校外实践教学基地，逐步建成一批稳定性好、能够有效锻炼学生专业能力、创新精神和就业能力的高水平校外实践教学基地，满足学生实习实践需求，有效发挥校外实践教学基地在实践教学体系中的重要作用。
（三）系统评估基地基本运行情况，培育特色鲜明示范性基地
各学院定期检查评估本学院所属实践教学基地基本运行情况，主要检查基地基本建设和运行情况，包括基地在过去几年满足我校学生实践需求、接纳我校本科生开展实习、参与指导实践教学、推进产教融合协同育人等方面的情况。此次检查评估合格的校外实践教学基地，学校将授予“福州大学校外实践教学基地”牌匾（已挂牌除外）。同时，从中遴选、培育一批特色鲜明、具有较高实践育人水平的示范性校外实践教学基地，学校将授予“福州大学示范性校外实践教学基地”牌匾。
示范性校外实践教学基地应满足以下基本要求：
1．实践教学基地建设满三年以上，并与基地依托单位签订有5年及以上继续合作的协议；
2．实践教学基地使用率高，能稳定持续接纳学生实习实践。近三年，每年人均实习时间不少于14天且实习人数不少于20人；或年均接纳200以上人次学生；
3．实践教学基地组织管理体系健全，基地建设规划科学合理，目标明晰、措施具体、保障有力；实践教学规章制度齐全，管理科学规范；
4．实践教学基地具有一定规模，设备先进，设施齐备，环境优越，食宿条件良好，安全措施有效，能满足各类实践教学活动要求；
5．实践教学基地专兼职具有丰富工程经验的指导教师队伍数量充足、结构合理、业务素质好、责任心强、安全防范意识高，能高质量完成实践教学任务；产教融合成果丰硕，卓越工程师培养成效显著等。
6．实践教学基地原则上位于学校校区附近。
七、材料提交要求
请各学院于2023年9月19日前收齐相关检查评估材料后统一报送至教务处实践科，材料包括：
1. 《福州大学大学生校外实践教学基地检查评估表》（每个基地一份）电子版（PDF）及相关支撑材料（协议书、基地简介、管理制度、相关实习资料、图片等主要检查评估资料）电子版,每个基地分别设立一个文件夹；
2.《福州大学大学生校外实践教学基地检查评估汇总表》（学院汇总填写，纸质版一份及相应电子版）；
3.各学院开展大学生校外实践教学基地检查评估自查报告（学院填写，纸质版一份及相应电子版）。
联系电话：22866853  电子邮箱：jwcsjk@fzu.edu.cn
请各学院务必高度重视、认真检查评估、准备材料，落实好此项工作。

附件：
1. 福州大学校外实习教学基地一览表（2022年9月）
2. 福州大学大学生校外实践教学基地检查评估表
3. 福州大学大学生校外实践教学基地检查评估汇总表

福州大学教务处
2023年8月14日",3,0017449848580013045827,附件1：福州大学校外实习教学基地一览表（2022年9月）.xlsx,8489,https://jwch.fzu.edu.cn/system/_content/download.jsp?urltype=news.DownloadAttachUrl&owner=1744984858&wbfileid=13045827,13045827,1744984858
001039012903,https://jwch.fzu.edu.cn/info/1039/12903.htm,关于开展大学生校外实践教学基地检查评估的通知,【实践科】,2023-08-14,"各学院：
实践教学基地是支撑实践教学环节的重要保障，是产学研合作教育的重要内容，是产教融合的重要基础。目前我校大学生校外实践教学基地建设已具备了一定的规模和基础，但仍存在基地管理不够规范、利用不够充分、闲置率较高，实习实践效果不够明显，对基地的考核评价不够完善等问题。为不断深化产教融合和校企合作，持续加强我校大学生校外实践教学基地建设和规范化管理，进一步梳理和统筹我校校外实践教学资源，充分发挥实践教学基地在本科人才培养方面的重要作用，根据《福州大学实践教学基地建设与管理办法》（福大教〔2019〕37号）和审核评估专家意见要求，特制定《福州大学大学生校外实践教学基地检查评估表》，现将检查评估有关事项通知如下：
一、检查评估目的
以评估促进基地条件建设、师资队伍建设、实践教学体系与实践内容建设、管理规章制度建设和信息化建设；以实践教育基地为平台，通过模式改革、实践提升、成果驱动、校企共建等方式培养大学生的创新创业能力，促进人才培养与社会需求紧密结合，推动实践教学改革与创新。
二、检查评估对象
2022年9月本科教学状态数据填报的所有基地。
三、检查评估重点
1.基地建设情况：
（1）基地是否与学校签订合作协议、协议是否在有效期内；
（2）基地是否已正式挂牌；
（3）基地中的企业（事业）单位是否处于正常生产经营状态、是否涉及更名；
（4）所属行业是否与实习专业对口；
（5）实习管理相关规章制度是否齐备；
（6）能否满足完成实践教学任务的各种要求；
（7）产教融合情况，卓越工程师培养成效，工程经验导师聘任数量等。
2.基地运行情况：
（1）基地近三年是否每年正常接纳我校学生开展实践教学；
（2）提供的实践岗位是否与专业人才培养目标要求相匹配；
（3）是否为我校学生的实习实践活动配备专门的指导老师；
（4）在基地开展的各类实践教学活动相关支撑材料是否完整。
四、主要检查评估资料
1.校外实践教学基地协议书复印件；
2.实践教学基地简介及资质证明；
3.基地的实习管理相关制度；
4.基地的指导教师情况；
5.每年在基地开展的实践教学工作的具体安排（含三方实习协议、具体的实施方案或教学计划、面向专业、接纳的学生人数和名单、校企双方的指导教师安排等等）；
6.在基地开展实践教学的相关资料和成果（含实习教学活动记录（文字、照片、视频材料）、学生实践日志、实践成果、实践总结、鉴定表等等）；
7.基地录用我校毕业生情况、接受教师挂职锻炼情况、与学校开展的项目合作、参与学校人才培养相关工作的情况；
8.其他（如实习基地对学生实习实践情况的反馈和评价、学院赴实践教学基地开展的检查活动、有关新闻稿件等等）。
五、检查评估计划
为全面检查评估校外实践教学基地，将检查评估分为三个阶段。
（一）学院自查，8月28日-9月11日
各学院负责本学院所有的实践教学基地自查工作（各学院基地单位名单见附件1）。各学院对照《福州大学大学生校外实践教学基地检查评估表》（见附件2）进行自评，并收集保存相关支撑材料（协议书、管理制度、相关实习资料、图片等）。对于条件差、利用率低（原则上每年接纳实习生人数低于5人次）或连续3年没有接纳过我校本科生的基地，要终止协议；对于合作基础好，利用率高，签约到期的要履行续签手续，对离校较近，实习条件好，接纳学生多的基地要重点巩固建设，不断提高基地的建设水平。
（二）学院总结，9月11日-9月18日
学院自查完毕后，所有基地须填写《福州大学大学生校外实践教学基地检查评估表》（每个基地一份），学院要根据整体核查情况撰写自查报告，并填写相应的统计表格（见附件3）。自查报告应描述本学院目前所有的校外教学实习基地的利用及管理情况，存在的问题及建议，以及下一步基地建设三年发展规划。
（三）学校评估，9月19日-10月13日
在学院自查和总结基础上，学校将成立检查评估组，通过检查资料和实地抽查相结合对基地进行评估，优秀的实践教学基地可优先申报福州大学示范性校外实践教学基地；不合格的实践教学基地应进行整改或取消。
六、检查评估要求
（一）全面摸查校外实践教学基地，清理无效实践教学基地
各学院全面梳理本学院2022年本科教学状态数据填报的所有大学生校外实践教学基地，摸清并准确掌握基地实际运行情况。对近三年均未接纳本科生开展实践教学的基地予以取消；对未超过签约有效期但无实际运转、无实质合作可能的校外实践教学基地予以清理；对已超过签约有效期但还在有效运行的基地予以续签。
（二）加强实践教学基地建设与管理，提升基地建设质量和实效
各学院应根据各专业人才培养方案、学生人数和专业特点等，按照就地就近、相对稳定、节省经费的原则，选择与专业对口、设施完备、技术先进、管理规范、符合安全生产等法律法规要求的单位建立校外实践教学基地，逐步建成一批稳定性好、能够有效锻炼学生专业能力、创新精神和就业能力的高水平校外实践教学基地，满足学生实习实践需求，有效发挥校外实践教学基地在实践教学体系中的重要作用。
（三）系统评估基地基本运行情况，培育特色鲜明示范性基地
各学院定期检查评估本学院所属实践教学基地基本运行情况，主要检查基地基本建设和运行情况，包括基地在过去几年满足我校学生实践需求、接纳我校本科生开展实习、参与指导实践教学、推进产教融合协同育人等方面的情况。此次检查评估合格的校外实践教学基地，学校将授予“福州大学校外实践教学基地”牌匾（已挂牌除外）。同时，从中遴选、培育一批特色鲜明、具有较高实践育人水平的示范性校外实践教学基地，学校将授予“福州大学示范性校外实践教学基地”牌匾。
示范性校外实践教学基地应满足以下基本要求：
1．实践教学基地建设满三年以上，并与基地依托单位签订有5年及以上继续合作的协议；
2．实践教学基地使用率高，能稳定持续接纳学生实习实践。近三年，每年人均实习时间不少于14天且实习人数不少于20人；或年均接纳200以上人次学生；
3．实践教学基地组织管理体系健全，基地建设规划科学合理，目标明晰、措施具体、保障有力；实践教学规章制度齐全，管理科学规范；
4．实践教学基地具有一定规模，设备先进，设施齐备，环境优越，食宿条件良好，安全措施有效，能满足各类实践教学活动要求；
5．实践教学基地专兼职具有丰富工程经验的指导教师队伍数量充足、结构合理、业务素质好、责任心强、安全防范意识高，能高质量完成实践教学任务；产教融合成果丰硕，卓越工程师培养成效显著等。
6．实践教学基地原则上位于学校校区附近。
七、材料提交要求
请各学院于2023年9月19日前收齐相关检查评估材料后统一报送至教务处实践科，材料包括：
1. 《福州大学大学生校外实践教学基地检查评估表》（每个基地一份）电子版（PDF）及相关支撑材料（协议书、基地简介、管理制度、相关实习资料、图片等主要检查评估资料）电子版,每个基地分别设立一个文件夹；
2.《福州大学大学生校外实践教学基地检查评估汇总表》（学院汇总填写，纸质版一份及相应电子版）；
3.各学院开展大学生校外实践教学基地检查评估自查报告（学院填写，纸质版一份及相应电子版）。
联系电话：22866853  电子邮箱：jwcsjk@fzu.edu.cn
请各学院务必高度重视、认真检查评估、准备材料，落实好此项工作。

附件：
1. 福州大学校外实习教学基地一览表（2022年9月）
2. 福州大学大学生校外实践教学基地检查评估表
3. 福州大学大学生校外实践教学基地检查评估汇总表

福州大学教务处
2023年8月14日",3,0017449848580013045826,附件2：福州大学大学生校外实践教学基地检查评估表.xlsx,1324,https://jwch.fzu.edu.cn/system/_content/download.jsp?urltype=news.DownloadAttachUrl&owner=1744984858&wbfileid=13045826,13045826,1744984858
001039012903,https://jwch.fzu.edu.cn/info/1039/12903.htm,关于开展大学生校外实践教学基地检查评估的通知,【实践科】,2023-08-14,"各学院：
实践教学基地是支撑实践教学环节的重要保障，是产学研合作教育的重要内容，是产教融合的重要基础。目前我校大学生校外实践教学基地建设已具备了一定的规模和基础，但仍存在基地管理不够规范、利用不够充分、闲置率较高，实习实践效果不够明显，对基地的考核评价不够完善等问题。为不断深化产教融合和校企合作，持续加强我校大学生校外实践教学基地建设和规范化管理，进一步梳理和统筹我校校外实践教学资源，充分发挥实践教学基地在本科人才培养方面的重要作用，根据《福州大学实践教学基地建设与管理办法》（福大教〔2019〕37号）和审核评估专家意见要求，特制定《福州大学大学生校外实践教学基地检查评估表》，现将检查评估有关事项通知如下：
一、检查评估目的
以评估促进基地条件建设、师资队伍建设、实践教学体系与实践内容建设、管理规章制度建设和信息化建设；以实践教育基地为平台，通过模式改革、实践提升、成果驱动、校企共建等方式培养大学生的创新创业能力，促进人才培养与社会需求紧密结合，推动实践教学改革与创新。
二、检查评估对象
2022年9月本科教学状态数据填报的所有基地。
三、检查评估重点
1.基地建设情况：
（1）基地是否与学校签订合作协议、协议是否在有效期内；
（2）基地是否已正式挂牌；
（3）基地中的企业（事业）单位是否处于正常生产经营状态、是否涉及更名；
（4）所属行业是否与实习专业对口；
（5）实习管理相关规章制度是否齐备；
（6）能否满足完成实践教学任务的各种要求；
（7）产教融合情况，卓越工程师培养成效，工程经验导师聘任数量等。
2.基地运行情况：
（1）基地近三年是否每年正常接纳我校学生开展实践教学；
（2）提供的实践岗位是否与专业人才培养目标要求相匹配；
（3）是否为我校学生的实习实践活动配备专门的指导老师；
（4）在基地开展的各类实践教学活动相关支撑材料是否完整。
四、主要检查评估资料
1.校外实践教学基地协议书复印件；
2.实践教学基地简介及资质证明；
3.基地的实习管理相关制度；
4.基地的指导教师情况；
5.每年在基地开展的实践教学工作的具体安排（含三方实习协议、具体的实施方案或教学计划、面向专业、接纳的学生人数和名单、校企双方的指导教师安排等等）；
6.在基地开展实践教学的相关资料和成果（含实习教学活动记录（文字、照片、视频材料）、学生实践日志、实践成果、实践总结、鉴定表等等）；
7.基地录用我校毕业生情况、接受教师挂职锻炼情况、与学校开展的项目合作、参与学校人才培养相关工作的情况；
8.其他（如实习基地对学生实习实践情况的反馈和评价、学院赴实践教学基地开展的检查活动、有关新闻稿件等等）。
五、检查评估计划
为全面检查评估校外实践教学基地，将检查评估分为三个阶段。
（一）学院自查，8月28日-9月11日
各学院负责本学院所有的实践教学基地自查工作（各学院基地单位名单见附件1）。各学院对照《福州大学大学生校外实践教学基地检查评估表》（见附件2）进行自评，并收集保存相关支撑材料（协议书、管理制度、相关实习资料、图片等）。对于条件差、利用率低（原则上每年接纳实习生人数低于5人次）或连续3年没有接纳过我校本科生的基地，要终止协议；对于合作基础好，利用率高，签约到期的要履行续签手续，对离校较近，实习条件好，接纳学生多的基地要重点巩固建设，不断提高基地的建设水平。
（二）学院总结，9月11日-9月18日
学院自查完毕后，所有基地须填写《福州大学大学生校外实践教学基地检查评估表》（每个基地一份），学院要根据整体核查情况撰写自查报告，并填写相应的统计表格（见附件3）。自查报告应描述本学院目前所有的校外教学实习基地的利用及管理情况，存在的问题及建议，以及下一步基地建设三年发展规划。
（三）学校评估，9月19日-10月13日
在学院自查和总结基础上，学校将成立检查评估组，通过检查资料和实地抽查相结合对基地进行评估，优秀的实践教学基地可优先申报福州大学示范性校外实践教学基地；不合格的实践教学基地应进行整改或取消。
六、检查评估要求
（一）全面摸查校外实践教学基地，清理无效实践教学基地
各学院全面梳理本学院2022年本科教学状态数据填报的所有大学生校外实践教学基地，摸清并准确掌握基地实际运行情况。对近三年均未接纳本科生开展实践教学的基地予以取消；对未超过签约有效期但无实际运转、无实质合作可能的校外实践教学基地予以清理；对已超过签约有效期但还在有效运行的基地予以续签。
（二）加强实践教学基地建设与管理，提升基地建设质量和实效
各学院应根据各专业人才培养方案、学生人数和专业特点等，按照就地就近、相对稳定、节省经费的原则，选择与专业对口、设施完备、技术先进、管理规范、符合安全生产等法律法规要求的单位建立校外实践教学基地，逐步建成一批稳定性好、能够有效锻炼学生专业能力、创新精神和就业能力的高水平校外实践教学基地，满足学生实习实践需求，有效发挥校外实践教学基地在实践教学体系中的重要作用。
（三）系统评估基地基本运行情况，培育特色鲜明示范性基地
各学院定期检查评估本学院所属实践教学基地基本运行情况，主要检查基地基本建设和运行情况，包括基地在过去几年满足我校学生实践需求、接纳我校本科生开展实习、参与指导实践教学、推进产教融合协同育人等方面的情况。此次检查评估合格的校外实践教学基地，学校将授予“福州大学校外实践教学基地”牌匾（已挂牌除外）。同时，从中遴选、培育一批特色鲜明、具有较高实践育人水平的示范性校外实践教学基地，学校将授予“福州大学示范性校外实践教学基地”牌匾。
示范性校外实践教学基地应满足以下基本要求：
1．实践教学基地建设满三年以上，并与基地依托单位签订有5年及以上继续合作的协议；
2．实践教学基地使用率高，能稳定持续接纳学生实习实践。近三年，每年人均实习时间不少于14天且实习人数不少于20人；或年均接纳200以上人次学生；
3．实践教学基地组织管理体系健全，基地建设规划科学合理，目标明晰、措施具体、保障有力；实践教学规章制度齐全，管理科学规范；
4．实践教学基地具有一定规模，设备先进，设施齐备，环境优越，食宿条件良好，安全措施有效，能满足各类实践教学活动要求；
5．实践教学基地专兼职具有丰富工程经验的指导教师队伍数量充足、结构合理、业务素质好、责任心强、安全防范意识高，能高质量完成实践教学任务；产教融合成果丰硕，卓越工程师培养成效显著等。
6．实践教学基地原则上位于学校校区附近。
七、材料提交要求
请各学院于2023年9月19日前收齐相关检查评估材料后统一报送至教务处实践科，材料包括：
1. 《福州大学大学生校外实践教学基地检查评估表》（每个基地一份）电子版（PDF）及相关支撑材料（协议书、基地简介、管理制度、相关实习资料、图片等主要检查评估资料）电子版,每个基地分别设立一个文件夹；
2.《福州大学大学生校外实践教学基地检查评估汇总表》（学院汇总填写，纸质版一份及相应电子版）；
3.各学院开展大学生校外实践教学基地检查评估自查报告（学院填写，纸质版一份及相应电子版）。
联系电话：22866853  电子邮箱：jwcsjk@fzu.edu.cn
请各学院务必高度重视、认真检查评估、准备材料，落实好此项工作。

附件：
1. 福州大学校外实习教学基地一览表（2022年9月）
2. 福州大学大学生校外实践教学基地检查评估表
3. 福州大学大学生校外实践教学基地检查评估汇总表

福州大学教务处
2023年8月14日",3,0017449848580013045825,附件3：福州大学大学生校外实践教学基地检查评估汇总表.xlsx,1243,https://jwch.fzu.edu.cn/system/_content/download.jsp?urltype=news.DownloadAttachUrl&owner=1744984858&wbfileid=13045825,13045825,1744984858
001040012893,https://jwch.fzu.edu.cn/content.jsp?urltype=news.NewsContentUrl&wbtreeid=1040&wbnewsid=12893,关于举办福州大学第四十五场“教学有道”研讨活动的通知,【质量办】,2023-08-04,"各学院、有关单位：
为贯彻落实工程教育认证中的持续改进的理念和思路，切实做好专业自评自建，更好地推进我校专业认证工作。经研究，学校决定举办第四十五场“教学有道”专题研讨，具体安排如下：

一、研讨主题
工程教育认证中的持续改进的内在逻辑
二、研讨时间
2023年8月7日（周一）15:00-17:00
三、主讲人
华南理工大学材料科学与工程学院 张安强教授
四、研讨地点
嘉锡楼313会议室
五、承办单位
材料科学与工程学院
六、参会人员
1.材料科学与工程学院教师；
2.全校其他感兴趣的教师。

主讲人简介：
张安强教授，1998年、2003年在华南理工大学高分子系分获学士和博士学位，随后留校工作。现为华南理工大学材料学院高分子系教授、系主任、博士生导师。
主要研究兴趣包括：超分子弹性体、大分子药物及其在植物保护中的应用、橡胶复合材料等。《弹性体》、《橡胶工业》、《Reactive and Functional Polymers》编委、全国轮胎轮辋标准化技术委员会委员，中国工程教育专业认证专家，广州市橡胶学会理事，广东省化工学会橡胶专业委员会委员。先后承担国家自然科学基金、广东省科技计划、广州市科技计划和多项企业委托技术开发项目等。曾获中国橡胶科技创新奖、华南理工大学本科教学优秀教师“南光奖”、华南理工大学校级教学名师等荣誉。

福州大学教务处
2023年8月4日",0,,,,,,
001035012892,https://jwch.fzu.edu.cn/info/1035/12892.htm,关于本科教学管理系统及其相关业务系统暂停使用的通知,【综合科】,2023-08-02,"各学院、各有关单位：
根据网信办要求，我处拟于8月7日至8日对教务处服务器进行搬迁，届时本科教学管理系统及其相关业务系统暂停使用，请大家提前安排好工作，由此造成的不便敬请包涵谅解！

教务处
2023年8月2日",0,,,,,,
001035012884,https://jwch.fzu.edu.cn/content.jsp?urltype=news.NewsContentUrl&wbtreeid=1035&wbnewsid=12884,教务处关于2023年暑假用印安排的通知,【综合科】,2023-07-08,"各学院，机关各部门、各单位：
根据学校暑期工作安排，暑假期间（7月9日至8月26日），为方便师生办理有关事宜，现将用印安排情况公布如下（时间：上午8:30～11:30，下午2:30～5：00）。确需紧急用印的，请事先电话联系值班人员。
教务处
2023年7月8日

日期
星期
单位
值班  人员
值班地点
电话
备注

20230712
周三
教务处
吴老师
行政北楼西210
22866855
教务处章

20230719
周三
教务处
王老师
行政北楼西210
22866855
教务处章

20220726
周三
教务处
苏老师
行政北楼西210
22866893
教务处章

20230727
周四
教务处
苏老师
行政北楼西210
22866893
教务处章

20230728
周五
教务处
林老师
行政北楼西135
22866858
成绩、密封   盖章

20230802
周三
教务处
王老师
行政北楼西210
22866855
教务处章

20230808
周二
教务处
李老师
行政北楼西208
22866873
教务处章

20230809
周三
教务处
李老师
行政北楼西208
22866873
教务处章

20230816
周三
教务处
林老师
行政北楼西210
22866855
教务处章

20230818
周五
教务处
林老师
行政北楼西135
22866858
成绩、密封   盖章

20230823
周三
教务处
吴老师
行政北楼西210
22866855
教务处章",0,,,,,,
001039012881,https://jwch.fzu.edu.cn/info/1039/12881.htm,关于公布福州大学2023届本科生优秀毕业设计（论文）名单的通知,【实践科】,2023-07-05,"校教〔2023〕22号

各学院：
根据《关于做好2023届本科生毕业设计（论文）工作的通知》（校教〔2022〕50号）文件要求，经专家评审、学院推荐、论文检测、学校审批，共评出福州大学2023届优秀本科生毕业设计（论文）190篇。现将名单予以公布，详见附件。
附件：福州大学2023届优秀本科生毕业设计（论文）名单

 
                                      福州大学教务处
                                        2023年7月5日",1,0017449848580013037663,附件：福州大学2023届优秀本科生毕业设计（论文）名单.doc,3756,https://jwch.fzu.edu.cn/system/_content/download.jsp?urltype=news.DownloadAttachUrl&owner=1744984858&wbfileid=13037663,13037663,1744984858
001035012874,https://jwch.fzu.edu.cn/info/1035/12874.htm,关于召开2022-2023学年春季学期期末本科教育教学工作会议的通知,【综合科】,2023-07-03,"各学院及相关教学单位：
兹定于2023年7月6日（星期四）15:00在旗山校区行政南楼123会议室召开期末本科教育教学工作会议。请各学院及相关教学单位分管教学院长、教学办主任、教学干事、校教学督导组负责人届时参加，各学院教学干事负责通知本学院参会人员。

福州大学教务处
2023年7月3日",0,,,,,,
001036012870,https://jwch.fzu.edu.cn/info/1036/12870.htm,关于做好期末复习考试及下学期开学等工作的通知,【教学运行】,2023-06-30,"校教〔2023〕25 号

各学院、各有关单位:
  本学期已近尾声，现将本学期期末教学工作安排及下学期开学初有关工作的注意事项通知如下:
一、期末考试
1. 考试安排
  本学期教学安排至2023年7月7日，2023年7月8日至8月27日放暑假。2023年7月1日至7月7日为期末停课考试周。
各年段考试周内至少应安排二门考试课程，7月6日或7日应排一门考试课程。由注册中心统一安排考试的部分公共课程考表见表一。其他课程的考试日期由各学院安排。跨学院合班课程考试(分类统考)请有关学院协调安排考表。各学院考表连同下学期初补考表应在7月4日前报送到注册中心。
2. 考试时间
停课考试周，所有考试时间安排如下：
上午:8:30-10:30 ；下午:2:30-4:30 ；晚上:7:00-9:00
非停课考试周的考试时间以具体公布时间为准。
3. 考试组织工作及要求
学院应进一步加强规范考试管理，考试组织工作应按福大教〔2018〕39号《福州大学课程考核管理实施办法》和校教〔2016〕55号《关于加强考试管理和严肃考试纪律的通知》的要求严格执行。同时，为加强考场管理，维护正常的考试秩序，学校已对各教学楼所有多媒体教室（公共教学楼、文科楼）安装了标准化考场巡考摄录系统，白天及夜间均全天候启用及录像保存备查，各学院应将教室安装摄像监控的事宜告知本学院教师和学生。
学院要重视加强对监考教师的考场职责培训，强调监考教师的工作规范，明确考场规章制度，尽职尽责履行考场监考要求。同时对学生进行考前思想动员和教育，重申考场纪律，做好学生的诚信教育，把违纪作弊的思想扼杀在萌芽状态。
各考室主监考老师应从本科教学系统中打印相关考场学生名单及考场情况报告单，在开考前认真核对考生信息并要求考生在学生名单上签名（签过名的学生名单与试卷一起留档）。对考试过程中有违纪苗头的学生及时警告纠正，对确有违纪作弊行为的学生，应按学校有关规定及时严肃处理，每场考试监考人员应清楚准确填写《福州大学考场情况报告表》（以下简称报告表）一式两份。若有考试违纪或作弊情况，应于考试结束当日内将一份报告表及相关违纪作弊材料报送至教务处注册中心，另一份随试卷装订；若无考试违纪或作弊情况，两份报告表均随试卷装订。
监考教师要严格执行校教〔2015〕32号《福州大学监考人员职责》，若有失职，学院应予批评教育，并按教学事故条例处理，将处理结果报送教务处质量管理科。
4. 成绩录入与公布
6月26日至7月12日为学生成绩录入时间。任课教师必须在这个时间段内完成网上成绩录入之全过程，录入应严格按照系统要求操作，以确保准确性。成绩录入提交后，任课教师应从网上将成绩打印一式二份由本人和系或教研室主任签字确认，一份送交开课学院保存，一份由任课教师保存。成绩统一由注册中心从网上向学生公布，学生可随时登录https://jwch.fzu.edu.cn网点，用各自密码进入本科教学管理系统对老师的教学情况进行评价，然后查询自己的成绩。
各学院应及时检查成绩登录情况，并督促教师完成此项工作，所有考试结束后的第六天，注册中心将关网，进行学籍处理。
二、毕业班工作
7月13日前上报经期末考试后确定能毕业以及拟授予学士学位的学生名单等各类材料。对于修业年限期满的学生，各学院也务必同时全部清理完毕（做出毕业、结业或拟退学处理）。
三、下学期初补考工作
1. 补考时间：2023年8月26日至9月3日。
2. 补考安排表中的课程必须是本学期有开设的必修课和限定选修课（不含实践性环节课程），参加补考的对象必须是本学期参加修读课程成绩不及格的和申请期末缓考的学生。
3. 注册中心负责各公共基础课的补考安排（见表二），其余课程由各学院自行插空安排，请各学院根据实际补考人数，在系统中安排具体考试地点，并将安排表及时公布并通知到学生和相关课程所在的院系（教研室），认真做好补考的准备工作。各考室主监考老师应从网上打印相关考场学生名单及考场情况报告单，并将考场学生名单张贴公布在考场前。监考老师开考前请认真核对考生信息并要求考生在学生名单上签名。
4. 8月26日至9月8日为补考成绩录入时间，任课教师应于这个时间段内完成网上补考成绩录入之全过程，因成绩录入时间关系到9月份的推免生成绩核定工作，请各学院务必通知教师及时录入成绩，9日系统将关闭不得录入成绩。若一些课程是根据暑期实践报告才评定成绩的，须尽早让学生提交报告，以确保教师在规定时间内录入成绩。
四、下学期开学初工作
  1. 8月27日为学生到校报到时间，8月28日正式上课。学生本人应持学生证到所在学院履行报到手续，不得代办。
2. 各学院对逾期注册、迟到、旷课的学生应认真查明原因，严格按学籍管理条例处理，在开学二周内将情况报送注册中心。
3. 8月26日至8月27日为新生报到时间。9月25日新生正式上课。
以上各项工作安排均应按时完成，按时报送，认真对待，超过期限将不予受理，延期或上报有误，按教学事故条例进行处理。

(此件各学院必须通知到全体教师)
附:1.表一:2022—2023学年第二学期部分公共基础课期末考试安排
2.表二:2022—2023学年第二学期暑假公共基础课补考 安排
教 务 处
2023年6月29日

附表一
2022-2023学年第二学期部分公共基础课期末考试安排
（具体考场安排和时间会陆续在网上公布）

考试时间
考 试 科 目

随堂考
毛泽东思想和中国特色社会主义理论体系概论

随堂考
马克思主义基本原理

随堂考
中国近现代史纲要

随堂考
思想道德与法治

随堂考
军事理论

5月14日上午
工程制图E

5月28日全天
C语言、Visual Basic、C++程序设计、Access数据库程序设计、Python

6月4日下午
线性代数（含独立重修班）、线性代数与解析几何

6月11日上午
高等数学A（中）、B（下）   、C（下）

6月11日下午
概率论与数理统计（含独立重修班）

6月18日上午
大学英语（三）

6月18日下午
大学英语（二）、（四）

6月18日下午
工程制图A(下）、C（下）、D、F

7月3日上、下午
英语拓展课

7月6日上午
大学物理A（上）、C

7月6日下午
大学物理B（上）

注：英语拓展课包括：中国文化（英语授课）、英国文化、跨文化交际、英语国家概况、欧洲简史、汉英语言对比、实用英汉翻译、大学英语六级、雅思英语（听说）、雅思英语（读写）、英语口语提高、新闻报刊英语、科技英语、商务英语、学术英语、福建文化

附表二
2022-2023学年第二学期暑假公共基础课补考安排

课程
时间

大学英语（三）
8月26日上午8:00-10:00

英语拓展课
8月26日上午10:20-12:20

大学英语（二）、（四）
8月26日下午2:00-4:00

毛泽东思想和中国特色社会主义理论体系概论
8月26日下午4:20-6:20

大学物理A（上）、B（上）、C
8月27日上午8:00-10:00

大学物理A（下）、B（下）
8月27日上午10:20-12:20

C语言、Visual Basic、C++程序设计、Access数据库程序设计、Python
8月27日下午2:00-4:00

军事理论
8月27日下午4:20-6:20

形势与政策
8月31日晚上19:00-20:00

大学生就业与创业指导
8月31日下午3:30-4:30

高等数学A（中）、B（下）、C（下）
9月2日上午8:00-10:00

高等数学A（上）、B（上）、C（上）、A(下)
9月2日上午10:20-12:20

线性代数、线性代数与解析几何
9月2日下午2:00-4:00

概率论与数理统计
9月2日下午4:20-6:20

工程制图A（下）、C（下）、D、E、F
9月3日上午8:00-10:00

马克思主义基本原理
9月3日上午10:20-12:20

中国近现代史纲要
9月3日下午2:00-4:00

思想道德与法治
9月3日下午4:20-6:00

大学应用写作
9月3日下午4:20-6:20

具体考场安排见本科教学管理系统",0,,,,,,
001040012868,https://jwch.fzu.edu.cn/info/1040/12868.htm,关于举办福州大学第四十四场“教学有道”研讨活动的通知,【质量办】,2023-06-30,"各学院、有关单位：
为推广优秀教学设计的理念和思路，进一步提升我校青年教师教学能力与水平。经研究，学校决定举办第四十四场“教学有道”专题研讨，具体安排如下：
一、研讨主题
主题一：数字经济背景下“金融学”课程改革与实践探析
主题二：完善课程思政打造优质中国经济专史课程
二、研讨时间
2023年7月3日（周一）下午14:00
三、主讲人
经济与管理学院  陈玲教授、蔡高锐副教授
四、研讨地点
经管北楼106会议室
五、承办单位
经济与管理学院
六、参会人员
1.经管学院教师；
2.全校其他感兴趣的教师。

主讲人简介：
陈玲，管理学博士，教授，研究生导师，福建省经济学会副会长，福建省证券经济研究会副秘书长，主要讲授金融学学科导论、投资经济学、国际投资学、风险投资学、国际投资与我国利用外资等课程，从事金融投资、国际投融资及风险投资等研究方向。
蔡高锐博士，副教授硕导、中国注册会计师非执业会员、福建省理财规划师协会会员。开设本科课程：税法、纳税检查、税务管理、财政学。开设研究生课程：财政理论研究、税收筹划研究。

福州大学教务处
2023年6月30日",0,,,,,,
001039012867,https://jwch.fzu.edu.cn/info/1039/12867.htm,关于参加“2023高教社杯全国大学生数学建模竞赛”报名与集训的通知,【实践科】,2023-06-29,"根据福建赛区[2023-01]号文件“2023全国大学生数学建模竞赛报名通知”的精神，现就我校本科生参加“2023高教社杯全国大学生数学建模竞赛”报名与培训工作安排如下：
一、报名
符合下列条件的队伍（3人组成一队）可直接报名参赛：
1.已参加过往届全国大学生数学建模竞赛，并获得省级二等奖及以上的队伍；
2.已参加过往届美国大学生数学建模竞赛，并获得H奖及以上的队伍；
3.已参加过往届中国电机工程学会杯数学建模竞赛，并获得三等奖及以上队伍；
4.已参加过往届全国统计建模大赛，并获得省级三等奖及以上的队伍；
5.已参加过往届校赛，并获得三等奖及以上队伍；（允许以上队伍更换其中一名队员）；
6.已参加过2023年美国大学生数学建模春季赛与中国电机工程学会杯数学建模竞赛的队伍（因结果未公布，可直接获得参加国赛资格）；
7.考虑到部分不符合以上报名条件、但有强烈参赛愿望的队伍，允许这些队伍先报名，经指导团队考核后，选出优秀的队伍参赛。
二、报名费用
为防止报名队伍弃赛或违规参赛，所有报名队伍在报名时，需同时交纳报名费300元，具体参考附件1：2023高教社杯全国大学生数学建模竞赛报名操作流程。
成功参赛的队伍，将全部返还报名费。
三、集训
我们将从8月初开始，开展赛前集训（线上、线下），所有参赛队伍必须参加，具体时间如下：
线上集训：8月3日至8月13日；
线下集训：建模群中通知，具体事宜待定。
 教务处
 数学与统计学院数学建模指导团队
   2023年6月29日

附件：2023高教社杯全国大学生数学建模竞赛福州大学队伍的报名操作流程",1,0017449848580013031762,附件：2023高教社杯全国大学生数学建模竞赛福州大学队伍的报名操作流程.pdf,7079,https://jwch.fzu.edu.cn/system/_content/download.jsp?urltype=news.DownloadAttachUrl&owner=1744984858&wbfileid=13031762,13031762,1744984858
001038013283,https://jwch.fzu.edu.cn/info/1038/13283.htm,关于通识教育选修课《国际化拔尖创新人才科研训练》宣讲会及选课的通知,【计划科】,2024-02-27,"各学院：
为培养具有国际视野和国际高水平科研跨学科创新人才，我校联合中国教育国际交流协会开展“国际化拔尖创新人才培养项目”。该项目邀请哈佛大学、麻省理工学院、加州大学伯克利分校、斯坦福大学、剑桥大学、卡耐基梅隆大学等高校教授直播授课，并选拔优秀学生参加暑期线下科研实践，共同完成相关领域研究课题。此项目在我校以全校性通识教育选修课形式供同学们报名参与，有意向的同学可于2月29日周四20：00-21:30通过腾讯会议参加项目宣讲会（会议号附后），并在2024年3月2日-3月5日（通选课第二轮和第三轮选课期间）登录教务系统报名修读《国际化拔尖创新人才科研训练》，详细介绍如下：
 
一、通选课课程名称
国际化拔尖创新人才科研训练。
二、所属课程类别
该类课程归属全校性通识教育选修课，在校内报名时课程名称统一体现为《国际化拔尖创新人才科研训练》，具体上课课程有106门不同课程，分别对应学校通选课的四个类别（自然科学与工程技术类、人文社会科学类、创新创业类、文学与艺术类），每个学生在校期间只能修读1门。学生在选课前须仔细阅读附件1《国际化拔尖创新人才科研训练具体课程清单》，明确自已所要修读的课程归为通选课的哪一个类别。
三、项目课程内容
该项目的每一门课程均由科研基础训练课程和暑期科研实践两个阶段组成。
第一阶段：科研基础训练课程
包括专业知识拓展课程和科研策略和论文写作课程两部分。
1.专业知识拓展课程：共有100多门课程，以热门交叉学科和前沿学科为主，由教授负责课纲与教学设计，全程采用英文直播授课，并配备助教课程进行深度讲解和答疑。每位学生可任选一门课程进行学习。课程难度从3级到5级不等，难度最高5级（建议4级以上慎选）。详见附件1：《国际化拔尖创新人才科研训练具体课程清单》。
课时数:外籍教授授课32课时（必选）+助教授课20课时（可选课）
授课时间：2024年3-5月份
课程介绍：详情点击https://itstp.neoscholar.com/进入中国教育国际交流协会拔尖创新⼈才培养计划的课程介绍页面，查看全部课程介绍、教授介绍、课程大纲、先修要求等。
2.科研策略和论文写作课程：由欧美一流大学学术写作导师亲自授课，主要针对英文论文的文献检索和写作技巧。
课时数：16课时（可选课）
授课时间：2024年5-6月份
第二阶段：暑期科研实践训练课程
适合学生：通过第一阶段的学习且成绩优异的学生。
课程模式：线下小班制研讨课，每班限制18人，全程由海外教授线下亲自讲授及指导，并分组完成指定课题的研究与论文写作。
课时数：48课时（教授课32课时，助教课16课时，均为必选课时）
课程时间：2024年7-8月
课程产出：小组学术论文、成绩单、教授评估报告，教授推荐信（综合成绩需达到B+）
四、校内选课时间
依托通选课进行，具体时间为2024年3月2日-3月5日（通选课第二轮和第三轮选课期间）。
五、上课时间及学习方式
1.在教务系统确认已中选的同学，从3月7日起可登录NeoSchool教学系统完成注册、关联学号以获得上课权限，平台链接：https://ke.neoschool.com/student/#/passport/login
2.2024年3-6月共15周，专业知识拓展（10周必选）+科研策略与论文写作（5周可选）。3月9日开始正式上课，每周一次课，多数课程安排在周六或周日上课。本课程以在线直播方式教学，外方教授纯英语授课，可在线互动，在线作业，在线辅导。课程介绍详情：https://itstp.neoscholar.com/
六、成绩考核与记载
学生完成第一阶段科研基础训练课程教授课32课时的考勤+作业+期中期末考试，由中国教育国际交流协会出具具体成绩，学校将相关规定予以记载，具体成绩记载为《国际化拔尖创新人才科研训练》，**成绩，32学时，2学分。
第一阶段的助教授课、论文写作，以及第二阶段暑期科研实践训练部分不计入考核。
七、限选人数
全校限100人修读。
八、选课要求
学生最低英语要求听说读写无障碍，口语流利（建议：英语四级450分、托福80分或雅思6分）。
九、项目费用
第一阶段：科研基础训练课程
课程免费。
第二阶段：暑期科研实践训练课程
第二阶段课程内容不属于本门通选课考核范围，属于学生自愿自费选择参加部分。对于通过选拔且有意向参加第二阶段的同学，将由中国教育国际交流协会相关部门另行通知具体费用及相关安排。
十、暑期科研实践的选拔介绍
在本课程学习过程中，表现特别优异的学生将获得教授录用函，于暑期前往科研实践基地与国际知名教授共同完成特定课程的论文研讨与写作。暑期科研实践拟在全球范围内选择八到十所名校设立科研实训地点，其中包括牛津大学、南洋理工大学以及国内985高校，最终实施校区以具体通知为准 (2023年国内暑期科研实践地点:上海交通大学、四川大学、华南理工大学、中国科学院大学等)。
暑期科研实践分若干科研小组，每小组18人，由教授亲自线下指导为期2周的科研训练，并在线下研讨结束后的2周内与小组成员协同完成论文。参加暑期科研的录取与注册将在本课程期中期末考试结束后，结合考试成绩和教授评价以及本人意愿决定参加暑期科研实践录取名单，最终入选名单将在中国教育国际交流协会官网公示。
十一、项目宣讲
宣讲时间：2024年2月29日周四20：00-21:30 （腾讯会议扫码入会）
会议主题：国际化拔尖创新人才培养项目宣讲会

    会议链接：
https://meeting.tencent.com/dm/h5AmHgyC6q9h
腾讯会议号：680 160 021
十二、项目咨询
1.学校项目联系人：林老师，电话：83700655/22866907，邮箱：3818093@qq.com。
2.国际化拔尖创新人才培养项目负责老师：徐老师，电话：13661508686，微信号：paiyin001
3.有意向同学请扫以下二维码进入“福大国际化拔尖创新人才培养项目群”获取更多信息：

  
福州大学教务处
2024年2月27日",1,0017449848580014580133,附件1国际化拔尖创新人才科研训练具体课程清单.xlsx,2940,https://jwch.fzu.edu.cn/system/_content/download.jsp?urltype=news.DownloadAttachUrl&owner=1744984858&wbfileid=14580133,14580133,1744984858
001039013281,https://jwch.fzu.edu.cn/info/1039/13281.htm,关于2024届本科毕业生创新创业实践与素质拓展学分认定工作的通知,【实践科】,2024-02-26,"各学院：
根据工作安排，从即日起学校开展创新创业实践与素质拓展学分认定工作，现将有关事项通知如下：
   一、本次学分认定的申报对象为2024届本科毕业生；
二、2024年3月29日前，学生向各学院教学办提交《福州大学本科生创新创业实践与素质拓展学分申报汇总表》、《福州大学本科生创新创业实践与素质拓展学分申请表》和必要的证明材料复印件；
三、2024年4月5日前，各学院对学分认定申请进行审核汇总，并予以公示；
四、2024年4月10日前，各学院向教务处实践科提交《福州大学本科生创新创业实践与素质拓展学分申报汇总表》、《福州大学本科生创新创业实践与素质拓展学分申请表》和必要的证明材料复印件。
依照《福州大学本科生创新创业实践与素质拓展学分认定管理实施办法》（福大教〔2016〕66号），创新创业实践与素质拓展项目可记入学生学籍成绩档案的课程名称为以下三类：创新创业实践与素质拓展课程、通识教育选修课和专业选修课，认定总学分不得超过5学分。尚未修读创新创业实践与素质拓展课程的同学，应优先申请替代该部分学分；已获得创新创业实践与素质拓展学分的可申请认定为通识教育选修课和专业选修课。
各学院应对学生申报的项目进行认真审核把关，并在本学院进行公示3天，凡经查实弄虚作假者，取消该项目所得分值，并按学校有关规定严肃处理。
附件：1.福州大学本科生创新创业实践与素质拓展学分申报汇总表
    2.福州大学本科生创新创业实践与素质拓展学分申请表

福州大学教务处
2024年2月26日",1,0017449848580014579917,福州大学本科生创新创业实践与素质拓展学分申报汇总表、申请表.doc,2693,https://jwch.fzu.edu.cn/system/_content/download.jsp?urltype=news.DownloadAttachUrl&owner=1744984858&wbfileid=14579917,14579917,1744984858
001038013279,https://jwch.fzu.edu.cn/info/1038/13279.htm,关于2023-2024学年第二学期港澳台侨学生思政课和军事课程退选替代的通知,【计划科】,2024-02-25,"各学院：
根据《校教〔2019〕56号关于印发港澳台侨学生思政课和军事课程学分替代方案的通知》的要求，我校2019级起新入学港澳台侨学生开始实行相关国情类课程替代方案：现行培养方案中的《马克思主义基本原理》《毛泽东思想和中国特色社会主义理论体系概论》《习近平新时代中国特色社会主义思想概论》《中国近现代史纲要》《思想道德与法治》《形势与政策》《思想政治实践课》《军事理论》《军事技能》等课程可以直接修习或以国情类课程替代。
现就2019级起新入学港澳台侨学生国情类课程替代事项通知如下：
一、根据教务处选课通知，完成学期选课。
1.在规定时间内登录本科教学管理系统（以下简称“系统”）完成本学期学期选课（含思政课和军事课程）。
2.需用国情类课程学分替代思政课和军事课程学分的学生，应于本学期初全校性通识选修课（以下简称“通选课”）选课期间登录系统，退选思政课和军事课程，同时选修国情类课程。
二、课程退选替代以学期为单位进行，未在规定时间内办理或者选择不退选课程的，需按照培养计划要求参加这些课程的学习和考试。
三、根据“形势与政策”课程每学期都必须修读且全部通过考核后方能获得学分的要求，需要替代该课程的学生每个学期都必须进行一次退选操作。
四、修业年限内学生累计选修的国情类课程总学分不得低于其所退选的思政课和军事课程总学分。若所修国情类课程总学分超过退选的思政课和军事课程总学分，不可认定为其它课程类型学分。
五、学生每学期选修的国情类课程不得超过8学分。
六、国情类课程不安排补考或重修，考核不及格需选修其它国情类课程。
 
附：2023-2024学年第二学期国情课列表
    
 
教务处
2024年2月25日",1,0017449848580014579883,2023-2024学年第二学期国情课列表.docx,1166,https://jwch.fzu.edu.cn/system/_content/download.jsp?urltype=news.DownloadAttachUrl&owner=1744984858&wbfileid=14579883,14579883,1744984858
001039013278,https://jwch.fzu.edu.cn/info/1039/13278.htm,关于对2023年学院教学有关数据进行统计的通知,【实践科】,2024-02-25,"各学院：
为全面了解掌握各学院教学有关状态，现需对2023年学院教学有关数据进行汇总统计，学校将依此核算2023年教学工作业绩分值，并作为对学院各项教学评估、学院办学质效评价和学生创新创业素质拓展学分认定的重要依据，请各学院认真组织填报并审核，确保数据收集完整，不错不漏。并及时上报统计表及相关扫描件电子文档（扫描件电子文档须清晰整洁），有关统计数据在规定的申报时间内逾期未报视为自动放弃，将不予受理补报。
一、2023年需统计上报的数据有：
1.2023年出版的教材（需附教材封面、封底及有出版印次及字数页面的扫描件电子文档）
2.2023年发表的教研论文（需附中国知网上下载的论文电子版，如下载不了，则需附整篇论文扫描件电子文档）
3.2023年教师获教学类奖励及学院主办或承办全国性教学类会议情况表
4.2023年本科生专利（著作权）授权情况（本科生需第一作者）（需附专利证书扫描件电子文档）
5.2023年本科生参加省级以上各类学科竞赛获奖情况（需附获奖证书扫描件电子文档），仅需统计参赛团队（个人）成员排名第一是本科生的所有竞赛获奖项目，填报成员时只需填报该本科生1人的学号、姓名。
6.2023年学院获省级以上学科竞赛优秀组织奖情况
二、报送材料
1.福州大学**学院教材出版统计表
2.福州大学**学院发表教研论文统计表
3.**学院教师获教学类奖励及主办或承办全国性教学类会议情况表
4.福州大学本科生专利（著作权）授权情况一览表
5.福州大学本科生参加学科竞赛获奖情况统计表
6.福州大学本科生参加创新活动、技能竞赛获奖情况统计表
7.福州大学本科生参加文艺、体育竞赛获奖情况统计表
8.福州大学获省级以上学科竞赛优秀组织奖情况统计表
      9.需统计上报的各类数据支撑材料扫描件电子版。
请各学院于2024年3月15日前将表1-3项纸质统计表报送教务处教研教改科（统计表及扫描件电子版发至jyk@fzu.edu.cn）。将附表4-8项纸质统计表报送教务处实践教学科（统计表及描件电子版发至jwcsjk@fzu.edu.cn）。

                                                                    福州大学教务处
                                                                    2024年2月25日",1,0017449848580014579832,2023年学院教学有关数据统计表格下载.zip,1018,https://jwch.fzu.edu.cn/system/_content/download.jsp?urltype=news.DownloadAttachUrl&owner=1744984858&wbfileid=14579832,14579832,1744984858
001038013277,https://jwch.fzu.edu.cn/info/1038/13277.htm,关于2023-2024学年第二学期通识教育选修课选课的通知,【计划科】,2024-02-25,"通识教育选修课(以下简称通选课，原称全校性公共选修课)是为扩大学生知识面、开拓视野、推进文理渗透、理工结合、提高各方面素质而开设的跨院系全校性选修课，各专业学生应根据专业需要确定修读类别并修满相应学分。请同学们登陆教务处主页的本科教学系统进行选课。
 
一、选课时间：
第一轮：2月26日—2月29日，
第二轮：3月2日—3月3日，
第三轮：3月5日。
 
二、投分原则及积分计算方法：
1、选课采用投积分、分轮次进行的方式，先预选后由系统统一处理选课结果。每轮选课初始，系统给予每位同学100个积分，同学根据自己的选课计划自由划分这些积分。每轮选课结束后系统根据最终积分（详见积分计算方法）大小按从高到低排序以确定中选名单，对于积分相同但超过限选人数的同学将采取随机抽取的办法。已选中的课程在选课时间内均可自由退选。
 
2、每门课最终积分=所投积分╳年级基数
所投积分：必须为大于0且小等于100的整数；
年级基数：毕业班为100%、三年级和五年制专业四年级为85%、其它年级为70%。
 
三、选课规则
1、每轮选课结束后，对于未达到限选人数的课程将形成人数差额，供下一轮继续选课。第二轮选课结果后，选课人数未达到20人的课程将取消开课，已选中这些课程的同学请于第三轮选课开放后选择其他课程。
 
2、已取得及格以上成绩的校选课，不得再次重选；若已修过与校选课相同的课程（即使学时或学分不同），也不应再次选修，否则不予认可学分。另其他任意两门课程冲突，或与校选课时间冲突的，都会导致不中选。若在本系或跨系中已修过的相同的课程学分可抵校选课学分，但不再计入本院、系其它课程模块学分。
特别注意：以上限制与排除条件均为投分后系统方可判断处理，因此请同学们先行判断自身情况再针对性投分，以免浪费选课机会。
 
3、第二轮选课开始将增加智慧树、超星尔雅、学银在线及爱课程等平台开设的在线开放共享课程供同学选课，课程名称前缀分别标注为“智慧树”、“超星尔雅”、“学银在线”、“爱课程”，请同学们注意识别。在线开放课程由学生自愿选择，限选一门，选课方法与第一轮相同。选中课程的同学需在3月11日至3月17日登陆相应平台进行注册报到方可参加在线学习。成绩合格者，课程学分期末计入校选课相应类别学分,未在教务处选课系统选课而自行报名在线学习者不予认定学分。智慧树和超星尔雅平台学习时间为3月11日-5月19日，考试时间5月20日-5月26日，不补考。
 
常用授课平台网址为：
 
福州大学课程中心：http://met2.fzu.edu.cn/meol/index.do；
 
智慧树：https://portals.zhihuishu.com/fzu；（手机端用户打开知到APP，选择学号登录，输入福州大学、学号及初始密码：Zhihuishu@学号后六位。请注意：打开APP后，点击【学习】查看已选择的课程，课程角标必须为“共享课”，若角标显示为“兴趣课”或“公开课”，则说明认证不正确，这是同学们自己在知到APP里选择的课，这个课看完是没有学分的！）
附：智慧树学生端操作手册
 
超星尔雅：http://fzdx.fanya.chaoxing.com/portal，(首次使用学习通的同学，需要注册并绑定单位（单位UC码1799）及学号才能查看并学习课程，注册及使用方式详见附件使用手册)；
附：超星尔雅使用手册（学生版）
 
学银在线：http://www.xueyinonline.com/；
 
学堂在线：https://next.xuetangx.com/；
 
中国大学MOOC：https://www.icourse163.org/；
 
爱课程：http://www.icourses.cn/school/FZU。(爱课程网站需注意：（1）使用邮箱注册成功后，需将用户昵称命名为：FZU+学号+姓名，如张三，注册用户名为：FZU学号张三；（2）注册成功后，必须加入相应课程的慕课堂参加学习，才能最终获取成绩)   
附：慕课堂学生操作手册
 
四、注意事项
1、请仔细阅读各网课平台的操作手册，按要求完成注册认证后再参加课程学习。
 
福州大学教务处
2024年2月25日",3,0017449848580014579829,超星尔雅使用手册（学生版）.pdf,2655,https://jwch.fzu.edu.cn/system/_content/download.jsp?urltype=news.DownloadAttachUrl&owner=1744984858&wbfileid=14579829,14579829,1744984858
001038013277,https://jwch.fzu.edu.cn/info/1038/13277.htm,关于2023-2024学年第二学期通识教育选修课选课的通知,【计划科】,2024-02-25,"通识教育选修课(以下简称通选课，原称全校性公共选修课)是为扩大学生知识面、开拓视野、推进文理渗透、理工结合、提高各方面素质而开设的跨院系全校性选修课，各专业学生应根据专业需要确定修读类别并修满相应学分。请同学们登陆教务处主页的本科教学系统进行选课。
 
一、选课时间：
第一轮：2月26日—2月29日，
第二轮：3月2日—3月3日，
第三轮：3月5日。
 
二、投分原则及积分计算方法：
1、选课采用投积分、分轮次进行的方式，先预选后由系统统一处理选课结果。每轮选课初始，系统给予每位同学100个积分，同学根据自己的选课计划自由划分这些积分。每轮选课结束后系统根据最终积分（详见积分计算方法）大小按从高到低排序以确定中选名单，对于积分相同但超过限选人数的同学将采取随机抽取的办法。已选中的课程在选课时间内均可自由退选。
 
2、每门课最终积分=所投积分╳年级基数
所投积分：必须为大于0且小等于100的整数；
年级基数：毕业班为100%、三年级和五年制专业四年级为85%、其它年级为70%。
 
三、选课规则
1、每轮选课结束后，对于未达到限选人数的课程将形成人数差额，供下一轮继续选课。第二轮选课结果后，选课人数未达到20人的课程将取消开课，已选中这些课程的同学请于第三轮选课开放后选择其他课程。
 
2、已取得及格以上成绩的校选课，不得再次重选；若已修过与校选课相同的课程（即使学时或学分不同），也不应再次选修，否则不予认可学分。另其他任意两门课程冲突，或与校选课时间冲突的，都会导致不中选。若在本系或跨系中已修过的相同的课程学分可抵校选课学分，但不再计入本院、系其它课程模块学分。
特别注意：以上限制与排除条件均为投分后系统方可判断处理，因此请同学们先行判断自身情况再针对性投分，以免浪费选课机会。
 
3、第二轮选课开始将增加智慧树、超星尔雅、学银在线及爱课程等平台开设的在线开放共享课程供同学选课，课程名称前缀分别标注为“智慧树”、“超星尔雅”、“学银在线”、“爱课程”，请同学们注意识别。在线开放课程由学生自愿选择，限选一门，选课方法与第一轮相同。选中课程的同学需在3月11日至3月17日登陆相应平台进行注册报到方可参加在线学习。成绩合格者，课程学分期末计入校选课相应类别学分,未在教务处选课系统选课而自行报名在线学习者不予认定学分。智慧树和超星尔雅平台学习时间为3月11日-5月19日，考试时间5月20日-5月26日，不补考。
 
常用授课平台网址为：
 
福州大学课程中心：http://met2.fzu.edu.cn/meol/index.do；
 
智慧树：https://portals.zhihuishu.com/fzu；（手机端用户打开知到APP，选择学号登录，输入福州大学、学号及初始密码：Zhihuishu@学号后六位。请注意：打开APP后，点击【学习】查看已选择的课程，课程角标必须为“共享课”，若角标显示为“兴趣课”或“公开课”，则说明认证不正确，这是同学们自己在知到APP里选择的课，这个课看完是没有学分的！）
附：智慧树学生端操作手册
 
超星尔雅：http://fzdx.fanya.chaoxing.com/portal，(首次使用学习通的同学，需要注册并绑定单位（单位UC码1799）及学号才能查看并学习课程，注册及使用方式详见附件使用手册)；
附：超星尔雅使用手册（学生版）
 
学银在线：http://www.xueyinonline.com/；
 
学堂在线：https://next.xuetangx.com/；
 
中国大学MOOC：https://www.icourse163.org/；
 
爱课程：http://www.icourses.cn/school/FZU。(爱课程网站需注意：（1）使用邮箱注册成功后，需将用户昵称命名为：FZU+学号+姓名，如张三，注册用户名为：FZU学号张三；（2）注册成功后，必须加入相应课程的慕课堂参加学习，才能最终获取成绩)   
附：慕课堂学生操作手册
 
四、注意事项
1、请仔细阅读各网课平台的操作手册，按要求完成注册认证后再参加课程学习。
 
福州大学教务处
2024年2月25日",3,0017449848580014583720,24春夏智慧树学生手册更新（可导学用）最新E(2).pptx,781,https://jwch.fzu.edu.cn/system/_content/download.jsp?urltype=news.DownloadAttachUrl&owner=1744984858&wbfileid=14583720,14583720,1744984858
001038013277,https://jwch.fzu.edu.cn/info/1038/13277.htm,关于2023-2024学年第二学期通识教育选修课选课的通知,【计划科】,2024-02-25,"通识教育选修课(以下简称通选课，原称全校性公共选修课)是为扩大学生知识面、开拓视野、推进文理渗透、理工结合、提高各方面素质而开设的跨院系全校性选修课，各专业学生应根据专业需要确定修读类别并修满相应学分。请同学们登陆教务处主页的本科教学系统进行选课。
 
一、选课时间：
第一轮：2月26日—2月29日，
第二轮：3月2日—3月3日，
第三轮：3月5日。
 
二、投分原则及积分计算方法：
1、选课采用投积分、分轮次进行的方式，先预选后由系统统一处理选课结果。每轮选课初始，系统给予每位同学100个积分，同学根据自己的选课计划自由划分这些积分。每轮选课结束后系统根据最终积分（详见积分计算方法）大小按从高到低排序以确定中选名单，对于积分相同但超过限选人数的同学将采取随机抽取的办法。已选中的课程在选课时间内均可自由退选。
 
2、每门课最终积分=所投积分╳年级基数
所投积分：必须为大于0且小等于100的整数；
年级基数：毕业班为100%、三年级和五年制专业四年级为85%、其它年级为70%。
 
三、选课规则
1、每轮选课结束后，对于未达到限选人数的课程将形成人数差额，供下一轮继续选课。第二轮选课结果后，选课人数未达到20人的课程将取消开课，已选中这些课程的同学请于第三轮选课开放后选择其他课程。
 
2、已取得及格以上成绩的校选课，不得再次重选；若已修过与校选课相同的课程（即使学时或学分不同），也不应再次选修，否则不予认可学分。另其他任意两门课程冲突，或与校选课时间冲突的，都会导致不中选。若在本系或跨系中已修过的相同的课程学分可抵校选课学分，但不再计入本院、系其它课程模块学分。
特别注意：以上限制与排除条件均为投分后系统方可判断处理，因此请同学们先行判断自身情况再针对性投分，以免浪费选课机会。
 
3、第二轮选课开始将增加智慧树、超星尔雅、学银在线及爱课程等平台开设的在线开放共享课程供同学选课，课程名称前缀分别标注为“智慧树”、“超星尔雅”、“学银在线”、“爱课程”，请同学们注意识别。在线开放课程由学生自愿选择，限选一门，选课方法与第一轮相同。选中课程的同学需在3月11日至3月17日登陆相应平台进行注册报到方可参加在线学习。成绩合格者，课程学分期末计入校选课相应类别学分,未在教务处选课系统选课而自行报名在线学习者不予认定学分。智慧树和超星尔雅平台学习时间为3月11日-5月19日，考试时间5月20日-5月26日，不补考。
 
常用授课平台网址为：
 
福州大学课程中心：http://met2.fzu.edu.cn/meol/index.do；
 
智慧树：https://portals.zhihuishu.com/fzu；（手机端用户打开知到APP，选择学号登录，输入福州大学、学号及初始密码：Zhihuishu@学号后六位。请注意：打开APP后，点击【学习】查看已选择的课程，课程角标必须为“共享课”，若角标显示为“兴趣课”或“公开课”，则说明认证不正确，这是同学们自己在知到APP里选择的课，这个课看完是没有学分的！）
附：智慧树学生端操作手册
 
超星尔雅：http://fzdx.fanya.chaoxing.com/portal，(首次使用学习通的同学，需要注册并绑定单位（单位UC码1799）及学号才能查看并学习课程，注册及使用方式详见附件使用手册)；
附：超星尔雅使用手册（学生版）
 
学银在线：http://www.xueyinonline.com/；
 
学堂在线：https://next.xuetangx.com/；
 
中国大学MOOC：https://www.icourse163.org/；
 
爱课程：http://www.icourses.cn/school/FZU。(爱课程网站需注意：（1）使用邮箱注册成功后，需将用户昵称命名为：FZU+学号+姓名，如张三，注册用户名为：FZU学号张三；（2）注册成功后，必须加入相应课程的慕课堂参加学习，才能最终获取成绩)   
附：慕课堂学生操作手册
 
四、注意事项
1、请仔细阅读各网课平台的操作手册，按要求完成注册认证后再参加课程学习。
 
福州大学教务处
2024年2月25日",3,0017449848580014579831,慕课堂学生操作手册.pdf,2629,https://jwch.fzu.edu.cn/system/_content/download.jsp?urltype=news.DownloadAttachUrl&owner=1744984858&wbfileid=14579831,14579831,1744984858
001040013276,https://jwch.fzu.edu.cn/info/1040/13276.htm,关于开学第一周集中听课的通知,【质量办】,2024-02-25,"各学院、各有关单位：

根据《福州大学党政领导听课管理实施办法》（福大教〔2022〕27号）文件精神，开学第一周为党政领导集中听课周，请各级党政领导按文件要求深入本科生课堂听课，了解教师教学和学生学习情况，发现问题、分析问题、解决问题，并认真填写《福州大学课堂教学质量评估表》。
特此通知。

附件：
1.《福州大学课堂教学质量评估表》
2．2023—2024学年第二学期第一周课表
3.《福州大学党政领导听课管理实施办法》（福大教〔2022〕27号）

教务处
2024年2月25日",3,0017449848580014579817,附件1：福州大学课堂教学质量评估表.doc,639,https://jwch.fzu.edu.cn/system/_content/download.jsp?urltype=news.DownloadAttachUrl&owner=1744984858&wbfileid=14579817,14579817,1744984858
001040013276,https://jwch.fzu.edu.cn/info/1040/13276.htm,关于开学第一周集中听课的通知,【质量办】,2024-02-25,"各学院、各有关单位：

根据《福州大学党政领导听课管理实施办法》（福大教〔2022〕27号）文件精神，开学第一周为党政领导集中听课周，请各级党政领导按文件要求深入本科生课堂听课，了解教师教学和学生学习情况，发现问题、分析问题、解决问题，并认真填写《福州大学课堂教学质量评估表》。
特此通知。

附件：
1.《福州大学课堂教学质量评估表》
2．2023—2024学年第二学期第一周课表
3.《福州大学党政领导听课管理实施办法》（福大教〔2022〕27号）

教务处
2024年2月25日",3,0017449848580014579818,附件2：2023-2024学年第二学期第一周课表.xlsx,715,https://jwch.fzu.edu.cn/system/_content/download.jsp?urltype=news.DownloadAttachUrl&owner=1744984858&wbfileid=14579818,14579818,1744984858
001040013276,https://jwch.fzu.edu.cn/info/1040/13276.htm,关于开学第一周集中听课的通知,【质量办】,2024-02-25,"各学院、各有关单位：

根据《福州大学党政领导听课管理实施办法》（福大教〔2022〕27号）文件精神，开学第一周为党政领导集中听课周，请各级党政领导按文件要求深入本科生课堂听课，了解教师教学和学生学习情况，发现问题、分析问题、解决问题，并认真填写《福州大学课堂教学质量评估表》。
特此通知。

附件：
1.《福州大学课堂教学质量评估表》
2．2023—2024学年第二学期第一周课表
3.《福州大学党政领导听课管理实施办法》（福大教〔2022〕27号）

教务处
2024年2月25日",3,0017449848580014579819,附件3：福州大学党政领导听课管理实施办法（福大教〔2022〕27号）.doc,574,https://jwch.fzu.edu.cn/system/_content/download.jsp?urltype=news.DownloadAttachUrl&owner=1744984858&wbfileid=14579819,14579819,1744984858
001036013275,https://jwch.fzu.edu.cn/info/1036/13275.htm,关于2023-2024第二学期学期选课、辅修选课补退选的通知,【教学运行】,2024-02-25,"各学院:
本学期学期选课、辅修选课的补退选时间定于2月25日至3月1日24：00，请有需要补选、退选、改选课程的同学自行登录“本科教学系统”进行操作。
补退选课程后，需进入“我的选课”界面进行确认，以“我的选课”显示的结果为最终选课结果（及时打印课表以备上课使用）。
辅修课程缴费时间为2月26日至3月1日24：00。
补退选和缴费流程必须在以上规定时间内完成。
注册中心
2024年2月25日",0,,,,,,
001039013272,https://jwch.fzu.edu.cn/info/1039/13272.htm,关于推荐申报实验教学和教学实验室建设研究项目的通知,【实践科】,2024-02-06,"各学院：
    根据福建省教育厅转发《教育部高等教育司关于开展实验教学和教学实验室建设研究工作的通知》（教高司函〔2024〕1号）的文件通知精神和要求，请各学院认真做好实验教学和教学实验室建设研究项目推荐工作，并于2024年2月25日（星期日）前，将项目申报相关材料电子版（项目负责人电子签名）发送至jwcsjk@fzu.edu.cn，学校将择优遴选1项（教育厅下达推荐指标）向省教育厅推荐。
    附件：1.实验教学和教学实验室建设研究项目申报书
          2.实验教学和教学实验室建设研究项目推荐汇总表（福建省）
          3.教高司函〔2024〕1号教育部高等教育司关于开展实验教学和教学实验室建设研究工作的通知

                                                         福州大学教务处
                                                          2024年2月6日",3,0017449848580014578976,附件1：实验教学和教学实验室建设研究项目申报书.docx,1004,https://jwch.fzu.edu.cn/system/_content/download.jsp?urltype=news.DownloadAttachUrl&owner=1744984858&wbfileid=14578976,14578976,1744984858
001039013272,https://jwch.fzu.edu.cn/info/1039/13272.htm,关于推荐申报实验教学和教学实验室建设研究项目的通知,【实践科】,2024-02-06,"各学院：
    根据福建省教育厅转发《教育部高等教育司关于开展实验教学和教学实验室建设研究工作的通知》（教高司函〔2024〕1号）的文件通知精神和要求，请各学院认真做好实验教学和教学实验室建设研究项目推荐工作，并于2024年2月25日（星期日）前，将项目申报相关材料电子版（项目负责人电子签名）发送至jwcsjk@fzu.edu.cn，学校将择优遴选1项（教育厅下达推荐指标）向省教育厅推荐。
    附件：1.实验教学和教学实验室建设研究项目申报书
          2.实验教学和教学实验室建设研究项目推荐汇总表（福建省）
          3.教高司函〔2024〕1号教育部高等教育司关于开展实验教学和教学实验室建设研究工作的通知

                                                         福州大学教务处
                                                          2024年2月6日",3,0017449848580014578975,附件2：实验教学和教学实验室建设研究项目推荐汇总表（福建省）.xls,885,https://jwch.fzu.edu.cn/system/_content/download.jsp?urltype=news.DownloadAttachUrl&owner=1744984858&wbfileid=14578975,14578975,1744984858
001039013272,https://jwch.fzu.edu.cn/info/1039/13272.htm,关于推荐申报实验教学和教学实验室建设研究项目的通知,【实践科】,2024-02-06,"各学院：
    根据福建省教育厅转发《教育部高等教育司关于开展实验教学和教学实验室建设研究工作的通知》（教高司函〔2024〕1号）的文件通知精神和要求，请各学院认真做好实验教学和教学实验室建设研究项目推荐工作，并于2024年2月25日（星期日）前，将项目申报相关材料电子版（项目负责人电子签名）发送至jwcsjk@fzu.edu.cn，学校将择优遴选1项（教育厅下达推荐指标）向省教育厅推荐。
    附件：1.实验教学和教学实验室建设研究项目申报书
          2.实验教学和教学实验室建设研究项目推荐汇总表（福建省）
          3.教高司函〔2024〕1号教育部高等教育司关于开展实验教学和教学实验室建设研究工作的通知

                                                         福州大学教务处
                                                          2024年2月6日",3,0017449848580014578977,附件3：教高司函〔2024〕1号教育部高等教育司关于开展实验教学和教学实验室建设研究工作的通知（3月29日前）.pdf,1082,https://jwch.fzu.edu.cn/system/_content/download.jsp?urltype=news.DownloadAttachUrl&owner=1744984858&wbfileid=14578977,14578977,1744984858
001036013254,https://jwch.fzu.edu.cn/info/1036/13254.htm,关于2024年春季学期《大学物理实验》绪论课程教室安排的通知,【教学运行】,2024-01-20,"各有关学院:      2024年春季学期《大学物理实验》课程的绪论部分安排在多媒体教室上课，具体安排详见附件。请各有关学院及时通知学生（各班班长、学委请加入课程联系Q群535895434），以免延误正常教学。
教务处2024年1月20日",1,0017449848580014576449,2024大物实验（上）绪论排课.xlsx,1193,https://jwch.fzu.edu.cn/system/_content/download.jsp?urltype=news.DownloadAttachUrl&owner=1744984858&wbfileid=14576449,14576449,1744984858
001035013252,https://jwch.fzu.edu.cn/content.jsp?urltype=news.NewsContentUrl&wbtreeid=1035&wbnewsid=13252,教务处关于2024年寒假用印安排的通知,【综合科】,2024-01-20,"各学院，机关各部门、各单位：
根据学校假期工作安排，寒假期间（1月21日至2月24日），为方便师生办理有关事宜，现将用印安排情况公布如下（时间：上午8:30～11:30，下午2:30～5：00）。确需紧急用印的，请事先电话联系值班人员。

日期
星期
单位
值班领导
值班人员
值班地点
电话
备注

20240124
周三
教务处
张友坤
王利伟
行政北楼西210
22866855   15280102151
教务处章

20240125
周四
教务处
黄萍
林骏
行政北楼西135
22866858   18159900033
成绩密封章

20240131
周三
教务处
夏岩
吴波
行政北楼西210
22866855   18005006161
教务处章

20240207
周三
教务处
黄萍
李明静
行政北楼西208
2286687313799328537
教务处章成绩密封章

20240221
周三
教务处
黄萍
苏淑珍
行政北楼西210
22866893   18965063366
教务处章

教务处
2024年1月20日",0,,,,,,
001042013251,https://jwch.fzu.edu.cn/info/1042/13251.htm,关于组织申报福建省“十四五”普通高等教育本科规划教材建设项目的通知,【教材中心】,2024-01-18,"各学院，有关教学单位：
根据《福建省教育厅办公室关于开展福建省“十四五”普通高等教育本科规划教材建设工作的通知》（闽教办高〔2024〕1号），以下简称“《通知》”）文件精神，现就有关工作通知如下：
一、建设类别
根据《通知》要求，此次福建省“十四五”普通高等教育本科规划教材立项分为修订教材和新编教材两类，马克思主义理论研究和建设工程重点教材相应课程的教材不在省级规划教材立项范围内。
修订教材要求为2024年1月前已出版的(以版权页的出版日期为准),经过教学实践检验，使用效果好，计划后续进行修订出版的各类教材。新编教材要求为2024年1月后出版的新编教材。
该项目立项建设周期为2年，获立项项目应在建设期内完成教材修订或新编工作。
二、推荐名额
项目实行限额推荐申报，我校可推荐数量原则上不超过60部，推荐新编教材数量不超过本校推荐总数的30%。
三、申报要求
1.具体申报条件及要求详见《通知》（附件1）；
2.各教学单位应对申报者资质和申报内容的真实性、合法性、完整性、有效性进行审核，并提供政审意见；
3.各教学单位应对照《通知》申报要求组织符合申报条件的项目积极申报。
四、材料提交
请各教学单位于2024年2月26日前提交纸质版《申报书》（一式三份）、学院党委出具的政审意见（一式一份）、项目申报汇总表（一式一份），同时提交上述材料电子版,并发送至jwchjck@fzu.edu.cn。
联系人：苏淑珍，联系电话：22866893。

附件：
1.福建省教育厅办公室关于开展福建省“十四五”普通高等教育本科规划教材建设工作的通知
2.福建省普通高等教育“十四五”规划教材建设立项申报书
3.福建省普通高等学校“十四五”规划教材建设项目申报汇总表
4.单位审核意见书（参考模板）

福州大学教务处
2024年1月18日",4,0017449848580014575797,福建省教育厅关于开展福建省“十四五”普通高等教育本科规划教材建设工作的通知.pdf,1114,https://jwch.fzu.edu.cn/system/_content/download.jsp?urltype=news.DownloadAttachUrl&owner=1744984858&wbfileid=14575797,14575797,1744984858
001042013251,https://jwch.fzu.edu.cn/info/1042/13251.htm,关于组织申报福建省“十四五”普通高等教育本科规划教材建设项目的通知,【教材中心】,2024-01-18,"各学院，有关教学单位：
根据《福建省教育厅办公室关于开展福建省“十四五”普通高等教育本科规划教材建设工作的通知》（闽教办高〔2024〕1号），以下简称“《通知》”）文件精神，现就有关工作通知如下：
一、建设类别
根据《通知》要求，此次福建省“十四五”普通高等教育本科规划教材立项分为修订教材和新编教材两类，马克思主义理论研究和建设工程重点教材相应课程的教材不在省级规划教材立项范围内。
修订教材要求为2024年1月前已出版的(以版权页的出版日期为准),经过教学实践检验，使用效果好，计划后续进行修订出版的各类教材。新编教材要求为2024年1月后出版的新编教材。
该项目立项建设周期为2年，获立项项目应在建设期内完成教材修订或新编工作。
二、推荐名额
项目实行限额推荐申报，我校可推荐数量原则上不超过60部，推荐新编教材数量不超过本校推荐总数的30%。
三、申报要求
1.具体申报条件及要求详见《通知》（附件1）；
2.各教学单位应对申报者资质和申报内容的真实性、合法性、完整性、有效性进行审核，并提供政审意见；
3.各教学单位应对照《通知》申报要求组织符合申报条件的项目积极申报。
四、材料提交
请各教学单位于2024年2月26日前提交纸质版《申报书》（一式三份）、学院党委出具的政审意见（一式一份）、项目申报汇总表（一式一份），同时提交上述材料电子版,并发送至jwchjck@fzu.edu.cn。
联系人：苏淑珍，联系电话：22866893。

附件：
1.福建省教育厅办公室关于开展福建省“十四五”普通高等教育本科规划教材建设工作的通知
2.福建省普通高等教育“十四五”规划教材建设立项申报书
3.福建省普通高等学校“十四五”规划教材建设项目申报汇总表
4.单位审核意见书（参考模板）

福州大学教务处
2024年1月18日",4,0017449848580014575798,附件1.福建省普通高等教育“十四五”规划教材建设立项申报书.docx,1022,https://jwch.fzu.edu.cn/system/_content/download.jsp?urltype=news.DownloadAttachUrl&owner=1744984858&wbfileid=14575798,14575798,1744984858
001042013251,https://jwch.fzu.edu.cn/info/1042/13251.htm,关于组织申报福建省“十四五”普通高等教育本科规划教材建设项目的通知,【教材中心】,2024-01-18,"各学院，有关教学单位：
根据《福建省教育厅办公室关于开展福建省“十四五”普通高等教育本科规划教材建设工作的通知》（闽教办高〔2024〕1号），以下简称“《通知》”）文件精神，现就有关工作通知如下：
一、建设类别
根据《通知》要求，此次福建省“十四五”普通高等教育本科规划教材立项分为修订教材和新编教材两类，马克思主义理论研究和建设工程重点教材相应课程的教材不在省级规划教材立项范围内。
修订教材要求为2024年1月前已出版的(以版权页的出版日期为准),经过教学实践检验，使用效果好，计划后续进行修订出版的各类教材。新编教材要求为2024年1月后出版的新编教材。
该项目立项建设周期为2年，获立项项目应在建设期内完成教材修订或新编工作。
二、推荐名额
项目实行限额推荐申报，我校可推荐数量原则上不超过60部，推荐新编教材数量不超过本校推荐总数的30%。
三、申报要求
1.具体申报条件及要求详见《通知》（附件1）；
2.各教学单位应对申报者资质和申报内容的真实性、合法性、完整性、有效性进行审核，并提供政审意见；
3.各教学单位应对照《通知》申报要求组织符合申报条件的项目积极申报。
四、材料提交
请各教学单位于2024年2月26日前提交纸质版《申报书》（一式三份）、学院党委出具的政审意见（一式一份）、项目申报汇总表（一式一份），同时提交上述材料电子版,并发送至jwchjck@fzu.edu.cn。
联系人：苏淑珍，联系电话：22866893。

附件：
1.福建省教育厅办公室关于开展福建省“十四五”普通高等教育本科规划教材建设工作的通知
2.福建省普通高等教育“十四五”规划教材建设立项申报书
3.福建省普通高等学校“十四五”规划教材建设项目申报汇总表
4.单位审核意见书（参考模板）

福州大学教务处
2024年1月18日",4,0017449848580014575799,附件2.福建省普通高等学校“十四五”规划教材建设项目申报汇总表.docx,821,https://jwch.fzu.edu.cn/system/_content/download.jsp?urltype=news.DownloadAttachUrl&owner=1744984858&wbfileid=14575799,14575799,1744984858
001042013251,https://jwch.fzu.edu.cn/info/1042/13251.htm,关于组织申报福建省“十四五”普通高等教育本科规划教材建设项目的通知,【教材中心】,2024-01-18,"各学院，有关教学单位：
根据《福建省教育厅办公室关于开展福建省“十四五”普通高等教育本科规划教材建设工作的通知》（闽教办高〔2024〕1号），以下简称“《通知》”）文件精神，现就有关工作通知如下：
一、建设类别
根据《通知》要求，此次福建省“十四五”普通高等教育本科规划教材立项分为修订教材和新编教材两类，马克思主义理论研究和建设工程重点教材相应课程的教材不在省级规划教材立项范围内。
修订教材要求为2024年1月前已出版的(以版权页的出版日期为准),经过教学实践检验，使用效果好，计划后续进行修订出版的各类教材。新编教材要求为2024年1月后出版的新编教材。
该项目立项建设周期为2年，获立项项目应在建设期内完成教材修订或新编工作。
二、推荐名额
项目实行限额推荐申报，我校可推荐数量原则上不超过60部，推荐新编教材数量不超过本校推荐总数的30%。
三、申报要求
1.具体申报条件及要求详见《通知》（附件1）；
2.各教学单位应对申报者资质和申报内容的真实性、合法性、完整性、有效性进行审核，并提供政审意见；
3.各教学单位应对照《通知》申报要求组织符合申报条件的项目积极申报。
四、材料提交
请各教学单位于2024年2月26日前提交纸质版《申报书》（一式三份）、学院党委出具的政审意见（一式一份）、项目申报汇总表（一式一份），同时提交上述材料电子版,并发送至jwchjck@fzu.edu.cn。
联系人：苏淑珍，联系电话：22866893。

附件：
1.福建省教育厅办公室关于开展福建省“十四五”普通高等教育本科规划教材建设工作的通知
2.福建省普通高等教育“十四五”规划教材建设立项申报书
3.福建省普通高等学校“十四五”规划教材建设项目申报汇总表
4.单位审核意见书（参考模板）

福州大学教务处
2024年1月18日",4,0017449848580014575800,单位审核意见书（参考模板）.docx,958,https://jwch.fzu.edu.cn/system/_content/download.jsp?urltype=news.DownloadAttachUrl&owner=1744984858&wbfileid=14575800,14575800,1744984858
001040013248,https://jwch.fzu.edu.cn/info/1040/13248.htm,关于上报学院本科教育教学质量保障2023年工作总结和2024年工作计划的通知,【质量办】,2024-01-12,"各学院：
为深入贯彻落实教育部《普通高校本科教育教学审核评估实施方案（2021-2025年）》（教督〔2021〕1号）《福州大学关于进一步完善本科教育教学质量保障体系的实施意见》（福大教〔2022〕27号）《福州大学本科教学质量监控与持续改进管理实施办法》（福大教〔2022〕27号）文件要求，完善学院本科教育教学质量保障体系，强化学院层面的教育教学质量主体责任意识，提升学院质量保障能力，促进广大师生牢固树立质量第一意识，形成学院质量文化，现需各学院全面总结学院本科教育教学质量保障2023年工作，制定学院本科教育教学质量保障2024年工作计划，有关事项和报送要求通知如下：
一、工作总结
对照学院本科教育教学质量保障2023年工作计划，客观、全面地总结2023年学院质量保障开展的情况，撰写工作总结。工作总结内容应围绕学院本科教育教学质量保障的工作机制、课堂教学质量保障、学生学业质量保障、毕业生培养质量保障、专业建设质量保障、教学管理质量保障等方面，阐述主要工作举措、工作亮点、工作成效。
二、工作计划
在认真总结2023年工作的基础上，结合学院工作实际，对学院本科教育教学质量保障工作进行思考，拟定2024年工作的主要思路及拟开展的重点工作内容，形成工作计划。工作计划应提出明确的工作事项及时间节点，做到计划可实施、可衡量、可检查，具体内容包括以下几个方面：
1．学院本科教育教学质量保障的工作机制；
2．课堂教学质量保障：包括日常听课（院领导每人每学期至少4节、院督导每人每学期至少6节）、校院两级督导联动、针对教学薄弱教师的指导帮扶、开展教学研讨培训、组织教学竞赛、提高教师教学能力等；
3．学生学业质量保障：包括学业预警、学业指导、学风建设等；
4．毕业生培养质量保障：应届毕业生、往届生毕业问卷调研分析，以及分析结果反馈应用等；
5．专业建设质量保障：包括针对专业薄弱环节如何改进提升、根据教学改革最新动向如何加强专业建设、推动专业开展专业认证等；
6．教学管理质量保障：包括制订学院层面教学管理规章制度等、主动开展学院层面的专项检查，如试卷、实验、实习、毕业设计（论文）抽查等、开展学院、专业建设数据监测及通报、针对存在问题开展查缺补漏、加强招培就联动等；
7．其他。
三、具体要求
1．工作总结的数据统计时间节点为2023年12月31日前。
2．工作总结和工作计划行文要求重点突出、思路清晰、语言简洁、数据准确。
3．各学院要以高度负责、严谨求实的态度，认真撰写，学院分管教学副院长要亲自组织、认真审阅、严格把关。
4．纸质材料经学院分管教学副院长签字并加盖学院公章后，于2024年3月15日前将纸质版报送至教务处质量办，电子版发送至：10556425@qq.com。

福州大学教务处
2024年1月12日",0,,,,,,
001038013245,https://jwch.fzu.edu.cn/info/1038/13245.htm,关于核对2023-2024学年第二学期通识教育选修课开课信息的通知,【计划科】,2024-01-11,"各学院及单位：
         2023-2024学年第二学期通识教育选修课开课信息已全部录入教务系统，请各学院及单位通知授课教师核对开课信息，并于下学期开学前完成授课计划和教学大纲的录入工作。如有疑问请联系教务处：林老师83700655/22866907。

教务处
2024年1月11日",0,,,,,,
001035013242,https://jwch.fzu.edu.cn/info/1035/13242.htm,关于召开2023-2024学年秋季学期期末本科教育教学工作会议的通知,【综合科】,2024-01-10,"各学院及相关教学单位：
兹定于2024年1月12日（星期五）14:30在旗山校区行政南楼123会议室召开全校期末本科教育教学工作会议。请各学院及相关教学单位分管教学院长、教学办主任、教学干事、校教学督导组负责人届时参加。请各单位教学干事负责通知本单位参会人员。

福州大学教务处
2024年1月10日",0,,,,,,
001036013241,https://jwch.fzu.edu.cn/info/1036/13241.htm,关于2023-2024学年第二学期辅修专业选课的通知,【教学运行】,2024-01-09,"各学院：
为做好2023-2024学年第二学期的辅修专业选课工作，现将有关事项通知如下：
一、时间安排
辅修专业选课时间为1月10-12日24：00，补退选和缴费时间为下学期初，请关注后续通知。
二、选课方式
登录福州大学教务处网站“本科教学系统”，点击【各类选课】下的【辅修选课】菜单进行选课，辅修专业选课采用即选即中方式。
三、免听申请
1.如遇课程冲突，必须办理免听申请手续，经任课教师审核通过后方可缴费。
2.登录“本科教学系统”，点击【辅修选课】菜单预选需要申请免听的课程（在课程前面的下拉框中选择“免听”）。
3.预选结束后应主动与任课教师联系，并根据任课教师要求提交相关申请材料（期末选课期间即可与任课教师联系，务必请任课教师在规定时间内进行审核，未通过审核者选课无效）。

注册中心
2024年1月9日",0,,,,,,
001039013231,https://jwch.fzu.edu.cn/info/1039/13231.htm,关于组织参加2024年美国大学生数学建模竞赛通知,【实践科】,2024-01-08,"各学院：
为提高大学生的综合素质，培养学生的创新意识及运用数学方法和计算机技术解决实际问题的能力，提高学生熟练用英语撰写竞赛论文的水平，经研究决定，学校由数学与统计学院统一组织、指导学生参加2024年美国大学生数学建模竞赛。学校将从选拔培训、参赛组织、指导教师等方面对参赛队伍给予重点支持，欢迎具备条件的同学踊跃报名参加，并实名（学号+姓名）加入美赛交流群（QQ群号：815052232），具体事项请关注QQ群上通知。
2024年美国大学生数学建模竞赛将于北京时间2024年2月2日上午4:00至2024年2月6日上午9:00（美国东部时间2024年2月1日15:00至2024年2月5日20:00）举行，详细的开赛通知及校内报名流程请参见附录文件。
联系人：周老师（13788891911），梁老师（13805080114）

附录：2024年美国大学生数学建模竞赛介绍及参赛流程

福州大学教务处
2024年1月8日",1,0017449848580014573632,附录：2024年2月美国大学生数学建模竞赛介绍及参赛流程.pdf,5585,https://jwch.fzu.edu.cn/system/_content/download.jsp?urltype=news.DownloadAttachUrl&owner=1744984858&wbfileid=14573632,14573632,1744984858
001036013221,https://jwch.fzu.edu.cn/info/1036/13221.htm,关于做好期末复习考试及下学期开学等工作的通知,【教学运行】,2024-01-03,"校教〔2023〕47号

各学院、各有关单位:
       本学期已近尾声，现将本学期期末教学工作安排及下学期开学初有关工作的注意事项通知如下:
一、期末考试
1.考试安排
本学期教学安排至1月19日，2024年1月20日至2月25日放寒假。2024年1月13日至1月19日为期末停课考试时间。
各年段停课考试时间内至少应安排二门考试课程，1月18日或19日应排一门考试课程。部分公共课程由教务处统一安排，其他课程的考试时间由各学院自行安排。跨学院合班课程的考试(分类统考)由有关学院协调安排考表。各学院期末考表应在1月5日前报送到教务处。
2. 考试时间
停课考试时间，所有考试时间安排如下：
上午:8:30-10:30 ；下午:2:30-4:30 ；晚上:7:00-9:00
非停课考试周的考试时间以具体公布时间为准。
3.考试组织工作及要求
为严肃考风考纪，考试期间学院应进一步加强规范考试管理，考试组织工作应按福大教〔2018〕39号《福州大学课程考试管理实施办法》和校教〔2016〕55号《关于加强考试管理和严肃考试纪律的通知》的要求严格执行。各教学楼多媒体教室（公共教学楼、文科楼）已安装标准化考场巡考摄录系统，提供24小时录像及存储服务，学校将定期组织对监控录像进行抽查。
学院要重视加强对监考教师的考场职责培训，强调监考教师的工作规范，明确考场规章制度，尽职尽责履行考场监考要求。同时对学生进行考前思想动员和教育，重申校教〔2015〕32号《福州大学考场规则》，做好学生的诚信教育。
各考室主监考老师应从本科教学系统中打印相关考场学生名单及考场情况报告单，在开考前认真核对考生信息并要求考生在学生名单上签名（签过名的学生名单与试卷一起留档）。对考试过程中有违纪苗头的学生及时警告纠正，对确有违纪作弊行为的学生，应按学校有关规定及时严肃处理，每场考试监考人员应清楚准确填写《福州大学考场情况报告表》（以下简称报告表）一式两份。若有考试违纪或作弊情况，应于考试结束后一个工作日内将一份报告表及相关违纪作弊材料报送至教务处，另一份随试卷装订；若无考试违纪或作弊情况，两份报告表均随试卷装订。
监考教师要严格执行校教〔2015〕32号《福州大学监考人员职责》，若有失职，学院应予批评教育，并按教学事故条例处理，将处理结果报送教务处质量管理科。
3.成绩录入
学生成绩录入时间为2024年1月6日至2024年1月24日。任课教师必须在这个时间段内完成网上成绩录入之全过程，录入应严格按照系统要求操作，以确保准确性。成绩录入提交后，任课教师应从网上将成绩打印一式二份由本人和系或教研室主任签字确认，一份送交开课学院保存，一份由任课教师保存。
4.成绩查询
学生查询成绩，首先需通过个人账号、密码登录本科教学管理系统，实事求是对相关课程的任课教师进行教学评价，然后方可查询自己的课程成绩。
二、下学期初补考工作
1.补考时间：2024年2月24日至3月3日。
2.补考安排表中的课程必须是本学期有开设的必修课（不含实践性环节课程），参加补考的对象必须是本学期参加修读课程成绩不及格的和申请期末缓考的学生。
3.教务处负责各公共基础课的补考安排（见附表二），其余课程由各学院自行插空安排，请各学院根据实际补考人数，在系统中安排具体考试时间、地点，并将安排表及时公布通知到学生和相关课程所在的院系（教研室），认真做好补考的准备工作。各考室主监考老师应从网上打印相关考场学生名单及考场情况报告单，在开考前认真核对考生信息并要求考生在学生名单上签名。各学院补考安排表应在1月19日前报送到教务处。
4．2024年2月24日至3月8日为补考成绩录入时间，任课教师应于这个时间段内完成网上补考成绩录入之全过程。
三、下学期开学初工作
1.寒假起止时间为2024年1月20日至2024年2月25日。
2. 2月25日为学生注册时间，2月26日正式上课。
学生本人应持学生证到所在学院履行报到手续，不得代办。各学院对逾期注册、迟到、旷课的学生应认真查明原因，严格按学籍管理条例处理，在开学二周内将情况报送教务处。
四、毕业班工作
1.毕业班电子注册图像采集补拍拟于2024年5月9日进行。
2.毕业班学生的毕业答辩工作应在2024年5月31日前完成，毕业班学生的成绩录入与学籍处理的工作务必在2024年6月4日前全部处理完毕。
3.本届毕业生按计划要求各学院在2024年6月10日前将确定毕业以及授予学士学位的学生名单等各类材料和电子注册数据报送教务处，以便及时进行毕业及学位资格的审定和按时发放证书。
以上各项工作安排均应按时完成，按时报送，认真对待，超过期限将不予受理，延期或上报有误，按教学事故条例进行处理。

附:1.表一：2023年秋季学期部分公共基础课期末考试安排
           2.表二：2023年秋季学期公共基础课补考安排
福州大学教务处
2023年12月29日

附表一
2023-2024学年第一学期部分公共基础课期末考试安排
具体考场安排和时间在网上公布

考试时间
考 试 科 目

随堂考
马克思主义基本原理

随堂考
习近平新时代中国特色社会主义思想概论

随堂考
毛泽东思想和中国特色社会主义理论体系概论

随堂考
中国近现代史纲要

随堂考
思想道德与法治

随堂考
大学生心理健康教育

随堂考
大学应用写作

随堂考
军事理论

随堂考
形势与政策

12.3下午
高等数学A（下）（含独立重修）

12.10
工程制图E、画法几何

12.17上午
概率论与数理统计

12.17下午
大学物理B（下）

1.6上午
计算机语言类课程（C语言、Access数据库程序设计、Python）

1.7上午
线性代数与解析几何、线性代数（含独立重修班）

1.7下午
大学英语（四）

1.13上午
工程制图A（上）、C（上）、D、F

1.14上午
大学英语（一）、（三）

1.15上、下午
大学英语（二）

1.18上午
大学物理A（下）

1.19上午
高等数学A（上）、B（上）（含独立重修班）

1.19下午
高等数学C（上）、D（含独立重修班）

附表二
2023-2024学年第一学期公共基础课补考安排表
具体考场安排和时间会陆续在网上公布

课 程
时 间

大学英语（二）
2月25日上午8:00～10:00

大学英语（三）
2月25日上午10:20～12:20

大学英语（一）
2月25日下午14:00～16:00

大学英语（四）
2月25日下午14:00～16:00

大学应用写作
2月25日下午16:20～18:20

大学生心理健康教育
2月25日下午16:20～18:20

习近平新时代中国特色社会主义思想概论
2月26日晚上19:00～20:40

思想道德与法治
2月26日晚上19:00～20:40

中国近现代史纲要
2月27日晚上19:00～20:40

马克思主义基本原理
2月28日晚上19:00～20:40

军事理论
2月29日下午14:00～15:00

大学生职业生涯规划与管理
2月29日下午15:00～16:00

形势与政策
(旗山）2月29日晚上18:30～19:30(铜盘）2月29日晚上19:00～20:00

毛泽东思想和中国特色社会主义理论体系概论
2月29日晚上19:00～20:40

大学物理A（下）、B（下）
3月2日上午8:00～10:00

大学物理A（上）、B（上）
3月2日上午10:20～12:20

计算机语言类课程
3月2日下午14:00～16:00

工程制图A（上）、C（上）、D、E、F、画法几何
3月2日下午16:20～18:20

高等数学A（中）、B（下）、C（下）
3月2日下午16:20～18:20

高等数学A（上）、B（上）、C（上）、D
3月3日上午8:00～10:00

高等数学A（下）
3月3日上午10:20～12:20

线性代数与解析几何、线性代数
3月3日下午14:00～16:00

概率论与数理统计
3月3日下午16:20～18:20",0,,,,,,
001036013213,https://jwch.fzu.edu.cn/info/1036/13213.htm,关于2023-2024学年第一学期《高等数学C（上）》、《高等数学D》课程期末考试安排的通知,【教学运行】,2024-01-02,"各有关学院：
定于1月19日下午进行《高等数学C（上）》、《高等数学D》课程期末考试，请有关协助监考学院按考表（见附件）安排监考老师并录入系统，及时通知监考老师和学生上系统查看考试信息，以免延误考试。
为保证考试的顺利进行，如其他教学安排时间或地点与此次考试冲突，请予以调整。

数统学院
教务处
2024年1月2日",1,0017449848580014571714,2301高等数学C（上）、D期末考试 1.19下午.xlsx,1070,https://jwch.fzu.edu.cn/system/_content/download.jsp?urltype=news.DownloadAttachUrl&owner=1744984858&wbfileid=14571714,14571714,1744984858
001036013212,https://jwch.fzu.edu.cn/info/1036/13212.htm,关于2023-2024学年第一学期《高等数学A（上）》、《高等数学B（上）》课程期末考试安排的通知,【教学运行】,2024-01-02,"各有关学院：
定于1月19日上午进行《高等数学A（上）》、《高等数学B（上）》课程期末考试，请有关协助监考学院按考表（见附件）安排监考老师并录入系统，及时通知监考老师和学生上系统查看考试信息，以免延误考试。
为保证考试的顺利进行，如其他教学安排时间或地点与此次考试冲突，请予以调整。

数统学院
教务处
2024年1月2日",1,0017449848580014571713,2301高等数学A（上）、B（上）期末考试 1.19上午.xlsx,1176,https://jwch.fzu.edu.cn/system/_content/download.jsp?urltype=news.DownloadAttachUrl&owner=1744984858&wbfileid=14571713,14571713,1744984858
001036013211,https://jwch.fzu.edu.cn/info/1036/13211.htm,关于2023-2024学年第一学期《大学物理A（下）》课程期末考试安排的通知,【教学运行】,2024-01-02,"各有关学院：
定于1月18日上午进行《大学物理A（下）》课程期末考试，请有关协助监考学院按考表（见附件）安排监考老师并录入系统，及时通知监考老师和学生上系统查看考试信息，以免延误考试。
为保证考试的顺利进行，如其他教学安排时间或地点与此次考试冲突，请予以调整。

物信学院
教务处
2024年1月2日",1,0017449848580014571712,2301大学物理A（下）期末考试 1.18上午.xlsx,890,https://jwch.fzu.edu.cn/system/_content/download.jsp?urltype=news.DownloadAttachUrl&owner=1744984858&wbfileid=14571712,14571712,1744984858
001036013101,https://jwch.fzu.edu.cn/info/1036/13101.htm,关于2023-2024学年第一学期《习近平新时代中国特色社会主义思想概论》课程期末考试安排的通知,【教学运行】,2023-11-07,"各有关学院：
定于13-14周进行《习近平新时代中国特色社会主义思想概论》课程期末随堂考试，请有关协助监考学院按考表（见附件）安排监考老师并录入系统，及时通知监考老师和学生上系统查看考试信息，以免延误考试。
为保证考试的顺利进行，如其他教学安排时间或地点与此次考试冲突，请予以调整。

马克思主义学院
教务处
2023年11月7日",1,0017449848580013163586,2301习概论随堂考.xlsx,1202,https://jwch.fzu.edu.cn/system/_content/download.jsp?urltype=news.DownloadAttachUrl&owner=1744984858&wbfileid=13163586,13163586,1744984858
001038013094,https://jwch.fzu.edu.cn/info/1038/13094.htm,关于2023-2024学年第一学期在校学生申请辅修专业的通知,【计划科】,2023-11-06,"各学院：
本学期在校本科学生申请修读辅修专业工作已经开始，现将有关事项通知如下：
一、申请程序
1.11月13日-11月19日，申请修读辅修专业的学生进行网上报名申请（登录教务处“本科教学管理系统”点击“辅修申请”），每位学生最多可以报名两个顺序志愿，于11月19日（含）前在系统确认申请结果。
2.11月20日-11月22日，主修专业学院对申请进行审核，并将审核结果录入系统。
3.11月23日-11月27日，辅修专业学院对第一志愿申请进行审核，并将审核结果录入系统。
4.11月28日-12月1日，辅修专业学院对第二志愿申请进行审核，将审核结果录入系统，并将一、二志愿审核结果以汇总表形式送交教务处。
5.12月4日-12月8日，教务处对辅修专业申请进行最后审核，并将拟录取名单进行公示，在公示期结束后发文公布名单。
二、选课与缴费
1.公布名单之后，录取学生可以查看辅修专业培养方案，根据方案要求在网上进行辅修专业选课（具体时间请关注辅修专业网上选课通知）。
2. 辅修专业实行网上缴费，学生根据选课情况，按所选课程学分进行网上缴费，超过通知规定时间逾期未缴费者，选课无效。收费标准： 121元/学分（根据学校文件 福大财[2009]1号文件执行）。
三、辅修专业录取计划及接收条件

 

辅修学院
专业
计划人数
接收条件
联系电话

数学与统计学院
数学与应用数学
无限制
按绩点排名
梁老师228603552065554665@qq,com

信息与计算科学
无限制
按绩点排名

经济统计学
无限制
按绩点排名

外国语学院
英语
25（20人以上独立开班）
英语四六级成绩按绩点排名
陈老师22866250474118077@qq.com

日语
25（20人以上独立开班）
按绩点排名

计算机与大数据学院
计算机科学与技术
25
按绩点排名
曹老师22865169395176456@qq.com

物理信息与工程学院
数字媒体技术
无限制
按绩点排名
游老师22865131137967300@qq.com

法学院
法学
15
按绩点排名
郑老师22866291423869129@qq.com

人文社会科学学院
社会学
无限制
按绩点排名
余老师2286656731368849@qq.com

汉语言文学
无限制
按绩点排名

应用心理学
无限制
按绩点排名

 
备注：
1.以下专业不能互相修读：信息管理与信息系统专业与计算机科学与技术专业。
2.根据福大教[2021]18号《福州大学关于印发本科生辅修专业管理办法的通知》规定的修读条件，拟修读辅修专业的学生在入学半年后的每一个学期均可提出申请。各辅修专业录取计划及接收条件以当学期教务处通知公布为准。
 
 
　　　　　　　　　　　　　　　　　　　　　　　　　　福州大学教务处
           　　2023年11月6日",0,,,,,,
001040013079,https://jwch.fzu.edu.cn/info/1040/13079.htm,关于期中党政领导集中听课的通知,【质量办】,2023-10-30,"各学院、各单位：
根据《福州大学党政领导听课管理实施办法》（福大教〔2022〕27号）文件精神，经研究决定，第10周（10月30日--11月5日）为党政领导集中听课周。
请各级党政领导深入本科生课堂听课（学校党政领导每学期至少听课2个学时，学院党政领导每人每学期至少听课4个学时，思想政治理论课听课时数要求按上级主管部门要求执行），并认真填写《福州大学课堂教学质量评估表》。

附件1：福州大学课堂教学质量评估表
附件2：第10周课程表

福州大学教务处
2023年10月30日",2,0017449848580013157962,附件1：福州大学课堂教学质量评估表.doc,791,https://jwch.fzu.edu.cn/system/_content/download.jsp?urltype=news.DownloadAttachUrl&owner=1744984858&wbfileid=13157962,13157962,1744984858
001040013079,https://jwch.fzu.edu.cn/info/1040/13079.htm,关于期中党政领导集中听课的通知,【质量办】,2023-10-30,"各学院、各单位：
根据《福州大学党政领导听课管理实施办法》（福大教〔2022〕27号）文件精神，经研究决定，第10周（10月30日--11月5日）为党政领导集中听课周。
请各级党政领导深入本科生课堂听课（学校党政领导每学期至少听课2个学时，学院党政领导每人每学期至少听课4个学时，思想政治理论课听课时数要求按上级主管部门要求执行），并认真填写《福州大学课堂教学质量评估表》。

附件1：福州大学课堂教学质量评估表
附件2：第10周课程表

福州大学教务处
2023年10月30日",2,0017449848580013157963,附件2：第10周课表.xlsx,913,https://jwch.fzu.edu.cn/system/_content/download.jsp?urltype=news.DownloadAttachUrl&owner=1744984858&wbfileid=13157963,13157963,1744984858
001035013062,https://jwch.fzu.edu.cn/content.jsp?urltype=news.NewsContentUrl&wbtreeid=1035&wbnewsid=13062,关于福州大学智慧教室二期使用培训的通知,【综合科】,2023-10-24,"各学院、教学单位：
为做好我校智慧教学技术推广，教务处对智慧教室第二期使用培训安排如下：
一、智慧教室功能讲解及使用介绍：
1.培训时间：10月26至27日，每日两场。时间为上午9：30—10：30，下午3：00—4:00。
2.培训地点：公共教学楼中楼503。
3.培训主要内容：
（1）一键上下课的功能介绍及使用；
（2）教学信号切换的功能介绍及使用，含笔记本接入、无线投屏切换及投屏操作等；
（3）教学白板的功能介绍及使用；
（4）书写笔与激光笔的配合使用；
（5）课堂自主录课功能介绍及使用，含录制画面切换及录制结束后视频预览、导出；
（6）腾讯课堂调用教室摄像头及声音的方法；
（7）研讨型教室的功能介绍及使用，含屏幕调度、分享等；
（8）个人资源中心的统一门户登录、查看、下载课堂录制视频等功能介绍及使用；
（9）中503精品录播教室的功能介绍及使用；
（10）其他常见问题的介绍，含教室电脑非还原盘设置（D盘）、讲台上的基本操作说明及报修方式等。
 
二、智慧教室使用第三期培训计划：
1.培训时间和地点：初定11月，地点另行通知。
2.培训内容：智慧教学应用软件。
 
三、请各学院负责将培训通知传达到学院所有任课教师，并加入“现教中心智慧教室培训QQ群”，群号：837451657，以便即时沟通交流。
 
四、请各学院通知相关老师于10月25日21：00前完成培训报名链接填写工作。培训报名链接：【腾讯文档】福州大学智慧教室使用报名表
https://docs.qq.com/form/page/DRWloaVVtSWxLY0xl

五、培训联系人：阮老师，联系电话：13067351020；陈老师，联系电话：18906917953
 
     福州大学教务处
2023年10月24日",0,,,,,,
001042013052,https://jwch.fzu.edu.cn/info/1042/13052.htm,关于召开教材建设研讨会暨福州大学第四十八场“教学有道”研讨会的通知,【教材中心】,2023-10-23,"各学院，各单位：
为进一步创新教材建设理念，持续推进我校高水平教材建设，经研究，决定召开教材建设研讨会暨福州大学第四十八场“教学有道”研讨会。具体事项通知如下：
一、时间：2023年10月25日（星期三）上午9：00
二、地点：行政南楼123会议室
三、主题：教材建设与出版专题报告、研讨
四、主讲人：黄 平  华南理工大学机械工程学院教授
白 静  西安电子科技大学人工智能学院教授
五、参会人员：
    1.各学院教学副院长、教学干事；
    2.福州大学“十四五”本科规划教材建设基地相关负责人；
    3.福州大学2022年本科规划教材立项项目负责人；
    4.其他对教材建设与出版方面感兴趣的教师。
教务处
2023年10月23日",0,,,,,,
001039013051,https://jwch.fzu.edu.cn/info/1039/13051.htm,关于举办第十五届蓝桥杯全国软件和信息技术专业人才大赛福州大学选拔赛的通知,【实践科】,2023-10-20,"为贯彻落实《中国教育现代化2035》和《国务院关于印发新时期促进集成电路产业和软件产业高质量发展若干政策的通知》有关精神，为我国制造强国和网络强国战略提供人才支持，提高学生自主创新意识和工程实践能力，提升我校毕业生的就业竞争力，挖掘人才参加第十五届“蓝桥杯”全国软件和信息技术专业人才大赛（大赛入选中国高等教育学会“全国普通高校大学生竞赛排行榜”榜单赛事），学校决定于2023年11月18日举办“蓝桥杯”软件大赛福州大学选拔赛（以下简称校选赛），现将有关事项通知如下：
一、校选赛内容
校选赛允许选手使用C、C++、Java和Python共4种语言作答（4种语言的比赛题目一致）。校选赛主要考察程序设计语言的应用及算法和数据结构知识，如：分治法，动态规划，回溯法，分支界限法，贪心算法等。
“蓝桥杯”省赛和全国总决赛的形式、环境、内容、规则和样题等参见“蓝桥杯大赛”官网 https://dasai.lanqiao.cn/，我校本科生参加软件类个人赛本科A组的比赛。
选手在报名前建议都先参加“第十五届蓝桥杯大赛个人赛(软件赛)校内模拟赛”（https://dasai.lanqiao.cn/notices/1536），选择【学生自行比赛】，以检验一下自己的编程能力。选手在报名前也可以先访问校选赛正式比赛的网址： https://coding.fzu.edu.cn/（“福州大学程序设计练习与竞赛（OJ）系统”，建议使用谷歌浏览器，使用校园网或者使用学校VPN登录)，提前了解校选赛比赛系统的使用方法等（测试账号：lanqiao，密码：Coding@123，请不要对该账号做任何修改）。
校选赛正式比赛时，选择“练习&比赛”栏目下的“第十五届蓝桥杯软件大赛福州大学选拔赛”，账号为9位学号（含首位的0），初始密码见网站首页 (如果不是首次使用该系统，则密码为最后一次修改的密码)。校选赛前三天竞赛组委会统一将选手的账号等信息导入到OJ系统，选手必须至少提前一天自行登录该系统进行练习。若发现报名信息缺失或账号/密码等有误，请及时向竞赛组委会反馈存在的问题，邮箱为：408607795@qq.com。
特别提醒：所有选手提交的程序代码将通过代码抄袭检测系统进行检查，如出现雷同将取消其比赛排名和参赛资格并上报所在学院做进一步的处理。
二、校选赛事宜
1.校选赛对象：在校全日制本科生。
2.校选赛形式：采取分散上机比赛方式，全程机考。
3.校选赛时间：比赛开放时间为2023年11月18日13:00～23:00，预计需 4 小时左右完成，选手可自由选择一个空闲的4小时时间段参加比赛。请选手务必记住比赛时间，准时参赛，比赛当天的19点之后不允许参赛。
4.校选赛地点：自行安排，网络可登陆比赛系统即可。
5.试题形式：全部为编程题。
6.评分方法：系统自动判定，完全根据学生所提交的程序测评结果。
三、组织形式
1.主办单位：福州大学教务处
2.协办单位：福州大学学生工作部（处）、福州大学团委
3.承办单位：计算机与大数据学院、校选赛竞赛组委会
4.请各学院负责做好竞赛的发起、组织、报名和协调等工作。
四、奖励方式
1.参加校选赛的本科生不需要任何费用，校选赛结束后会在学校教务网上公布通过校选赛初选的学生名单。
2.通过校选赛初选的学生可参加预定于2024年4月份在我校旗山校区举办的省赛。省赛获一等奖的学生可以参加预定于2024年6月上旬举行的全国总决赛（总决赛地点待定）。
3.省赛和国赛获奖的学生均可获得由工业和信息化部人才交流中心及大赛组委会联合颁发的电子版获奖证书。
4.省赛和国赛获奖的学生可以根据学校的有关规定申请学分认定等奖励。
五、报名方式
1.报名时间：自发文之日起至2023年11月15日截止。
2.报名方式：在报名截止时间前登录下述地址填写报名信息          https://docs.qq.com/form/page/DVFZBYmpEeHBrVlRV。
3.注意事项：（1）报名参赛学生如无特殊原因，必须参加比赛，否则将由学院给予通报；（2）报名时，应详细填写报名信息；（3）前一届比赛获全国总决赛三等奖及以上的学生可直接报名参加省赛，不需要再参加校选赛，但仍需填写报名信息；（4）参加校选赛不需要任何费用，但报名后须按时参赛。通过本次选拔并按时参加省赛和国赛比赛的本科生无需承担参赛费用。
4.报名结束后的三天内，校选赛的参赛名单会在“OJ系统”本次比赛的“公告”栏目下发布，大家要及时进行核对。
5.报名事宜咨询：邮箱：408607795@qq.com，电话：13906909734（王老师）。

                                                                                         福州大学教务处
                                                                                         2023年10月20日",0,,,,,,
001036013043,https://jwch.fzu.edu.cn/info/1036/13043.htm,关于做好2023学年本科生转专业工作的通知,【教学运行】,2023-10-19,"根据教育部令第41号《普通高等学校学生管理规定》及《福州大学本科生转专业管理实施办法（暂行）》(福大教〔2017〕46号)文件精神，为充分调动学生学习的积极性，营造有利于学生成长的良好环境，现将2023学年本科生转专业工作有关事宜通知如下:
一、基本条件
1．申请转专业的学生必须是在校修读的大一、大二的学生，且符合《福州大学本科生转专业管理实施办法（暂行）》(福大教〔2017〕46号)规定的基本条件。
2．各专业接收转入人数规定：接收的大一学生人数不超过该专业入学时实际招生数的10%；接收的大二学生人数不超过该专业入学时实际招生数的3%。
二、时间安排及工作流程
1．11月3日前，各学院根据本学院教学资源情况和学校的规定，制定本学院转专业实施细则，报送教务处注册中心（含电子版）。
各学院在制定本学院转专业实施细则时须注意：
（1）学院不得将学生的成绩绩点、课程成绩以及高考成绩作为准入条件（如：成绩平均绩点不低于3.0；成绩平均绩点在专业排名前15%;英语成绩不低于70分等）；也不得将学生的成绩绩点作为最终考核成绩的一个部分；
（2）学院可根据专业需要对学生采取笔试、面试等考核方式，并根据笔试、面试等成绩确定接收名单；录取专业对学生有特定要求的，例如需考核物理、数学等，务必在考核内容中体现。
（3）接收转入人数不得按院内院外分配名额。
2．11月8日前，教务处根据相关规定及各学院的教学资源情况，对各学院上报的转专业实施细则进行汇总初审，在教务处网站上统一公布。
3.接收学院公布咨询时间，安排专人或通过学院网站接受学生咨询。
4．11月14日至19日，申请转专业的学生根据学校公布的转专业计划和自己的意愿进行网上报名申请（登录教务处本科教学管理系统点击“转专业申请”），每个学生只能报名一个志愿，逾期不再受理。
5．11月21日前，教务处审核学生报名资格。11月22日-24日，通过教务处审核的学生应从教务管理系统“转专业申请”页面中打印《福州大学本科生转专业申请审批表》，以备后续流程使用。
6．12月6日前，接收学院考核、拟定接收名单并报教务处。各接收学院应及时通知报名学生携带转专业审批表及相应的证明材料（如可证明本人特长的证书复印件等）于指定日期参加考核，并按照公布的接收条件和考核办法对所有申请转入的学生进行全面考核，确定拟同意转入的学生名单。各学院在12月6日前将拟同意转入各专业学生在教务系统内进行确认操作，打印《拟同意转专业名单汇总表》并附相关申请、考核等转专业材料报教务处注册中心。
7. 属于《福州大学本科生转专业管理实施办法（暂行）》(福大教〔2017〕46号)第六条中第二种情形的学生，须由学生本人申请并提供相应证明材料，学生所在学院核实签字汇总后，于12月6日前报教务处审核，逾期不再受理。
8．12月15日前，教务处对拟同意转专业学生进行汇总初审，报学校本科生学籍事务管理委员会审核通过后，在教务处网站上对拟批准转专业的学生名单进行公示。
9．12月27日前，教务处发文，各学院通知相关学生并做好相应的转专业后续工作。
三、转入考核工作要求
1.各学院要充分认识转专业工作的重要性，加强转专业学生转入考核工作的组织管理，明确工作纪律、笔试和面试的具体工作程序和考核录取办法，在对学生考核前在本单位网站公布，并报教务处备案。
2.各学院应成立本科生转专业工作领导小组，负责学院转专业工作的组织实施。各专业面试小组至少由5名办事公正、经验丰富、教学科研水平高、责任心强的教师组成（须为奇数），负责各专业的面试考核工作。
3.各学院要认真组织好各项考务工作，加强管理，切实做好试卷的保密工作，保证转专业工作的公正性、严肃性、权威性和保密性，确保各项考试的安全、公平、公正。
4.各学院应加强过程监管，所有笔试参考研究生招生复试的保密要求进行出卷和保管，所有面试须学院纪委全程监督，并全程录音录像，教务处将进行现场抽查。上述考试和音视频资料至少保存5年备查。
福州大学教务处
2023年10月19日",0,,,,,,
001040013041,https://jwch.fzu.edu.cn/info/1040/13041.htm,关于举办福州大学第四十七场“教学有道”研讨活动暨2023年教师教学创新大赛培训会的通知,【质量办】,2023-10-19,"各学院：
为帮助我校教师做好2023年教师教学创新大赛参赛准备工作，引导教师积极开展教学改革和创新，提升教师教学水平和育人能力。经研究，学校决定举办第四十七场“教学有道”专题研讨活动暨2023年教师教学创新大赛培训会，具体安排通知如下：
一、研讨主题
高校教师教学创新大赛备赛攻略
二、研讨时间
2023年10月23日（星期一）下午2:30
三、主讲人
福州大学本科教学督导组组长 阮奇教授
四、研讨地点
公共教学楼西2-304
五、参会人员
1.已报名参加福州大学2023年教师教学创新大赛的教师需到场参加；
2．其他感兴趣教师。
请参加现场培训人员提前15分钟签到入场。

教务处
2023年10月19日",0,,,,,,
001036013039,https://jwch.fzu.edu.cn/info/1036/13039.htm,关于2023-2024学年第一学期《高等数学A（下）》课程半期考试安排的通知,【教学运行】,2023-10-17,"各有关学院：
定于10月22日晚上进行《高等数学A（下）》课程半期考试，请有关协助监考学院按考表（见附件）安排监考老师并录入系统，及时通知监考老师和学生上系统查看考试信息，以免延误考试。
为保证考试的顺利进行，如其他教学安排时间或地点与此次考试冲突，请予以调整。

数统学院
教务处
2023年10月17日",1,0017449848580013145543,2301高数A（下）半期考10.22晚.xlsx,1186,https://jwch.fzu.edu.cn/system/_content/download.jsp?urltype=news.DownloadAttachUrl&owner=1744984858&wbfileid=13145543,13145543,1744984858
001036013038,https://jwch.fzu.edu.cn/info/1036/13038.htm,关于2023-2024学年第一学期《大学物理A（下）》、《大学物理B（下）》课程半期考试安排的通知,【教学运行】,2023-10-16,"各有关学院：
定于10月28日晚上进行《大学物理A（下）》课程半期考试、10月29日晚上进行《大学物理B（下）》课程半期考试，请有关协助监考学院按考表（见附件）安排监考老师并录入系统，及时通知监考老师和学生上系统查看考试信息，以免延误考试。
为保证考试的顺利进行，如其他教学安排时间或地点与此次考试冲突，请予以调整。

物信学院
教务处
2023年10月16日",2,0017449848580013145374,10.29晚大物B（下）半期考.xlsx,972,https://jwch.fzu.edu.cn/system/_content/download.jsp?urltype=news.DownloadAttachUrl&owner=1744984858&wbfileid=13145374,13145374,1744984858
001036013038,https://jwch.fzu.edu.cn/info/1036/13038.htm,关于2023-2024学年第一学期《大学物理A（下）》、《大学物理B（下）》课程半期考试安排的通知,【教学运行】,2023-10-16,"各有关学院：
定于10月28日晚上进行《大学物理A（下）》课程半期考试、10月29日晚上进行《大学物理B（下）》课程半期考试，请有关协助监考学院按考表（见附件）安排监考老师并录入系统，及时通知监考老师和学生上系统查看考试信息，以免延误考试。
为保证考试的顺利进行，如其他教学安排时间或地点与此次考试冲突，请予以调整。

物信学院
教务处
2023年10月16日",2,0017449848580013145373,10.28晚大物A（下）半期考.xlsx,937,https://jwch.fzu.edu.cn/system/_content/download.jsp?urltype=news.DownloadAttachUrl&owner=1744984858&wbfileid=13145373,13145373,1744984858
001039013035,https://jwch.fzu.edu.cn/info/1039/13035.htm,关于2023年高校教学基本状态数据库教学相关数据报送的通知,【实践科】,2023-10-16,"各学院及有关单位：
根据我校教学基本状态数据采集工作的部署安排，为了准确、及时地做好教学相关信息的报送，请各有关单位认真对待，指定专人负责填报工作，并严格审核，所填报数据将作为学院本科教学质量考核的依据。现将具体事项通知如下：
一、填报说明及要求
1.填报内容：下载附件2023教学填报数据表格，附件中包含《本科实验场所》在内的19份表格（见附件1-19），各表内附有指标解释，请填报人务必仔细阅读后进行填报。
2.数据采集时间截点：请准确理解各张表格的时间要求，并特别注意表格中个别数据采集点的特殊时间要求。
自然年，指2022自然年，即2022年1月1日-2022年12月31日；
学 年，指2022-2023学年，即2022年9月1日-2023年8月31日；
时 点，指2023年9月30日，对于教师和学生情况，也指开学初报到完成的时间。
3.填报时表6-6附表1、表6-6附表2的竞赛获奖项目不能重复统计。表6-6-3附表1、表6-6-3附表2的竞赛获奖情况不能重复统计。同一学科竞赛不同获奖等级应集中在一起分行填报，同一获奖团队（项目）不同获奖成员应放置分行在一起填报。
4.填报相关表格时由于涉及到本科实验场所代码、校内专业（大类）代码、外聘教师代码等，各学院应先核对本科实验场所、校内专业（大类）、外聘教师的变化情况，有变化的应提前将变化情况报送教务处，以便我处及时与相关部门进行协调和编制新增代码。
5.填报的表格中所涉及的单位号请参照表1-2学校相关党政单位和表1-3学校教学科研单位进行核对（单位号如有变化，以发规办最新公布为准）；涉及的专业代码请参照表1-4-1专业基本情况和表1-4-2专业大类情况表进行核对；涉及的课程代码请参照表5-1-1开课情况。
6.所有表格填报时有填报示例的请参照填报示例进行填报，其中表6-6-3附表1、2学生省级及以上各类学科竞赛奖励情况、表6-6-4学生获专业比赛奖励情况（艺术类专业用）和表6-6-6学生发表学术论文情况中相同竞赛项目（或团队）或同一篇论文，不同的参与学生，按每一位学生填报一行；表工科-2工科类专业经费情况中相同专业有不同的校内专业代码，按每个校内专业代码填报一行。
7.填报时如有疑问：填报数据1-3项实验教学相关方面请咨询电话：22868917；填报数据4-17项实践教学相关方面请咨询电话：22866853；填报数据18-19项计划管理方面咨询电话：22866907/23510885。
二、报送数据
1.表1-7-1《本科实验场所》（时点）（对2022年填报的数据进行核对填报，有新增实验场所的应先提出来编制新增代码）；
2.表2-7-1实验教学示范中心、虚拟仿真实验示范中心（时点）；
3.表2-7-2虚拟仿真实验教学项目（时点）；
4.表2-4校外实习、实践、实训基地（时点、学年）（对2022年填报的数据进行核对，并进行增减填报）；
5.表5-2学生毕业综合训练情况（学年）；
6.表5-4-2高校创新创业教育实践基地（平台）（时点、自然年）（对2022年填报的数据进行核对，并进行增减填报）；
7.表6-6附表1福州大学本科生参加全国各类学科竞赛获奖情况统计表（学年）；
8.表6-6附表2福州大学本科生参加文艺、体育竞赛获奖情况统计表（学年）；
9.表6-6附表3福州大学本科生发表作品情况一览表（学年）；
10.表6-6附表4福州大学本科生参加国际会议情况一览表（学年）；
11.表6-6附表5福州大学本科生获得职业资格证书情况一览表（学年）；
12.表6-6附表6福州大学本科生到国际组织实习、任职人数情况一览表（学年）
13.表6-6-3附表1福州大学本科生获省级及以上各类学科竞赛奖励情况（学年）；
14.表6-6-3附表2福州大学本科生获省级及以上各文艺、体育竞赛奖励情况；
15.表6-6-4学生获专业比赛奖励情况（艺术类专业用）（学年）
16.表6-6-6学生发表学术论文情况（学年）；
17.表工科-2工科类专业经费情况（自然年）；
18. 表4-2专业培养计划表（时点）（变动及填报说明详见附件中的“2023年计划科两张表格指标解释”）；
19. 表5-1-3分专业（大类）专业实验课情况（学年）（变动及填报说明详见附件中的“2023年计划科两张表格指标解释”）。
三、报送时间
（一）10月23日前报送表格
1.报送数据中1项表格表1-7-1《本科实验场所》，请报送至教务处实践科（邮箱jwcsjk@fzu.edu.cn）；
2. 承担本科“指导实习、毕业设计（论文）”任务外聘教师名单，按表1-5-3外聘教师基本信息（毕业设计（论文））格式填报，并将2023年承担本科“指导实习、毕业设计（论文）”任务的“表1-5-3外聘和兼职教师基本信息”表格报送至教务处实践科（邮箱jwcsjk@fzu.edu.cn）以及发给学院负责统一填报的老师（组织员）汇总。
（二）11月6日前报送表格
请各学院将所有材料电子版和纸质版（一式一份加盖单位公章）于2023年11月6日前报送教务处，其中报送数据中2-17项表格请报送至教务处实践科（邮箱jwcsjk@fzu.edu.cn）；报送数据中18-19项表格请报送至教务处计划科（邮箱245930267@qq.com）。

福州大学教务处
2023年10月16日",1,0017449848580013145324,2023年本科教学相关数据报送表格.zip,1019,https://jwch.fzu.edu.cn/system/_content/download.jsp?urltype=news.DownloadAttachUrl&owner=1744984858&wbfileid=13145324,13145324,1744984858
001036013034,https://jwch.fzu.edu.cn/info/1036/13034.htm,关于做好2024届预计毕业生电子注册图像采集工作的通知,【教学运行】,2023-10-16,"各学院：
根据《高等教育学历证书电子注册图像采集规范及信息标准》（教毕指〔2017〕99号）等文件精神，经与新华通讯社福建分社图像采集中心（以下简称采集中心）协商，现将我校2024届预计毕业生电子注册图像采集工作通知如下：
一、采集对象
旗山校区2024届普通全日制本科预计毕业生（含第二学士学位、外国留学生和外校访学学生，集美校区与晋江校区的采集工作由相关学院另行安排），往年已参加过图像采集的延长修业年限学生，无需再次采集。
二、采集时间
本次图像采集工作定于2023年11月11-12日进行，地点安排在行政北楼西135（A组）和东111（B组）。各学院分班拍摄顺序详见附件1。
三、收费标准
每生20元，由各班负责人按当天实际参加拍摄人数，现场统一扫码支付给采集中心。采集中心负责将图像上传学信网，并为每位学生提供一套纸质照片（含4张1寸照片、6张2寸照片）。
四、拍摄流程
1.从今年开始，学信网全面采用基于采集码的图像采集模式，无法提供采集码的学生，一律不予拍摄。
2.所有参加拍摄的学生，都必须提前获得本人图像采集码，并下载保存到手机（采集码长期有效，获取途径详见附件2）。拍摄时，各班学生按学号从小到大依次扫描采集码获取拍摄序号，并严格按拍摄序号进行拍摄，严禁擅自调整拍摄顺序或临时出走，否则所造成的后果由违反规定学生本人承担。
五、拍摄要求
1.衣着：学生仪表装束应大方庄重，避免复杂的图案、条纹。衣服要有领子，建议穿深色带有标准领的衬衫、夹克或者西装，不得穿制服，也不要穿与拍摄背景相近的浅蓝色衣服。
2.头发：不能梳得高耸，不得遮挡眉毛、眼睛和耳朵，长发者应将头发置于肩膀后。
3.眼镜：常戴眼镜者应佩戴眼镜，但不得戴有色（含隐形）眼镜，镜框不得遮挡眼睛，眼镜不能有反光。
4.佩饰：不得使用假发、头巾、帽子等头部覆盖物（宗教、医疗和文化需要时，不得遮挡脸部或造成阴影），不得佩戴任何影响拍摄效果的饰品（包括耳环、耳钉、项链、非黑色的钢丝发卡等）。
5.化妆：不宜化妆，尤其严禁化浓妆。拍摄前应洗净脸上的汗渍、油污，保持脸部整洁，不能使用润肤露、防晒霜等带有反光效果的护肤品，以免拍摄时引起脸部高光。
6.人物姿态与表情：坐姿端正，表情自然，双眼自然睁开并平视，耳朵对称，左右肩膀平衡，嘴唇自然闭合。
六、注意事项
1.本次采集的图像除用于学信网电子注册外，纸质照片还将张贴在学生的毕业证书和学位证书之上，事关每位毕业生的切身利益，请各学院本着为学生高度负责的态度，切实做好各项准备工作，细化拍摄组织流程，引导学生有序、高效地完成采集工作。
2.确有特殊情况无法参加本次图像采集的学生，必须按学校要求进行统一补拍（补拍时间暂定明年五月中旬，具体安排另行通知）。对于学生通过其他方式自行提交的照片，学校一律不予采用。
3.所有参加图像采集的学生，都必须按规定登录学信网进行图像校对。未经校对的图像不会被学信网采用，从而导致学历学位电子注册信息无法上网对外提供查询。有关图像校对的具体安排另行通知。

教务处注册中心
2023年10月16日",2,0017449848580013145312,附件1：各学院分班拍照顺序.pdf,1676,https://jwch.fzu.edu.cn/system/_content/download.jsp?urltype=news.DownloadAttachUrl&owner=1744984858&wbfileid=13145312,13145312,1744984858
001036013034,https://jwch.fzu.edu.cn/info/1036/13034.htm,关于做好2024届预计毕业生电子注册图像采集工作的通知,【教学运行】,2023-10-16,"各学院：
根据《高等教育学历证书电子注册图像采集规范及信息标准》（教毕指〔2017〕99号）等文件精神，经与新华通讯社福建分社图像采集中心（以下简称采集中心）协商，现将我校2024届预计毕业生电子注册图像采集工作通知如下：
一、采集对象
旗山校区2024届普通全日制本科预计毕业生（含第二学士学位、外国留学生和外校访学学生，集美校区与晋江校区的采集工作由相关学院另行安排），往年已参加过图像采集的延长修业年限学生，无需再次采集。
二、采集时间
本次图像采集工作定于2023年11月11-12日进行，地点安排在行政北楼西135（A组）和东111（B组）。各学院分班拍摄顺序详见附件1。
三、收费标准
每生20元，由各班负责人按当天实际参加拍摄人数，现场统一扫码支付给采集中心。采集中心负责将图像上传学信网，并为每位学生提供一套纸质照片（含4张1寸照片、6张2寸照片）。
四、拍摄流程
1.从今年开始，学信网全面采用基于采集码的图像采集模式，无法提供采集码的学生，一律不予拍摄。
2.所有参加拍摄的学生，都必须提前获得本人图像采集码，并下载保存到手机（采集码长期有效，获取途径详见附件2）。拍摄时，各班学生按学号从小到大依次扫描采集码获取拍摄序号，并严格按拍摄序号进行拍摄，严禁擅自调整拍摄顺序或临时出走，否则所造成的后果由违反规定学生本人承担。
五、拍摄要求
1.衣着：学生仪表装束应大方庄重，避免复杂的图案、条纹。衣服要有领子，建议穿深色带有标准领的衬衫、夹克或者西装，不得穿制服，也不要穿与拍摄背景相近的浅蓝色衣服。
2.头发：不能梳得高耸，不得遮挡眉毛、眼睛和耳朵，长发者应将头发置于肩膀后。
3.眼镜：常戴眼镜者应佩戴眼镜，但不得戴有色（含隐形）眼镜，镜框不得遮挡眼睛，眼镜不能有反光。
4.佩饰：不得使用假发、头巾、帽子等头部覆盖物（宗教、医疗和文化需要时，不得遮挡脸部或造成阴影），不得佩戴任何影响拍摄效果的饰品（包括耳环、耳钉、项链、非黑色的钢丝发卡等）。
5.化妆：不宜化妆，尤其严禁化浓妆。拍摄前应洗净脸上的汗渍、油污，保持脸部整洁，不能使用润肤露、防晒霜等带有反光效果的护肤品，以免拍摄时引起脸部高光。
6.人物姿态与表情：坐姿端正，表情自然，双眼自然睁开并平视，耳朵对称，左右肩膀平衡，嘴唇自然闭合。
六、注意事项
1.本次采集的图像除用于学信网电子注册外，纸质照片还将张贴在学生的毕业证书和学位证书之上，事关每位毕业生的切身利益，请各学院本着为学生高度负责的态度，切实做好各项准备工作，细化拍摄组织流程，引导学生有序、高效地完成采集工作。
2.确有特殊情况无法参加本次图像采集的学生，必须按学校要求进行统一补拍（补拍时间暂定明年五月中旬，具体安排另行通知）。对于学生通过其他方式自行提交的照片，学校一律不予采用。
3.所有参加图像采集的学生，都必须按规定登录学信网进行图像校对。未经校对的图像不会被学信网采用，从而导致学历学位电子注册信息无法上网对外提供查询。有关图像校对的具体安排另行通知。

教务处注册中心
2023年10月16日",2,0017449848580013145313,附件2：获得图像采集码途径.pdf,1610,https://jwch.fzu.edu.cn/system/_content/download.jsp?urltype=news.DownloadAttachUrl&owner=1744984858&wbfileid=13145313,13145313,1744984858
001036013029,https://jwch.fzu.edu.cn/info/1036/13029.htm,关于组织2023级新生开展学籍信息自查工作的通知,【教学运行】,2023-10-09,"各学院：
我校2023级新生学籍电子注册工作现已基本完成。根据《高等学校学生学籍学历电子注册办法》（教学〔2014〕11号）等文件要求，为确保学生学籍信息真实准确，切实维护学生权益，所有新生都必须登陆学信网查询、核对本人学籍信息。该学籍信息将为学生在今后毕业就业、学历注册、推荐免试研究生等方面提供基本数据支撑，请各学院务必通知学生仔细核对。现将有关事项通知如下：
一、时间安排
1. 10月20日前，各学院组织2023级学生注册登录学信网，核查本人学籍信息是否准确；10月27日前，各学院收集学生反馈的异常信息上报注册中心。
2. 因相关省级招生考试机构尚未将港澳台侨和第二学士学位新生的录取信息上传学信网，这部分学生的学籍信息自查安排另行通知。
3. 外国留学生以及外校访学学生无需参加本次学籍信息自查工作。
二、操作流程
1. 登录“中国高等教育学生信息网（学信网）”（网址：https://www.chsi.com.cn/）。
2. 点击菜单栏中的【学籍查询】，进入“学信档案”界面。
3. 点击【注册学信网账号】，进入“实名注册”界面（已注册账号者可直接点击【登录学信档案】，进入登录界面）。
4. 按系统要求准确填写各项信息，并牢记注册信息，注意信息安全，便于将来继续查询本人学籍学历学位信息。注册时必须使用真实姓名和居民身份证号（最后一位为“X”时必须大写）；每个身份证号和姓名只能注册一次，只有当身份证号和姓名与学籍信息完全一致，方可查询到本人学籍。
港澳台侨新生如何注册请耐心等待教务处后续通知，切勿自行提前进行注册。
5. 信息填写完后点击【立即注册】，显示账号注册成功，登录即可查询到本人学籍信息，请逐一核对各项信息（含录取照片）是否正确。如所有信息均核对正确，自查工作完成；如发现信息有误，请尽快向所在学院教学办反馈，由学院收集后统一上报注册中心。
三、其他
1. 入选“数理综合班”“数理金融实验班”“嘉锡化学拔尖班”“地采复合型实验班”的同学，专业名称暂时仍为原录取专业，待将来专业分流后再作调整。
2. 五十六个民族之外的少数民族（如“穿青人”“僜人”等）统一标注为“其他”。
3. 学信网注册时如有问题，可参考“学信网账号问题详解”（https://mp.weixin.qq.com/s/AirYjMJY-JzHGWu6k8TJPg）。

教务处注册中心
2023年10月9日

新生学籍自查有误信息反馈表
学院： 日期： 年 月 日

序号
学号
姓名
有误项
原信息
正确信息

1

2

3

4

5

6

7

8

9

10

注：此表须以学院为单位集中反馈。“有误项”填写学籍核查有误的项目名称，如“民族”“专业名称”“预计毕业日期”等。",0,,,,,,
001040013028,https://jwch.fzu.edu.cn/info/1040/13028.htm,关于开展福州大学2023年教师教学创新大赛的通知,【质量办】,2023-10-08,"各学院：
为深入学习贯彻习近平总书记关于教育的重要论述，落实立德树人根本任务，助力高校课程思政建设和新工科、新农科、新医科、新文科建设，推动信息技术与教育教学融合创新发展，引导高校教师潜心教书育人，打造高校教学改革的风向标，并为选拔优秀选手参加第四届福建省高校教师教学创新大赛做好充分准备，经研究决定开展福州大学2023年教师教学创新大赛工作，现将有关事项通知如下：
一、报名事项
1.报名对象。学校在职教师，主讲教师近5年对所参赛的本科课程讲授2轮及以上。以个人或团队形式报名，若以团队形式参赛，团队成员包括1名主讲教师和不超过3名团队教师。
2.分组及名额。根据主讲教师专业技术职务等级分正高组、副高组、中级及以下组三个组别，每组比赛各学院必须至少推荐1名教师或1个团队参加。
二、奖项设置
校赛设特等奖、一等奖、二等奖，获奖比例占申报总人数的70%。学校将从各参赛组别中择优选拔优秀教师参加第四届福建省高校教师教学创新大赛。
三、比赛流程
1.校赛成绩组成
校赛成绩分两个阶段，即教学创新成果报告评选和教学设计创新汇报。第一阶段，参赛教师先提交教学创新成果报告，经学校专家评审，评审成绩优良的教师进入第二阶段的教学设计创新现场汇报。第二阶段，专家根据入围选手的教学设计创新现场汇报，以及教学创新成果报告，综合评价得出最终成绩（教学设计创新现场汇报和教学创新成果报告各占50%）。
（1）教学创新成果报告应基于参赛课程的教学实践经验与反思，体现教学创新成效。聚焦教学实践的真实“问题”，通过课程内容的重构、教学方法的创新、教学环境的创设、教学评价的改革等，采用教学实验研究的范式解决教学问题，明确教学成效及其推广价值。教学创新成果报告包括摘要、正文，字数4000字左右为宜。
（2）教学设计创新汇报需现场进行PPT汇报，不超过15分钟。
2.校内培训
校赛初定于11月举办。为提高参赛成绩，教务处将于10月下旬邀请校内外专家，对报名参赛教师先进行专题培训辅导，因此学院先动员组织教师报名，并让教师先着手撰写教学创新成果报告，待参赛教师接受培训后再提交教学创新成果报告。培训时间地点另行通知。
因参加福建省高校教师教学创新大赛的选手还需提交2个1学时的课堂教学实录视频等材料，请有意冲刺省赛的教师可同步开始视频及其他相关材料准备工作。
四、材料报送要求
请各学院广泛动员，积极组织教师申报，特别是动员授课效果好、课程教学有明显创新特色、注重现代信息技术运用、教改成果丰富的教师参赛（如一流课程负责人、指导学生获学科竞赛奖或发表论文等）。请于2023年10月16日前将本学院推荐名单汇总表（附件1）报送教务处质量管理与认证科（行政北楼西205），电子版发至10556425@qq.com。联系人：蒋麓，联系电话：0591-22860935。
具体奖项设置及比赛细节学校将根据省教育厅文件适时调整，另行通知。

附件：
1.福州大学2023年教师教学创新大赛学院推荐名单汇总表
2.福州大学2023年教师教学创新大赛评分表
3.福州大学一流课程名单
4.闽教高〔2023〕32号 福建省教育厅关于举办第三届福建省高校教师教学创新大赛的通知（2023年省级文件尚未下达）

福州大学教务处
2023年10月8日",1,0017449848580013142915,附件1-4.rar,927,https://jwch.fzu.edu.cn/system/_content/download.jsp?urltype=news.DownloadAttachUrl&owner=1744984858&wbfileid=13142915,13142915,1744984858
001036013027,https://jwch.fzu.edu.cn/info/1036/13027.htm,关于2023-2024学年第一学期《概率与数理统计》课程半期考试安排的通知,【教学运行】,2023-10-08,"各有关学院：
定于10月21日晚上进行《概率与数理统计》课程半期考试，请有关协助监考学院按考表（见附件）安排监考老师并录入系统，及时通知监考老师和学生上系统查看考试信息，以免延误考试。
为保证考试的顺利进行，如其他教学安排时间或地点与此次考试冲突，请予以调整。

数统学院
教务处
2023年10月8日",1,0017449848580013142824,10.21晚概率半期考.xlsx,1108,https://jwch.fzu.edu.cn/system/_content/download.jsp?urltype=news.DownloadAttachUrl&owner=1744984858&wbfileid=13142824,13142824,1744984858
001036013017,https://jwch.fzu.edu.cn/info/1036/13017.htm,关于2023年中秋节、国庆节放假课程调整的通知,【教学运行】,2023-09-25,"各学院、教学单位：
根据党政办有关2023年中秋节、国庆节放假通知的精神，现将节日放假期间的教学安排调整如下：
1、9月29日（星期五）至10月6日（星期五）全校本科生课程（含通识教育选修课）停课，共8天。
2、10月7日（星期六）补上10月5日（星期四）的课，10月8日（星期日）补上10月6日（星期五）的课，原10月7日、10月8日的课程停课。
3、因停课受影响的教学内容，请任课老师自行调整或安排另外时间补课。

请各学院、教学单位及时通知相关的学生和老师。

教务处
2023.9.25",0,,,,,,
001036013014,https://jwch.fzu.edu.cn/info/1036/13014.htm,2023-2024-01学期2023级体育理论教室安排表,【教学运行】,2023-09-20,"请同学们再次教务网确认体育老师，避免跟错班级。

带好教材《大学体育》到指定的教室。

任课教师
上课时间
总人数
年级
备注
上课日期
教室
座位数

黄丽涵
05-19 星期1:3-4节 铜盘田径场
53
2023

9月25日
铜盘A109
120

李粲
05-19 星期1:3-4节 铜盘田径场
51
2023

9月25日
铜盘A110
120

李慧德
05-19 星期1:3-4节 铜盘田径场
40
2023

9月25日
铜盘A201
120

安嘉琦
05-19 星期1:5-6节 铜盘田径场
40
2023

9月25日
铜盘A109
120

高明轩
05-19 星期1:5-6节 铜盘田径场
45
2023

9月25日
铜盘A202
120

何玮翔
05-19 星期1:5-6节 铜盘田径场
45
2023

9月25日
铜盘A202
120

胡晟
05-19 星期1:5-6节 铜盘田径场
47
2023

9月25日
铜盘A213
60

龚海
05-19 星期1:5-6节 铜盘田径场
46
2023

9月25日
铜盘A308
105

黄丽涵
05-19 星期1:5-6节 铜盘田径场
50
2023

9月25日
铜盘A308
105

李粲
05-19 星期1:5-6节 铜盘田径场
55
2023

9月25日
铜盘A313
68

李慧德
05-19 星期1:5-6节 铜盘田径场
45
2023

9月25日
铜盘A314
60

唐志松
05-19 星期1:5-6节 铜盘田径场
47
2023

9月25日
铜盘A315
60

王朝阳
05-19 星期1:5-6节 铜盘田径场
45
2023

9月25日
铜盘A316
60

安嘉琦
05-19 星期1:7-8节 铜盘田径场
50
2023

9月25日
铜盘A109
120

高明轩
05-19 星期1:7-8节 铜盘田径场
47
2023

9月25日
铜盘A202
120

何玮翔
05-19 星期1:7-8节 铜盘田径场
54
2023

9月25日
铜盘A202
120

胡晟
05-19 星期1:7-8节 铜盘田径场
44
2023

9月25日
铜盘A213
60

龚海
05-19 星期1:7-8节 铜盘田径场
48
2023

9月25日
铜盘A308
105

黄丽涵
05-19 星期1:7-8节 铜盘田径场
50
2023

9月25日
铜盘A308
105

李粲
05-19 星期1:7-8节 铜盘田径场
50
2023

9月25日
铜盘A313
68

唐志松
05-19 星期1:7-8节 铜盘田径场
48
2023

9月25日
铜盘A314
60

王朝阳
05-19 星期1:7-8节 铜盘田径场
47
2023

9月25日
铜盘A315
60

范新垲
05-19 星期2:3-4节 旗山风雨操场
53
2023

9月26日
旗山西2-104
88

何玮翔
05-19 星期2:3-4节 旗山风雨操场
54
2023

9月26日
旗山西2-305
88

龚海
05-19 星期2:3-4节 旗山风雨操场
45
2023

9月26日
旗山西3-104
153

黄文敏
05-19 星期2:3-4节 旗山风雨操场
49
2023

9月26日
旗山西3-104
153

李慧德
05-19 星期2:3-4节 旗山风雨操场
43
2023

9月26日
旗山西3-403
151

林萌
05-19 星期2:3-4节 旗山风雨操场
49
2023

9月26日
旗山西3-404
151

赵炜锌
05-19 星期2:3-4节 旗山风雨操场
55
2023

9月26日
旗山西3-504
151

陈彤
05-19 星期2:5-6节 铜盘田径场
49
2023

9月26日
铜盘A212
60

范新垲
05-19 星期2:5-6节 铜盘田径场
50
2023

9月26日
铜盘A308
105

高明轩
05-19 星期2:5-6节 铜盘田径场
51
2023

9月26日
铜盘A308
105

龚海
05-19 星期2:5-6节 铜盘田径场
50
2023

9月26日
铜盘A312
120

黄丽涵
05-19 星期2:5-6节 铜盘田径场
51
2023

9月26日
铜盘A312
120

黄文敏
05-19 星期2:5-6节 铜盘田径场
48
2023

9月26日
铜盘A314
60

沈逸萍
05-19 星期2:5-6节 铜盘田径场
49
2023

9月26日
铜盘A315
60

宋永范
05-19 星期2:5-6节 铜盘田径场
52
2023

9月26日
铜盘A316
60

孙克双
05-19 星期2:5-6节 铜盘田径场
47
2023

9月26日
铜盘A317
60

王朝阳
05-19 星期2:5-6节 铜盘田径场
44
2023

9月26日
铜盘A405
96

王然科
05-19 星期2:5-6节 铜盘田径场
50
2023

9月26日
铜盘A409
120

王长琦
05-19 星期2:5-6节 铜盘田径场
50
2023

9月26日
铜盘A411
68

谢佳辉
05-19 星期2:5-6节 铜盘田径场
53
2023

9月26日
铜盘A412
60

张翡娟
05-19 星期2:5-6节 铜盘田径场
54
2023

9月26日
铜盘A413
60

陈彤
05-19 星期2:7-8节 铜盘田径场
40
2023

9月26日
铜盘A212
60

范新垲
05-19 星期2:7-8节 铜盘田径场
45
2023

9月26日
铜盘A308
105

高明轩
05-19 星期2:7-8节 铜盘田径场
45
2023

9月26日
铜盘A308
105

龚海
05-19 星期2:7-8节 铜盘田径场
40
2023

9月26日
铜盘A312
120

黄丽涵
05-19 星期2:7-8节 铜盘田径场
54
2023

9月26日
铜盘A312
120

黄文敏
05-19 星期2:7-8节 铜盘田径场
50
2023

9月26日
铜盘A314
60

沈逸萍
05-19 星期2:7-8节 铜盘田径场
48
2023

9月26日
铜盘A315
60

宋永范
05-19 星期2:7-8节 铜盘田径场
44
2023

9月26日
铜盘A316
60

孙克双
05-19 星期2:7-8节 铜盘田径场
44
2023

9月26日
铜盘A317
60

王朝阳
05-19 星期2:7-8节 铜盘田径场
46
2023

9月26日
铜盘A405
96

王然科
05-19 星期2:7-8节 铜盘田径场
42
2023

9月26日
铜盘A409
120

王长琦
05-19 星期2:7-8节 铜盘田径场
41
2023

9月26日
铜盘A411
68

谢佳辉
05-19 星期2:7-8节 铜盘田径场
42
2023

9月26日
铜盘A412
60

张翡娟
05-19 星期2:7-8节 铜盘田径场
53
2023

9月26日
铜盘A413
60

黄文敏
05-19 星期3:3-4节 铜盘田径场
11
2023

9月27日
铜盘A109
120

李慧德
05-19 星期3:3-4节 铜盘田径场
43
2023

9月27日
铜盘A110
120

李仕丰
05-19 星期3:3-4节 铜盘田径场
57
2023

9月27日
铜盘A201
120

朱庆
05-19 星期3:3-4节 铜盘田径场
53
2023

9月27日
铜盘A308
105

卞兰
05-19 星期3:5-6节 铜盘田径场
57
2023

9月27日
铜盘A210
60

何瑜
05-19 星期3:5-6节 铜盘田径场
57
2023

9月27日
铜盘A211
60

黄丽涵
05-19 星期3:5-6节 铜盘田径场
55
2023

9月27日
铜盘A212
60

黄文敏
05-19 星期3:5-6节 铜盘田径场
48
2023

9月27日
铜盘A213
60

李慧德
05-19 星期3:5-6节 铜盘田径场
56
2023

9月27日
铜盘A308
105

李仕丰
05-19 星期3:5-6节 铜盘田径场
56
2023

9月27日
铜盘A313
68

吴杰忠
05-19 星期3:5-6节 铜盘田径场
55
2023

9月27日
铜盘A314
60

吴能威
05-19 星期3:5-6节 铜盘田径场
56
2023

9月27日
铜盘A315
60

张玲
05-19 星期3:5-6节 铜盘田径场
57
2023

9月27日
铜盘A316
60

朱庆
05-19 星期3:5-6节 铜盘田径场
56
2023

9月27日
铜盘A317
60

卞兰
05-19 星期3:7-8节 铜盘田径场
40
2023

9月27日
铜盘A210
60

何瑜
05-19 星期3:7-8节 铜盘田径场
46
2023

9月27日
铜盘A211
60

黄丽涵
05-19 星期3:7-8节 铜盘田径场
42
2023

9月27日
铜盘A212
60

黄文敏
05-19 星期3:7-8节 铜盘田径场
42
2023

9月27日
铜盘A213
60

李仕丰
05-19 星期3:7-8节 铜盘田径场
45
2023

9月27日
铜盘A308
105

吴杰忠
05-19 星期3:7-8节 铜盘田径场
42
2023

9月27日
铜盘A313
68

吴能威
05-19 星期3:7-8节 铜盘田径场
41
2023

9月27日
铜盘A314
60

张玲
05-19 星期3:7-8节 铜盘田径场
48
2023

9月27日
铜盘A315
60

朱庆
05-19 星期3:7-8节 铜盘田径场
44
2023

9月27日
铜盘A316
60

安嘉琦
05-19 星期4:3-4节 铜盘田径场
43
2023

9月28日
铜盘A109
120

官钟威
05-19 星期4:3-4节 铜盘田径场
41
2023

9月28日
铜盘A110
120

李慧德
05-19 星期4:3-4节 铜盘田径场
38
2023

9月28日
铜盘A201
120

林萌
05-19 星期4:3-4节 铜盘田径场
47
2023

9月28日
铜盘A202
120

沈逸萍
05-19 星期4:3-4节 铜盘田径场
53
2023

9月28日
铜盘A308
105

安嘉琦
05-19 星期4:5-6节 铜盘田径场
56
2023

9月28日
铜盘A109
120

卞兰
05-19 星期4:5-6节 铜盘田径场
51
2023

9月28日
铜盘A201
120

官钟威
05-19 星期4:5-6节 铜盘田径场
53
2023

9月28日
铜盘A210
60

黄巧奇
05-19 星期4:5-6节 铜盘田径场
58
2023

9月28日
铜盘A211
60

黄衍存
05-19 星期4:5-6节 铜盘田径场
53
2023

9月28日
铜盘A212
60

李慧德
05-19 星期4:5-6节 铜盘田径场
53
2023

9月28日
铜盘A213
60

林萌
05-19 星期4:5-6节 铜盘田径场
52
2023

9月28日
铜盘A308
105

沈逸萍
05-19 星期4:5-6节 铜盘田径场
57
2023

9月28日
铜盘A313
68

王朝阳
05-19 星期4:5-6节 铜盘田径场
53
2023

9月28日
铜盘A314
60

赵炜锌
05-19 星期4:5-6节 铜盘田径场
44
2023

9月28日
铜盘A315
60

安嘉琦
05-19 星期4:7-8节 铜盘田径场
46
2023

9月28日
铜盘A109
120

卞兰
05-19 星期4:7-8节 铜盘田径场
47
2023

9月28日
铜盘A201
120

黄巧奇
05-19 星期4:7-8节 铜盘田径场
45
2023

9月28日
铜盘A210
60

黄衍存
05-19 星期4:7-8节 铜盘田径场
43
2023

9月28日
铜盘A211
60

沈逸萍
05-19 星期4:7-8节 铜盘田径场
54
2023

9月28日
铜盘A212
60

王朝阳
05-19 星期4:7-8节 铜盘田径场
45
2023

9月28日
铜盘A213
60

赵炜锌
05-19 星期4:7-8节 铜盘田径场
45
2023

9月28日
铜盘A308
105

卞兰
05-19 星期5:3-4节 铜盘田径场
50
2023

9月28日
铜盘A308
105

林松
05-19 星期5:3-4节 铜盘田径场
59
2023

9月28日
铜盘A315
60

章颖
05-19 星期5:3-4节 铜盘田径场
30
2023

9月28日
铜盘A406
132

卞兰
05-19 星期5:5-6节 铜盘田径场
44
2023

9月28日
铜盘A308
105

林松
05-19 星期5:5-6节 铜盘田径场
52
2023

9月28日
铜盘A315
60

章颖
05-19 星期5:5-6节 铜盘田径场
56
2023

9月28日
铜盘A406
132

卞兰
05-19 星期5:7-8节 铜盘田径场
54
2023

9月28日
铜盘A308
105

林松
05-19 星期5:7-8节 铜盘田径场
54
2023

9月28日
铜盘A315
60

章颖
05-19 星期5:7-8节 铜盘田径场
53
2023

9月28日
铜盘A406
132",0,,,,,,
001036013013,https://jwch.fzu.edu.cn/info/1036/13013.htm,关于做好2023-2024学年第二学期排课准备工作的通知,【教学运行】,2023-09-20,"各学院:    我校2023-2024学年第二学期排课工作即将开始，请各学院做好排课准备工作。请认真核对各年级、各专业的教学计划，落实开课安排，并于10月9日前在本科教学管理系统中开出2023-2024学年第二学期开课通知单，以保证第一阶段公共课课程安排的顺利进行。

注册中心
2023.9.20",0,,,,,,
001039013011,https://jwch.fzu.edu.cn/info/1039/13011.htm,关于公布第十二届大学生软件设计与服务外包创新创业竞赛获奖名单的通知,【实践科】,2023-09-19,"校教〔2023〕34号

各学院：
    由福州大学教务处主办，福州大学学生工作部（处）、共青团福州大学委员会协办，计算机与大数据学院（软件学院）承办的福州大学第十二届大学生软件设计与服务外包创新创业竞赛已于2023年6月30日顺利结束。本次大赛共有计算机与大数据学院（软件学院）、梅努斯国际工程学院、电气工程与自动化学院、经济与管理学院等学院的73支队伍186名同学报名参赛，入围决赛作品17项。经初赛和线下答辩决赛，最终评出一等奖5项、二等奖6项、三等奖6项。现将获奖名单公布如下：

学院
姓名
获奖等级

计算机与大数据学院（软件学院）
张  鑫
一等奖

计算机与大数据学院（软件学院）
陈 艺

计算机与大数据学院（软件学院）
范远生

梅努斯国际工程学院
姜昱杰
一等奖

梅努斯国际工程学院
陈雨欢

梅努斯国际工程学院
倪陈晖

计算机与大数据学院（软件学院）
赖剑翔
一等奖

计算机与大数据学院（软件学院）
黄润隆

计算机与大数据学院（软件学院）
王 帆

梅努斯国际工程学院
杨 旸
一等奖

计算机与大数据学院（软件学院）
吴恩民

计算机与大数据学院（软件学院）
崔修起

梅努斯国际工程学院
陈佳雯
一等奖

计算机与大数据学院（软件学院）
谢  鹏

梅努斯国际工程学院
蔡  玮

梅努斯国际工程学院
孙钰婷
二等奖

梅努斯国际工程学院
庄佳敏

计算机与大数据学院（软件学院）
游竣超

计算机与大数据学院（软件学院）
戴雨晴
二等奖

计算机与大数据学院（软件学院）
何雯彧

计算机与大数据学院（软件学院）
朱嘉翔

梅努斯国际工程学院
陈子康
二等奖

梅努斯国际工程学院
张锴桐

梅努斯国际工程学院
吕博梁

梅努斯国际工程学院
郑哲奕
二等奖

梅努斯国际工程学院
蔡书翰

计算机与大数据学院（软件学院）
杨齐睿

梅努斯国际工程学院
黄锦杰
二等奖

梅努斯国际工程学院
蔡书翰

梅努斯国际工程学院
黄园奎

计算机与大数据学院（软件学院）
陈诗雪
二等奖

梅努斯国际工程学院
陈雨欢

梅努斯国际工程学院
孙钰婷

计算机与大数据学院（软件学院）
刘玲玲
三等奖

计算机与大数据学院（软件学院）
陈麓同

计算机与大数据学院（软件学院）
张 轲

计算机与大数据学院（软件学院）
黄致远
三等奖

计算机与大数据学院（软件学院）
黄乐乐

计算机与大数据学院（软件学院）
黄 硕

梅努斯国际工程学院
纪亦珊
三等奖

计算机与大数据学院（软件学院）
曾雅婷

计算机与大数据学院（软件学院）
梁心恬

梅努斯国际工程学院
王致知
三等奖

梅努斯国际工程学院
黄锦杰

梅努斯国际工程学院
陈思怡

计算机与大数据学院（软件学院）
张江杰
三等奖

梅努斯国际工程学院
丁诗茵

计算机与大数据学院（软件学院）
罗宇杰

梅努斯国际工程学院
蔡奕颖
三等奖

梅努斯国际工程学院
赵 露

梅努斯国际工程学院
李英姿

                                                                                                                      福州大学教务处
                                                                                                                   2023年9月19日",0,,,,,,
001038013001,https://jwch.fzu.edu.cn/info/1038/13001.htm,关于2023-2024学年第一学期爱课程平台参加通识教育选修课学习的重要提示,【计划科】,2023-09-18,"各位同学：
   根据《个人信息保护法》的要求，爱课程平台对参加MOOC平台学习的学生个人信息进行脱敏处理，只在MOOC平台参加学习，课程学习结束后将无法导出成绩，教务处系统也将无法获得相应学分！但只要加入该门课程的慕课堂参加学习即可同步MOOC平台的学习进度和数据，成绩也可以正常显示。
我校在2023-2024学年第一学期选用爱课程平台5门课程作为校内通识教育选修课，请本学期选修这些课程的同学务必尽快使用下表中的二维码加入相应课程的慕课堂参加学习。
具体操作步骤如下：
1、打开中国大学mooc app或者微信扫一扫
2、使用登录中国大学慕课网的账号登录
3、填写完善“学校”“学号”“姓名”等信息
如有疑问，请咨询教务处计划科：
林老师  0591-22866907/83700655。

序号
课程名称
慕课堂二维码

1
爱课程：网络空间安全概论
 

2
爱课程：财务报表编制
 

3
爱课程：市场营销学
 

4
爱课程：陶瓷工艺学
 

5
爱课程：美化嗓音 轻松讲课
 

教务处
2023年9月18日",0,,,,,,
